"Fiscal Year",Employer,"Initial Approval","Initial Denial","Continuing Approval","Continuing Denial",NAICS,"Tax ID",State,City,ZIP
2023,"1010DATA SERVICES LLC DBA 1010DATA",0,0,2,0,54,8507,NY,"NEW YORK",10016
2023,"108 INFO SYSTEM LLC",0,0,1,0,54,7012,VA,RESTON,20190
2023,"10BITS LLC",1,0,9,0,54,5441,TX,IRVING,75063
2023,"10X GENOMICS INC",0,0,4,1,54,4458,CA,PLEASANTON,94588
2023,"10X GENOMICS INC",0,0,1,0,54,4458,CA,PLEASANTON,94588
2023,"110 HOLDINGS DBA AS LAUNCH CONSULTING",1,0,1,0,54,9516,WA,BELLEVUE,98005
2023,"12TH WONDER LLC",0,0,3,0,54,2548,CA,PLEASANTON,94588
2023,"15FIVE INC",0,0,1,0,54,2755,NC,RALEIGH,27609
2023,"161 DEV INC",2,0,0,0,54,0309,NJ,BRIDGEWATER,08807
2023,"19SIX ARCHITECTS",0,0,1,0,54,,CA,"SAN LUIS OBISPO",93401
2023,"1POINT3ACRES LLC",0,0,1,0,54,0301,NV,"LAS VEGAS",89102
2023,"1ST RANKING TECHNOLOGIES",3,0,0,0,54,3403,TX,LEWISVILLE,75067
2023,"1ST STREET FOUNDATION INC",0,0,1,0,54,8701,NY,BROOKLYN,11201
2023,"1UPHEALTH INC",0,0,1,0,54,1133,MA,BOSTON,02210
2023,"21 STAFF LLC",0,0,3,0,54,3144,CA,PLEASANTON,94588
2023,"22 MILES DIGITAL SIGNAGE, INC",1,0,0,0,54,6697,GA,NORCROSS,30092
2023,"22ND CENTURY TECHNOLOGIES INC",0,0,1,0,54,2121,,,
2023,"22ND CENTURY TECHNOLOGIES INC",0,0,6,0,54,2121,VA,"MC LEAN",22102
2023,"22ND CENTURY TECHNOLOGIES INC",0,0,1,0,54,2121,VA,MCLEAN,22102
2023,"24 7 AI INC",0,0,2,0,54,9939,CA,CAMPBELL,95008
2023,"247JOBHUNT INC",1,0,0,0,54,1766,MI,LIVONIA,48152
2023,"24M TECHNOLOGIES INC",0,0,1,0,54,7875,MA,CAMBRIDGE,02139
2023,"24X7 ESI INC",0,0,1,0,54,8324,NY,"NEW YORK",10014
2023,"24X7SYSTEMS INC",0,0,1,0,54,5663,GA,ALPHARETTA,30004
2023,"27 VIRTUAL CONSULTING LLC",0,0,1,0,54,8133,FL,TAMPA,33629
2023,"2DREAM INC",0,1,0,0,54,1173,CA,FREMONT,94538
2023,"2SEVENTY BIO INC",0,0,2,0,54,8454,MA,CAMBRIDGE,02142
2023,"3-GIS LLC",1,0,1,0,54,0965,AL,DECATUR,35601
2023,"300 ENGINEERING GROUP PA",0,0,1,0,54,2529,FL,MIAMI,33134
2023,"314E CORPORATION",1,0,1,0,54,2992,CA,PLEASANTON,94566
2023,"317 LABS INC DBA EMOTIVE",0,0,1,0,54,1122,CA,"WEST HOLLYWOOD",90069
2023,"340B TECHNOLOGIES INC",0,0,1,0,54,0516,NJ,"MOUNT LAUREL",08054
2023,"37SIGNALS LLC",0,0,1,0,54,4126,IL,CHICAGO,60612
2023,"3A SOFT INC",0,0,3,0,54,7296,NJ,PISCATAWAY,08854
2023,"3AMIGOSIT LLC",14,1,0,0,54,4552,OH,COLUMBUS,43235
2023,"3B STAFFING LLC",1,0,2,0,54,8045,NJ,ISELIN,08830
2023,"3B STAFFING LLC",0,0,1,0,54,8045,NJ,NEWARK,07102
2023,"3BEES TECHNOLOGIES INC",0,15,0,0,54,9920,TX,IRVING,75039
2023,"3CORE SYSTEMS INC",0,0,6,0,54,1170,TX,AUSTIN,78758
2023,"3D ARRAY TECHNOLOGY",1,0,0,0,54,7589,CT,"STORRS MANSFIELD",06269
2023,"3D TECHNOLOGIES LLC",0,1,1,0,54,3952,NE,"MC COOK",69001
2023,"3DI INC DBA 3DI SYSTEMS",0,0,3,0,54,7719,CA,BREA,92821
2023,"3DN SOLUTIONS LLC",1,0,0,0,54,5885,MI,TROY,48098
2023,"3E COMPANY ENVIRONMENTAL ECOLOGICAL AND ENGINEERING DBA 3E",1,0,1,0,54,1631,CA,CARLSBAD,92010
2023,"3E CONSULTING INC",0,0,2,0,54,1599,FL,MIAMI,33180
2023,"3EDGEUSA GROUP LLC",1,0,1,0,54,4749,NJ,PISCATAWAY,08854
2023,"3I INFOTECH INC",46,3,28,3,54,3452,NJ,EDISON,08837
2023,"3ITEK LLC",0,0,1,0,54,3782,NC,CHARLOTTE,28262
2023,"3K TECHNOLOGIES LLC",10,0,5,0,54,4148,CA,MILPITAS,95035
2023,"3K TECHNOLOGIES LLC",0,0,1,0,54,4148,CA,MILPITAS,95035
2023,"3MD INC DBA DENALI ADVANCED INTEGRATION",0,0,1,0,54,0116,WA,REDMOND,98052
2023,"3NRIT INC",1,0,0,0,54,3017,TX,HOUSTON,77036
2023,"3Q DIGITAL",1,0,0,0,54,8570,IL,CHICAGO,60602
2023,"3QI LABS INC",1,0,3,0,54,7533,CA,"SANTA CLARA",95054
2023,"3R INFO LLC",3,0,3,0,54,6601,MI,CANTON,48187
2023,"3S BUSINESS CORPORATION",0,0,3,0,54,9464,TX,CYPRESS,77433
2023,"3S BUSINESS CORPORATION",6,0,10,0,54,9464,TX,HOUSTON,77082
2023,"3S NETWORK INC",0,0,2,0,54,9275,CA,TUSTIN,92780
2023,"3X3 DESIGN US LLC",0,1,0,0,54,7497,NY,BROOKLYN,11201
2023,"4 PEAKS BUSINESS SOLUTION LLC",0,0,1,0,54,3239,AZ,PHOENIX,85048
2023,"4 SERV SOLUTIONS INC",0,0,5,0,54,1906,MI,WIXOM,48393
2023,"44 DESIGN LLC",1,0,0,0,54,3392,NY,BROOKLYN,11222
2023,"47 VENTURES LLC",1,0,0,0,54,1944,CA,BRENTWOOD,94513
2023,"4A CONSULTING LLC",0,0,1,0,54,0172,MD,"ELLICOTT CITY",21043
2023,"4CONSULTING INC",1,0,4,0,54,9552,TX,MCKINNEY,75070
2023,"4D MOLECULAR THERAPEUTICS INC",0,0,2,0,54,6994,CA,EMERYVILLE,94608
2023,"4G CLINICAL LLC",0,0,0,1,54,2554,MA,"WELLESLEY HILLS",02481
2023,"5FT2 STUDIO ARCHITECTS",0,0,1,0,54,1071,WA,KIRKLAND,98004
2023,"605 LLC",0,0,1,0,54,0023,NY,SYOSSET,11791
2023,"64-X INC",0,0,1,0,54,8795,CA,"SAN FRANCISCO",94156
2023,"66DEGREES LLC",0,0,2,0,54,3575,IL,CHICAGO,60607
2023,"6AI INC",2,0,0,0,54,7990,VA,ASHBURN,20147
2023,"6COM INC",5,0,6,0,54,1629,NJ,PISCATAWAY,08854
2023,"6D BYTES INC D/B/A BLENDID",0,0,1,0,54,8517,CA,SUNNYVALE,94085
2023,"7 KINGS CODE LLC",1,0,1,0,54,2198,FL,"CORAL SPRINGS",33071
2023,"7 KINGS CODE LLC",1,0,0,0,54,2198,FL,"POMPANO BEACH",33071
2023,"7CINFO COM INC",0,3,0,0,54,8168,ND,FARGO,58103
2023,"84.51 LLC",0,0,16,0,54,2871,OH,CINCINNATI,45202
2023,"89 DEGREES INC",0,0,1,0,54,7128,MA,BURLINGTON,01803
2023,"9 STAR TECHNOLOGIES LLC",5,0,0,0,54,7432,MD,COLUMBIA,21045
2023,"9DOTS TECHNOLOGY INC",0,0,1,0,54,5733,MI,FARMINGTON,48335
2023,"9EDGE INC",0,0,1,0,54,6205,CA,"SANTA ANA",92707
2023,"9LLABS LLC",1,0,0,0,54,3249,WA,BELLEVUE,98004
2023,"9LOGIC TECHNOLOGIES INC",0,0,11,0,54,1040,WA,REDMOND,98052
2023,"9M SOLUTIONS INC",3,0,3,0,54,4057,NC,CHARLOTTE,28217
2023,"9THNETWORKS INC",5,0,4,0,54,4220,NH,SOMERSWORTH,03878
2023,"9TO9 SOFTWARE SOLUTIONS LLC",0,0,4,0,54,6747,CT,"EAST BERLIN",06023
2023,"A & B ARCHITECTURE LLC",0,0,1,0,54,8025,MO,"KANSAS CITY",64105
2023,"A & B ENVIRONMENTAL SERVICES INC",0,0,6,0,54,1001,TX,HOUSTON,77029
2023,"A & C TECHNOLOGY INC",0,0,2,0,54,9254,CA,"NEWPORT BEACH",92660
2023,"A 1 TECHNOLOGY INC",0,0,1,0,54,3041,CA,"AGOURA HILLS",91301
2023,"A CARING DOCTOR MINNESOTA P A DBA BANFIELD PET HOSPITAL",0,0,3,0,54,8368,WA,VANCOUVER,98683
2023,"A CARING DOCTOR P C DBA BANFIELD PET HOSPITAL",0,0,1,0,54,8919,WA,VANCOUVER,98683
2023,"A CARING DOCTOR TEXAS PC DBA BANFIELD PET HOSPITAL",0,0,2,0,54,1410,WA,VANCOUVER,98683
2023,"A E BOYCE COMPANY INC",0,0,1,0,54,1530,IN,DALEVILLE,47334
2023,"A F PAREDES AND CO CPAS LLP",1,0,0,0,54,6093,NJ,PISCATAWAY,08854
2023,"A FAIRCHILD LLC",0,0,1,0,54,7757,TX,CARROLLTON,75007
2023,"A G CONSULTING ENGINEERING PC",1,0,0,0,54,3844,NY,"NEW YORK",10001
2023,"A K CONSULTING SERVICES INC",0,0,1,0,54,6590,KS,TOPEKA,66614
2023,"A M FITZGERALD ASSOCIATES LLC",0,0,1,0,54,2439,CA,BURLINGAME,94010
2023,"A PARTNERSHIP INC",0,0,1,0,54,0638,NY,"NEW YORK",10016
2023,"A SQUARED BUSINESSES AND CONSULTING LLC",10,0,3,0,54,4396,OH,SPRINGBORO,45066
2023,"A T KEARNEY INC",1,0,11,1,54,8565,IL,CHICAGO,60606
2023,"A TECH SYSTEM LLC",2,0,0,0,54,9926,FL,"CORAL SPRINGS",33071
2023,"A TECH SYSTEM LLC",1,0,0,0,54,9926,FL,"POMPANO BEACH",33071
2023,"A&A INFOSYSTEMS INC",0,1,0,0,54,1678,TX,IRVING,75039
2023,"A&A INFOSYSTEMS INC",0,7,0,0,54,1678,TX,IRVING,75062
2023,"A&H TECHNOLOGIES LLC",0,0,1,0,54,0093,TX,FRISCO,75035
2023,"A-TEK INC",0,0,1,0,54,3662,VA,"MC LEAN",22102
2023,"A1 ASSOCIATES LLC",0,0,1,0,54,9993,NJ,MONROE,08831
2023,"A10 NETWORKS INC",1,0,4,1,54,6869,CA,"SAN JOSE",95131
2023,"A1PLUSSOFT INC",0,0,1,0,54,2314,IL,CHICAGO,60654
2023,"A25 SOLUTIONS LLC",2,0,0,0,54,0140,GA,ALPHARETTA,30004
2023,"A2RSYSTEMS INC",0,2,0,0,54,8601,OH,POWELL,43065
2023,"A4G SOLUTIONS LLC",3,1,1,0,54,9588,NJ,"MONMOUTH JUNCTION",08852
2023,"A4G SOLUTIONS LLC",2,0,0,0,54,9588,NJ,"MONMOUTH JN",08852
2023,"A4SOFTECH LLC",0,0,1,0,54,9334,NJ,PARSIPPANY,07054
2023,"AA & TC INC",0,1,0,0,54,0005,NY,FLUSHING,11358
2023,"AA SOFTWARE & NETWORKING INC",1,0,0,0,54,8908,TX,SPRING,77380
2023,"AA SOFTWARE & NETWORKING INC",6,1,0,0,54,8908,TX,"THE WOODLANDS",77380
2023,"AA SOLUTIONS INC",2,0,1,0,54,3625,TX,"SUGAR LAND",77479
2023,"AA TECH GROUP LLC",0,0,2,0,54,4584,CO,PARKER,80134
2023,"AAA AMERICAN CPA INC",1,0,0,0,54,9763,CA,"SAN JOSE",95117
2023,"AAA GLOBAL TECHNOLOGIES LLC",0,0,2,0,54,6690,GA,ATLANTA,30328
2023,"AAA VIRGINIA CONSULTING INC",1,1,1,0,54,5860,VA,LEESBURG,20176
2023,"AABAN SOLUTIONS LLC",0,0,1,0,54,8171,IL,CHICAGO,60626
2023,"AABRAR INC DBA CASTRO VALLEY ANIMAL HOSPITAL",1,0,0,0,54,7621,CA,"CASTRO VALLEY",94546
2023,"AAD IT SOLUTION LLC",1,1,0,0,54,5966,GA,CUMMING,30040
2023,"AADHYA INFOTECH LLC",3,1,3,0,54,9089,NC,CHARLOTTE,28262
2023,"AADIYA CONSULTING LLC",2,0,0,0,54,9814,TX,PLANO,75024
2023,"AANEEL INFOTECH LLC",0,0,1,0,54,3439,FL,TAMPA,33625
2023,"AARAV SOLUTIONS INC",3,0,1,0,54,4282,NJ,ISELIN,08830
2023,"AARETE LLC",0,0,2,0,54,0001,IL,CHICAGO,60601
2023,"AARISHA INC",0,0,1,1,54,5618,VA,RESTON,20191
2023,"AARKAY CONSULTING INC",0,0,2,0,54,3370,NJ,"EAST BRUNSWICK",08816
2023,"AARNA TECHNOLOGIES LLC",0,0,1,0,54,5072,TX,PLANO,75024
2023,"AARNAV IT CONSULTING LLC",4,0,0,0,54,9426,GA,CUMMING,30040
2023,"AASRITA CONSULTING LLC",2,0,1,0,54,1788,NJ,ISELIN,08830
2023,"AASYMTECH INC",2,0,0,0,54,1292,TX,HOUSTON,77057
2023,"AB CONSULTANTS INC",0,0,1,0,54,8547,MD,LANHAM,20706
2023,"AB INFOTEK LLC",6,0,2,0,54,8822,NJ,ISELIN,08830
2023,"AB OVO INC",0,0,1,0,54,3754,CA,"SANTA CLARA",95051
2023,"AB STAR GROUP",0,0,0,1,54,6098,CA,FREMONT,94538
2023,"AB TECHNOLOGIES INC",0,0,1,0,54,9220,,,
2023,"AB TECHNOLOGIES INC",0,0,2,0,54,9220,TX,IRVING,75038
2023,"AB TECHNOLOGIES INC",2,0,7,0,54,9220,TX,IRVING,75039
2023,"AB2 CONSULTING INC",0,0,2,0,54,1515,IL,"ROLLING MEADOWS",60008
2023,"AB2 CONSULTING INC",0,0,1,0,54,1515,,,
2023,"ABAB SOLUTIONS INC",3,0,3,0,54,3181,MI,NOVI,48375
2023,"ABACUS AI INC",0,0,4,0,54,7021,CA,"SAN FRANCISCO",94105
2023,"ABACUS INSIGHTS INC",0,0,3,0,54,5444,MA,BOSTON,02110
2023,"ABACUS SERVICE CORPORATION",0,0,2,0,54,0203,MI,SOUTHFIELD,48033
2023,"ABAGY ROBOTIC SYSTEMS INC.",1,0,0,0,54,9372,IL,WHEELING,60090
2023,"ABAL TECHNOLOGIES INC",1,0,10,2,54,6024,NJ,HAMILTON,08619
2023,"ABAL TECHNOLOGIES INC",0,0,6,0,54,6024,NJ,TRENTON,08619
2023,"ABC ACCOUNTING AND TAX SERVICES",0,0,1,0,54,6652,CA,"DIAMOND BAR",91765
2023,"ABC FITNESS SOLUTIONS LLC",0,0,1,0,54,2737,TX,FRISCO,75034
2023,"ABC LEGAL SERVICES LLC",0,0,1,0,54,3514,WA,SEATTLE,98104
2023,"ABCLONAL SCIENCE INC",1,0,0,0,54,8496,MA,WOBURN,01801
2023,"ABD SOLUTIONS INC",0,0,6,0,54,5133,VA,CHANTILLY,20151
2023,"ABD SOLUTIONS INC",0,0,1,0,54,5133,,,
2023,"ABG HR LLC DBA AUTHENTIC BRANDS GROUP",0,0,1,0,54,0510,NY,"NEW YORK",10018
2023,"ABHAY SOLUTIONS INC",2,0,0,0,54,0743,IL,AURORA,60504
2023,"ABHYANTH SOLUTIONS INC",1,0,0,0,54,2636,FL,MIAMI,33126
2023,"ABI ENGINEERING CONSULTANTS, INC",0,0,1,0,54,1753,CA,"SANTA ANA",92705
2023,"ABINFOTECHNOLOGIES LLC",1,0,0,0,54,0337,CA,"SANTA CLARITA",91350
2023,"ABIO-X HOLDINGS INC",1,0,0,0,54,6905,MA,WALTHAM,02451
2023,"ABJAYON INC",1,0,0,0,54,3929,CA,FREMONT,94538
2023,"ABLAMSKY COMPANY CPAS LLC",0,0,1,0,54,6218,NY,"PORT WASHINGTON",11050
2023,"ABLY REAL TIME INC DBA ABLY",0,0,1,0,54,0910,MA,BOSTON,02110
2023,"ABM INDUSTRIES INCORPORATED",0,0,1,0,54,9354,NY,"NEW YORK",10006
2023,"ABN TECH CORPORATION",1,0,1,0,54,3436,TX,IRVING,75039
2023,"ABN TECH CORPORATION",0,0,1,0,54,3436,,,
2023,"ABNA ENGINEERING INC",0,0,1,1,54,1335,MO,"SAINT LOUIS",63108
2023,"ABNORMAL SECURITY CORPORATION",0,0,3,0,54,5983,CA,"SAN FRANCISCO",94107
2023,"ABOTTS CONSULTING INC",2,0,4,0,54,5920,CA,IRVINE,92606
2023,"ABRAMSON ARCHITECTS INC",0,0,2,0,54,3468,CA,"LOS ANGELES",90016
2023,"ABRIDGE INFO SYSTEMS INC",4,1,1,0,54,0156,MA,CHELMSFORD,01824
2023,"ABSG CONSULTING INC",0,0,1,0,54,5912,TX,SPRING,77389
2023,"ABSOLUTDATA TECHNOLOGIES INC.",0,0,2,0,54,6420,CA,ALAMEDA,94502
2023,"ABSOLUTE GRAPHIC TECHNOLOGIES USA INC",0,0,1,0,54,3581,CA,CORONA,92879
2023,"ABZOOBA INC",0,0,2,0,54,0116,CA,MILPITAS,95035
2023,"AC INFINITY CONSTRUCTION LLC",1,0,0,0,54,1199,NJ,BOONTON,07005
2023,"ACADIA TECHNOLOGIES INC",0,0,1,0,54,1942,,,
2023,"ACADIA TECHNOLOGIES INC",0,0,6,0,54,1942,GA,DULUTH,30097
2023,"ACCELA INC",0,0,6,0,54,7678,CA,"SAN RAMON",94583
2023,"ACCELALPHA INC",0,0,13,0,54,1177,WA,BELLEVUE,98005
2023,"ACCELERATED ENGINEERING LLC",0,3,0,0,54,5681,UT,"SALT LAKE CITY",84121
2023,"ACCELERATED ENGINEERING LLC",1,1,0,0,54,0297,TX,AUSTIN,78705
2023,"ACCELERATED FOCUS USA INC",0,0,1,0,54,5042,WY,SHERIDAN,82801
2023,"ACCELERATED GROWTH ADVISORS LLC",2,0,0,0,54,6749,IL,CHICAGO,60607
2023,"ACCELERATED MEDICAL PHYSICS SVC",1,0,0,0,54,6712,CT,FARMINGTON,06032
2023,"ACCELERATED TECHNOLOGIES INC",2,0,1,0,54,5726,NJ,PRINCETON,08540
2023,"ACCELERED LLC",0,0,1,0,54,5282,MD,BETHESDA,20814
2023,"ACCELIRATE INC",0,0,1,0,54,1273,FL,SUNRISE,33325
2023,"ACCELLOR INC",0,0,2,0,54,3408,CA,FREMONT,94538
2023,"ACCELQ INC",0,0,1,0,54,2809,,,
2023,"ACCELYA US INC",0,0,7,0,54,9299,FL,MIAMI,33172
2023,"ACCENDERO SOFTWARE INC",1,0,0,0,54,3455,ID,"IDAHO FALLS",83404
2023,"ACCENT THERAPEUTICS INC",0,0,1,0,54,8381,MA,LEXINGTON,02421
2023,"ACCENTUATE IT SOLUTIONS LLC",3,0,3,0,54,3210,VA,HERNDON,20171
2023,"ACCENTURE LLP",41,1,711,7,54,2904,IL,CHICAGO,60661
2023,"ACCENTURE LLP",0,0,1,0,54,2904,XX,TORONTO,
2023,"ACCENTURE LLP",0,0,1,0,54,2904,IL,CHICAGO,60601
2023,"ACCENTURE LLP",5,0,33,1,54,2904,,,
2023,"ACCENTURE LLP",0,0,1,0,54,2904,IL,CHICAGO,60061
2023,"ACCENTURE LLP",52,5,153,3,54,2904,IL,CHICAGO,60601
2023,"ACCENZ LLC",0,0,2,0,54,6131,MI,TROY,48083
2023,"ACCESS BIO INC",0,0,1,0,54,5083,NJ,SOMERSET,08873
2023,"ACCESS GLOBAL GROUP INC",1,0,0,0,54,6784,TX,SOUTHLAKE,76092
2023,"ACCESS PLUS REHAB LLC",0,0,1,0,54,7581,MI,DEARBORN,48126
2023,"ACCESSO LLC",0,0,1,0,54,1860,FL,"LAKE MARY",32746
2023,"ACCION LABS US INC",0,0,1,0,54,7982,,,
2023,"ACCION LABS US INC",4,0,5,0,54,7982,PA,BRIDGEVILLE,15017
2023,"ACCLAIM SYSTEMS INC",0,0,8,1,54,2176,PA,"FEASTERVILLE TREVOSE",19053
2023,"ACCOLITE DIGITAL LLC",1,0,5,0,54,3831,TX,ADDISON,75001
2023,"ACCORD SOFTWARE LLC",1,0,0,0,54,0903,NY,ALBANY,12207
2023,"ACCORDION PARTNERS LLC",0,0,3,0,54,9427,NY,"NEW YORK",10017
2023,"ACCOUNTING ASSOCIATES DC LLC",0,0,1,0,54,4954,DC,WASHINGTON,20036
2023,"ACCOUNTING FULFILLMENT SERVICES LLC",0,0,1,0,54,6548,NY,"NEW YORK",10016
2023,"ACCREDO HEALTH GROUP INC",0,0,1,0,54,8535,MO,"SAINT LOUIS",63121
2023,"ACCRETE HITECH SOLUTIONS INC",0,0,1,0,54,4350,CA,"SANTA CLARA",95054
2023,"ACCRETE INC",0,0,1,0,54,2278,NY,"NEW YORK",10004
2023,"ACCRUE SELECT INC",3,0,0,0,54,8097,NC,CARY,27519
2023,"ACCUMULUS SYNERGY INC",0,0,1,0,54,0952,CA,BURLINGAME,94010
2023,"ACCURANT BIOTECH INC",1,0,0,0,54,6293,NJ,CRANBURY,08512
2023,"ACCUTAR BIOTECHNOLOGY INC",0,0,3,0,54,5850,NJ,CRANBURY,08512
2023,"ACCUTAX SERVICES INC",0,0,1,0,54,1386,CA,"EL MONTE",91731
2023,"ACCUVER AMERICAS INC",0,0,1,0,54,9425,TX,PLANO,75074
2023,"ACCUWEATHER INC",0,0,1,0,54,1071,PA,"STATE COLLEGE",16803
2023,"ACE IT WORLD INC",1,0,0,0,54,6683,TN,FRANKLIN,37067
2023,"ACE PROFESSIONAL CORPORATION",0,0,1,0,54,4940,MP,SAIPAN,96950
2023,"ACE SOFTWARE LLC",0,0,0,1,54,9304,AZ,GLENDALE,85304
2023,"ACE TECHNOLOGIES INC",0,0,1,0,54,2576,CA,"SAN JOSE",95131
2023,"ACEINTEGRATOR INC",2,0,0,0,54,6327,VA,CHANTILLY,20151
2023,"ACELA ARCHITECTS AND ENGINEERS PC",0,0,1,0,54,7539,PA,ALLENTOWN,18103
2023,"ACENTLE INC",3,0,0,0,54,0912,VA,CHANTILLY,20151
2023,"ACENTLE INC",1,0,0,0,54,0912,VA,HERNDON,20171
2023,"ACENTUS CAPITAL INC",1,0,0,0,54,8506,NY,FLUSHING,11354
2023,"ACEQUEST CORPORATION",5,0,3,0,54,3250,NJ,PISCATAWAY,08854
2023,"ACER DATA LABS INC",0,0,2,0,54,7599,MI,NOVI,48375
2023,"ACETECH GROUP CORPORATION",10,0,14,1,54,9621,MD,COLUMBIA,21044
2023,"ACG ENGINEERS INC",0,0,1,0,54,2423,CA,"DALY CITY",94014
2023,"ACG LLP",0,0,1,0,54,2404,CA,PLEASANTON,94588
2023,"ACG TECH SYSTEMS INC",1,0,0,0,54,9852,TX,PLANO,75024
2023,"ACHIEVA IT INC",0,0,1,0,54,6228,GA,ALPHARETTA,30005
2023,"ACI INFOTECH INC",2,1,8,0,54,0269,NJ,PISCATAWAY,08854
2023,"ACI WORLDWIDE CORP",0,0,9,1,54,7215,NE,ELKHORN,68022
2023,"ACID US LLC",0,0,1,0,54,8303,NY,"NEW YORK",10005
2023,"ACKERMAN TECHNOLOGIES LLC",4,0,1,0,54,8933,CA,"UNION CITY",94587
2023,"ACLAT INC",22,1,5,1,54,1769,IL,"ARLINGTON HEIGHTS",60004
2023,"ACLAT INC",5,0,0,0,54,1769,IL,"ARLINGTON HTS",60004
2023,"ACLOR INC",0,0,1,0,54,5041,NY,"GARDEN CITY",11530
2023,"ACLOUDX CONSULTING LLC",1,0,1,0,54,0811,TX,"ROUND ROCK",78681
2023,"ACME TECHNOLOGIES INC",1,0,0,0,54,2768,CA,"SAN JOSE",95113
2023,"ACMESOFT GLOBAL INC",0,0,2,1,54,5033,GA,NORCROSS,30092
2023,"ACNOVATE CORPORATION",4,1,3,1,54,5665,CA,"SANTA CLARA",95054
2023,"ACORD CORPORATION",0,0,1,0,54,0919,NY,"PEARL RIVER",10965
2023,"ACOUSTIC L P",0,0,1,0,54,6846,GA,ATLANTA,30346
2023,"ACQUAINTEK INC",2,0,0,0,54,2836,TX,"SUGAR LAND",77478
2023,"ACQUIRE CONSULTING GROUP LTD",1,0,0,0,54,1100,NY,HICKSVILLE,11801
2023,"ACR TECHNOLOGY LLC",1,0,0,0,54,8664,NC,CARY,27518
2023,"ACRO SERVICE CORPORATION",1,0,5,0,54,3629,MI,LIVONIA,48152
2023,"ACRO SYSTEMS INC",1,0,0,0,54,4149,CT,"VERNON ROCKVILLE",06066
2023,"ACRONIS   INC",0,1,0,0,54,8842,MA,BURLINGTON,01803
2023,"ACROSS BORDERS MANAGEMENT CONSULTING GROUP LLC",0,0,4,0,54,9921,FL,"LAKE MARY",32746
2023,"ACROTEK IT SOLUTIONS INC",2,1,0,0,54,8395,KS,"OVERLAND PARK",66212
2023,"ACSE SOLUTIONS LLC",0,0,1,0,54,1475,MD,"ELLICOTT CITY",21042
2023,"ACSIS INC",0,0,1,0,54,5527,NJ,MARLTON,08053
2023,"ACTALENT INC",1,0,1,0,54,1777,MD,HANOVER,21076
2023,"ACTALENT SERVICES LLC",3,0,10,0,54,3566,MD,HANOVER,21076
2023,"ACTIMIZE INC",0,0,13,0,54,3489,NJ,HOBOKEN,07030
2023,"ACTIONET INC",0,0,1,0,54,8254,VA,VIENNA,22180
2023,"ACTIVE DESIGN GROUP ENGINEERING CO",0,0,1,0,54,4455,NJ,NEWARK,07102
2023,"ACTIVE ENTERPRISE SOLUTIONS LLC",2,0,2,0,54,5460,NJ,BRIDGEWATER,08807
2023,"ACTIVISION BLIZZARD MEDIA LLC",0,0,1,0,54,2991,,,
2023,"ACTIVISION BLIZZARD MEDIA LLC",0,0,6,0,54,2991,CA,"FOSTER CITY",94404
2023,"ACTIVISION BLIZZARD MEDIA LLC",0,0,2,0,54,2991,CA,"SAN MATEO",94404
2023,"ACTIVITY STREAM INC",1,0,0,0,54,5591,CT,BRIDGEPORT,06604
2023,"ACUATIVE CORPORATION",0,0,1,0,54,3273,NJ,FAIRFIELD,07004
2023,"ACUBAHN INC",1,0,0,0,54,4648,MI,SOUTHFIELD,48075
2023,"ACUITI LABS INC",2,0,0,0,54,8298,GA,ATLANTA,30305
2023,"ACULOCITY LLC",0,1,0,0,54,9068,IL,"HIGHLAND PARK",60035
2023,"ACUMEN SECURITY LLC",1,0,0,0,54,1380,MD,ROCKVILLE,20850
2023,"ACUMEN SOLUTIONS INC",0,0,5,0,54,3952,VA,"MC LEAN",22102
2023,"ACUMEN SOLUTIONS INC",0,0,1,0,54,3952,VA,MCLEAN,22102
2023,"ACUNOR INFOTECH LLC",1,0,0,0,54,7661,NJ,PRINCETON,08540
2023,"ACUSHNET RUBBER COMPANY INC",0,0,1,0,54,6048,MA,"NEW BEDFORD",02745
2023,"ACUTUS MEDICAL INC",0,0,1,0,54,6615,CA,CARLSBAD,92008
2023,"ACUVATE SOFTWARE INC",2,0,0,0,54,8801,NY,"NEW YORK",10010
2023,"AD ENERGY LLC",0,0,1,0,54,0933,NJ,"WEST BERLIN",08091
2023,"AD NET",0,0,2,0,54,7350,CA,"LOS ANGELES",90067
2023,"ADADAPTED INC",0,0,1,0,54,6302,MI,"ANN ARBOR",48104
2023,"ADAEQUARE INC",1,0,12,0,54,7518,VA,CHANTILLY,20151
2023,"ADAEQUARE INC",0,0,1,0,54,7518,,,
2023,"ADALITEK GROUP LLC",3,0,10,2,54,3929,TX,IRVING,75038
2023,"ADAM DIAMOND COPORATION",1,0,0,0,54,1159,NV,"LAS VEGAS",89104
2023,"ADAM INFORMATION TECHNOLOGIES LLC",0,0,3,0,54,7124,WI,MADISON,53719
2023,"ADAPTECH INC",1,0,1,0,54,4871,TX,CYPRESS,77433
2023,"ADAPTIS LLC",1,0,0,0,54,1470,TX,HOUSTON,77058
2023,"ADAPTIVE BIOTECHNOLOGIES CORPORATION",0,0,1,0,54,7024,,,
2023,"ADAPTIVE BIOTECHNOLOGIES CORPORATION",0,0,2,0,54,7024,WA,SEATTLE,98109
2023,"ADAPTIVE RESOURCES INC",0,0,1,0,54,3160,TX,MCKINNEY,75069
2023,"ADAPTIVE SURFACE TECHNOLOGIES INC",0,0,1,0,54,2381,MA,CAMBRIDGE,02140
2023,"ADAPTIVE TECHNOLOGY INSIGHTS LLC",0,0,1,0,54,9757,MO,"SAINT LOUIS",63141
2023,"ADARA NETWORKS INC",0,0,1,0,54,6758,CA,"SAN JOSE",95110
2023,"ADBAKX LLC",3,1,12,1,54,7078,NJ,"MONMOUTH JUNCTION",08852
2023,"ADBAKX LLC",0,0,1,0,54,7078,,,
2023,"ADCETERA DESIGN STUDIO INC",0,0,1,0,54,9583,TX,HOUSTON,77006
2023,"ADCOMP SYSTEMS INC",1,0,0,0,54,5607,TX,LEWISVILLE,75067
2023,"ADDEPTO IT SOLUTIONS LLC",0,0,1,0,54,9649,,,
2023,"ADDEPTO IT SOLUTIONS LLC",0,1,13,1,54,9649,NC,CHARLOTTE,28262
2023,"ADDFORCE INC",0,0,1,0,54,6700,CA,CONCORD,94520
2023,"ADDIOX TECHNOLOGIES LLC",3,1,1,0,54,4796,NJ,PRINCETON,08540
2023,"ADDITIVE AGENCY LLC",0,0,1,0,54,0922,NY,BROOKLYN,11215
2023,"ADDO CONSULTING INC",1,0,0,0,54,1580,VA,ASHBURN,20147
2023,"ADDONS INC DBA COSOL NORTH AMERICA",1,0,0,0,54,0415,CO,ENGLEWOOD,80111
2023,"ADDTEQ INC",0,0,1,0,54,1367,NJ,PRINCETON,08540
2023,"ADEBAYO ADELEKE LLC",1,0,0,0,54,3144,TX,ARLINGTON,76011
2023,"ADECCO GROUP NA / MODIS INC",0,0,2,0,54,0600,FL,JACKSONVILLE,32246
2023,"ADECCO GROUP NA / MODIS INC",3,0,27,1,54,0600,FL,JACKSONVILLE,32256
2023,"ADECCO USA INC",0,0,1,0,54,6700,FL,JACKSONVILLE,32256
2023,"ADEF COMPANY",0,0,1,0,54,0134,TX,HOUSTON,77042
2023,"ADELFIA LLC",6,0,1,0,54,9567,IL,CHICAGO,60601
2023,"ADEMCO INC",0,0,1,0,54,1425,,,
2023,"ADEMCO INC",0,0,5,0,54,1425,AZ,SCOTTSDALE,85254
2023,"ADEPT CHIP TECHNOLOGIES INC",3,0,1,0,54,1042,CA,SUNNYVALE,94085
2023,"ADEPT COMPUTER CONSULTANTS INC",1,0,0,0,54,6714,TX,DALLAS,75038
2023,"ADEPT COMPUTER CONSULTANTS INC",6,1,3,0,54,6714,TX,IRVING,75038
2023,"ADEPT CONSULTING GROUP INC",3,0,0,0,54,1134,CA,DANVILLE,94506
2023,"ADEPT CONSULTING SERVICES INC",0,0,1,0,54,3846,PA,LANSDALE,19446
2023,"ADERANT NORTH AMERICA INC",0,0,1,0,54,0307,GA,ATLANTA,30350
2023,"ADHIKARI LAW PLLC",1,0,0,0,54,2440,DC,WASHINGTON,20006
2023,"ADHRIT INC",1,0,2,1,54,6629,NJ,"MONMOUTH JUNCTION",08852
2023,"ADI WORLDLINK LLC",6,0,5,1,54,0203,TX,FRISCO,75034
2023,"ADICET BIO, INC",0,0,2,0,54,1140,CA,"REDWOOD CITY",94065
2023,"ADIFICE LLC DBA ADIFICE TECHNOLOGIES",4,0,1,0,54,8609,IL,CHICAGO,60601
2023,"ADIFICE LLC DBA ADIFICE TECHNOLOGIES",0,1,0,0,54,8609,IL,NILES,60714
2023,"ADIL BUSINESS SYSTEMS INC",0,0,1,0,54,9933,NY,MINEOLA,11501
2023,"ADIN TECHNOLOGIES INC",0,0,1,0,54,9673,CA,DUBLIN,94568
2023,"ADIRONDACK SCENIC INC D B A ADIRONDACK STUDIOS",0,0,1,0,54,6132,NY,ARGYLE,12809
2023,"ADISOLS LLC",15,0,0,0,54,8670,CA,FRESNO,93721
2023,"ADISYS CORPORATION",0,0,2,0,54,9031,WA,BELLEVUE,98005
2023,"ADITI LLC",0,0,1,0,54,8147,,,
2023,"ADITI LLC",0,0,3,0,54,8147,MD,COLUMBIA,21045
2023,"ADKNOWLEDGE INC",0,0,1,0,54,1818,MO,"KANSAS CITY",64112
2023,"ADMARKETPLACE INC",0,0,1,0,54,4865,,,
2023,"ADMARKETPLACE INC",1,0,4,0,54,4865,NY,"NEW YORK",10018
2023,"ADMIN WITHIN LLC",0,0,1,0,54,2631,,,
2023,"ADO STAFFING INC",1,0,1,0,54,0512,FL,JACKSONVILLE,32256
2023,"ADOBE INC",13,2,200,13,54,9522,CA,"SAN JOSE",95110
2023,"ADOBE INC",0,0,1,0,54,9522,CA,"SAN JOSE",95113
2023,"ADOBE INC",0,0,1,0,54,9522,CA,"SAN JOSE",95134
2023,"ADOBE INC",0,0,6,0,54,9522,,,
2023,"ADPMN INC",0,0,1,0,54,2298,,,
2023,"ADPMN INC",6,0,1,0,54,2298,GA,ALPHARETTA,30004
2023,"ADROIT AFFINE LLC",0,0,1,0,54,8516,AZ,PHOENIX,85027
2023,"ADROIT ASSOCIATES INC",3,0,14,0,54,1735,NJ,ISELIN,08830
2023,"ADROIT ASSOCIATES INC",0,0,1,0,54,1735,,,
2023,"ADROIT ASSOCIATES LLC",1,0,1,0,54,3006,OH,"LEWIS CENTER",43035
2023,"ADROIT SOFTWARE INC",0,0,3,0,54,0205,MA,WESTBOROUGH,01581
2023,"ADROIT TECHNOLOGIES CLOUD SOLUTIONS INC",8,0,5,0,54,9017,WA,REDMOND,98052
2023,"ADROITCO INC",8,0,2,0,54,7226,TX,FRISCO,75034
2023,"ADROITENT INC",1,0,0,0,54,3316,NJ,PRINCETON,08540
2023,"ADROIX CORP DBA CODEFORCE 360",2,0,10,2,54,9132,GA,ALPHARETTA,30005
2023,"ADVAITA TECHNOLOGY CORPORATION",0,0,1,0,54,5356,,,
2023,"ADVAITAA TECHNOLOGIES INC",0,0,2,0,54,6875,TX,BEDFORD,76021
2023,"ADVALENT INC",0,0,3,0,54,9053,MA,MARLBOROUGH,01752
2023,"ADVANCE SOLUTIONS CORPORATION NJ",0,0,1,0,54,7846,GA,ALPHARETTA,30005
2023,"ADVANCE TAX AND BOOKKEEPING SER",0,0,1,0,54,9941,CA,"MONTEREY PARK",91755
2023,"ADVANCED ANALYTICAL TESTING SERVICE INC",1,0,0,0,54,3500,CA,NORCO,92860
2023,"ADVANCED ANALYTICS LLC DBA HEXSTREAM",0,0,2,0,54,7846,IL,CHICAGO,60606
2023,"ADVANCED BIONICS LLC",0,0,2,0,54,2085,CA,VALENCIA,91355
2023,"ADVANCED CAD CAM SERVICE",0,0,1,0,54,0543,IL,PEORIA,61606
2023,"ADVANCED CELL DIAGNOSTICS INC",0,0,1,0,54,5988,CA,NEWARK,94560
2023,"ADVANCED CLINICAL LLC",0,0,1,0,54,5509,IL,DEERFIELD,60015
2023,"ADVANCED COMPUTER CONCEPTS INC",0,0,1,0,54,7667,VA,"MC LEAN",22102
2023,"ADVANCED DATABASE IT SOLUTIONS INC",0,0,0,1,54,2363,NJ,TRENTON,08619
2023,"ADVANCED ENGINEERING SVCS LLC",1,0,0,0,54,2850,CA,"SAN JOSE",95125
2023,"ADVANCED FRAUD SOLUTIONS LLC",0,0,1,0,54,2754,NC,"HIGH POINT",27265
2023,"ADVANCED IMAGE INC",1,0,0,0,54,5599,TX,FRISCO,75036
2023,"ADVANCED IMAGE INC",1,0,0,0,54,5599,TX,IRVING,75039
2023,"ADVANCED INTELLIGENT CONSTRUCTION TECHNOLOGY INC",1,0,2,0,54,5408,CA,TORRANCE,90505
2023,"ADVANCED IT SOLUTIONS INC",5,0,0,0,54,4561,SC,COLUMBIA,29201
2023,"ADVANCED IT SOLUTIONS INC",4,0,0,0,54,4651,SC,COLUMBIA,29201
2023,"ADVANCED KNOWLEDGE TECH LLC",0,0,1,0,54,8698,,,
2023,"ADVANCED KNOWLEDGE TECH LLC",0,0,12,0,54,8698,TX,LEWISVILLE,75057
2023,"ADVANCED KNOWLEDGE TECHNOLOGIES INC",6,0,1,0,54,0776,NJ,PISCATAWAY,08854
2023,"ADVANCED MANAGEMENT TECHNOLOGY INC",0,0,2,0,54,4855,VA,ARLINGTON,22209
2023,"ADVANCED RESOURCE STAFFING INC",2,0,11,1,54,4227,TX,DALLAS,75234
2023,"ADVANCED RESOURCE STAFFING INC",0,0,2,0,54,4227,TX,MCKINNEY,75070
2023,"ADVANCED RESOURCE STAFFING INC",0,0,1,0,54,4227,TX,DALLAS,75234
2023,"ADVANCED RESOURCE STAFFING INC",1,0,1,0,54,4227,,,
2023,"ADVANCED ROBOTICS GROUP LLC",0,0,1,0,54,4653,TX,HOUSTON,77054
2023,"ADVANCED SOLUTIONS NETWORK LLC DBA PLASTIC SERVICES NETWORK",0,0,1,0,54,6683,PA,ERIE,16510
2023,"ADVANCED TECHNOLOGIES GROUP LLC",0,0,3,0,54,6859,IA,"WEST DES MOINES",50266
2023,"ADVANCED TECHNOLOGIES INTEGRATION INC",0,0,1,0,54,4189,MN,"SAINT PAUL",55113
2023,"ADVANCED TECHNOLOGY CONSULTING SERVICE INC",0,0,7,1,54,6692,NJ,"JERSEY CITY",07302
2023,"ADVANCED TECHNOLOGY CONSULTING SERVICE INC",4,0,13,0,54,6692,NJ,MONTVALE,07645
2023,"ADVANCED TECHNOLOGY GROUP USA INC",2,0,2,0,54,6190,NJ,PLAINSBORO,08536
2023,"ADVANCED TECHNOLOGY LABORATORIES INC.",1,1,0,0,54,8004,NV,"LAS VEGAS",89118
2023,"ADVANCEINNOCATIVE LLC",1,0,0,0,54,,NJ,"NEW BRUNSWICK",08901
2023,"ADVANCESOFT INC",0,0,5,0,54,0509,VA,ASHBURN,20147
2023,"ADVANITY TECHNOLOGIES LLC",5,0,12,0,54,5591,PA,PITTSBURGH,15235
2023,"ADVANSOFT INTERNATIONAL INC",0,0,1,0,54,6928,,,
2023,"ADVANSOFT INTERNATIONAL INC",12,0,8,1,54,6928,IL,"ARLINGTON HEIGHTS",60005
2023,"ADVANSOFT INTERNATIONAL INC",1,0,0,0,54,6928,IL,"ARLINGTON HTS",60005
2023,"ADVANSOFT WORLDWIDE INC",0,0,1,0,54,3430,IL,"ARLINGTON HEIGHTS",60005
2023,"ADVANSYS INC",0,0,2,0,54,1359,VA,HERNDON,20170
2023,"ADVANTAGE CONSULTING & ENGINEERING SERVICES CORPORATION",0,1,0,0,54,9086,VA,ALEXANDRIA,22312
2023,"ADVANTAGE IT INC",4,0,13,1,54,2147,OR,HILLSBORO,97124
2023,"ADVANTAGE SALES &MARKETING,LLC",0,0,1,0,54,7131,CA,IRVINE,92618
2023,"ADVANTECH GLOBAL SOLUTIONS INC",0,0,1,0,54,4145,,,
2023,"ADVANTECS GROUP INC",0,0,1,0,54,8560,NJ,EDISON,08820
2023,"ADVANTIS GLOBAL INC",0,0,17,2,54,1792,CA,"MILL VALLEY",94941
2023,"ADVANTIS GLOBAL INC",0,0,1,0,54,1792,,,
2023,"ADVATIX INC",1,0,0,0,54,0469,CA,"WESTLAKE VILLAGE",91361
2023,"ADVAULT INC",0,0,1,0,54,1880,TX,RICHARDSON,75081
2023,"ADVEN TECHNOLOGIES INC",1,0,6,0,54,6719,TX,PLANO,75023
2023,"ADVENT GLOBAL SOLUTIONS INC",1,0,6,2,54,2948,TX,HOUSTON,77070
2023,"ADVENTA CORPORATION",0,0,1,0,54,1020,AL,HARVEST,35749
2023,"ADVENTA SOFT INC",1,0,0,0,54,5121,TX,HOUSTON,77015
2023,"ADVENTA SOFT INC",7,0,3,0,54,5121,TX,HIGHLANDS,77562
2023,"ADVERTISING RESEARCH FOUNDATION INC",1,0,1,0,54,7765,NY,"NEW YORK",10016
2023,"ADVERTISING SPECIALTY INSTITUTE",0,0,1,0,54,8621,PA,"FEASTERVILLE TREVOSE",19053
2023,"ADVERUM BIOTECHNOLOGIES INC",1,0,0,0,54,8327,CA,"REDWOOD CITY",94063
2023,"ADVION INC",0,0,1,0,54,2079,NY,ITHACA,14850
2023,"ADVISER COMPLIANCE ASSOCIATES LLC",0,0,1,0,54,7063,MD,"SILVER SPRING",20910
2023,"ADVISOR360 LLC",0,0,8,0,54,0964,MA,WESTON,02493
2023,"ADVISR INC",0,0,1,0,54,2633,,,
2023,"ADVISR INC",0,0,1,0,54,2633,MT,BOZEMAN,59715
2023,"ADVITHRI TECHNOLOGIES LLC",2,0,15,1,54,8250,TX,FRISCO,75035
2023,"ADWAY SERVICES INC",2,0,4,0,54,1138,NJ,"EAST BRUNSWICK",08816
2023,"AECOM TECHNICAL SERVICES INC",0,0,1,0,54,1922,,,
2023,"AECOM TECHNICAL SERVICES INC",13,1,60,3,54,1922,TX,DALLAS,75240
2023,"AEDIS INC",0,0,1,0,54,7114,CA,"SAN JOSE",95113
2023,"AEGIS COMPANY",2,0,2,0,54,0448,WA,REDMOND,98052
2023,"AEGIS PROJECT CONTROLS CORP",0,0,3,0,54,1239,MD,"SILVER SPRING",20910
2023,"AEKYA INC",0,0,2,0,54,1981,,,
2023,"AEKYA INC",0,0,1,1,54,1981,NJ,EDISON,08817
2023,"AELUMA INC",0,0,1,0,54,7351,CA,GOLETA,93117
2023,"AEQUOR TECHNOLOGIES LLC",1,0,1,0,54,8386,NJ,PISCATAWAY,08854
2023,"AERA TECHNOLOGY INC",0,0,2,0,54,7525,CA,"MOUNTAIN VIEW",94041
2023,"AERA THERAPEUTICS INC",0,0,2,0,54,9375,MA,BOSTON,02210
2023,"AERO TECHNOLOGIES INC",0,0,1,0,54,5905,CA,OAKLAND,94607
2023,"AERODYNE MICROSYSTEMS INC",1,0,0,0,54,6285,CA,BERKELEY,94703
2023,"AEROGEN PHARMA CORPORATION",0,0,1,0,54,6339,CA,"SAN MATEO",94402
2023,"AEROSAPIEN TECHNOLOGIES LLC",1,0,0,0,54,7881,FL,"DAYTONA BEACH",32114
2023,"AEROSPACE TESTING ENGINEERING AND CERTIFICATION INC",1,0,2,0,54,2670,WA,SEATTLE,98108
2023,"AEROSPEC INC",0,0,1,0,54,8330,AZ,CHANDLER,85225
2023,"AEROVATE THERAPEUTICS INC",0,0,1,0,54,7888,MA,WALTHAM,02451
2023,"AESCAPE INC",1,0,0,0,54,4732,NY,"NEW YORK",10011
2023,"AETERNUS SOLUTIONS INC",0,0,3,0,54,6745,MA,WESTFORD,01886
2023,"AETHON SOLUTIONS LLC",0,0,1,0,54,6962,NJ,ROBBINSVILLE,08691
2023,"AETION INC",0,0,3,0,54,1862,NY,"NEW YORK",10001
2023,"AEVA INC",0,0,9,0,54,1800,CA,"MOUNTAIN VIEW",94043
2023,"AEVITAS IT LLC",4,0,0,0,54,8386,TX,SPRING,77381
2023,"AEVITAS IT LLC",0,0,1,0,54,8386,TX,"THE WOODLANDS",77381
2023,"AEZION INC",0,0,2,0,54,1283,TX,FRISCO,75034
2023,"AFC DIGITAL LLC",2,0,1,0,54,8474,NJ,"MOUNT LAUREL",08054
2023,"AFFECT MARKETING LLC",0,0,1,0,54,5695,CO,DENVER,80202
2023,"AFFILIATED ENGINEERS INC",1,0,1,0,54,7168,WI,MADISON,53705
2023,"AFFILIATED ENGINEERS METRO DC INC",0,0,2,0,54,4182,WI,MADISON,53705
2023,"AFFILIATED ENGINEERS NW INC",1,0,2,0,54,2292,WI,MADISON,53705
2023,"AFFINE TECH SYSTEMS LLC",2,0,0,0,54,0196,CA,FREMONT,94536
2023,"AFFINIAN GROUP, LLC D/B/A AFFINIAN CONSULTING",0,0,1,0,54,8399,CA,SACRAMENTO,95816
2023,"AFFINITY SOLUTIONS INC",0,0,4,0,54,4222,NY,"NEW YORK",10120
2023,"AFFIRMA LLC",1,0,1,0,54,9536,WA,BELLEVUE,98007
2023,"AFNI INC",0,0,3,0,54,5130,IL,BLOOMINGTON,61701
2023,"AFOUR TECHNOLOGIES INC",1,0,0,0,54,3871,WA,REDMOND,98052
2023,"AFPS LLP",0,0,1,0,54,7279,CA,IRVINE,92612
2023,"AFRIDI ASSOCIATES",0,0,3,0,54,7214,NY,"NEW YORK",10010
2023,"AFTER INC",0,0,1,0,54,0222,CT,NORWALK,06855
2023,"AG FINTAX LLC",0,0,1,0,54,0021,WA,BOTHELL,98012
2023,"AG INFOTEK INC",5,0,0,0,54,4238,OH,CINCINNATI,45241
2023,"AG MEDNET INC",0,0,0,1,54,2361,MA,BOSTON,02110
2023,"AG&E ASSOCIATES PLLC T A AGE&E STRUCTURAL ENGENUITY",0,0,1,0,54,9808,TX,ADDISON,75001
2023,"AG&E ASSOCIATES PLLC T A AGE&E STRUCTURAL ENGENUITY",1,0,1,0,54,9808,TX,DALLAS,75202
2023,"AGA FINCORP INC",0,0,2,0,54,8526,NJ,PISCATAWAY,08854
2023,"AGAMA SOLUTIONS CORP",0,0,1,0,54,7103,GA,CUMMING,30041
2023,"AGAMA SOLUTIONS INC",1,0,1,0,54,2488,CA,FREMONT,94538
2023,"AGAMA SOLUTIONS INC",0,0,1,0,54,2488,CA,FREMONT,94538
2023,"AGAP TECHNOLOGIES INC",8,1,8,1,54,8418,TX,IRVING,75038
2023,"AGAPITO ASSOCIATES INC",0,0,0,1,54,2456,CO,"GRAND JUNCTION",81506
2023,"AGASTI LLC",1,0,0,0,54,0783,MD,BALTIMORE,21236
2023,"AGASTI LLC",1,0,2,0,54,0783,MD,NOTTINGHAM,21236
2023,"AGEATIA TECHNOLOGY CONSULTANCY SERVICES INC",0,0,1,0,54,9459,IL,SCHAUMBURG,60173
2023,"AGENUS INC",0,0,1,0,54,2417,MA,LEXINGTON,02421
2023,"AGGNE GLOBAL INC",3,0,0,0,54,0960,FL,TAMPA,33647
2023,"AGGREGATE SOFTWARE TECHNOLOGY INC",4,1,1,0,54,2093,TX,IRVING,75038
2023,"AGILANT SOLUTIONS INC",0,0,1,0,54,4058,NY,"PORT WASHINGTON",11050
2023,"AGILE ASPECTS LLC",0,0,1,0,54,1088,VA,LEESBURG,20176
2023,"AGILE DATAPRO INC",3,0,0,0,54,4429,CA,CAMPBELL,95008
2023,"AGILE GLOBAL CONSULTING INC",1,8,1,0,54,9161,VA,"VIRGINIA BEACH",23464
2023,"AGILE GLOBAL SOLUTIONS INC",0,0,1,0,54,1776,CA,FOLSOM,95630
2023,"AGILE HEALTH TECHNOLOGIES INC",1,0,0,0,54,7087,IL,NAPERVILLE,60564
2023,"AGILE IT GLOBAL LLC",5,0,0,0,54,1146,TX,PLANO,75024
2023,"AGILE RESOURCES INC",1,0,0,0,54,4300,GA,ALPHARETTA,30005
2023,"AGILE SCIENTIFIC GROUP",0,5,1,0,54,3596,IN,INDIANAPOLIS,46240
2023,"AGILE SQUAD INC",0,0,2,0,54,1960,NJ,"RIVER EDGE",07661
2023,"AGILE TECHNOLOGIES INC",0,1,0,0,54,7042,MN,WOODBURY,55129
2023,"AGILE1TECH CORPORATION",0,1,1,0,54,9219,VA,FAIRFAX,22030
2023,"AGILEITSERVICE LLC",0,0,1,0,54,5187,MN,"APPLE VALLEY",55124
2023,"AGILEITSERVICE LLC",0,0,1,0,54,5187,TX,PLANO,75024
2023,"AGILESOFT INC",2,0,1,0,54,7451,GA,NORCROSS,30092
2023,"AGILETAL TECHNOLOGIES INC",12,1,13,0,54,0594,NJ,MIDDLESEX,08846
2023,"AGILETRAILBLAZERS LLC DBA CIRRUSLABS",8,0,3,0,54,7822,VA,RESTON,20191
2023,"AGILEWIT SOLUTIONS INC",1,0,0,0,54,3625,TX,LEWISVILLE,75067
2023,"AGILIAD LLC",1,0,4,0,54,0264,CO,BOULDER,80303
2023,"AGILITY CIS INC",0,0,1,0,54,0019,TX,SPRING,77380
2023,"AGILITY ROBOTICS INC",0,0,2,0,54,7432,OR,TANGENT,97389
2023,"AGILITY SOFTWARE SOLUTIONS LLC",3,0,0,0,54,9633,CA,SACRAMENTO,95825
2023,"AGILITY TECHNOLOGIES LLC",0,0,3,0,54,5984,GA,ATLANTA,30328
2023,"AGILOFT INC",0,0,1,0,54,7214,CA,"REDWOOD CITY",94063
2023,"AGILYSIS INC",1,0,2,0,54,2766,IL,CHICAGO,60657
2023,"AGITECH SOLUTIONS INC",0,0,1,0,54,1538,FL,"ALTAMONTE SPG",32701
2023,"AGITECH SOLUTIONS INC",0,0,1,0,54,1538,FL,"ALTAMONTE SPRINGS",32701
2023,"AGL IT SOLUTIONS LLC",2,0,0,0,54,2254,TX,MCKINNEY,75070
2023,"AGMA SYSTEMS LLC",0,0,1,0,54,8631,NJ,"BASKING RIDGE",07920
2023,"AGNES KIM AND ASSOCIATES P C D/B/A DREAM LAW",0,0,1,0,54,2868,TX,ADDISON,75001
2023,"AGNETO INC",0,0,1,0,54,2720,TX,IRVING,75061
2023,"AGORA LAB INC",1,0,1,0,54,7999,CA,"SANTA CLARA",95054
2023,"AGRANEE TECH INC",0,0,2,0,54,5398,TN,NASHVILLE,37214
2023,"AGRATA SOLUTIONS LLC",3,0,0,0,54,4268,MD,HAGERSTOWN,21742
2023,"AGREEYA SOLUTIONS INC",0,0,15,0,54,5578,CA,FOLSOM,95630
2023,"AGRI STATS INC",0,0,1,0,54,0650,IN,"FORT WAYNE",46825
2023,"AGS HEALTH LLC",0,0,1,0,54,0133,DC,WASHINGTON,20036
2023,"AGSOFTSOL INC",0,3,0,0,54,8888,TX,PLANO,75024
2023,"AH INFOTECH LLC",5,0,3,0,54,4310,NJ,PRINCETON,08540
2023,"AHACLOUDS LLC",0,1,0,0,54,0312,TX,COPPELL,75019
2023,"AHANA CLOUD INC",0,0,1,0,54,0403,CA,"SANTA CRUZ",95060
2023,"AHAVA SERVICES LLC",0,0,1,0,54,2708,,,
2023,"AHEAD INC",0,0,1,0,54,0932,IL,CHICAGO,60611
2023,"AHEAD INC",0,0,9,0,54,9032,IL,CHICAGO,60611
2023,"AHUJA PARTNERSHIP ARCHITECTS",0,0,1,0,54,1634,NY,"NEW YORK",10014
2023,"AI CONSULTANTS INC",0,0,1,0,54,2640,VA,ALDIE,20105
2023,"AI CYBER SOLUTIONS INC",15,3,0,0,54,8680,FL,TAMPA,33614
2023,"AI ENGINEERS INC",1,0,3,0,54,7598,CT,MIDDLETOWN,06457
2023,"AI RANDOMTREES LLC",0,0,1,0,54,1253,TX,HOUSTON,77065
2023,"AI SOLUTIONS GEORGIA INC",1,0,1,0,54,0953,GA,ALPHARETTA,30005
2023,"AIBC SOLUTIONS LLC",1,0,0,0,54,3796,VA,HERNDON,20171
2023,"AIBEE US CORPORATION",0,0,1,0,54,8017,CA,"PALO ALTO",94306
2023,"AICADIUM, INC.",1,0,0,0,54,6143,CA,"SAN DIEGO",92130
2023,"AICOMP CONSULTING INC",0,0,1,0,54,0787,TN,MEMPHIS,38157
2023,AIDASH,0,0,1,0,54,8842,CA,"SAN JOSE",95128
2023,"AIFA LABS LLC",1,0,3,0,54,6555,TX,FRISCO,75033
2023,"AIFI INC",2,0,1,0,54,5682,CA,"MENLO PARK",94025
2023,"AIG LLP",0,0,2,0,54,7374,TX,RICHARDSON,75080
2023,"AIM BIG INC DBA AXIOM TECHNOLOGY GROUP INC",0,0,9,0,54,2736,IL,"OAK BROOK",60523
2023,"AIMERSZ CONSULTING SERVICES INC",1,0,0,0,54,5347,TX,DALLAS,75019
2023,"AIMIC INC",0,1,0,0,54,6614,VA,ASHBURN,20148
2023,"AIMIC INC",0,0,3,0,54,6614,VA,CHANTILLY,20151
2023,"AIMMS INC",0,0,1,0,54,4091,WA,BELLEVUE,98005
2023,"AIMPOINT DIGITAL LP",0,0,1,0,54,7759,PA,CANONSBURG,15317
2023,"AINS LLC",0,0,1,0,54,5814,MD,GAITHERSBURG,20878
2023,"AIQUEOUS LLC",0,0,1,0,54,7262,TX,AUSTIN,78757
2023,"AIQUIRE INC DBA PIXIS",0,0,1,0,54,1999,IL,CHICAGO,60661
2023,"AIRACER INC",1,0,1,0,54,6900,NY,FLUSHING,11355
2023,"AIRLINE TARIFF PUBLISHING COMPANY ATPCO",0,0,1,0,54,5810,,,
2023,"AIRLINE TARIFF PUBLISHING COMPANY ATPCO",0,0,1,0,54,5810,VA,7513,20166
2023,"AIRLINE TARIFF PUBLISHING COMPANY ATPCO",0,0,1,0,54,5810,VA,DULLES,20166
2023,"AIRLINE TARIFF PUBLISHING COMPANY ATPCO",0,0,7,1,54,5810,VA,STERLING,20166
2023,"AIRLINES REPORTING CORPORATION",0,0,3,0,54,7276,VA,ARLINGTON,22201
2023,"AIRNA CORPORATION",1,0,0,0,54,5459,CA,STANFORD,94305
2023,"AIRSHIP GROUP INC",0,0,1,0,54,9941,OR,PORTLAND,97209
2023,"AISERA INC",0,0,1,0,54,9488,CA,"AGOURA HILLS",91301
2023,"AISERA INC",0,0,5,0,54,9488,CA,"PALO ALTO",94303
2023,"AIT GLOBAL INC",0,0,1,0,54,7149,,,
2023,"AIT GLOBAL INC",1,0,9,0,54,7149,NJ,MATAWAN,07747
2023,"AITA CONSULTING SERVICES INC",0,0,1,0,54,6891,,,
2023,"AITA CONSULTING SERVICES INC",7,0,15,1,54,6891,NJ,"NORTH BRUNSWICK",08902
2023,"AITIUM INC",4,0,0,0,54,9892,TX,AUSTIN,78750
2023,"AITRONX INC",0,0,0,1,54,3379,CA,"SAN JOSE",95112
2023,"AIXTRON INC",1,0,0,0,54,0804,CA,"SANTA CLARA",95054
2023,"AJACE INC",6,0,6,0,54,6599,VA,CHANTILLY,20151
2023,"AJINOMOTO FOODS NORTH AMERICA INC",1,0,0,0,54,1609,CA,ONTARIO,91764
2023,"AJINOMOTO HEALTH NUTRITION NORTH AMERICA INC",0,0,1,0,54,9265,IL,ITASCA,60143
2023,"AK ARCHITECTURE LLC",1,0,0,0,54,7262,NJ,"ROCHELLE PARK",07662
2023,"AK INFORMATION TECHNOLOGIES INC",1,0,0,0,54,6858,IL,"ROLLING MDWS",60008
2023,"AK INFORMATION TECHNOLOGIES INC",0,0,5,0,54,6858,IL,"ROLLING MEADOWS",60008
2023,"AK SYSTEMS INC",3,0,2,0,54,6739,NJ,PLAINSBORO,08536
2023,"AK TECHNOLOGIES LLC",16,4,1,0,54,5258,WA,KENNEWICK,99336
2023,"AK TECHNOLOGIES LLC",1,0,0,0,54,5258,WA,KENNEWICK,98003
2023,"AKA NYC LIMITED",0,0,1,0,54,3190,NY,"NEW YORK",10036
2023,"AKEA DESIGN INC",1,0,0,0,54,2392,FL,GAINESVILLE,32606
2023,"AKEEN TECH LLC",1,0,0,0,54,9781,SC,"ROCK HILL",29730
2023,"AKER SOLUTIONS AMERICAS INC",0,0,1,0,54,9460,TX,HOUSTON,77042
2023,"AKHIL SOFTWARE TECHNOLOGIES LLC",2,0,0,0,54,6802,MD,GERMANTOWN,20876
2023,"AKIDEV CORPORATION",1,0,0,0,54,4492,CA,FREMONT,94536
2023,"AKIN GUMP STRAUSS HAUER & FELD LLP",0,0,2,0,54,8644,DC,WASHINGTON,20006
2023,"AKKA USA LLC",1,0,1,0,54,6453,MI,"AUBURN HILLS",48326
2023,"AKKEN INC",5,0,5,0,54,0527,NH,NASHUA,03062
2023,"AKKODIS GROUP NORTH AMERICA INC",0,0,1,0,54,1810,MI,"AUBURN HILLS",48326
2023,"AKKODIS GROUP NORTH AMERICA INC",0,0,3,0,54,1810,TX,IRVING,75062
2023,"AKOYA BIOSCIENCES INC",0,0,1,0,54,6242,MA,MARLBOROUGH,01752
2023,"AKQA INC",0,0,3,0,54,2739,NY,"NEW YORK",10007
2023,"AKRAM & ASSOCIATES PLLC",1,0,0,0,54,8673,NC,CARY,27513
2023,"AKRAYA INC",3,1,2,1,54,6644,CA,"SANTA CLARA",95054
2023,"AKRID TECHNOLOGIES INC",3,0,0,0,54,9228,TX,"FARMERS BRANCH",75234
2023,"AKRIVIS SOLUTIONS INC",1,0,0,0,54,0529,IL,"HOFFMAN ESTATES",60169
2023,"AKRON BIOMANUFACTURING LLC",0,0,0,1,54,1686,FL,"BOCA RATON",33487
2023,"AKSAI LLC",3,0,0,0,54,6417,PA,"CHADDS FORD",19317
2023,"AKSCELLENCE INFO SOLUTIONS LLC",7,1,0,0,54,0139,WI,MADISON,53711
2023,"AKSHAR IT SOLUTIONS LLC",1,0,3,0,54,8180,TX,HOUSTON,77081
2023,"AKSHAYA INC",0,0,1,0,54,7316,,,
2023,"AKSHAYA INC",1,0,20,0,54,7316,CA,PLEASANTON,94566
2023,"AKTANA INC",0,0,4,0,54,5567,CA,"SAN FRANCISCO",94102
2023,"AKVARR INC",0,0,1,0,54,3693,,,
2023,"AKVARR INC",0,0,15,0,54,3693,VA,FAIRFAX,22030
2023,"AKVELON INC",1,0,0,0,54,5415,WA,BELLEVUE,98005
2023,"AL KAISER INC",0,0,2,0,54,2319,IL,ELGIN,60123
2023,"ALACRITI INC",0,0,1,0,54,1729,NJ,PISCATAWAY,08854
2023,"ALACRITI PAYMENTS LLC",0,0,1,0,54,3509,NJ,PISCATAWAY,08854
2023,"ALAMAR BIOSCIENCES INC",0,0,1,0,54,9036,CA,FREMONT,94538
2023,"ALAMEDATECH SOLUTIONS LLC",0,0,1,0,54,8988,TX,"CEDAR PARK",78613
2023,"ALAN BERMAN ARCHITECT PLLC",0,0,1,0,54,3722,NY,"NEW YORK",10024
2023,"ALAN PLUMMER ASSOCIATES INC DBA PLUMMER",0,0,1,0,54,5621,TX,"FORT WORTH",76107
2023,"ALANIZ LLC",2,0,0,0,54,4209,IA,"MOUNT PLEASANT",52641
2023,"ALBA LIFE SCIENCES CORP",0,0,1,0,54,7381,NJ,PISCATAWAY,08854
2023,"ALBANESE SOLUTIONS LLC",0,0,1,0,54,3385,NJ,BLAIRSTOWN,07825
2023,"ALBATROS NORTH AMERICA INC D/B/A SEPSAMEDHA",0,0,1,0,54,0310,NY,"BALLSTON SPA",12020
2023,"ALCATRAZ AI INC",0,0,1,0,54,6360,CA,CUPERTINO,95014
2023,"ALCES & ASOCIADOS LLC",0,0,1,0,54,2181,FL,MIAMI,33180
2023,"ALCION INC",0,0,1,0,54,9501,CA,"SANTA CLARA",95054
2023,"ALDER FM LLC",0,0,1,0,54,1313,NY,"NEW YORK",10010
2023,"ALDEVRON LLC",2,0,0,0,54,1327,ND,FARGO,58104
2023,"ALDEVRON LLC",0,0,1,0,54,1327,CA,SUNNYVALE,94089
2023,"ALECTOR LLC",0,0,1,0,54,2363,CA,"SOUTH SAN FRANCISCO",94080
2023,"ALEGEUS TECHNOLOGIES LLC",0,0,2,0,54,8825,MA,WALTHAM,02451
2023,"ALEPH TECHNOLOGIES",1,0,0,0,54,0681,TX,RICHARDSON,75080
2023,"ALERT INNOVATION INC",0,0,6,0,54,0388,MA,ANDOVER,01810
2023,"ALERTENTERPRISE INC",3,0,2,0,54,1931,CA,FREMONT,94538
2023,"ALEVAR TECHNOLOGIES INC",1,0,0,0,54,6648,MN,"SAINT PAUL",55121
2023,"ALEVAR TECHNOLOGIES INC",1,0,0,0,54,6648,MN,EAGAN,55121
2023,"ALEXA SYSTEMS INC",1,0,2,0,54,6361,NJ,ISELIN,08830
2023,"ALEXANDRA LOZANO IMMIGRATION LAW",0,1,0,0,54,8960,WA,SEATTLE,98188
2023,"ALEXANDRA LOZANO IMMIGRATION LAW",1,0,0,0,54,8960,WA,TUKWILA,98188
2023,"ALFA SERVICES USA INC",3,0,2,0,54,6602,NY,"NEW YORK",10001
2023,"ALFA TECH CONSULTING ENGINEERS INC",0,0,2,0,54,1171,CA,"SAN JOSE",95131
2023,"ALGEBRAIT LLC",0,0,1,0,54,7744,TX,AUSTIN,78750
2023,"ALGEMETRIC LLC",0,0,1,0,54,0754,CO,"COLORADO SPRINGS",80919
2023,"ALGEMETRIC LLC",0,0,1,0,54,0754,CO,"COLORADO SPRINGS",80919
2023,"ALGOBRAINZ LLC",1,0,0,0,54,8063,NJ,CRANBURY,08512
2023,"ALGOBRAINZ LLC",10,0,1,0,54,8063,NJ,PRINCETON,08540
2023,"ALGORAND INC",2,0,0,0,54,4522,MA,BOSTON,02116
2023,"ALGORICS INC",1,0,0,0,54,6256,NJ,PISCATAWAY,08854
2023,"ALGORITHM INC DBA CLOUD INTEGRATOR",0,0,2,0,54,4810,VA,FAIRFAX,22030
2023,"ALGORIZIN INC",0,1,0,0,54,0985,NY,"NEW YORK",10005
2023,"ALIBABA CLOUD US LLC",0,0,1,0,54,1352,CA,SUNNYVALE,94085
2023,"ALIBABA GROUP U S INC",1,0,4,0,54,7542,CA,SUNNYVALE,94085
2023,"ALICE CONSULTING LLC",1,0,1,0,54,3336,TX,FRISCO,75034
2023,"ALICE CONSULTING LLC",2,0,0,0,54,3336,TX,MCKINNEY,75072
2023,"ALICE TECH SOLUTIONS LLC",1,0,1,0,54,7302,TX,IRVING,75039
2023,"ALIGCUS INC",0,1,0,0,54,6457,CA,"SAN GABRIEL",91776
2023,"ALIGN COMMUNICATIONS INC",0,0,1,0,54,3996,,,
2023,"ALIGN COMMUNICATIONS INC",0,0,1,0,54,3996,NY,"NEW YORK",10004
2023,"ALIGNED AUTOMATION LLC",0,0,1,0,54,7452,TX,IRVING,75039
2023,"ALIGNED INCENTIVES LLC",0,0,2,0,54,9151,MA,MIDDLETON,01949
2023,"ALIGNMENT RESEARCH CENTER",1,0,1,0,54,5182,CA,WALNUT,91789
2023,"ALIGNMENT RESEARCH CENTER",1,0,0,0,54,5182,CA,COVINA,91723
2023,"ALINDUS INC",0,0,2,0,54,3737,TX,IRVING,75063
2023,"ALIPAY US, INC.",1,0,1,0,54,8935,CA,SUNNYVALE,94085
2023,"ALIS SOFTWARE LLC",2,0,1,0,54,1948,TX,"ROUND ROCK",78681
2023,"ALITHYA RANZAL LLC",2,0,1,0,54,2835,GA,ALPHARETTA,30009
2023,"ALIXPARTNERS LLC",0,0,1,0,54,7863,MI,SOUTHFIELD,48075
2023,"ALIXPARTNERS LLC",0,0,1,0,54,7863,CA,"LOS ANGELES",90071
2023,"ALIXPARTNERS LLP",0,0,1,0,54,7158,,,
2023,"ALIXPARTNERS LLP",2,0,17,1,54,7158,MI,SOUTHFIELD,48075
2023,"ALJ LINDSEY LLC",1,0,0,0,54,7655,TX,TOMBALL,77377
2023,"ALKIRA INC",0,0,4,0,54,2325,CA,"SAN JOSE",95110
2023,"ALL AMERICAN CREATIONS LLC",0,0,1,0,54,7388,CA,"LOS ANGELES",90017
2023,"ALL BLUE SOLUTIONS, INC. DBA SUBSCRIBEIT",0,0,1,0,54,5445,TX,DALLAS,75201
2023,"ALL INFORMATION SERVICES INC",0,0,1,0,54,0265,IL,"OAK BROOK TERRACE",60181
2023,"ALL TAILS WAGGING SANTA ROSA INC DBA ALL TAILS WAGGING VETERINARY CLINIC",0,0,1,0,54,5987,CA,"SANTA ROSA",95404
2023,"ALL TAILS WAGGING SANTA ROSA INC DBA ALL TAILS WAGGING VETERINARY CLINIC",0,0,1,0,54,5987,CA,"SANTA ROSA",95405
2023,"ALLAGI TECHNOLOGIES INC",0,0,2,0,54,8944,,,
2023,"ALLAGI TECHNOLOGIES INC",1,0,10,0,54,8944,NJ,HILLSBOROUGH,08844
2023,"ALLAN S LOLLY & ASSOCIATES PC",0,1,0,0,54,5239,CA,"SAN DIEGO",92037
2023,"ALLEGHENY SINGER RESEARCH INSTITUTE",1,0,0,0,54,0493,PA,PITTSBURGH,15212
2023,"ALLEGIS GLOBAL SOLUTIONS INC",0,0,2,0,54,8435,MD,HANOVER,21076
2023,"ALLEGIS GROUP INC",0,0,1,0,54,4931,,,
2023,"ALLEGIS GROUP INC",0,0,8,1,54,4931,MD,HANOVER,21076
2023,"ALLEGORY CONSULTING LLC",0,0,1,0,54,0726,GA,SUWANEE,30024
2023,"ALLEGRO DEVELOPMENT CORPORATION",0,0,1,0,54,9991,TX,DALLAS,75201
2023,"ALLEN INSTITUTE",1,0,0,0,54,5317,,,
2023,"ALLEN INSTITUTE",4,0,5,0,54,5317,WA,SEATTLE,98109
2023,"ALLEXCEL INC",0,0,1,0,54,5386,CT,"WEST HAVEN",06516
2023,"ALLIANCE ARCHITECTURE OF MARYLAND PC",0,0,1,0,54,5404,MD,ANNAPOLIS,21401
2023,"ALLIANCE CONSULTING SERVICES LLC",1,0,0,0,54,4637,TX,HOUSTON,77056
2023,"ALLIANCE FOR SUSTAINABLE ENERGY LLC",1,0,1,0,54,9342,CA,"SANTA MONICA",90401
2023,"ALLIANCE FOR SUSTAINABLE ENERGY LLC",34,0,37,3,54,9342,CO,GOLDEN,80401
2023,"ALLIANCE FOR SUSTAINABLE ENERGY LLC",5,0,5,0,54,9342,CO,LAKEWOOD,80401
2023,"ALLIANCE FOR SUSTAINABLE ENERGY LLC",1,0,2,0,54,9342,,,
2023,"ALLIANCE GLOBAL TECH INC",0,0,1,0,54,0671,MD,COLUMBIA,21045
2023,"ALLIANCE GLOBAL TECH INC",2,1,0,0,54,0671,MD,COLUMBIA,21045
2023,"ALLIANCE INC",0,0,1,0,54,3427,MN,MINNEAPOLIS,55403
2023,"ALLIANCE INSOURCE INC",1,0,0,0,54,1094,VA,"MC LEAN",22102
2023,"ALLIANCE PHARMA INC",0,0,1,0,54,6088,PA,MALVERN,19355
2023,"ALLIANCE TECHNICAL GROUP LLC FKA ALLIANCE SOURCE TESTING",0,0,1,0,54,9242,AL,DECATUR,35601
2023,ALLIANCECHICAGO,0,0,1,0,54,4098,IL,CHICAGO,60654
2023,"ALLIED BUSINESS CONSULTING INC",1,0,0,0,54,7962,NJ,"S PLAINFIELD",07080
2023,"ALLIED BUSINESS CONSULTING INC",2,0,10,0,54,7962,NJ,"SOUTH PLAINFIELD",07080
2023,"ALLIED DIGITAL SERVICES LLC",0,0,1,0,54,2587,CA,TORRANCE,90502
2023,"ALLIED INFORMATICS INC",0,0,2,0,54,6701,,,
2023,"ALLIED INFORMATICS INC",1,0,15,1,54,6701,GA,DULUTH,30097
2023,"ALLIED IT CONSULTANCY LLC",2,0,0,0,54,0050,NJ,"JERSEY CITY",07306
2023,"ALLIED TELESIS INC",0,0,4,0,54,5055,CA,"SAN JOSE",95134
2023,"ALLISON & PARTNERS LLC",0,0,1,0,54,0096,CA,"SAN FRANCISCO",94133
2023,"ALLKARE INC",3,0,0,0,54,6963,DE,DOVER,19901
2023,"ALLOGENE THERAPUTICS INC.",0,0,1,0,54,2771,CA,"SOUTH SAN FRANCISCO",94080
2023,"ALLOY DEVELOPMENT HOLDINGS LLC",0,0,1,0,54,9997,NY,BROOKLYN,11201
2023,"ALLPRO CONSULTING GROUP INC",0,0,1,0,54,7382,TX,DALLAS,75243
2023,"ALLPRO CONSULTING LLC",15,0,3,0,54,6705,TX,KATY,77494
2023,"ALLRUVA TECHNOLOGY SERVICES INCORPORATED",2,0,0,0,54,4885,TX,CARROLLTON,75010
2023,"ALLSCRIPTS HEALTHCARE LLC",0,0,9,0,54,6083,NC,RALEIGH,27609
2023,"ALLSCRIPTS MANAGED SERVICES LLC",0,0,7,0,54,7232,NC,RALEIGH,27609
2023,"ALLTECH CONSULTING SERVICES INC",1,0,3,1,54,2933,NJ,PRINCETON,08540
2023,"ALLTECZIT INC",2,0,0,0,54,9972,DE,NEWARK,19713
2023,"ALLURTECH LLC",1,0,0,0,54,9018,TX,FRISCO,75035
2023,"ALLVUE SYSTEMS LLC",0,0,1,0,54,7010,CA,"SAN DIEGO",92130
2023,"ALLWYN CONSULTING SERVICES LLC",2,0,0,0,54,2909,AR,BENTONVILLE,72712
2023,"ALOPAY INC",0,0,1,0,54,0438,NY,"NEW YORK",10016
2023,ALORASOFT,1,0,0,0,54,8607,TX,COLLEYVILLE,76034
2023,"ALPHA 1 MARKETING CORPORATION",0,0,1,0,54,5627,NY,"WEST HARRISON",10604
2023,"ALPHA 20 GROUP LLC",4,0,2,0,54,7193,VA,RESTON,20191
2023,"ALPHA 3 CONSULTING LLC",0,0,1,0,54,1538,NJ,"MOUNT LAUREL",08054
2023,"ALPHA AND OMEGA SEMICONDUCTOR INCORPORATED",0,0,2,0,54,3536,CA,SUNNYVALE,94085
2023,"ALPHA CLINICAL SYSTEMS INC",5,0,4,0,54,4599,NJ,PISCATAWAY,08854
2023,"ALPHA IT CONSULTING CORPORATION",1,0,0,0,54,4455,NJ,"S BRUNSWICK TOWN",08852
2023,"ALPHA IT CONSULTING CORPORATION",2,0,0,0,54,4455,NJ,"SOUTH BRUNSWICK TOWN",08852
2023,"ALPHA IT CONSULTING CORPORATION",1,0,0,0,54,4455,NJ,"MONMOUTH JUNCTION",08852
2023,"ALPHA MEMBERS INC",1,0,0,0,54,9736,NY,"NEW YORK",10018
2023,"ALPHA MEP INC",1,0,0,0,54,7653,CA,ORANGE,92867
2023,"ALPHA NET CONSULTING LLC",6,2,9,3,54,4755,CA,"SANTA CLARA",95054
2023,"ALPHA NUMERO TECHNOLOGY SOLUTIONS",3,0,5,0,54,9406,CA,IRVINE,92618
2023,"ALPHA SYNOPSYS INC",1,0,2,0,54,3763,MO,CHESTERFIELD,63005
2023,"ALPHA TECH INC",0,0,1,0,54,0472,DE,WILMINGTON,19801
2023,"ALPHA VARIANCE SOLUTIONS LLC",0,0,1,0,54,6061,NY,ARDSLEY,10502
2023,"ALPHAINFOSYS INC",0,0,1,0,54,8395,MO,"SAINT LOUIS",63146
2023,"ALPHAINFOSYS INC",0,0,2,0,54,8398,MO,"SAINT LOUIS",63146
2023,"ALPHAPRIMETECH INC",0,0,0,1,54,0832,NY,HICKSVILLE,11801
2023,"ALPHASENSE INC",0,0,1,0,54,4106,NY,"NEW YORK",10003
2023,"ALPHASMART SOLUTIONS LLC",2,1,0,0,54,7219,GA,CUMMING,30041
2023,"ALPHAWAVE IP CORP",0,0,2,0,54,1910,CA,"SAN JOSE",95112
2023,"ALPHIND SOFTWARE SOLUTIONS INC",0,0,1,0,54,2902,NC,CHARLOTTE,28262
2023,"ALPHONSO INC",8,2,14,0,54,9220,CA,"MOUNTAIN VIEW",94041
2023,"ALPINE OCEAN SEISMIC SURVEY INC",1,0,0,0,54,8785,NJ,NORWOOD,07648
2023,"ALREK BUSINESS SOLUTIONS INC",0,1,10,0,54,3124,IL,SCHAUMBURG,60173
2023,"ALSTON & BIRD LLP",0,0,1,0,54,7615,GA,ATLANTA,30309
2023,"ALSTREAM TECH INC",1,0,0,0,54,3301,NJ,"NEW BRUNSWICK",08901
2023,"ALTAFLUX CORPORATION",0,0,1,0,54,4406,NC,CHARLOTTE,28277
2023,"ALTAIR ENGINEERING INC",0,0,20,0,54,1828,MI,TROY,48083
2023,"ALTAIR PRODUCTDESIGN INC",0,0,3,1,54,4085,,,
2023,"ALTAIR PRODUCTDESIGN INC",2,0,29,2,54,4085,MI,TROY,48083
2023,"ALTAIR TECHNOLOGIES INC",1,0,2,0,54,2263,GA,ALPHARETTA,30005
2023,"ALTAIRTEK LLC",1,0,0,0,54,1442,FL,"SAINT PETERSBURG",33702
2023,"ALTAMETRICS LLC",1,0,1,0,54,6572,CA,"COSTA MESA",92626
2023,"ALTASCIENCES PRECLINICAL SEATTLE LLC",0,0,1,0,54,2782,WA,EVERETT,98208
2023,"ALTEK INC",0,0,2,0,54,0695,VA,ASHBURN,20147
2023,"ALTEN TECHNOLOGY USA INC",0,0,1,0,54,6083,MI,TROY,48084
2023,"ALTEN TECHNOLOGY USA INC",3,0,7,1,54,6038,MI,TROY,48084
2023,"ALTEN TECHNOLOGY USA INC",1,0,3,0,54,6038,NC,GREENSBORO,27409
2023,"ALTERA DIGITAL HEALTH INC",0,0,1,0,54,9516,,,
2023,"ALTERA DIGITAL HEALTH INC",0,0,10,0,54,9516,NC,RALEIGH,27609
2023,"ALTERYX INC",1,0,5,0,54,3106,CA,IRVINE,92618
2023,"ALTIERI SEBOR WIEBER LLC",0,0,1,0,54,5257,CT,NORWALK,06851
2023,"ALTIMATE INC",0,0,1,0,54,7693,CA,SUNNYVALE,94085
2023,"ALTIMETRIK CORP",0,0,21,0,54,6423,MI,SOUTHFIELD,48075
2023,"ALTISOURCE SOLUTIONS INC",0,0,1,0,54,0651,GA,ALPHARETTA,30007
2023,"ALTISOURCE SOLUTIONS INC",0,0,1,0,54,0651,GA,ATLANTA,30328
2023,"ALTIUS INSTITUTE FOR BIOMEDICAL SCIENCES",2,0,0,0,54,1080,WA,SEATTLE,98121
2023,"ALTIUS TECHNOLOGIES INC",0,0,0,1,54,7807,UT,SANDY,84070
2023,"ALTIUS TECHNOLOGIES INC",1,0,2,0,54,7807,UT,"SOUTH JORDAN",84095
2023,"ALTMAN SOLON US LP",0,0,2,0,54,4931,MA,BOSTON,02110
2023,"ALTON AVIATION CONSULTANCY LLC",1,0,0,0,54,0444,NY,"NEW YORK",10019
2023,"ALTOS LABS INC",1,0,0,0,54,6536,CA,"REDWOOD CITY",94065
2023,"ALTPLUS LLC",1,0,0,0,54,5250,GA,DULUTH,30097
2023,"ALTRIA CLIENT SERVICES LLC",0,0,5,0,54,9146,VA,RICHMOND,23230
2023,"ALTRUIST CORPORATION D B A ALTRUIST",0,0,1,0,54,6435,CA,"CULVER CITY",90232
2023,"ALTUDO LLC FKA EDYNAMICS LLC",1,0,5,0,54,6565,NY,"NEW YORK",10038
2023,"ALTUMTECH SOLUTIONS LLC",1,1,0,0,54,4429,TX,FRISCO,75035
2023,"ALTVA HOLDINGS LLC",0,0,1,0,54,7381,PR,"SAN JUAN",00918
2023,"ALVAND SOLUTIONS LLC",0,0,2,0,54,4384,CA,"SAN JUAN CAPISTRANO",92675
2023,"ALVAREZ AND MARSAL INSURANCE AND RISK ADVISORY SERVICES LLC",0,0,1,0,54,6027,NY,"NEW YORK",10022
2023,"ALVAREZ MARSAL CORPORATE PERFORMANCE IMPROVEMENT LLC",0,0,1,0,54,4074,NY,"NEW YORK",10022
2023,"ALVAREZ MARSAL DISPUTES AND INVESTIGATIONS LLC",0,0,1,0,54,4092,NY,"NEW YORK",10022
2023,"ALVAREZ MARSAL HEALTHCARE INDUSTRY GROUP LLC",0,0,1,0,54,2661,NY,"NEW YORK",10022
2023,"ALVAREZ MARSAL HOLDINGS LLC",0,0,1,0,54,9465,NY,"NEW YORK",10022
2023,"ALVAREZ MARSAL PRIVATE EQUITY PERFORMANCE IMPROVEMENT GROUP LLC",0,0,5,0,54,0554,NY,"NEW YORK",10022
2023,"ALVAREZ MARSAL TAXAND LLC",0,0,3,0,54,7630,NY,"NEW YORK",10022
2023,"ALVARIA INC",0,0,1,0,54,4368,MA,WESTFORD,01886
2023,"AM INFOSYSTEMS INC",2,0,0,0,54,3547,VA,HERNDON,20171
2023,"AM LOGIC CORPORATION",1,0,7,0,54,4528,NJ,EDISON,08820
2023,"AM LOGIC CORPORATION",0,0,1,0,54,4528,,,
2023,"AMA CONSULTING ENGINEERS PC",0,0,1,0,54,1924,NY,"NEW YORK",10019
2023,"AMA COUSULTING ENGINEERS PC",0,0,2,0,54,5302,NY,"NEW YORK",10019
2023,"AMADEUS NORTH AMERICA INC",0,0,3,1,54,4614,FL,DORAL,33122
2023,"AMADEUS NORTH AMERICA INC",0,0,4,0,54,4614,FL,MIAMI,33122
2023,"AMAEYAA TECHNOLOGIES INC",1,0,0,0,54,0803,MI,FARMINGTON,48334
2023,"AMARTAM SOLUTIONS LLC",1,0,0,0,54,0941,NJ,PRINCETON,08540
2023,"AMAZECH SOLUTIONS LLC",5,1,4,0,54,0897,TX,FRISCO,75035
2023,"AMAZEE GLOBAL VENTURES INC",4,0,0,0,54,2552,NY,"FAR ROCKAWAY",11693
2023,"AMAZEE GLOBAL VENTURES INC",4,0,0,0,54,2552,NY,"ROCKAWAY BCH",11693
2023,"AMAZEE GLOBAL VENTURES INC",6,1,1,0,54,2552,NY,"ROCKAWAY BEACH",11693
2023,"AMAZON WEB SERVICES INC",0,0,1,0,54,8068,VA,ARLINGTON,22202
2023,"AMBA SYSTEMS",1,0,2,0,54,6563,WI,"GREEN BAY",54304
2023,"AMBERFLO IO INC",0,0,1,0,54,0533,CA,"SANTA CLARA",95054
2023,"AMBIK SOLUTIONS LLC",1,0,0,0,54,4493,CA,"LAGUNA HILLS",92653
2023,"AMBIT RD INC",0,0,1,0,54,7682,NJ,MORRISTOWN,07960
2023,"AMBRX INC",0,0,1,0,54,7346,CA,"LA JOLLA",92037
2023,"AMBRY GENETICS",0,0,1,0,54,2453,CA,"ALISO VIEJO",92656
2023,"AMCAN TOP CONSULTING GROUP INC",1,0,0,0,54,2193,CA,IRVINE,92614
2023,"AMDA SOFTWARE SOLUTIONS",0,0,2,0,54,0749,PA,MECHANICSBURG,17050
2023,"AMDOCS INC",3,0,13,0,54,9487,MO,"SAINT LOUIS",63141
2023,"AMDOCS INC",0,0,4,0,54,9487,MO,"SAINT LOUIS",63141
2023,"AMEC FOSTER WHEELER USA CORPORATION",0,0,1,0,54,3683,TX,HOUSTON,77084
2023,"AMEEX TECHNOLOGIES CORP",1,0,1,0,54,6752,IL,SCHAUMBURG,60173
2023,"AMELIA US LLC",0,0,2,1,54,2295,NY,"NEW YORK",10004
2023,"AMENSYS INC",0,0,2,0,54,2302,,,
2023,"AMENSYS INC",0,0,17,0,54,2302,TX,LEWISVILLE,75057
2023,"AMEO SOLUTIONS LLC",3,0,0,0,54,9588,CA,ALHAMBRA,91803
2023,"AMERI AND PARTNERS INC DBA AMERI100",0,0,1,0,54,5693,,,
2023,"AMERI AND PARTNERS INC DBA AMERI100",2,0,0,0,54,5693,GA,ALPHARETTA,30005
2023,"AMERI AND PARTNERS INC DBA AMERI100",0,0,2,0,54,5693,GA,ATLANTA,30326
2023,"AMERI AND PARTNERS INC DBA AMERI100",0,0,1,0,54,5693,TX,PLANO,75024
2023,"AMERICA DIAGNOSTICS INC",1,0,0,0,54,4472,CA,"SAN DIEGO",92126
2023,"AMERICA TO GO LLC DBA ATG FINANCIAL TECHNOLOGIES",0,0,1,0,54,2547,NY,"NEW YORK",10036
2023,"AMERICAN ANALYST INC",2,0,0,0,54,5190,NJ,"BUDD LAKE",07828
2023,"AMERICAN ANALYST INC",1,0,0,0,54,5190,NJ,BUDDLAKE,07828
2023,"AMERICAN BEAR LOGISTICS CORP",0,0,1,0,54,5406,IL,ITASCA,60143
2023,"AMERICAN BEAR LOGISTICS CORP",0,0,1,0,54,5406,IL,TASCA,60143
2023,"AMERICAN BUREAU OF SHIPPING",0,0,6,1,54,1556,TX,SPRING,77389
2023,"AMERICAN BUSINESS SOLUTIONS INC",2,1,5,2,54,4561,OH,"LEWIS CENTER",43035
2023,"AMERICAN CHASE LLC",2,0,0,0,54,5635,OR,PORTLAND,97210
2023,"AMERICAN CLOUD SERVICES LLC",0,3,0,0,54,5732,GA,ALPHARETTA,30004
2023,"AMERICAN COLLEGE OF RADIOLOGY",0,0,4,0,54,1602,VA,RESTON,20191
2023,"AMERICAN CONSULTING SOLUTIONS INC",1,0,1,0,54,0754,FL,"BOYNTON BEACH",33426
2023,"AMERICAN COUNCIL FOR AN ENERGY EFFICIENT ECONOMY",0,0,1,0,54,1707,DC,WASHINGTON,20045
2023,"AMERICAN CYBERSYSTEMS INC",4,0,31,1,54,0405,GA,DULUTH,30096
2023,"AMERICAN DENTAL MANAGEMENT PC",0,0,1,0,54,2757,PA,"FORT WASHINGTON",19034
2023,"AMERICAN EDUCATION AND TRANSLATION SERVICES CORP",0,0,3,0,54,2968,FL,MIAMI,33157
2023,"AMERICAN ENTERPRISE INST FOR PUBLIC POLICY RESEARCH",0,0,1,0,54,8495,DC,WASHINGTON,20036
2023,"AMERICAN IMMIGRATION LAW GROUP LLC",1,0,0,0,54,5915,MO,"SAINT LOUIS",63141
2023,"AMERICAN INFORMATION TECH CORP",1,7,2,0,54,3470,TX,FRISCO,75034
2023,"AMERICAN INFOSYS INC",0,0,1,0,54,4097,VA,HENRICO,23233
2023,"AMERICAN INFRASTRUCTURE TECHNOLOGIES INC",0,0,1,0,54,1732,IL,WHEATON,60189
2023,"AMERICAN INNOVATIVE TECHNOLOGIES INC",1,0,0,0,54,3171,NJ,NEPTUNE,07753
2023,"AMERICAN INST OF MATHEMATICS",0,0,1,0,54,5114,CA,"SAN JOSE",95112
2023,"AMERICAN INSTITUTES FOR RESEARCH",1,0,5,0,54,5219,VA,ARLINGTON,22202
2023,"AMERICAN IT INC",5,0,0,0,54,1571,TX,"FARMERS BRANCH",75234
2023,"AMERICAN IT INC",5,0,0,0,54,1571,TX,DALLAS,75234
2023,"AMERICAN IT RESOURCE GROUP INC",0,0,1,0,54,0856,,,
2023,"AMERICAN IT RESOURCE GROUP INC",2,1,2,0,54,0856,IL,SCHAUMBURG,60173
2023,"AMERICAN IT SOLUTIONS INC",16,0,2,0,54,0838,MI,FARMINGTON,48335
2023,"AMERICAN IT SOLUTIONS INC",1,0,0,0,54,0838,MI,"FARMINGTON HILLS",48335
2023,"AMERICAN IT SOLUTIONS INC",0,0,6,0,54,1181,FL,JACKSONVILLE,32256
2023,"AMERICAN IT TECH LLC",1,1,0,0,54,8713,GA,AUGUSTA,30906
2023,"AMERICAN ONCOLOGIC HOSPITAL D/B/A FOX CHASE CANCER CENTER",0,0,1,0,54,2156,PA,PHILADELPHIA,19111
2023,"AMERICAN PHYSICAL SOCIETY",0,0,2,0,54,6610,MD,"COLLEGE PARK",20740
2023,"AMERICAN PROFESSIONALS INC",0,0,2,0,54,6535,NJ,PISCATAWAY,08854
2023,"AMERICAN PSYCHOLOGICAL ASSOCIATION",0,0,1,0,54,5890,DC,WASHINGTON,20002
2023,"AMERICAN SHENGSHENG SUPPLY CHAIN LLC",0,0,1,0,54,6850,CA,"SAN JOSE",95120
2023,"AMERICAN SOCIETY FOR TESTING & MATERIALS",0,0,1,0,54,2024,PA,CONSHOHOCKEN,19428
2023,"AMERICAN SOFTWARE PROFESSIONALS GROUP LLC",1,0,0,0,54,7257,FL,LONGWOOD,32779
2023,"AMERICAN SOFTWARE RESOURCES INC",1,0,0,0,54,7747,NY,WOODMERE,11598
2023,"AMERICAN STAFFING LLC",2,0,0,0,54,7416,WY,CHEYENNE,82009
2023,"AMERICAN STRUCTUREPOINT INC",0,0,2,0,54,7317,,,
2023,"AMERICAN STRUCTUREPOINT INC",0,0,2,0,54,7317,IN,INDIANAPOLIS,46240
2023,"AMERICAN TECH VISION SOLUTIONS LLC",8,1,10,2,54,6248,TX,HOUSTON,77077
2023,"AMERICAN TECHNO SOLUTIONS INC",2,0,0,0,54,6285,NJ,HACKENSACK,07601
2023,"AMERICAN TECHNOLOGY CONSULTING LLC",0,0,3,0,54,5518,IA,CLIVE,50325
2023,"AMERICAN TECHNOLOGY EXPERTS INC",1,0,0,0,54,2559,TX,PLANO,75093
2023,"AMERICAN TECHNOLOGY GROUP LLC",0,4,0,0,54,8071,NE,"GRAND ISLAND",68801
2023,"AMERICAN TECHNOLOGY LABS INC",0,0,1,0,54,9196,,,
2023,"AMERICAN TECHNOLOGY LABS INC",0,0,1,0,54,9196,NY,"CLIFTON PARK",12065
2023,"AMERICAN UNIT INC",2,0,10,1,54,4658,TX,PLANO,75093
2023,"AMERICAN WATER RESOURCES LLC",0,0,1,0,54,2221,NJ,"MOUNT LAUREL",08054
2023,"AMERICAS COMMUNICATIONS LLC",0,0,1,0,54,9093,AZ,CHANDLER,85226
2023,"AMERICLOUD SOLUTIONS INC",14,1,13,0,54,3306,IL,SCHAUMBURG,60193
2023,"AMERICLOUD SOLUTIONS INC",1,0,0,0,54,1013,IL,SCHAUMBURG,60193
2023,"AMERICLOUD TELECOM SOLUTIONS LLC",2,0,9,1,54,8849,IL,SCHAUMBURG,60193
2023,"AMERISOFT CORPORATION",1,0,0,0,54,1328,MI,"FARMINGTON HILLS",48334
2023,"AMERISOFT CORPORATION",0,0,1,0,54,1328,MI,"FARMINGTON HILLS",48334
2023,"AMERISOFTPRO SYSTEMS LLC",1,0,0,0,54,9441,MI,FARMINGTON,48335
2023,"AMERISOFTPRO SYSTEMS LLC",0,0,5,0,54,9441,MI,"FARMINGTON HILLS",48335
2023,"AMERISOURCE BERGEN DRUG CORPORATION",0,0,1,0,54,3106,PA,CONSHOHOCKEN,19428
2023,"AMERISOURCEBERGEN SPECIALTY GROUP INC",0,0,1,0,54,4862,PA,CONSHOHOCKEN,19428
2023,"AMERITECH GLOBAL INC",2,0,1,0,54,3674,IL,NAPERVILLE,60563
2023,"AMERITEK GLOBAL INC",0,0,2,0,54,0652,NJ,PISCATAWAY,08854
2023,"AMES ENGINEERING INC",0,0,1,0,54,4761,IL,"DOWNERS GROVE",60516
2023,"AMESITE INC",0,0,1,0,54,1718,MI,DETROIT,48226
2023,"AMEX SYSTEMS INC",0,1,0,0,54,8190,MI,"FARMINGTN HLS",48335
2023,"AMEX SYSTEMS INC",1,0,1,0,54,8190,MI,FARMINGTON,48335
2023,"AMEX SYSTEMS INC",1,2,0,0,54,8190,MI,"FARMINGTON HILLS",48335
2023,"AMEYA GLOBAL INC",2,0,0,0,54,0969,MI,"FARMINGTN HILLS",48335
2023,"AMEYA GLOBAL INC",2,0,1,0,54,0969,MI,"FARMINGTN HLS",48335
2023,"AMEYA GLOBAL INC",6,1,1,0,54,0969,MI,FARMINGTON,48335
2023,"AMEYA GLOBAL INC",13,0,4,0,54,0969,MI,"FARMINGTON HILLS",48335
2023,"AMEYA GLOBAL INC",1,0,0,0,54,0969,MI,"FARMINGTN HIILS",48335
2023,"AMFAL TECH LLC",0,0,1,0,54,8764,FL,"WINTER SPRINGS",32708
2023,"AMFAS INTERNATIONAL INC",0,0,1,0,54,3985,TN,MEMPHIS,38120
2023,"AMG TECHNOLOGY",1,1,0,0,54,6858,NJ,EMERSON,07630
2023,"AMGEN INC",0,0,5,0,54,0776,,,
2023,"AMGEN INC",1,0,43,1,54,0776,CA,"NEWBURY PARK",91320
2023,"AMGEN INC",0,0,1,0,54,0776,CA,"THOUDSAND OAKS",91320
2023,"AMGEN INC",0,0,1,0,54,0776,CA,"THOUSAN OAKS",91320
2023,"AMGEN INC",2,0,83,0,54,0776,CA,"THOUSAND OAKS",91320
2023,"AMGEN INC",0,0,1,0,54,0776,CO,"THOUSAND OAKS",91320
2023,"AMI U S HOLDINGS INC D B A AMI",0,0,2,0,54,4398,GA,DULUTH,30096
2023,"AMICUS GLOBAL IT INCORPORATED",14,0,3,1,54,2982,CA,"LAGUNA HILLS",92653
2023,"AMICUS SYSTEMS INC",3,0,4,0,54,7653,NY,"FOREST HILLS",11375
2023,"AMIND SOLUTIONS LLC DBA ARGANOAMIND",0,0,1,0,54,0558,CA,ALAMO,94507
2023,"AMISEQ INC",6,0,3,0,54,1942,CA,MILPITAS,95035
2023,"AMISTAD TECHNOLOGIES INC",3,0,0,0,54,0409,NJ,BRIDGEWATER,08807
2023,"AMITECH SOLUTIONS INC",0,0,2,0,54,6620,MO,"SAINT LOUIS",63141
2023,"AMITI CONSULTING INC",2,0,13,1,54,8724,VA,ASHBURN,20147
2023,"AMITI CONSULTING INC",0,0,1,0,54,8726,NJ,EDISON,08818
2023,"AMITY SOLUTIONS INC",1,0,0,0,54,0742,TX,DALLAS,75234
2023,"AMKO SOFTWARE SOLUTIONS INC",0,0,1,0,54,0761,NC,CHARLOTTE,28213
2023,"AMLOGIX INC",0,0,1,0,54,1882,IL,SCHAUMBURG,60173
2023,"AMNET TECH LLC",0,0,1,0,54,5631,TX,LEANDER,78641
2023,"AMNI INTERNATIONAL PETROLEUM RESOURCES  LLC",1,0,0,0,54,6045,TX,"THE WOODLANDS",77380
2023,"AMOBEE INC",1,0,9,1,54,1822,CA,"REDWOOD CITY",94065
2023,"AMOBEE INC",1,0,0,0,54,1822,MD,BALTIMORE,21230
2023,"AMOBEO LLC",0,0,1,0,54,7470,WA,SEATTLE,98103
2023,"AMOUNT INC",0,0,4,0,54,0819,IL,CHICAGO,60601
2023,"AMP SOLUTIONS LLC",10,1,4,0,54,3998,NC,CHARLOTTE,28262
2023,"AMPAIRE INC",0,0,1,0,54,8908,CA,HAWTHORNE,90250
2023,"AMPAL GROUP LLC",0,0,1,0,54,3982,NJ,DUNELLEN,08812
2023,"AMPCUS INC",0,0,4,0,54,9085,VA,CHANTILLY,20151
2023,"AMPEL INC",1,0,0,0,54,7369,IL,"ELK GROVE VILLAGE",60007
2023,"AMPERITY INC",0,0,1,0,54,0699,WA,SEATTLE,98104
2023,"AMPHION GLOBAL INC",0,0,1,0,54,7438,TX,SPRING,77380
2023,"AMPIRICAL SOLUTIONS LLC",0,0,2,0,54,2117,LA,COVINGTON,70433
2023,"AMPLE GLOBAL SOLUTIONS LLC",1,0,0,0,54,4455,TX,"FARMERS BRANCH",75234
2023,"AMPLE INC",1,0,0,0,54,4015,CA,"SAN FRANCISCO",94107
2023,"AMPLE IT SERVICES LLC",3,0,4,0,54,8528,TX,IRVING,75038
2023,"AMPLIFI LOYALTY SOLUTIONS LLC",0,0,6,0,54,4276,IL,NAPERVILLE,60563
2023,"AMPLIFLEX INC",0,0,1,0,54,3742,NJ,CLOSTER,07624
2023,"AMPLIFY EDUCATION INC",0,0,1,0,54,5483,NY,BROOKLYN,11201
2023,"AMPLIFYBIO LLC",0,0,2,0,54,1671,OH,"WEST JEFFERSON",43162
2023,"AMPLITUDE INC",0,0,8,0,54,7349,CA,"SAN FRANCISCO",94103
2023,"AMROCK LLC",0,0,6,0,54,5344,MI,DETROIT,48226
2023,"AMS IT SOLUTIONS LLC",0,0,2,0,54,2270,AR,BENTONVILLE,72712
2023,"AMSAL INC DBA TECH CHIEFS GROUP INC",0,1,0,0,54,2140,GA,AUSTELL,30106
2023,"AMSOFT CORP",0,0,1,0,54,0579,NJ,DAYTON,08810
2023,"AMSPEC LLC",0,0,3,0,54,2064,NJ,CRANBURY,08512
2023,"AMSTER ROTHSTEIN EBENSTEIN LLP",0,0,1,0,54,6649,NY,"NEW YORK",10016
2023,"AMSTERGEN LIFE SCIENCES LLC",0,0,1,0,54,1653,PA,WARMINSTER,18974
2023,"AMSYS INTERNATIONAL INC BYTESOFT GLOBAL",2,0,0,0,54,8443,TX,HOUSTON,77099
2023,"AMT SERVICES INC",0,0,1,1,54,1264,MI,"LAKE ORION",48359
2023,"AMT SERVICES INC",0,0,1,0,54,1264,MI,ORION,48359
2023,"AMTEX SYSTEMS INC",0,0,7,0,54,4842,NY,"NEW YORK",10005
2023,"AMVOTECH SOLUTIONS INC",0,0,1,0,54,7923,IL,"OAKBROOK TERRACE",60181
2023,"AMVOTECH SOLUTIONS INC",0,0,1,0,54,7923,IL,"VILLA PARK",60181
2023,"AMYNTA GROUP",0,0,1,0,54,7493,CA,ROCKLIN,95765
2023,AMYRIS,1,0,2,1,54,6151,CA,EMERYVILLE,94608
2023,"AMZUR TECHNOLOGIES INC",6,0,9,1,54,0999,FL,TAMPA,33609
2023,"AN DA EASTERN LLC",1,0,0,0,54,6903,NJ,TOWACO,07082
2023,"ANA DATA CONSULTING INC",1,0,0,0,54,5939,,,
2023,"ANA DATA CONSULTING INC",9,0,38,2,54,5939,NJ,HOBOKEN,07030
2023,"ANA DATA CONSULTING INC",0,0,0,1,54,5939,NJ,"JERSEY CITY",07302
2023,"ANAGH TECHNOLOGIES INC",8,1,4,0,54,9428,NJ,PISCATAWAY,08854
2023,"ANAGHA SOLUTIONS INC",4,1,4,0,54,0285,TX,LEANDER,78641
2023,"ANAGHA TECH LLC",1,0,0,0,54,1564,FL,"FORT LAUDERDALE",33309
2023,"ANAGHA TECH LLC",3,0,0,0,54,1564,FL,"FORT LAUDERDALE",33309
2023,"ANALOG BITS INC",0,0,1,0,54,4779,,,
2023,"ANALOG BITS INC",0,0,2,0,54,4779,CA,SUNNYVALE,94085
2023,"ANALYSIS & SOLUTIONS CONSULTANTS",0,0,1,0,54,5310,CA,"LOS ANGELES",90034
2023,"ANALYSIS GROUP INC",8,1,8,0,54,7260,MA,BOSTON,02199
2023,"ANALYSTS INTERNATIONAL CORPORATION",0,0,5,0,54,5408,GA,DULUTH,30096
2023,"ANALYTIC ERA LLC",2,0,1,0,54,2860,AZ,MESA,85202
2023,"ANALYTICAL MECHANICS ASSOCIATES INC",1,0,0,0,54,9848,VA,HAMPTON,23666
2023,"ANALYTICAL WIZARDS INC",1,0,1,0,54,8499,NJ,ISELIN,08830
2023,"ANALYTICS DATA SOLUTIONS LLC",2,0,1,0,54,6822,MI,NOVI,48377
2023,"ANALYTICS PARTNERS LP",0,0,3,0,54,7380,FL,MIAMI,33131
2023,"ANALYTICS QUOTIENT INC",2,0,0,0,54,6921,IL,LISLE,60532
2023,"ANALYTICS9 SOLUTIONS INC D B A AI9 SOLUTIONS INC",2,0,19,3,54,5245,GA,CUMMING,30041
2023,"ANALYTIQS INC",0,1,0,0,54,1488,RI,PROVIDENCE,02904
2023,"ANAND PAG INC",4,0,3,0,54,8147,TX,IRVING,75038
2023,"ANANKE THERAPEUTICS INC",0,0,1,0,54,4695,MA,CAMBRIDGE,02139
2023,"ANAPLAN INC",0,0,19,0,54,7861,CA,"SAN FRANCISCO",94105
2023,"ANAYA TECHNOLOGIES INC",0,0,3,0,54,7625,CA,NEWARK,94560
2023,"ANCHIN BLOCK ANCHIN LLP",0,0,2,0,54,6940,NY,"NEW YORK",10018
2023,"ANCHOR LABS INC DBA ANCHORAGE DIGITAL",0,0,4,1,54,7853,CA,"SAN FRANCISCO",94126
2023,"ANCILE INC",16,0,1,0,54,1552,CA,MILPITAS,95035
2023,"ANCILE INC",2,0,2,0,54,1552,TX,LEANDER,78641
2023,"ANCORE INC",1,0,0,0,54,7293,VA,HERNDON,20171
2023,"ANDAVI SOLUTIONS INC",0,0,1,0,54,4739,AZ,PHOENIX,85027
2023,"ANDELYN BIOSCIENCES INC",0,0,2,0,54,9283,OH,COLUMBUS,43215
2023,"ANDERSON AND ASSOCIATES LAW P C",0,0,3,0,54,6517,NY,"NEW YORK",10006
2023,"ANDERSON ANDERSON INC",0,0,1,0,54,2852,CA,"SAN FRANCISCO",94105
2023,"ANDHUS TECHNOLOGIES INC",0,0,4,0,54,7935,IL,ITASCA,60143
2023,"ANDORHEALTH LLC",1,0,2,0,54,8230,FL,ORLANDO,32811
2023,"ANDRE GLOBAL INC",1,0,0,0,54,8360,NY,"NEW YORK",10018
2023,"ANDREA STEELE ARCHITECTURE PC",0,0,1,0,54,9231,NY,"NEW YORK",10001
2023,"ANDREW BERMAN ARCHITECT PLLC",0,0,1,0,54,8058,NY,"NEW YORK",10007
2023,"ANDREW J WONG INCORPORATED DBA AJW INC",0,0,1,0,54,6755,CA,"SAN FRANCISCO",94104
2023,"ANDREW WILKINSON ARCHITECT PLLC",0,0,1,0,54,1488,NY,"NEW YORK",10013
2023,"ANDUIN TRANSACTIONS INC",0,0,1,0,54,3811,CA,"LOS ALTOS",94022
2023,"ANER GROUP INC",1,0,0,0,54,5795,TX,AUSTIN,78759
2023,"ANG INFOTECH LLC",1,0,0,0,54,1797,NJ,"MONMOUTH JCT",08852
2023,"ANG INFOTECH LLC",5,0,0,0,54,1797,NJ,"MONMOUTH JUNCTION",08852
2023,"ANGEL CONSULTING INC",0,0,1,0,54,3194,WA,"FEDERAL WAY",98003
2023,"ANGI INC",0,0,4,3,54,4801,CO,DENVER,80205
2023,"ANGLEPOINT GROUP INC",0,0,1,0,54,6182,CA,"SAN FRANCISCO",94114
2023,"ANICA INC",2,0,1,0,54,6837,IL,NAPERVILLE,60563
2023,"ANID INFOSOFT LLC",0,0,1,1,54,3155,GA,SUWANEE,30024
2023,"ANIKA THERAPEUTICS INC",0,0,1,0,54,5961,MA,BEDFORD,01730
2023,"ANIMA VET GROUP INC DBA ADVANCED VETERINARY MEDICAL CTR",0,0,1,0,54,4637,CA,"EL SOBRANTE",94803
2023,"ANIMAL CARE INNOVATIONS LTD",0,0,1,0,54,3874,MA,CAMBRIDGE,02141
2023,"ANIRA SOLUTIONS INC",6,33,10,1,54,2605,VA,ASHBURN,20147
2023,"ANITECH CORPORATION INC",2,0,0,0,54,7299,VA,ASHBURN,20147
2023,"ANJ AMERICA LLC",0,0,1,0,54,9862,TN,MEMPHIS,38013
2023,"ANJANEYAP INC",1,0,2,0,54,5252,NJ,ISELIN,08830
2023,"ANJANI ETECH SOLUTIONS INC",0,0,1,0,54,0220,MI,TROY,48085
2023,"ANJS TECHNOLOGIES LLC",1,1,5,0,54,3730,NJ,EDISON,08817
2023,"ANJUS LLC",0,0,9,1,54,1128,GA,ROSWELL,30076
2023,"ANKROM MOISAN ASSOCIATED ARCHITECTS INC",0,0,1,0,54,4387,OR,PORTLAND,97209
2023,"ANKURA CONSULTING GROUP LLC",0,0,2,0,54,5218,NY,"NEW YORK",10017
2023,"ANNKISSAM LLC",0,0,1,0,54,7163,MA,BOSTON,02111
2023,"ANNUM ARCHITECTS INC",0,0,1,0,54,4332,MA,BOSTON,02109
2023,"ANOMALY PARTNERS LLC DBA ANOMALY",0,0,1,0,54,3663,NY,"NEW YORK",10012
2023,"ANONYOME LABS INC",0,0,1,0,54,3336,UT,"SALT LAKE CITY",84101
2023,"ANORA LLC",0,0,1,0,54,3080,TX,RICHARDSON,75080
2023,"ANOX CONSULTANCY INC",2,0,0,0,54,7519,TX,"ROUND ROCK",78681
2023,"ANS GEO",0,0,1,0,54,4130,NJ,"SOUTH PLAINFIELD",07080
2023,"ANSIRA PARTNERS INC",1,0,1,1,54,1232,TX,DALLAS,75240
2023,"ANT ROBOTICS INC",3,0,0,0,54,0855,IL,CHICAGO,60642
2023,"ANT TECHNOLOGIES U S INC",0,0,1,0,54,0436,CA,SUNNYVALE,94085
2023,"ANTARA AI INC",0,0,1,0,54,1019,CA,"LOS ALTOS HILLS",94022
2023,"ANTHOLOGY INC",0,0,4,0,54,8155,FL,"BOCA RATON",33487
2023,"ANTHRO-TECH INC",1,0,1,0,54,1671,WA,OLYMPIA,98502
2023,"ANTHROPIC PBC D B A ANTHROPIC INC",1,0,0,0,54,6045,CA,"SAN FRANCISCO",94111
2023,"ANTIMATTER TECHNOLOGIES INC",0,0,1,0,54,6415,CA,BERKELEY,94703
2023,"ANTRA INC",7,1,14,0,54,5515,VA,STERLING,20166
2023,"ANTRA INC",0,0,8,0,54,5515,VA,STERLING,20166
2023,"ANTRA INC",2,0,0,0,54,5515,VA,DULLES,20166
2023,"ANU SOFTWARE CONSULTANTS INC",1,1,9,0,54,4206,MI,"ANN ARBOR",48103
2023,"ANVETA INC",0,0,14,0,54,6376,TX,IRVING,75038
2023,"ANYSCALE INC",0,0,2,0,54,0400,CA,"SAN FRANCISCO",94105
2023,"APCER LIFE SCIENCES",0,0,1,1,54,3964,NJ,PRINCETON,08540
2023,"APEX AI INC",0,0,1,0,54,0547,CA,"PALO ALTO",94303
2023,"APEX ANALYTIX LLC",0,0,1,0,54,9998,,,
2023,"APEX ANALYTIX LLC",1,0,8,1,54,9998,NC,GREENSBORO,27410
2023,"APEX ANALYTIX LLC",0,0,1,0,54,9998,NC,GREENSBORO,27410
2023,"APEX ANIMAL CARE PLLC",0,1,0,0,54,1067,NC,MATTHEWS,28105
2023,"APEX BAIT TECHNOLOGIES INC",1,0,0,0,54,8343,CA,"SANTA CLARA",95054
2023,"APEX CARGO INTERNATIONAL DFW INC",0,0,1,0,54,4985,TX,DALLAS,75261
2023,"APEX CLEAN ENERGY INC",0,0,1,0,54,6778,VA,CHARLOTTESVILLE,22902
2023,"APEX INFORMATICS LLC",0,0,1,0,54,7343,NE,OMAHA,68131
2023,"APEX IT SERVICES LLC",1,0,9,0,54,1676,NJ,PRINCETON,08540
2023,"APEX IT SYSTEMS GLOBAL USA LLC",9,0,0,0,54,9118,TX,DALLAS,75234
2023,"APEX IT SYSTEMS GLOBAL USA LLC",5,0,0,0,54,9118,TX,"FARMERS BRANCH",75234
2023,"APEX IT SYSTEMS GLOBAL USA LLC",3,0,0,0,54,9118,TX,"FARMERS BRNCH",75234
2023,"APEX LAW CENTER",0,0,1,0,54,5075,CA,"SAN GABRIEL",91776
2023,"APEX MEDICAL RESEARCH DBA AMR INC",0,0,1,0,54,6484,IL,CHICAGO,60607
2023,"APEX PE LLC",0,0,1,0,54,5611,CO,ENGLEWOOD,80112
2023,"APEX SYSTEMS LLC",1,0,4,1,54,3546,VA,"GLEN ALLEN",23060
2023,"APEX TECHNOLOGY GROUP INC",2,0,7,0,54,0670,NJ,EDISON,08817
2023,"APEX TECHNOLOGY SYSTEMS INC",1,0,5,0,54,8509,NJ,"SOUTH PLAINFIELD",07080
2023,"APEX-2000 INC",1,0,0,0,54,6085,VA,CHANTILLY,20151
2023,"APIAN CONSULTING INC",1,0,0,0,54,6807,CA,"EL DORADO HILLS",95762
2023,"APICORE LLC",0,0,1,0,54,0848,NJ,"NORTH BRUNSWICK",08902
2023,"APIORI TECHNOLOGIES INC",0,0,1,0,54,0757,MA,CONCORD,01742
2023,"APISERO INC",0,0,1,0,54,5261,AZ,CHANDLER,85224
2023,"APIXIO INC",1,0,1,0,54,8223,,,
2023,"APIXIO INC",1,0,2,0,54,8223,CA,"SAN MATEO",94404
2023,"APKUDO INC",0,0,4,0,54,7216,MD,BALTIMORE,21224
2023,"APL LOGISTICS AMERICAS LTD",0,0,5,0,54,7941,AZ,SCOTTSDALE,85255
2023,"APLOMB TECHNOLOGIES INC",4,0,4,1,54,5774,NJ,PRINCETON,08540
2023,"APLOS AMERICA INC",10,0,0,0,54,1636,TX,IRVING,75063
2023,"APN CONSULTING INC",0,0,1,0,54,7878,NJ,"MONMOUTH JUNCTION",08852
2023,"APOGEE INTERACTIVE INC",0,0,1,0,54,4993,GA,TUCKER,30084
2023,"APOLLIDON LLC",0,0,1,0,54,2103,,,
2023,"APOLLIDON LLC",0,0,1,0,54,2103,FL,TAMPA,33626
2023,"APOLLO INTELLIGENCE OPERATING LLC",0,0,1,0,54,0415,MA,WATERTOWN,02472
2023,"APOLLOMICS INC",1,0,1,0,54,8187,CA,"FOSTER CITY",94404
2023,"APOLLOMICS INC",0,0,1,0,54,8187,CA,"SAN MATEO",94404
2023,"APOSTLE INC",2,0,0,0,54,2898,CA,"SAN JOSE",95134
2023,"APP ORCHID INC",0,0,1,0,54,7329,CA,"SAN RAMON",94583
2023,"APP SOFT SOLUTIONS INC",0,0,1,0,54,8850,FL,"WESLEY CHAPEL",33544
2023,"APPEN BUTLER HILL INC",0,0,1,1,54,8395,WA,KIRKLAND,98034
2023,"APPEX INNOVATION SOLUTIONS LLC",10,0,5,0,54,8790,NJ,PRINCETON,08540
2023,"APPEX SYSTEMS INC",3,1,0,0,54,6281,NJ,ISELIN,08830
2023,"APPFOLIO INC",0,0,1,0,54,9894,CA,GOLETA,93117
2023,"APPGUARD INC",0,0,1,0,54,4142,VA,CHANTILLY,20151
2023,"APPIA BIO INC",1,0,1,0,54,2272,CA,"CULVER CITY",90230
2023,"APPIAN CORPORATION",0,0,1,0,54,6084,,,
2023,"APPIAN CORPORATION",1,0,9,0,54,6084,VA,"MC LEAN",22102
2023,"APPIAN INFOTECH INC",3,0,0,0,54,6294,GA,ALPHARETTA,30022
2023,"APPIAN WAY ENERGY PARTNERS LLC",0,0,1,0,54,3255,MA,CAMBRIDGE,02138
2023,"APPIC SOLUTIONS LLC",0,0,1,0,54,8417,CO,"GREENWOOD VILLAGE",80111
2023,"APPISOFT INC",4,0,2,0,54,8844,NJ,ISELIN,08830
2023,"APPLAB SYSTEMS INC",0,0,2,0,54,3307,,,
2023,"APPLAB SYSTEMS INC",6,0,17,0,54,3307,NJ,PRINCETON,08540
2023,"APPLAUSE APP QUALITY INC",0,0,5,0,54,4005,MA,FRAMINGHAM,01701
2023,"APPLET SYSTEMS LLC",0,0,3,0,54,1940,VA,CHANTILLY,20151
2023,"APPLEXUS TECHNOLOGIES INC",0,0,5,2,54,9224,WA,"FEDERAL WAY",98003
2023,"APPLICATIONS SOFTWARE TECHNOLOGY LLC",0,0,11,0,54,8140,IL,LISLE,60532
2023,"APPLICATIONS TECHNOLOGY GROUP INC",0,0,1,0,54,8362,GA,NORCROSS,30092
2023,"APPLIED BIOMEDICAL SCIENCE INSTITUTE",0,0,1,0,54,6708,CA,"SAN DIEGO",92127
2023,"APPLIED COMPUTER TECHNIQUES",0,0,5,0,54,2147,MI,WIXOM,48393
2023,"APPLIED HIGH VOLTAGE LLC",1,0,0,0,54,4078,NY,ALBANY,12205
2023,"APPLIED INFORMATION SCIENCES INC",0,0,2,0,54,7004,VA,RESTON,20191
2023,"APPLIED INTUITION INC",1,0,8,0,54,2696,CA,"MOUNTAIN VIEW",94041
2023,"APPLIED RESEARCH ASSOCIATES INC",0,0,1,0,54,6434,NM,ALBUQUERQUE,87110
2023,"APPLIED THERAPEUTICS INC",0,0,1,0,54,5262,NY,"NEW YORK",10017
2023,"APPLIED THOUGHT AUDITORS AND CONSULTANTS INC",5,0,4,0,54,5180,FL,SANFORD,32773
2023,"APPLIXA TECHNOLOGIES LLC",3,0,2,0,54,2435,VA,HERNDON,20171
2023,"APPLOGIC SYSTEMS LLC",1,0,0,0,54,3858,MI,"FARMINGTON HILLS",48334
2023,"APPLOGIKA LLC",1,0,0,0,54,2527,PA,LANSDALE,19446
2023,"APPLOVIN CORPORATION",0,0,1,0,54,4542,,,
2023,"APPLOVIN CORPORATION",1,0,10,0,54,4542,CA,"PALO ALTO",94304
2023,"APPNET GLOBAL INC",0,0,1,0,54,5486,CA,NEWARK,94560
2023,"APPODIS INC",8,1,0,0,54,7375,TX,DENTON,76201
2023,"APPRIDAT SOLUTIONS LLC",14,0,21,3,54,4681,GA,NORCROSS,30092
2023,"APPRIDAT SOLUTIONS LLC",11,0,2,0,54,4681,GA,"PEACHTREE CORNERS",30092
2023,"APPROGENCE TECHNOLOGIES INC",0,0,2,0,54,9258,CA,IRVINE,92618
2023,"APPS ASSOCIATES LLC",3,0,11,1,54,6463,MA,ACTON,01720
2023,"APPS CONSULTANTS INC",2,0,0,0,54,8287,CO,CENTENNIAL,80112
2023,"APPS LOGISTICS INC",1,0,0,0,54,7490,FL,"WEST PALM BEACH",33411
2023,"APPS SOLUTIONS INC",0,0,1,0,54,6434,,,
2023,"APPS SOLUTIONS INC",1,0,13,1,54,6434,MI,TROY,48083
2023,"APPSBOAT INC",0,0,5,0,54,0100,MI,"FARMINGTON HILLS",48334
2023,"APPSBOAT INC",0,0,2,0,54,0100,MI,FARMINGTON,48334
2023,"APPSFLYER INC",1,0,0,0,54,8089,CA,"SAN FRANCISCO",94105
2023,"APPSHARK SOFTWARE INC",2,0,1,0,54,0393,TX,ADDISON,75001
2023,"APPSINTEGRATION INC",0,0,2,0,54,3325,CA,PLEASANTON,94588
2023,"APPSTEK CORP",3,0,4,0,54,9208,TX,ADDISON,75001
2023,"APPSTREAM TECHNOLOGIES LLC",14,3,3,0,54,9476,SC,"ROCK HILL",29730
2023,"APPSYS GLOBAL INC",0,0,2,0,54,2050,MA,ACTON,01720
2023,"APPTAD INC",7,0,7,0,54,8921,VA,RESTON,20191
2023,"APPTEON INC",0,0,2,0,54,2547,VA,RESTON,20190
2023,"APPTIO INC",0,0,3,0,54,5252,WA,BELLEVUE,98004
2023,"APPTIUM TECHNOLOGIES LLC",0,0,4,0,54,0055,VA,RESTON,20190
2023,"APPTRICITY CORPORATION",0,0,1,0,54,2409,TX,IRVING,75039
2023,"APPTRICS LLC",0,0,8,1,54,3705,GA,ALPHARETTA,30022
2023,"APPVANCE INC",0,0,1,0,54,0064,CA,"SANTA CLARA",95054
2023,"APPZLOGIC INC",0,0,2,0,54,1854,CA,MILPITAS,95035
2023,"APPZLOGIC INC",6,0,0,0,54,1854,CA,"SAN JOSE",95134
2023,"APRICOT TECH LLC DBA APRICOT TECHNOLOGIES LLC",0,0,4,0,54,4745,FL,TAMPA,33637
2023,"APRIO LLP",0,0,2,0,54,7523,GA,ATLANTA,30319
2023,"APROJECT FACTORY LLC",0,0,1,0,54,8418,TX,CELINA,75009
2023,"APSS FUTURISTICS LLC",0,0,1,0,54,4583,MA,MALDEN,02148
2023,"APTAMITRA USA CONSULTING LLC",9,0,0,0,54,5483,CA,FOLSOM,95630
2023,"APTEK SOLUTIONS INC",0,0,1,0,54,2800,NJ,"MONROE TOWNSHIP",08831
2023,"APTENODYTES INC.,",1,1,0,0,54,6218,MD,GLENELG,21737
2023,"APTION LLC",0,0,2,0,54,0113,,,
2023,"APTION LLC",1,0,3,0,54,0113,VA,STERLING,20166
2023,"APTIV CORPORATION",0,0,1,0,54,1190,MI,"FARMINGTON HILLS",48334
2023,"APTIV CORPORATION",3,0,63,1,54,1190,MI,TROY,48098
2023,"APTIV CORPORATION",0,0,2,0,54,1190,,,
2023,"APTIVA CORP",2,0,7,0,54,2577,NJ,"NORTH BRUNSWICK",08902
2023,"APTONET INC",0,0,1,0,54,8146,,,
2023,"APTTUS CORPORATION",0,0,6,0,54,2615,CO,BROOMFIELD,80020
2023,"APTUDE LLC",0,0,3,0,54,2850,IL,LISLE,60532
2023,"AQL TECHNOLOGIES INC",1,0,1,0,54,7274,IL,"PARK RIDGE",60068
2023,"AQORE LLC",0,0,1,0,54,7377,TX,GRAPEVINE,75061
2023,"AQUASIGHT LLC",1,0,0,0,54,1779,MI,TROY,48084
2023,"AQUATECH INTERNATIONAL LLC",0,0,1,1,54,1429,PA,CANONSBURG,15317
2023,"AQUIL SYSTEMS INC",3,0,0,0,54,9891,MD,GERMANTOWN,20874
2023,"AQUITY LLC",0,0,1,0,54,5350,PA,MECHANICSBURG,17050
2023,"AQX ENGINEERING INC",0,0,1,0,54,2991,CA,"SANTA ANA",92705
2023,"AR SOLUTIONS INC",1,0,5,0,54,6122,DE,CLAYMONT,19703
2023,"AR VAL SERVICES LLC",2,0,1,0,54,1816,TX,ALLEN,75013
2023,"ARAALI NETWORKS INC",0,0,1,0,54,7464,CA,FREMONT,94539
2023,"ARAALI NETWORKS INC",0,0,1,0,54,7464,CA,LIVERMORE,94550
2023,"ARABELLA TEXTILES LLC",0,0,1,0,54,4877,NY,"NEW YORK",10016
2023,"ARANYA CLOUD TECHNOLOGIES LLC",0,0,1,0,54,8650,KS,"OVERLAND PARK",66210
2023,"ARB TRADING GROUP LP",0,0,1,0,54,6331,IL,CHICAGO,60654
2023,"ARBELA TECHNOLOGIES CORPORATION",0,0,1,0,54,5437,CA,IRVINE,92606
2023,"ARBITER SOFTWARE LLC",0,0,1,0,54,7399,MN,WOODBURY,55125
2023,"ARC SOLUTIONS USA INC",0,0,1,0,54,8014,NJ,HAMILTON,08619
2023,"ARC SOLUTIONS USA INC",1,0,3,0,54,8014,NJ,TRENTON,08619
2023,"ARCADIA SOLUTIONS LLC",0,0,1,0,54,5152,MA,BOSTON,02210
2023,"ARCADIS U S INC",1,0,1,0,54,3224,,,
2023,"ARCADIS U S INC",0,0,1,0,54,3224,CO,"HGHLANDS RANCH",80129
2023,"ARCADIS U S INC",0,0,5,0,54,3224,CO,"HGHLNDS RANCH",80129
2023,"ARCADIS U S INC",0,0,1,0,54,3224,CO,"HIGHLAND RANCH",80129
2023,"ARCADIS U S INC",1,0,4,0,54,3224,CO,"HIGHLANDS RANCH",80129
2023,"ARCADIS U S INC",0,0,4,0,54,3224,CO,LITTLETON,80129
2023,"ARCADYAN TECH NORTH AMERICA COTP",0,0,1,0,54,7935,CA,"SAN JOSE",95123
2023,"ARCANE SYSTEMS INC",0,0,2,0,54,8929,TX,TEMPLE,76502
2023,"ARCBEST TECHNOLOGIES INC",1,0,5,0,54,5116,AR,"FORT SMITH",72903
2023,"ARCEAN SOLUTIONS LLC",9,0,2,0,54,9979,GA,ALPHARETTA,30005
2023,"ARCELLX INC",0,0,1,0,54,5917,MD,GAITHERSBURG,20878
2023,"ARCH GROUP LLC DBA EMERSON RUSH",1,0,0,0,54,1443,MN,"LAKE ELMO",55042
2023,"ARCH INTERNATIONAL GROUP INC",0,0,1,0,54,5349,NJ,"MOUNT LAUREL",08054
2023,"ARCH LAKE LLP",0,0,2,0,54,8785,IL,CHICAGO,60601
2023,"ARCHE GROUP INC",0,0,1,0,54,2595,,,
2023,"ARCHE GROUP INC",2,0,0,0,54,2595,NC,MOORESVILLE,28115
2023,"ARCHENTS INC",3,1,5,0,54,9575,OH,DUBLIN,43017
2023,"ARCHER GREY LLC",0,0,3,0,54,6911,IL,KILDEER,60047
2023,"ARCHETYPE CONSULTING INC",0,0,1,0,54,4161,MA,BOSTON,02114
2023,"ARCHIMAERA ARCHITECTURE PC",0,0,1,0,54,2781,NY,BROOKLYN,11222
2023,"ARCHIMORPHIC INC",0,0,2,0,54,4194,CA,"LOS ANGELES",90026
2023,"ARCHIPELAGO STRATEGIES GROUP INC ASG",0,0,1,0,54,6678,MA,"WEST ROXBURY",02132
2023,"ARCHITECTURAL INTELLIGENCE DPC DBA AI",0,0,2,0,54,9123,NY,"NEW YORK",10001
2023,"ARCHITECTURE RESEARCH OFFICE LLC",0,0,2,0,54,0163,NY,"NEW YORK",10013
2023,"ARCHLYNK LLC",0,0,2,0,54,8307,CA,"SAN JOSE",95128
2023,"ARCHSOL LLC",0,0,1,0,54,4693,AZ,SCOTTSDALE,85260
2023,"ARCHWAY MARKETING SERVICES",0,0,1,0,54,1602,MI,ROMULUS,48174
2023,"ARCHWELL ESSENTIALS LLC",0,0,4,0,54,6564,FL,"DEERFIELD BEACH",33442
2023,"ARCLIGHT WIRELESS INC",1,0,0,0,54,8042,NC,DURHAM,27709
2023,"ARCTRADE INC",0,0,1,0,54,3702,CA,"SOLANA BEACH",92075
2023,"ARCUS BIOSCIENCES INC",2,0,5,0,54,8435,CA,HAYWARD,94545
2023,"ARCUS TECHNOLOGIES DBA KAT TECH SYSTEMS INC",1,0,0,0,54,4632,IL,"ARLINGTON HTS",60005
2023,"ARCUS TECHNOLOGIES DBA KAT TECH SYSTEMS INC",12,0,11,0,54,4632,MN,HOPKINS,55305
2023,"ARCUS TECHNOLOGIES DBA KAT TECH SYSTEMS INC",0,0,1,0,54,4632,MN,MINNESTONKA,55305
2023,"ARCUS TECHNOLOGIES DBA KAT TECH SYSTEMS INC",22,0,11,0,54,4632,MN,MINNETONKA,55305
2023,"ARCUS TECHNOLOGIES DBA KAT TECH SYSTEMS INC",6,0,4,0,54,4632,IL,"ARLINGTON HEIGHTS",60005
2023,"ARCWEST ARCHITECTS",1,0,0,0,54,5887,CO,DENVER,80204
2023,"ARDAMAN ASSOCIATES INC",1,0,1,0,54,4496,FL,ORLANDO,32809
2023,"ARDELYX INC",1,0,0,0,54,3944,MA,WALTHAM,02451
2023,"ARDENT ERP SOLUTIONS INC",1,0,1,0,54,1701,IL,NAPERVILLE,60563
2023,"ARDENT TECH SERVICES INC",1,0,0,0,54,9771,VA,HERNDON,20171
2023,"ARDIS DATA LLC",0,0,1,0,54,5150,,,
2023,"ARDOR IT SOLUTIONS INC",7,1,1,0,54,2951,NC,CHARLOTTE,28262
2023,"ARDOR IT SYSTEMS LLC",0,0,6,0,54,5025,NC,CHARLOTTE,28262
2023,"ARDURRA GROUP INC",0,0,1,0,54,2900,FL,TAMPA,33634
2023,"AREA ENGINEERING INC",0,0,1,0,54,7896,NJ,"NORTH BRUNSWICK",08902
2023,"AREF & ASSOCIATES DESIGN STUDIO",0,0,1,0,54,1808,CA,"EL SEGUNDO",90245
2023,"ARENA TECHNOLOGIES INC",0,0,1,0,54,6841,NY,"NEW YORK",10010
2023,"ARETOVE INC",1,0,1,0,54,9727,NY,"NEW YORK",10006
2023,"AREVON ENERGY INC",0,0,0,1,54,8418,AZ,SCOTTSDALE,85258
2023,ARGANOSCMO2,0,0,1,0,54,0400,TX,PLANO,75093
2023,"ARGO AI LLC",0,0,4,0,54,9755,PA,PITTSBURGH,15222
2023,"ARGO INC",0,0,1,0,54,8649,IL,CHICAGO,60611
2023,"ARGOS INFOTECH LLC",0,0,1,0,54,4271,TX,CARROLLTON,75010
2023,"ARGUS CONSULTING INC",0,0,1,0,54,8728,KS,LEAWOOD,66211
2023,"ARGUS SOFTWARE INC",1,0,1,0,54,3817,NY,"NEW YORK",10016
2023,"ARIAKIT SOL LLC",0,0,1,0,54,5161,NC,CARY,27519
2023,"ARIAS & ASSOCIATES INC DBA ARIAS GEOPROFESSIONALS",0,0,1,0,54,1839,TX,"SAN ANTONIO",78232
2023,"ARIATT INC",1,0,0,0,54,5467,CO,ENGLEWOOD,80111
2023,"ARIBA INC",0,0,30,1,54,9730,PA,"NEWTOWN SQUARE",19073
2023,"ARIES APP INC",1,0,0,0,54,7952,WA,BELLEVUE,98004
2023,"ARIES COMPUTER SYSTEMS INC",1,0,3,0,54,3906,NJ,"SOUTH PLAINFIELD",07080
2023,"ARINSPECT INC",1,0,0,0,54,0929,VA,FAIRFAX,22030
2023,"ARISE GLOBAL SERVICES INC",1,0,2,0,54,9367,VA,ASHBURN,20147
2023,"ARISGLOBAL LLC",3,0,0,1,54,4669,FL,"CORAL GABLES",33134
2023,"ARISGLOBAL LLC",2,0,3,0,54,4669,FL,MIAMI,33134
2023,"ARISTA NETWORKS INC",0,0,1,0,54,1121,,,
2023,"ARISTA NETWORKS INC",1,0,29,0,54,1121,CA,"SANTA CLARA",95054
2023,"ARISTOCRAT TECHNOLOGIES INC",0,0,4,0,54,7390,NV,"LAS VEGAS",89135
2023,"ARISTON TEK INC",0,0,1,0,54,8980,,,
2023,"ARISTON TEK INC",1,0,2,0,54,8980,NJ,PRINCETON,08540
2023,"ARIZE AI INC",0,0,1,0,54,1839,CA,"MILL VALLEY",94941
2023,"ARK INFOTECH LLC",2,0,1,0,54,4973,MD,CLARKSBURG,20871
2023,"ARK VETERINARY CARE INC DBA ARK VETERINARY CARE",0,0,1,0,54,7424,CA,"SAN JOSE",95112
2023,"ARKA SOLUTIONS INC",1,0,2,0,54,3951,TX,IRVING,75038
2023,"ARKANA INFOTECH INC",1,0,3,0,54,4956,TN,MEMPHIS,38119
2023,"ARKANIA LLC",1,0,0,0,54,5077,CA,"VALLEY CENTER",92082
2023,ARKATECHTURE,0,0,1,0,54,9415,ME,PORTLAND,04101
2023,"ARKHYA TECH INC",1,0,0,0,54,5148,VA,HERNDON,20170
2023,"ARKIN SOFTWARE TECHNOLOGIES INC",3,0,0,0,54,4052,VA,LEESBURG,20176
2023,"ARKITERV INC DBA SPF ARCHITECTS",0,0,1,0,54,7641,CA,"CULVER CITY",90232
2023,"ARKK TECHNOLOGIES LLC",1,0,0,0,54,2305,MI,"GRAND RAPIDS",49525
2023,"ARKS IT INC",0,0,5,0,54,3204,MI,"FARMINGTON HILLS",48335
2023,"ARKS IT INC",0,0,2,0,54,3204,MI,FARMINGTON,48335
2023,"ARKSOFT SYSTEMS LLC",1,0,0,0,54,1606,TX,PLANO,75023
2023,"ARKSTEK INC",1,0,5,0,54,6590,CO,AURORA,80014
2023,"ARKTEK IT SOLUTIONS LLC",1,0,0,0,54,1882,VA,ASHBURN,20148
2023,"ARKTEK IT SOLUTIONS LLC",18,0,0,0,54,1882,VA,CHANTILLY,20151
2023,"ARLO TECHNOLOGIES INC",0,0,1,0,54,1754,CA,MILPITAS,95035
2023,"ARMANINO LLP",0,0,4,0,54,4841,CA,"SAN RAMON",94583
2023,"ARMEDIA LLC",0,0,2,0,54,7329,VA,VIENNA,22182
2023,"ARMO CONSULTANTS LLC",0,0,8,0,54,7102,NJ,PARSIPPANY,07054
2023,"ARMSTRONG TECHNOLOGIES INC",0,0,1,0,54,7076,NJ,MANALAPAN,07726
2023,"ARN IT SOLUTIONS LLC",1,0,0,0,54,6073,MI,DETROIT,48226
2023,"ARNEX SOLUTIONS LLC",4,0,2,0,54,4550,NJ,PRINCETON,08540
2023,"ARNEX SOLUTIONS LLC",0,0,1,0,54,4550,NJ,WOODBRIDGE,07095
2023,"ARNOLD & PORTER KAYE SCHOLER LLP",0,0,3,0,54,8605,DC,WASHINGTON,20001
2023,"AROGHIA GROUP LLC",1,0,10,0,54,6267,VA,HERNDON,20170
2023,"AROHA TECHNOLOGIES INC",0,0,3,0,54,5803,CA,DUBLIN,94568
2023,"AROHA TECHNOLOGIES INC",0,0,2,0,54,5803,CA,PLEASANTON,94568
2023,"AROHAK INC",0,0,1,0,54,3431,NJ,"MONMOUTH JCT",08852
2023,"AROHAK INC",4,0,15,0,54,3431,NJ,"MONMOUTH JUNCTION",08852
2023,"ARORA TECHNOLOGY GROUP LLC",0,0,1,0,54,1913,PA,"CHADDS FORD",19317
2023,"ARPU RESEARCH LABS LLC",0,0,1,0,54,8187,CA,SUNNYVALE,94086
2023,"ARRANTA BIO MA LLC",0,0,1,0,54,8299,MA,WATERTOWN,02472
2023,"ARRCUS INC",0,0,1,0,54,1612,CA,"SAN JOSE",95110
2023,"ARRIBA ADVISORS LLC",0,0,1,0,54,8402,FL,DUNEDIN,34698
2023,"ARRIVANT INC",0,0,1,0,54,4770,CA,"NORTH HOLLYWOOD",91602
2023,"ARRIVE BIO LLC",0,0,1,0,54,3831,CA,"SAN FRANCISCO",94104
2023,"ARRIVER SOFTWARE LLC",0,0,1,0,54,0409,CA,"SAN DIEGO",92121
2023,"ARRK TECHNOLOGIES LLC",0,0,1,0,54,7544,IN,VALPARAISO,46383
2023,"ARROSOFT SOLUTIONS LLC",0,0,1,0,54,7525,NJ,MIDDLESEX,08846
2023,"ARROW SOLUTIONS INC",6,0,2,0,54,9872,MN,MINNEAPOLIS,55402
2023,"ARROWHEAD PHARMACEUTICALS INC",0,0,1,0,54,8024,CA,PASADENA,91105
2023,"ARROYO CONSULTING LLC",3,0,0,0,54,0592,TN,NASHVILLE,37209
2023,"ARROYO CONSULTING LLC",5,1,0,0,54,0592,TN,NASHVILLE,37209
2023,"ARS ADVERTISING LLC",0,0,1,0,54,5693,IL,CHICAGO,60661
2023,"ARSPHERE INFOTEK INC",1,0,0,0,54,7573,TX,DALLAS,75234
2023,"ARTECH LLC AKA ARTECH INFORMATION SYSTEMS LLC",0,0,1,0,54,8103,,,
2023,"ARTECH LLC AKA ARTECH INFORMATION SYSTEMS LLC",0,0,19,0,54,8103,NJ,MORRISTOWN,07960
2023,"ARTEK SOLUTIONS, INC.",4,0,2,0,54,3016,VA,STERLING,20166
2023,"ARTEMA LABS INC",0,0,1,0,54,5080,CA,"LOS ANGELES",90067
2023,"ARTEMIS CONSULTING INC",0,0,1,0,54,1418,,,
2023,"ARTEMIS INFOTECH INC",1,0,0,0,54,2413,TX,SPRING,77380
2023,"ARTERA INC",0,0,1,0,54,4645,CA,"LOS ALTOS",94022
2023,"ARTERIS INC DBA ARTERIS IP",0,0,4,0,54,7058,CA,CAMPBELL,95008
2023,"ARTESIA SOFT INC",3,0,0,0,54,4028,CA,ARTESIA,90701
2023,"ARTHA DATA SOLUTIONS LLC",1,0,5,1,54,7288,AZ,SCOTTSDALE,85260
2023,"ARTHUR D LITTLE LLC",0,0,0,1,54,6663,MA,BOSTON,02110
2023,"ARTHUR D LITTLE LLC",0,0,1,0,54,6663,NY,"NEW YORK",10016
2023,"ARTHUR GRAND TECHNOLOGIES INC",0,0,2,0,54,6131,VA,ASHBURN,20147
2023,"ARTIFICIAL INVENTIONS LLC",2,1,0,1,54,3913,SC,GREENVILLE,29601
2023,"ARUNA INFO INC",4,0,1,0,54,4594,PA,CORAOPOLIS,15108
2023,"ARUP US INC",3,0,5,0,54,1213,NY,"NEW YORK",10005
2023,"ARUS TECHNOLOGY INTL INC",0,0,1,0,54,3693,VA,ASHBURN,20148
2023,"ARV SYSTEMS INC",5,0,4,0,54,2638,IL,BLOOMINGTON,61701
2023,"ARVATO SYSTEMS NORTH AMERICA INC",0,0,3,0,54,0706,NY,"NEW YORK",10019
2023,"ARVIN ACME TECHNOLOGIES INC",8,1,2,0,54,1991,MA,TYNGSBORO,01879
2023,"ARVYN TECHNOLOGIES INC",0,0,1,0,54,7792,FL,CLEARWATER,33765
2023,"ARXADA LLC",0,0,2,0,54,6315,GA,ALPHARETTA,30004
2023,"ARYA GLOBAL INC DBA THOUGHTHEADS",0,0,1,0,54,3183,GA,TUCKER,30084
2023,"ARYADIT SOLUTIONS INC",1,0,0,0,54,2072,TX,DALLAS,75201
2023,"ARYADIT SOLUTIONS INC",9,2,0,0,54,2072,TX,DALLAS,75243
2023,"ARYAKA NETWORKS INC",0,0,2,0,54,1342,CA,"SAN MATEO",94404
2023,"ASAKURA ROBINSON COMPANY LLC",0,0,1,0,54,8652,TX,HOUSTON,77007
2023,"ASANA INC",0,0,31,0,54,2448,CA,"SAN FRANCISCO",94107
2023,"ASANA INC",0,0,1,0,54,2448,CA,"SAN FRANCISCO",94107
2023,"ASAR AMERICA INC",8,1,0,0,54,1704,IL,LISLE,60532
2023,"ASAR AMERICA INC",1,0,0,0,54,1704,IL,NAPERVILLE,60563
2023,"ASB INFOTECH LLC",0,0,1,0,54,1528,AZ,PHOENIX,85027
2023,"ASB RESOURCES",1,0,1,0,54,9011,NJ,PRINCETON,08540
2023,"ASCEND ANALYTICS LLC",0,0,1,0,54,4057,CO,BOULDER,80302
2023,"ASCEND MANAGMENT CONSULTING",0,0,1,0,54,3335,TX,HOUSTON,77024
2023,"ASCEND MARKETING LLC",0,0,2,0,54,5731,TX,GRAPEVINE,76051
2023,"ASCENDANT GLOBAL ADVISORS INC",0,0,1,0,54,2662,NY,"NEW YORK",10170
2023,"ASCENDING LLC",0,1,0,0,54,4130,VA,FAIRFAX,22031
2023,"ASCENDIS PHARMA INC",0,0,2,0,54,9053,CA,"PALO ALTO",94304
2023,"ASCENDUM SOLUTIONS LLC",0,0,3,0,54,2951,OH,"BLUE ASH",45242
2023,"ASCENDUM SOLUTIONS LLC",0,0,8,0,54,2951,OH,CINCINNATI,45242
2023,"ASCENSION LOGISTICS INC",0,0,1,0,54,8890,WI,WAUKESHA,53186
2023,"ASCENT BUSINESS SYSTEMS INC",0,0,1,0,54,6361,TX,HOUSTON,77077
2023,"ASCENTAGE PHARMA GROUP INC",0,0,1,0,54,4123,MD,ROCKVILLE,20850
2023,"ASCENTT BUSINESS SYSTEMS INC",0,0,2,0,54,1210,CA,FREMONT,94538
2023,"ASCII GROUP LLC",0,0,2,0,54,8911,,,
2023,"ASCII GROUP LLC",0,0,3,0,54,8911,MI,FARMINGTON,48335
2023,"ASCIL GROUP LLC",0,0,1,0,54,8944,MI,FARMINGTON,48335
2023,"ASCLEPIUS SOLUTIONS INC",0,0,1,0,54,9591,MD,KENSINGTON,20895
2023,"ASCYNDENT LLC",0,0,2,0,54,6794,OH,DUBLIN,43017
2023,"ASEC INC",0,0,1,0,54,1610,CO,DENVER,80228
2023,"ASENTECH LLC",0,0,1,0,54,8883,NJ,SOMERVILLE,08876
2023,"ASH NYC INC",0,0,1,0,54,4016,NY,"NEW YORK",10013
2023,"ASHATEK LLC",10,0,1,0,54,4075,KS,"OVERLAND PARK",66212
2023,"ASHATEK LLC",0,0,1,0,54,4075,TX,MCKINNEY,75069
2023,"ASHBURN ANIMAL CARE PLLC DBA NOVA ANIMAL HOSPITAL",1,0,0,0,54,0657,VA,ASHBURN,20147
2023,"ASHBURN CONSULTING LLC",0,0,1,0,54,4787,VA,LEESBURG,20176
2023,"ASHLING PARTNERS LLC",0,0,3,0,54,6155,IL,CHICAGO,60601
2023,"ASHLOGITECH LLC",0,0,1,0,54,2804,CA,FREMONT,94538
2023,"ASHURST LLP",1,0,0,0,54,0201,NY,"NEW YORK",10001
2023,"ASICSOFT INC",0,0,1,0,54,8525,CA,ROSEVILLE,95661
2023,"ASIERIS PHARMACEUTICALS USA INC",0,0,1,0,54,2958,CA,"MOUNTAIN VIEW",94043
2023,"ASIUS LLC",2,0,0,0,54,6578,NJ,"FRANKLIN TOWN",08873
2023,"ASIUS LLC",1,0,0,0,54,6578,NJ,SOMERSET,08873
2023,"ASK THEMIS INC",0,0,0,1,54,8823,GA,DULUTH,30097
2023,"ASKINDOSYS INC S CORP",1,0,0,0,54,8390,NJ,"MONROE TOWNSHIP",08831
2023,"ASKINDOSYS INC S CORP",2,0,0,0,54,8390,NJ,"MONROE TWP",08831
2023,"ASM SOLUTIONS LLC",1,0,0,0,54,7349,IL,"CRYSTAL LAKE",60014
2023,"ASOFT CONSULTING LLC",2,1,4,0,54,6341,IL,AURORA,60504
2023,"ASPEN DENTAL MANAGEMENT INC",0,0,4,0,54,5491,NY,"EAST SYRACUSE",13057
2023,"ASPENSTATE INC",0,0,1,0,54,0572,TX,PLANO,75074
2023,"ASPENTECH CORPORATION",0,0,6,0,54,9697,MA,BEDFORD,01730
2023,"ASPIRE EXPERTS SOLUTIONS LLC",1,0,0,0,54,0474,VA,"GLEN ALLEN",23059
2023,"ASPIRE HR INC",0,0,1,0,54,2385,TX,DALLAS,75254
2023,"ASPIRE SYSTEMS CONSULTING INC",1,0,4,0,54,1462,IL,"OAK BROOK",60523
2023,"ASPIRE SYSTEMS DIGITAL INC",2,0,3,0,54,1498,IL,"OAK BROOK",60523
2023,"ASPIRE SYSTEMS INC",0,0,1,0,54,0746,NJ,"OLD BRIDGE",08857
2023,"ASPIRE SYSTEMS INC",1,0,0,0,54,2086,,,
2023,"ASPIRE SYSTEMS INC",17,0,12,0,54,2086,IL,"OAK BROOK",60523
2023,"ASPIRE TECH LLC",6,4,0,0,54,4732,GA,MARIETTA,30067
2023,"ASPIRE TECH SERVICES AND SOLUTIONS CORP.",3,0,0,0,54,2434,NY,"JACKSON HEIGHTS",11372
2023,"ASPIRED SOLUTIONS INC",2,0,0,0,54,5957,CA,FREMONT,94536
2023,"ASPIRENT CONSULTING LLC",0,0,1,0,54,9297,GA,ATLANTA,30328
2023,"ASPYRANT LLC",1,0,1,0,54,2629,NJ,SKILLMAN,08558
2023,"ASPYRETECH INC",1,0,1,0,54,4047,MO,"SAINT PETERS",63376
2023,"ASPYRETECH INC",1,0,0,0,54,4047,MO,"ST PETERS",63376
2023,"ASR DATA SOLUTIONS LLC",23,0,2,0,54,1018,TX,PLANO,75024
2023,"ASRC FEDERAL HIGHLAND TECHNOLOGIES",0,0,2,0,54,4524,MD,BELTSVILLE,20705
2023,"ASRT INC",0,0,1,0,54,3440,GA,SMYRNA,30080
2023,"ASSEMBLED INC",0,0,1,0,54,1839,CA,"SAN FRANCISCO",94110
2023,"ASSEMBLY INTERMEDIATE LLC",0,0,1,0,54,6791,CA,"CULVER CITY",90232
2023,"ASSENT SOLUTIONS LLC",0,0,2,0,54,1511,TX,HOUSTON,77077
2023,"ASSET CONTROL SYSTEMS INC",0,0,3,0,54,4342,NY,"NEW YORK",10018
2023,"ASSET INVENTORIES INC",0,0,1,0,54,9930,NY,"NEW YORK",10017
2023,"ASSET MANAGEMENT ANALYST CORP",0,0,1,0,54,8434,,,
2023,"ASSET PANDA LLC",0,0,1,0,54,2016,TX,FRISCO,75034
2023,"ASSIST INC",1,0,0,0,54,5967,UT,"SALT LAKE CITY",84111
2023,"ASSOCIATE PHARM CORP DBA MARSATURN INC",0,0,1,0,54,9296,,,
2023,"ASSOCIATES IN MEDICAL PHYSICS LLC D/B/A ASPEKT SOLUTIONS",0,0,1,0,54,5451,MD,GREENBELT,20770
2023,"ASSOCIATES SYSTEMS LLC",0,0,1,0,54,5452,NJ,PRINCETON,08540
2023,"ASSOCIATION OF INTERNATIONAL CERTIFIED PROFESSIONAL ACCOUNTANTS",0,0,1,0,54,7532,NC,DURHAM,27707
2023,"ASSOCIATION OF UNIVERSITIES FOR RESEARCH IN ASTRONOMY AURA",1,0,3,0,54,8043,AZ,TUCSON,85719
2023,"ASSOCIATION OF UNIVERSITIES FOR RESEARCH IN ASTRONOMY AURA",2,0,0,0,54,8043,CO,BOULDER,80303
2023,"ASSURE ESERVICES INC",0,1,1,0,54,3967,MA,BEDFORD,01730
2023,"ASSURECARE LLC",0,0,6,0,54,2345,OH,CINCINNATI,45202
2023,"ASSYRIAN UNIVERSAL ALLIANCE FOUNDA",1,0,0,0,54,6266,IL,LINCOLNWOOD,60712
2023,"ASSYST INC FORMERLY ADVANCED SOFTWARE SYSTEMS",0,0,1,0,54,3763,VA,STERLING,20166
2023,"AST & SCIENCE LLC",0,0,1,1,54,9225,TX,MIDLAND,79706
2023,"AST FINANCIAL INC",0,0,1,0,54,4319,PA,"PLYMOUTH MEETING",19462
2023,"ASTA CRS INC",2,1,8,0,54,5230,VA,ASHBURN,20147
2023,"ASTEK SOLUTIONS INC",1,0,1,0,54,5293,TX,IRVING,75038
2023,"ASTELLAS PHARMA GLOBAL DEVELOPMENT INC",0,0,1,0,54,4819,,,
2023,"ASTELLAS PHARMA GLOBAL DEVELOPMENT INC",0,0,1,0,54,4819,IL,NORTHBROOK,60062
2023,"ASTELLAS PHARMA US INC",0,0,2,0,54,8027,IL,NORTHBROOK,60062
2023,"ASTELLAS US LLC",0,0,2,0,54,6638,IL,NORTHBROOK,60062
2023,"ASTER INC",0,0,1,0,54,6780,TX,IRVING,75038
2023,"ASTER INC",1,0,0,0,54,6780,TX,IRVING,75063
2023,"ASTERA INSTITUTE",1,0,0,0,54,2617,CA,BERKELEY,94705
2023,"ASTIR IT SOLUTIONS INC",1,0,0,0,54,3796,NJ,"S PLAINFIELD",07080
2023,"ASTIR IT SOLUTIONS INC",4,0,33,1,54,3796,NJ,"SOUTH PLAINFIELD",07080
2023,"ASTIR IT SOLUTIONS INC",0,0,4,0,54,3796,,,
2023,"ASTIR SERVICES LLC",0,0,1,0,54,7217,,,
2023,"ASTIR SERVICES LLC",3,0,11,0,54,7217,NJ,"SOUTH PLAINFIELD",07080
2023,"ASTIR TECHNOLOGIES LLC",4,0,8,0,54,4542,NJ,"SOUTH PLAINFIELD",07080
2023,"ASTM LLC",2,0,0,0,54,4417,CA,TRACY,95391
2023,"ASTOGRAPH INC",0,0,1,0,54,1412,NJ,AVENEL,07001
2023,"ASTOR & SANDERS CORPORATION",0,0,1,0,54,5248,VA,"MC LEAN",22102
2023,"ASTRA CANYON GROUP LLC",0,0,3,0,54,4810,AZ,TUCSON,85712
2023,"ASTRALINX INC",0,0,1,0,54,8404,NJ,SOMERVILLE,08876
2023,"ASTRE CONSULTING SERVICES INC",0,0,1,0,54,1739,VA,"MC LEAN",22102
2023,"ASTREYA PARTNERS LLC",0,0,1,0,54,0107,CA,"SAN JOSE",95110
2023,"ASTRIX TECHNOLOGY LLC",1,1,5,0,54,0159,NJ,"RED BANK",07701
2023,"ASTRONOMER INC",0,0,5,0,54,8055,OH,CINCINNATI,45202
2023,"ASTROSOFT TECHNOLOGIES LLC",0,0,1,0,54,6710,FL,"WESLEY CHAPEL",33544
2023,"ASTUTE BUSINESS SOLUTIONS",0,0,1,0,54,7823,CA,DUBLIN,94568
2023,"ASTUTE ENGINEERING PLLC",0,0,1,0,54,4312,VA,VIENNA,22182
2023,"ASTUTE INC DBA ATHINGZ",0,0,1,0,54,1354,MI,SOUTHFIELD,48075
2023,"ASTUTE SOLUTIONS LLC",7,0,3,0,54,5768,CA,FOLSOM,95630
2023,"ASTUTEONE CORP",2,0,0,0,54,3149,TX,"THE WOODLANDS",77380
2023,"ASYMPTOTE ARCHITECTURE D P C",1,0,0,0,54,7837,NY,"LONG ISLAND CITY",11101
2023,"ATALANTA THERAPEUTICS INC",1,0,0,0,54,0112,MA,BOSTON,02210
2023,"ATALLAH GROUP US INC",0,0,1,0,54,5781,NY,"NEW YORK",10012
2023,"ATANE R HALPERN GENERAL COUNSEL",0,0,1,0,54,2087,CT,WETHERSFIELD,06109
2023,"ATARA BIOTHERAPEUTICS INC",0,0,1,0,54,0988,CA,"SOUTH SAN FRANCISCO",94080
2023,"ATEC GROUP",5,0,5,0,54,3114,NY,ALBANY,12205
2023,"ATEK IT INC",6,0,1,0,54,5708,TX,FRISCO,75034
2023,"ATEK IT INC",0,0,0,1,54,5708,TX,FRISCO,75035
2023,"ATELIER TEN USA LLC",0,0,3,0,54,4649,NY,"NEW YORK",10001
2023,"ATHENA DOYENS LLC",2,0,1,0,54,8500,NJ,"CHERRY HILL",08003
2023,"ATHENA TECH INC",4,0,4,0,54,8940,TX,IRVING,75062
2023,"ATHENA TECHNOLOGY INC",1,0,1,0,54,3426,CA,FREMONT,94539
2023,"ATHENAHEALTH INC",1,0,18,1,54,7530,MA,WATERTOWN,02472
2023,"ATHREYA INC",0,0,1,0,54,9194,,,
2023,"ATHREYA INC",2,1,0,0,54,9194,NJ,EDISON,08817
2023,"ATI INC",0,0,2,0,54,0701,MD,COLUMBIA,21045
2023,"ATILA BIOSYSTEMS INC",0,0,1,0,54,6114,CA,"MOUNTAIN VIEW",94043
2023,"ATKINS NORTH AMERICA INC",0,0,15,1,54,6138,FL,TAMPA,33607
2023,"ATKINS NORTH AMERICA INC",0,0,1,0,54,6138,,,
2023,"ATKORE INTERNATIONAL INC",0,0,1,0,54,1477,IL,HARVEY,60426
2023,"ATLAN INC",0,0,1,0,54,8566,DE,WILMINGTON,19801
2023,"ATLANTA TRADING & ENGINEERING CONSULTING LLC",2,0,1,0,54,0865,NJ,PARSIPPANY,07054
2023,"ATLANTIC VETERINARY SERVICES LLC",0,0,1,0,54,3603,GA,ALPHARETTA,30005
2023,"ATLANTIS IT CONSULTING GROUP LLC",0,0,9,0,54,6384,NY,ALBANY,12205
2023,"ATLANTIX PARTNERS LLC",0,0,1,0,54,0859,FL,"FORT LAUDERDALE",33334
2023,"ATLAS COMMUNICATION TECHNOLOGY INC",0,0,1,0,54,2645,NJ,PLAINSBORO,08536
2023,"ATLAS CRAY LLC",0,0,1,0,54,7091,CA,"LOS ALTOS",94024
2023,"ATLAS DATA SYSTEMS LLC",0,0,1,0,54,4176,NJ,"BERKELEY HEIGHTS",07922
2023,"ATLAS ECONOMIC RESEARCH FOUNDATION",0,1,0,0,54,3845,VA,ARLINGTON,22203
2023,"ATLAS FELLOWSHIP INC",0,0,0,1,54,8673,CA,BERKELEY,94704
2023,"ATLAS PREDICTION CONTROL LLC",0,0,1,0,54,1863,WV,CHARLESTON,25303
2023,"ATLAS SMART IMS LLC",0,0,3,0,54,5830,NJ,PLAINSBORO,08536
2023,"ATLAS SYSTEMS INC",1,0,1,0,54,4625,NJ,"EAST BRUNSWICK",08816
2023,"ATLAS SYSTEMS INC",1,0,0,0,54,4625,NJ,PRINCETON,08540
2023,"ATLAS WIRELESS AND TELECOMMUNICATIONS INC",0,0,0,1,54,1109,VA,HERNDON,20170
2023,"ATLASSIAN US INC",0,0,6,1,54,7948,,,
2023,"ATLASSIAN US INC",2,0,104,2,54,7948,CA,"MOUNTAIN VIEW",94041
2023,"ATLINK COMMUNICATIONS INC",0,0,1,0,54,6891,TX,HOUSTON,77058
2023,"ATMECS GLOBAL INC",1,0,10,1,54,7577,CA,"SANTA CLARA",95054
2023,"ATMECS INC",1,0,0,0,54,9828,CA,"SANTA CLARA",95054
2023,"ATMOSPHERE DESIGN GROUP LLC",0,0,1,0,54,3501,NY,VALHALLA,10595
2023,"ATMOSPHERIC DATA SOLUTIONS LLC",0,0,1,0,54,5303,CA,TUSTIN,92780
2023,"ATNS USA INC",1,0,0,0,54,2943,GA,DULUTH,30096
2023,"ATOKA TECHNOLOGIES INC",0,0,6,0,54,8076,TX,DALLAS,75234
2023,"ATOKA TECHNOLOGIES INC",1,0,0,0,54,8076,TX,"FARMERS BRANCH",75234
2023,"ATOKA TECHNOLOGIES INC",0,0,1,0,54,8076,,,
2023,"ATOM TECH INC",2,0,1,0,54,6695,CA,PLEASANTON,94588
2023,"ATOMWISE INC",0,0,1,0,54,9801,CA,"SAN FRANCISCO",94103
2023,"ATOS IT SOLUTIONS AND SERVICES INC",0,0,1,0,54,5291,TX,PLANO,75093
2023,"ATOS IT SOLUTIONS AND SERVICES INC",1,0,3,0,54,5291,MI,TROY,48083
2023,"ATOS IT SOLUTIONS AND SERVICES INC",1,0,7,0,54,5291,TX,IRVING,75063
2023,"ATOS SYNTEL INC",0,0,6,0,54,4670,,,
2023,"ATOS SYNTEL INC",121,3,232,5,54,4670,MI,TROY,48083
2023,"ATRIUM CAMPUS",0,0,1,0,54,3389,MA,BOSTON,02115
2023,"ATRUZ SOLUTIONS LLC",0,0,1,0,54,0916,CA,"FOOTHILL RANCH",92610
2023,"ATRUZ SOLUTIONS LLC",0,0,1,0,54,0916,CA,"FOOTHILL RNCH",92610
2023,"ATS LEAN SCHEDULING INTERNATIONAL LLC",0,0,1,0,54,1209,FL,BRADENTON,34211
2023,"ATTACKIQ INC",0,0,1,0,54,4124,CA,"SAN JOSE",95128
2023,"ATTAINX INC",1,0,0,0,54,3280,VA,HERNDON,20171
2023,"ATTEMPT IT SOLUTIONS INC",0,0,2,0,54,0870,MI,SOUTHFIELD,48075
2023,"ATTENTION TECHNOLOGIES INC",0,1,0,0,54,1727,CA,"CULVER CITY",90230
2023,"ATTENTIVE MOBILE INC",0,0,3,0,54,9446,NY,"NEW YORK",10011
2023,"ATTRA INC",11,1,6,0,54,6727,FL,"LAKE MARY",32746
2023,"ATTUNE CONSULTING USA INC",1,0,1,0,54,9690,MA,BURLINGTON,01803
2023,"ATTUNE GLOBAL INC",3,0,0,0,54,6655,TX,COPPELL,75019
2023,"ATYETI INC",0,0,3,1,54,6363,NJ,PRINCETON,08540
2023,"AUCTION COM LLC",0,0,3,1,54,4828,CA,IRVINE,92618
2023,"AUDAX LABS LLC",1,0,1,0,54,2688,WA,BOTHELL,98021
2023,"AUDENTES THERAPEUTICS INC",0,0,3,0,54,6174,IL,NORTHBROOK,60062
2023,"AUDIBLE INC",0,0,1,0,54,7945,NJ,NEWARK,07102
2023,"AUDUBON ENGINEERING OPERATIONS LLC",0,0,2,0,54,7890,TX,HOUSTON,77042
2023,"AUGUR IT INC",1,0,0,0,54,9095,TX,COPPELL,75019
2023,"AUGUST BIOSERVICES LLC",0,0,1,0,54,9988,,,
2023,"AUGUST BIOSERVICES LLC",1,0,6,0,54,9988,TN,NASHVILLE,37210
2023,"AUGUSTA HITECH SOFT SOLUTIONS LLC",0,0,1,0,54,3742,TX,PLANO,75024
2023,"AUJAS CYBERSECURITY LIMITED",8,0,4,0,54,8327,TX,PLANO,75024
2023,"AUMKAARA INC",0,0,1,0,54,1034,CA,"SAN JOSE",95129
2023,"AUMRAJ INC",1,0,0,0,54,9401,CA,FREMONT,94539
2023,"AUNALYTICS INC",0,0,1,0,54,9420,IN,"SOUTH BEND",46601
2023,"AURA BIOSCIENCES INC",0,0,1,0,54,1970,MA,BOSTON,02135
2023,"AURAGENT BIOSCIENCE LLC",0,0,1,0,54,1625,MO,"SAINT LOUIS",63108
2023,"AURAMEDPRO INC",1,0,3,0,54,0679,CA,FREMONT,94538
2023,"AURBETA CONSULTING SERVICES INC",1,0,2,0,54,6135,GA,ALPHARETTA,30004
2023,"AURBETA CONSULTING SERVICES INC",1,0,0,0,54,6135,GA,ALPHARETTA,30022
2023,"AUREUS TECH SYSTEMS LLC",0,0,1,0,54,3918,CO,"GREENWOOD VILLAGE",80111
2023,"AURIEMMA CONSULTING GROUP INC",0,0,1,0,54,0476,NY,"NEW YORK",10119
2023,"AURIGA CORPORATION",0,0,1,0,54,4541,CA,MILPITAS,95035
2023,"AURIGO SOFTWARE TECHNOLOGIES INC",0,0,1,0,54,6347,TX,AUSTIN,78759
2023,"AURITAS LLC",4,0,1,0,54,7180,FL,SANFORD,32771
2023,"AUROPRO SYSTEMS INC",0,0,1,0,54,0802,NJ,PLAINSBORO,08536
2023,"AURORA ENERGY RESEARCH LLC",0,0,1,0,54,7836,TX,AUSTIN,78702
2023,"AURORA INNOVATION INC",0,0,1,0,54,7104,,,
2023,"AURORA INNOVATION INC",0,0,8,0,54,7104,CA,"MOUNTAIN VIEW",94043
2023,"AURORA INNOVATION INC",2,0,28,1,54,7104,PA,PITTSBURGH,15222
2023,"AURORA SOLAR INC",0,0,1,0,54,7853,CA,"SAN FRANCISCO",94103
2023,"AURORA SOLUTIONS INC",0,0,1,0,54,6242,IL,SCHAUMBURG,60173
2023,"AURUM DATA SOLUTIONS INC ADSI",0,0,1,0,54,0241,CA,FREMONT,94538
2023,"AUS MARKETING RESEARCH SYSTEMS INC",0,0,1,0,54,6958,PA,HORSHAM,19044
2023,"AUSTIN ELEMENTS INC",0,0,1,0,54,3979,TX,HOUSTON,77053
2023,"AUSTIN INSTITUTE FOR THE STUDY OF FAMILY AND CULTURE",0,0,1,0,54,2757,TX,AUSTIN,78705
2023,"AUSTRALIAN STRATEGIC POLICY INSTITUTE",1,0,0,0,54,3643,DC,WASHINGTON,20006
2023,"AUTHRIGHT INC",0,0,1,0,54,4783,MA,DEDHAM,02026
2023,"AUTODESK INC",0,0,4,0,54,9853,,,
2023,"AUTODESK INC",2,0,100,1,54,9853,CA,"SAN FRANCISCO",94105
2023,"AUTODESK INC",2,0,0,0,54,9853,CA,"SAN RAFAEL",94903
2023,"AUTOLIV ASP INC",0,0,1,0,54,0053,,,
2023,"AUTOLIV ASP INC",3,0,6,0,54,0053,MI,"AUBURN HILLS",48326
2023,"AUTOMATA TRANSACTIONS LLC DBA GRUBBRR",0,0,1,0,54,9603,FL,"BOCA RATON",33487
2023,"AUTOMATED BUILDING MANAGEMENT SYSTEMS INC",0,0,7,0,54,0238,NY,"FLORAL PARK",11001
2023,"AUTOMATED ENGINEERING SERVICES INC",1,0,0,0,54,1089,CA,OCEANSIDE,92056
2023,"AUTOMATED PRODUCTION SYSTEMS INC DBA APS",2,0,0,0,54,7953,MI,"STERLING HEIGHTS",48310
2023,"AUTOMATION ANYWHERE INC",0,0,11,0,54,4200,CA,"SAN JOSE",95134
2023,"AUTOMATION MOVERS INTERNATIONAL",1,0,0,0,54,6319,MI,FLINT,48507
2023,"AUTOMATION TECHNOLOGIES LLC",0,1,1,0,54,5628,NE,"MC COOK",69001
2023,"AUTOMATION TECHNOLOGIES LLC",1,0,1,0,54,5628,NE,MCCOOK,69001
2023,"AUTOMATION TECHNOLOGIES LLC",0,0,1,0,54,5628,,,
2023,"AUTOMATON INC D/B/A RADAR",0,0,3,0,54,4606,CA,"SAN DIEGO",92128
2023,"AUTOMATON INC D/B/A RADAR",0,1,0,0,54,4606,NY,"NEW YORK",10001
2023,"AUTOMOTIVE ROBOTICS INC",0,0,1,0,54,6620,,,
2023,"AUTOMOTIVE ROBOTICS INC",4,0,19,1,54,6620,IL,"EAST PEORIA",61611
2023,"AUTOMOX INC",0,0,1,0,54,5439,CO,BOULDER,80301
2023,"AUTOMUS CONSULTING INC",0,0,1,0,54,5270,CA,"CENTURY CITY",90067
2023,"AUTONOMIC LLC",0,0,1,0,54,5707,,,
2023,"AUTONOMIC LLC",0,0,4,1,54,5707,CA,"PALO ALTO",94304
2023,"AUTOTECHMATION INC",0,0,1,0,54,4913,MI,"FARMINGTON HILLS",48334
2023,"AUTOX TECHNOLOGIES INC",0,0,6,1,54,0792,CA,"SAN JOSE",95131
2023,"AUX SYSTEMS INC",0,0,2,0,54,3806,NY,NEWBURGH,12550
2023,"AVA LABS INC",0,0,3,0,54,4398,NY,"NEW YORK",10036
2023,"AVA SOFTWARE INC",1,0,0,0,54,5010,PA,"BLUE BELL",19422
2023,"AVAAP USA LLC",0,0,1,0,54,7108,NJ,EDISON,08837
2023,"AVALA AI INC",1,0,0,0,54,9736,CA,OAKLAND,94607
2023,"AVALANCHE TECHNOLOGIES LLC",0,0,1,1,54,1991,TX,IRVING,75038
2023,"AVALON SOFTWARE SERVICES LLC",3,0,3,0,54,4292,TX,AUSTIN,78750
2023,"AVAN IT LLC",0,0,3,0,54,1500,TX,IRVING,75062
2023,"AVANADE INC",0,0,2,0,54,2865,,,
2023,"AVANADE INC",2,0,11,0,54,2865,WA,SEATTLE,98101
2023,"AVANCE TECHNOLOGY SERVICES INC",0,0,4,0,54,1891,NJ,SOMERSET,08873
2023,"AVANCER CORPORATION",4,0,2,0,54,7635,NJ,CRANBURY,08512
2023,"AVANI SYSTEMS INC",17,0,8,0,54,0821,TX,"SUGAR LAND",77478
2023,"AVANI SYSTEMS INC",4,0,0,0,54,0821,TX,SUGARLAND,77478
2023,"AVANI TECHNOLOGY SOLUTIONS INC",9,0,21,2,54,2604,NY,ROCHESTER,14606
2023,"AVANSA IT SOLUTIONS LLC",0,0,2,0,54,8167,,,
2023,"AVANSA IT SOLUTIONS LLC",0,0,5,0,54,8167,NJ,CRANBURY,08512
2023,"AVANT SYSTEMS INC",1,0,4,0,54,4701,TX,DALLAS,75234
2023,"AVANT-GARDE SOLUTIONS LTD",0,0,1,1,54,4934,MA,FRAMINGHAM,01701
2023,"AVAST SOFTWARE INC",0,0,1,0,54,9103,NC,CHARLOTTE,28269
2023,"AVCO CONSULTING INC",0,0,4,0,54,1560,,,
2023,"AVCO CONSULTING INC",0,0,1,0,54,1560,CT,"EAST HARTFORD",06108
2023,"AVCO CONSULTING INC",0,0,1,0,54,1560,MA,WORCESTER,01601
2023,"AVCO CONSULTING INC",3,1,83,6,54,1560,MA,WORCESTER,01608
2023,"AVEGA6 INC",1,0,0,0,54,0010,MA,CANTON,02021
2023,"AVENIR ASSOCIATES INC",0,0,2,0,54,3044,NJ,PISCATAWAY,08854
2023,AVENTERPRISEINC,6,0,13,2,54,0866,GA,CUMMING,30041
2023,"AVENTURE SYSTEMS LLC",1,0,0,0,54,7078,MI,ADA,49301
2023,"AVENTURE SYSTEMS LLC",3,1,1,0,54,7078,MI,"GRAND RAPIDS",49546
2023,"AVERLON INC",0,0,1,0,54,1665,WA,REDMOND,98052
2023,"AVERON SERVICES INC",0,0,3,0,54,2515,NJ,EDISON,08817
2023,"AVERON SOLUTIONS INC",2,1,8,0,54,1280,NJ,EDISON,08817
2023,"AVEROSOFT INC",5,0,0,0,54,4004,IL,"ROLLING MEADOWS",60008
2023,"AVERTRA CORP",0,0,1,0,54,0516,VA,HERNDON,20170
2023,"AVEVOTECH INC",2,0,0,0,54,4112,TX,KATY,77494
2023,"AVI LOGIC INC",1,0,0,0,54,8010,MA,LYNNFIELD,01940
2023,"AVI TECHNOLOGIES INC",1,0,0,0,54,8298,,,
2023,"AVI TECHNOLOGIES INC",1,0,0,0,54,8298,VA,STERLING,20166
2023,"AVIATION SERVICE PARTNERS INC",3,0,0,0,54,8141,FL,MIAMI,33186
2023,"AVIATION SERVICE PARTNERS INC",0,1,0,0,54,8141,FL,MIAMI,33143
2023,"AVIATRIX SYSTEMS INC",1,0,5,0,54,4327,CA,"SANTA CLARA",95054
2023,"AVICENATECH CORP",0,0,1,0,54,2313,CA,SUNNYVALE,94089
2023,"AVID BIOSERVICES INC",0,0,1,0,54,8422,CA,TUSTIN,92780
2023,"AVIDEONCRM LLC",0,0,1,0,54,2734,MD,BALTIMORE,21211
2023,"AVIDXCHANGE INC",0,0,1,0,54,3588,,,
2023,"AVIDXCHANGE INC",0,0,12,0,54,3588,NC,CHARLOTTE,28206
2023,"AVIKSOFT LLC",0,0,3,0,54,7016,AZ,MESA,85204
2023,"AVILA TRADING INC DBA AVILA IT SVCS",4,0,1,0,54,6336,CA,"UNION CITY",94587
2023,"AVILES ENGINEERING CORPORATION",0,0,0,1,54,2819,TX,HOUSTON,77041
2023,"AVIO CONSULTING LLC",0,0,1,0,54,6345,TX,ADDISON,75001
2023,"AVION NETWORKS INC",0,0,1,0,54,6754,GA,ALPHARETTA,30005
2023,"AVION TECHNOLOGY INC",1,0,0,0,54,6569,IL,"ARLINGTON HEIGHTS",60005
2023,"AVIRA DIGITAL LLC",0,0,1,0,54,8112,NJ,"NEW BRUNSWICK",08901
2023,"AVIRA DIGITAL LLC",2,0,0,0,54,8112,NJ,"NORTH BRUNSWICK",08902
2023,"AVIS TECHNOLOGIES LLC",1,0,0,0,54,3644,IL,CHICAGO,60645
2023,"AVIVA LINKS INC",0,0,1,0,54,9309,CA,"SAN JOSE",95134
2023,"AVIZVA LLC",0,0,2,0,54,7974,VA,RESTON,20190
2023,"AVJ SOLUTIONS INC",1,0,0,0,54,1292,TX,IRVING,75038
2023,"AVK TECH SOLUTIONS INC",2,0,0,0,54,7981,PA,READING,19608
2023,"AVNET INC",0,0,8,0,54,0605,AZ,PHOENIX,85034
2023,"AVNIL LLC",1,0,0,0,54,6538,GA,ALPHARETTA,30004
2023,"AVPM CA 15 LP DBA GEISERT ANIMAL HOSPITAL",0,0,1,0,54,2510,TX,"SAN ANTONIO",78217
2023,"AVPM CA 40 LP",1,0,0,0,54,4080,TX,"SAN ANTONIO",78217
2023,"AVPM CA 42 LP",1,0,0,0,54,2569,TX,"SAN ANTONIO",78217
2023,"AVS SOFT SOLUTIONS INC",0,0,1,0,54,9713,MA,HARVARD,01451
2023,"AVS SOFT SOLUTIONS INC",0,0,1,0,54,9713,,,
2023,"AVS SOLUTIONS INC",5,0,4,0,54,2651,TX,PLANO,75024
2023,"AVT TECHNOLOGY SOLUTIONS LLC",0,0,1,0,54,0574,AZ,TEMPE,86227
2023,"AVTECH SOLUTIONS INC",10,0,4,0,54,2119,IN,INDIANAPOLIS,46268
2023,"AVVENIRE SOLUTIONS LLC",1,0,0,0,54,1891,CA,FREMONT,94536
2023,"AVVENTIS INC",0,0,8,0,54,0077,NJ,EDISON,08820
2023,"AVVENTIS TECH INC",0,0,5,0,54,1251,TX,STAFFORD,77477
2023,"AVVIR INC",1,0,0,0,54,3751,,,
2023,"AWOIT SYSTESMS INC",2,0,0,0,54,5251,GA,ALPHARETTA,30004
2023,"AXAR LABORATORIES INC",0,0,1,0,54,0460,CA,CORONA,92878
2023,"AXBIO INC",0,0,2,0,54,0982,CA,"SANTA CLARA",95054
2023,"AXCELINNO LLC",1,0,1,0,54,1126,TX,FRISCO,75034
2023,"AXELAAR INC",2,0,1,0,54,4066,VA,HERNDON,20171
2023,"AXIAS INC",0,0,1,0,54,8215,VA,ALEXANDRIA,22314
2023,"AXIO RESEARCH LLC",0,0,1,0,54,5965,WA,SEATTLE,98122
2023,"AXIOM HEALTHCARE STRATEGIES LLC",0,0,1,0,54,4685,NJ,PRINCETON,08542
2023,"AXIOMA INC",0,0,1,0,54,0464,NY,"NEW YORK",10004
2023,"AXIS ANALYTICS LLC DBA AXIS GROUP",0,0,1,0,54,7297,NJ,"BERKELEY HEIGHTS",07922
2023,"AXIS TECH INC",0,0,5,0,54,1436,VA,STERLING,20164
2023,"AXISCADES INC",1,0,17,0,54,1444,IL,PEORIA,61614
2023,"AXIVISE INFORMATION TECHNOLOGIES INC",5,0,0,0,54,8893,TN,CORDOVA,38018
2023,"AXLE INFORMATICS",2,0,3,0,54,3966,MD,"NORTH BETHESDA",20852
2023,"AXLE INFORMATICS",4,0,2,0,54,3966,MD,ROCKVILLE,20852
2023,"AXLETREE SOLUTIONS INC",0,0,1,0,54,6574,NJ,"EAST BRUNSWICK",08816
2023,"AXTRIA INC",0,0,2,0,54,2668,,,
2023,"AXTRIA INC",19,0,53,0,54,2668,NJ,"BERKELEY HEIGHTS",07922
2023,"AXXESS CONSULT INC DBA AXXESS HEALTHCARE CONSULT",1,0,4,0,54,0143,TX,DALLAS,75248
2023,"AYITC LLC",3,0,0,0,54,1157,TX,FRISCO,75033
2023,"AYITC LLC",2,0,1,0,54,1157,TX,FRISCO,75034
2023,"AYRAA LLC",0,0,1,0,54,8465,NJ,"SOUTH PLAINFIELD",07080
2023,"AYVEN SOFT LLC",0,1,0,0,54,9459,FL,KISSIMMEE,34741
2023,"AZARMEHR AND ASSOCIATES P C DBA AZARMEHR LAW GROUP",0,0,1,0,54,7719,TX,AUSTIN,78746
2023,"AZEE SYSTEMS INC",9,1,0,0,54,1883,TX,HOUSTON,77036
2023,"AZENTA INC",1,0,2,0,54,2316,NJ,"SOUTH PLAINFIELD",07080
2023,"AZHVAS INC",0,0,1,0,54,2592,NJ,EDISON,08817
2023,"AZORES VETERINARY PRACTICE",0,0,1,0,54,9705,CA,TURLOCK,95380
2023,"AZTEC TECHNOLOGIES, INC.",0,1,0,0,54,9153,MA,FOXBORO,02035
2023,"AZURA CONSULTING LLC",0,0,1,0,54,3633,TX,GARLAND,75043
2023,"AZURE CONSULTING SERVICES LLC",3,0,2,0,54,6862,NJ,EDISON,08817
2023,"AZZUR GROUP LLC",1,0,0,0,54,0476,CA,VISTA,92081
2023,"AZZUR GROUP LLC DBA AZZUR CONSULTING LLC",0,0,2,0,54,7874,PA,HATBORO,19040
2023,"AZZUR GROUP LLC DBA AZZUR IT LLC",0,0,1,0,54,4174,PA,HATBORO,19040
2023,"AZZUR GROUP LLC DBA AZZUR OF CA LLC",0,0,1,0,54,0166,CA,IRVINE,92602
2023,"AZZUR GROUP LLC DBA AZZUR OF NE LLC",1,0,0,0,54,3312,MA,WALTHAM,02452
2023,"AZZUR GROUP LLC DBA AZZUR WASHINGTON LLC",0,0,1,0,54,7311,PA,HATBORO,19040
2023,"AZZUR GROUP LLC DBA AZZUR WORCESTER LLC",0,0,4,0,54,0392,PA,HATBORO,19040
2023,"B AND T ENGINEERING INC B PLUS T GROUP HOLDINGS INC",0,0,1,0,54,4683,OK,TULSA,74119
2023,"B YOND INC",0,0,5,0,54,7282,TX,FRISCO,75034
2023,"B YOND INC",0,0,1,0,54,7282,TX,"THE COLONY",75056
2023,"B&C TRANSIT INC",0,0,1,0,54,7428,CA,OAKLAND,94612
2023,"B&W PUBLISHING LLC",0,0,2,0,54,0627,TX,PLANO,75024
2023,"B.I.R. SOLUTIONS, LLC",1,0,0,0,54,1575,NV,RENO,89509
2023,"B1 IT SOLUTIONS INC",3,0,1,0,54,2548,VA,MANASSAS,20110
2023,"B2B INFOSYS INC",1,0,2,0,54,2437,TX,AUSTIN,78750
2023,"B2B TECHNOLOGY INC",1,0,0,0,54,4435,MN,MINNEAPOLIS,55447
2023,"BA2CC SOLUTIONS INC",1,0,1,0,54,7402,NJ,"SOUTH PLAINFIELD",07080
2023,"BAANYAN SOFTWARE SERVICES INC",3,0,16,1,54,7796,NJ,EDISON,08817
2023,"BABATEK INC DBA IMPETUS",12,1,0,0,54,0266,NY,"STATEN ISLAND",10309
2023,"BACHI TECH CORPORATION",1,1,1,0,54,2294,NJ,"JERSEY CITY",07302
2023,"BACKBASE U S A INC DBA BACKBASE",0,0,1,0,54,2576,GA,ATLANTA,30361
2023,"BACKBLAZE INC",0,0,2,0,54,3125,CA,"SAN MATEO",94401
2023,"BACKBONE LABS INC",0,0,1,0,54,0421,WA,VANCOUVER,98660
2023,"BACKBONE SOFTWARE, INC.",0,0,0,1,54,0019,CA,OAKLAND,94609
2023,"BACKEN & BACKEN",0,0,1,0,54,6552,CA,SAUSALITO,94965
2023,"BAE SYSTEMS APPLIED INTELLIGENCE INC A SYMPHONY AI COMPANY",0,0,1,0,54,1360,,,
2023,"BAE SYSTEMS APPLIED INTELLIGENCE INC A SYMPHONY AI COMPANY",0,0,1,0,54,1360,VA,VIENNA,22182
2023,"BAE SYSTEMS TECHNOLOGY SOLUTIONS & SERVICES INC",0,0,1,0,54,6421,VA,"MC LEAN",22102
2023,"BAHA INDUSTRIES CORP DBA OPEN SYSTEMS TECHNOLOGIES INC",1,0,1,0,54,6270,NY,"NEW YORK",10018
2023,"BAHWAN CYBERTEK DIGITAL INC",1,0,0,0,54,3590,MA,NATICK,01760
2023,"BAHWAN CYBERTEK INC",21,0,4,0,54,1279,MA,NATICK,01760
2023,"BAILEY LAUERMAN ASSOCIATES INC",0,0,1,0,54,3739,NE,OMAHA,68102
2023,"BAIM INSTITUTE FOR CLINICAL RESEARCH",2,0,0,0,54,1077,MA,BOSTON,02215
2023,"BAIN & COMPANY INC",0,0,1,0,54,8322,,,
2023,"BAIN & COMPANY INC",1,0,25,0,54,8322,MA,BOSTON,02116
2023,"BAKER BOTTS LLP",0,0,3,0,54,5457,TX,HOUSTON,77002
2023,"BAKER HUGHES COMPANY",0,0,1,0,54,7995,TX,HOUSTON,77073
2023,"BAKER HUGHES COMPANY",0,0,1,0,54,3168,TX,HOUSTON,77073
2023,"BAKER INGRAM & ASSOCIATES INC",1,0,0,0,54,9621,PA,LANCASTER,17601
2023,"BAKER MCKENZIE CONSULTING LLC",0,0,1,0,54,3842,IL,CHICAGO,60601
2023,"BAKER MCKENZIE GLOBAL SERVICES LLC",0,0,1,0,54,7546,IL,CHICAGO,60601
2023,"BAKER MCKENZIE GLOBAL SERVICES LLC",0,0,1,0,54,6879,IL,CHICAGO,60601
2023,"BAKER MCKENZIE LLP",0,0,2,0,54,7456,IL,CHICAGO,60601
2023,"BAKER MCKENZIE LLP",0,0,1,0,54,7456,NY,"NEW YORK",10018
2023,"BAKER TILLY US LLP",0,0,9,1,54,9910,IL,CHICAGO,60601
2023,"BAKKT LLC",0,0,1,0,54,6173,GA,ALPHARETTA,30009
2023,"BALBOA BAY PARTNERS LLC",0,0,1,0,54,4161,,,
2023,"BALBOA BAY PARTNERS LLC",0,0,1,0,54,4161,CA,"SAN JUAN CAPISTRANO",92675
2023,"BALBOA BAY PARTNERS LLC",0,0,1,0,54,4161,CA,"SAN JUAN CAPO",92675
2023,"BALDRIDGE & ASSOCIATES STRUCTURAL ENGINEERING INC",0,0,1,0,54,7540,HI,HONOLULU,96813
2023,"BALPAMTECH SOLUTIONS INC",0,0,1,0,54,3677,CA,"SAN JOSE",95134
2023,"BAMIA 2 LLC",0,0,1,0,54,6239,FL,MIAMI,33130
2023,"BANKING SOFT SOLUTIONS LLC",7,2,0,0,54,1802,OH,"LEWIS CENTER",43035
2023,"BANKINGON INC",3,0,0,0,54,0888,TX,AUSTIN,78735
2023,"BANNER WITCOFF LTD",0,0,1,0,54,8943,IL,CHICAGO,60606
2023,"BARA CONSULTING INC",1,0,0,0,54,2961,NJ,EDISON,08817
2023,"BARBA INEGOL LAW FIRM PLLC",0,1,0,0,54,7346,TX,"SAN ANTONIO",78258
2023,"BARCLAY DAMON LLP",0,0,1,0,54,9022,NY,SYRACUSE,13202
2023,"BARD RAO ATHANAS CONSULTING ENGINEERS LLC",0,0,1,0,54,9357,MA,BRIGHTON,02135
2023,"BARDER LTD D B A BARDER CPAS AND ADVISORS",0,0,1,0,54,5282,MN,MINNEAPOLIS,55441
2023,"BARKAT CONSULTING LLC",0,0,2,0,54,3811,IL,LIBERTYVILLE,60048
2023,"BARNES THORNBURG LLP",0,0,1,0,54,,IL,CHICAGO,60606
2023,"BARON AND BARON LLP",0,0,1,0,54,5125,NY,"NEW YORK",10018
2023,"BARRY M STRAUSS ASSOC LTD",0,0,1,0,54,9413,NY,"NEW YORK",10016
2023,"BASIC SOLUTIONS CORPORATION",0,0,1,0,54,6190,CA,FREMONT,94538
2023,"BASIS GLOBAL TECHNOLOGIES INC",0,0,2,0,54,6242,IL,CHICAGO,60602
2023,"BASM TECHNOLOGIES INC",5,0,0,0,54,6533,PA,"CHADDS FORD",19317
2023,"BASS BERRY & SIMS PLC",0,0,1,0,54,5540,TN,NASHVILLE,37201
2023,"BATON MARKET INC",0,0,1,0,54,3712,NY,"NEW YORK",10016
2023,"BATTELLE MEMORIAL INSTITUTE",0,0,1,0,54,9427,OH,COLUMBUS,43201
2023,"BATTELLE MEMORIAL INSTITUTE",0,0,1,0,54,9427,WA,RICHLAND,99352
2023,"BATTELLE MEMORIAL INSTITUTE",48,0,41,2,54,9427,WA,RICHLAND,99354
2023,"BATTELLE MEMORIAL INSTITUTE",0,0,3,0,54,9427,,,
2023,"BAXI ENGINEERING INC",0,0,1,0,54,2525,TX,HOUSTON,77040
2023,"BAY AREA COMPLIANCE LABORATORIES CORP",0,0,0,1,54,2546,CA,SUNNYVALE,94089
2023,"BAY AREA ENVIRONMENTAL RESEARCH INSTITUTE",0,0,1,0,54,6058,CA,"MOFFETT FIELD",94085
2023,"BAY AREA ENVIRONMENTAL RESEARCH INSTITUTE",1,0,0,0,54,6058,CA,"MOUNTAIN VIEW",94035
2023,"BAY AREA ENVIRONMENTAL RESEARCH INSTITUTE",1,0,0,0,54,6058,CA,"MOFFETT FIELD",94035
2023,"BAYER CROPSCIENCE LP",0,0,4,0,54,4873,MO,"SAINT LOUIS",63167
2023,"BAYER RESEARCH AND DEVELOPMENT SERVICES LLC",0,0,1,0,54,6278,,,
2023,"BAYER RESEARCH AND DEVELOPMENT SERVICES LLC",0,0,11,0,54,6278,MO,"SAINT LOUIS",63167
2023,"BAYLOR RESEARCH INSTITUTE DBA BAYLOR SCOTT & WHITE RESEARCH INSTITUTE",1,0,0,0,54,1898,TX,DALLAS,75204
2023,"BAYLOR RESEARCH INSTITUTE DBA BAYLOR SCOTT & WHITE RESEARCH INSTITUTE",1,0,0,0,54,1898,TX,DALLAS,75246
2023,"BAYLOR RESEARCH INSTITUTE DBA BAYLOR SCOTT & WHITE RESEARCH INSTITUTE",0,0,1,0,54,1898,,,
2023,"BAYONE SOLUTIONS INC",0,0,5,0,54,0507,CA,PLEASANTON,94588
2023,"BB&M ARCHITECTURE PLLC",1,0,1,0,54,3230,NC,CHARLOTTE,28208
2023,"BBI LAW GROUP P C",1,0,0,0,54,5608,VA,HERNDON,20170
2023,"BCA IT INC",0,0,1,0,54,9049,FL,MIAMI,33172
2023,"BCC ENGINEERING LLC",0,0,6,0,54,0100,FL,MIAMI,33173
2023,"BCE IO INC",0,0,1,0,54,9470,CA,"PALO ALTO",94301
2023,"BDIPLUS INC",0,0,2,0,54,6712,NY,"NEW YORK",10007
2023,"BDO DIGITAL LLC",0,0,1,0,54,5224,IL,CHICAGO,60611
2023,"BDO USA LLP",0,0,2,0,54,1590,,,
2023,"BDO USA LLP",1,0,28,0,54,1590,IL,CHICAGO,60611
2023,"BDSN INTERNATIONAL INC",2,4,4,0,54,3423,NJ,MAHWAH,07495
2023,"BEACH HAUS LLC",1,0,0,0,54,2243,CA,"LOS ANGELES",90046
2023,"BEACHFRONT MEDIA LLC",0,0,1,0,54,4111,FL,"ORMOND BEACH",32176
2023,"BEACON AI INC",0,0,1,0,54,2975,CA,"SAN FRANCISCO",94123
2023,"BEACON CONSULTING GROUP INC",0,0,1,0,54,3235,MA,MEDFORD,02155
2023,"BEACON INFOSYSTEMS LLC",0,1,0,0,54,3691,OH,COLUMBUS,43240
2023,"BEACON PLATFORM INCORPORATED",0,0,2,0,54,4783,NY,"NEW YORK",10004
2023,"BEACONFIRE SOLUTION INC",0,0,2,0,54,4065,NJ,"EAST WINDSOR",08520
2023,"BEAM THERAPEUTICS INC",0,0,1,0,54,8376,MA,CAMBRIDGE,02142
2023,"BEAMERY INC",0,0,1,0,54,1055,CA,WALNUT,91789
2023,"BEAN INFOSYSTEMS LLC",9,0,4,1,54,2262,TX,MCKINNEY,75070
2023,"BEAR RIVER ASSO INC",0,0,1,0,54,1039,CA,OAKLAND,94607
2023,"BEC COMPANIES INC",0,0,1,0,54,2323,FL,TALLAHASSEE,32308
2023,"BECHTEL ENERGY INC",3,0,11,2,54,4069,TX,HOUSTON,77056
2023,"BECHTEL ENERGY INC",0,0,1,0,54,4069,,,
2023,"BECHTEL ENTERPRISES INC",0,0,1,0,54,1990,VA,RESTON,20190
2023,"BECHTEL GLOBAL CORPORATION",2,0,7,0,54,8899,VA,RESTON,20190
2023,"BECHTEL MANUFACTURING & TECHNOLOGY INC",0,0,1,0,54,7998,,,
2023,"BECHTEL MANUFACTURING & TECHNOLOGY INC",0,0,1,0,54,7998,VA,RESTON,20190
2023,"BECHTEL NATIONAL INC",0,0,2,0,54,2542,VA,RESTON,20190
2023,"BECKER & POLIAKOFF PA",0,0,1,0,54,0708,FL,"FORT LAUDERDALE",33301
2023,"BECKER NEW YORK P C",0,0,1,0,54,6528,FL,"FORT LAUDERDALE",33301
2023,"BECKMAN RESEARCH INSTITUTE OF THE CITY OF HOPE",15,0,9,0,54,2210,CA,DUARTE,91010
2023,"BECOMING SUPERHUMAN LLC",0,0,1,0,54,6115,PR,VIEQUES,00765
2023,"BEDNARK STUDIO",1,0,0,0,54,0221,NY,BROOKLYN,11205
2023,"BEEJAUM TECHNOLOGY GROUP INC",1,0,1,0,54,8950,NJ,PRINCETON,08540
2023,"BEELINE.COM LLC",0,0,1,0,54,0900,FL,JACKSONVILLE,32258
2023,"BEESY LLC",0,0,1,0,54,4026,NJ,SUMMIT,07901
2023,"BEETLEAI SOLUTIONS LLC",1,0,0,0,54,3099,NC,APEX,27539
2023,"BEGHOU CONSULTING LLC",0,0,2,0,54,9779,IL,EVANSTON,60201
2023,"BEHAVIORAL IDEAS LAB INC",1,0,0,0,54,8009,NY,"NEW YORK",10004
2023,"BEIGENE USA INC",1,0,11,0,54,5718,MA,CAMBRIDGE,02142
2023,"BELCAN ENGINEERING GROUP LLC",0,0,1,0,54,2657,IL,PEORIA,61602
2023,"BELCAN SERVICES GROUP LTD PARTNERSHIP",0,0,1,0,54,2685,,,
2023,"BELKIN BURDEN GOLDMAN LLP",1,0,0,0,54,0325,NY,"NEW YORK",10165
2023,"BELL INFO SOLUTIONS LLC",0,0,7,0,54,9638,DE,WILMINGTON,19810
2023,"BELL SYSTEMS INC",0,0,1,0,54,9591,FL,LARGO,33770
2023,"BELL1 PBC",0,0,1,0,54,3228,AR,BENTONVILLE,72712
2023,"BELLECCI & ASSO INC",0,0,1,0,54,9035,CA,CONCORD,94520
2023,"BELLEVUE ANIMAL HOSPITAL P S",0,0,1,0,54,0893,WA,BELLEVUE,98004
2023,"BELLTECH LLC",0,0,1,0,54,3743,MD,CLARKSBURG,20871
2023,"BENAKA INC",0,0,1,0,54,4681,NJ,"NEW BRUNSWICK",08901
2023,"BENAROYA RESEARCH INSTITUTE AT VIRGINIA MASON",4,0,0,1,54,3422,WA,SEATTLE,98101
2023,"BENECARD SERVICES INC",1,0,0,0,54,8772,NJ,CLIFTON,07013
2023,"BENECIAS LLC",12,0,1,0,54,9288,NJ,CRANBURY,08512
2023,"BENED SOFTWARE SERVICES INC",11,0,4,0,54,3000,TX,IRVING,75038
2023,"BENEFIT HARBOR LP",0,0,1,0,54,0953,TX,PLANO,75024
2023,"BENENSON STRATEGY GROUP LLC",0,1,0,0,54,3590,NY,"NEW YORK",10019
2023,"BENISON TECH USA INC",3,0,0,0,54,0534,CA,"NEWPORT BEACH",92660
2023,"BENJAMIN & KO",0,1,0,0,54,9567,CA,IRVINE,92618
2023,"BENJAMIN JOHNSTON DESIGN LLC",0,0,1,0,54,2662,TX,HOUSTON,77008
2023,"BENNETT & PLESS INC",0,0,1,0,54,2087,GA,ATLANTA,30346
2023,"BENSON HILL INC",0,0,1,1,54,3749,MO,"SAINT LOUIS",63132
2023,"BENSON WOODWORKING COMPANY INC",0,0,1,0,54,7289,NH,WALPOLE,03608
2023,"BENTLEY SYSTEMS INCORPORATED",0,0,6,0,54,6623,PA,EXTON,19341
2023,"BENTO TECHNOLOGIES INC DBA BENTO FOR BUSINESS",0,0,3,0,54,8045,MN,MINNEAPOLIS,55402
2023,"BEPC INC",0,0,1,0,54,7008,TX,"SAN ANGELO",76904
2023,"BER IT INC",8,5,0,0,54,3725,IL,"DOWNERS GROVE",60516
2023,"BER IT INC",0,1,0,0,54,3725,IL,LISLE,60532
2023,"BERACHAH TECHNOLOGIES INC",0,0,1,0,54,8885,,,
2023,"BERACHAH TECHNOLOGIES INC",3,0,0,0,54,8885,TX,DALLAS,75234
2023,"BERACHAH TECHNOLOGIES INC",0,2,0,0,54,8885,TX,"FARMERS BRANCH",75234
2023,"BERDON LLP",0,0,1,0,54,5070,NY,"NEW YORK",10017
2023,"BEREN THERAPEUTICS P B C",0,0,1,0,54,7816,CA,"WEST HOLLYWOOD",90069
2023,"BERENBLUM BUSCH ARCHITECTURE INC",0,0,1,0,54,8659,FL,MIAMI,33127
2023,"BERG DESIGN ARCHITECTURE",0,0,1,0,54,0177,NY,"NEW YORK",10012
2023,"BERGER MONTAGUE PC",1,0,0,0,54,5918,PA,PHILADELPHIA,19103
2023,"BERGMANN ASSOCIATES ARCHITECTS ENGINEERS LANDSCAPE ARCHITECTS SURVEYORS DPC",0,0,2,0,54,7718,NY,ROCHESTER,14604
2023,"BERGMEYER ASSOCIATES INC",0,0,1,0,54,7775,MA,BOSTON,02210
2023,"BERKELEY RESEARCH GROUP LLC",0,0,3,0,54,1273,CA,EMERYVILLE,94608
2023,"BERKSHIRE GREY INC",0,0,4,0,54,4614,MA,BEDFORD,01730
2023,"BERM TEC INC",0,0,2,0,54,5669,TX,IRVING,75062
2023,"BERM TEC INC",1,0,0,0,54,5669,,,
2023,"BERMELLO AJAMIL AND PARTNERS INC",0,0,1,0,54,2486,FL,"FORT LAUDERDALE",33316
2023,"BERNHARD TME LLC",0,0,1,0,54,9273,AR,"LITTLE ROCK",72202
2023,"BERNSTEIN & PINCHUK LLP",0,0,1,0,54,1832,,,
2023,"BERNSTEIN ROSEN AND COMPANY CPAS PC",0,0,1,0,54,0036,NY,"NEW YORK",10017
2023,"BEROE HOLDINGS INC",0,0,1,0,54,0939,NC,RALEIGH,27606
2023,"BERTEC CORPORATION",0,0,1,0,54,0075,OH,COLUMBUS,43236
2023,"BERYLLS STRATEGY ADVISORS CORP",0,0,1,0,54,6425,MI,"ROYAL OAK",48067
2023,"BESHTON SOFTWARE INC",0,0,1,0,54,6329,,,
2023,"BESHTON SOFTWARE INC",1,0,1,0,54,6329,CA,"SAN JOSE",95124
2023,"BEST HIGH TECHNOLOGIES LLC",1,0,3,0,54,1286,NJ,PRINCETON,08540
2023,"BEST LOGISTICS TECHNOLOGY CO LTD",0,0,1,0,54,2933,CA,CHINO,91710
2023,"BEST VALUE EMPLOYER HOLDCO INC",1,0,0,0,54,0024,FL,SARASOTA,32433
2023,"BESTOCEAN WORLDWIDE LOGISTICS INC",1,0,0,0,54,9825,CA,CHINO,91710
2023,"BESTPPL TECHNOLOGIES INC",1,0,0,0,54,3825,TX,FRISCO,75033
2023,"BETA AIR LLC",0,0,2,0,54,0933,VT,"SOUTH BURLINGTON",05403
2023,"BETA EIGHT INC",1,0,1,0,54,5187,IL,SPRINGFIELD,62704
2023,"BETASHARP INC",0,0,1,0,54,0638,MN,MINNEAPOLIS,55422
2023,"BETSOL LLC",1,0,1,0,54,7547,CO,BROOMFIELD,80021
2023,"BETTERCLOUD INC",1,0,3,0,54,3669,NY,"NEW YORK",10001
2023,"BETTERHUMANS INC",1,0,1,0,54,0151,FL,GAINESVILLE,32609
2023,"BETTERNOI LLC",0,0,1,0,54,7924,FL,MIRAMAR,33027
2023,"BEV SOURCE",0,1,0,0,54,1520,MN,"SAINT PAUL",55117
2023,"BEYER BLINDER BELLE ARCHITECTS AND PLANNERS LLP",0,0,1,1,54,7332,NY,"NEW YORK",10271
2023,"BEYOND ENGINEERING AND TESTING LLC",0,0,2,0,54,9512,TX,"ROUND ROCK",78664
2023,"BEYOND ENGINEERING AND TESTING LLC",0,0,1,0,54,9512,,,
2023,"BEYOND INFO SOLUTIONS INC",2,0,0,0,54,5955,NC,"HOLLY SPRINGS",27540
2023,"BEYOND TECHNOLOGIES LLC",1,0,0,0,54,9768,IL,CHICAGO,60654
2023,"BEYONDID INC",2,0,1,0,54,6435,CA,"SAN FRANCISCO",94105
2023,"BEYONDSOA SOLUTIONS INC",0,0,1,0,54,3914,VA,HERNDON,20171
2023,"BEYONDSOFT CONSULTING INC",0,0,4,1,54,0311,WA,BELLEVUE,98004
2023,"BFLY OPERATIONS INC",0,0,1,0,54,9892,MA,BURLINGTON,01803
2023,"BG STAFFING LLC D B A ZYCRON",0,0,1,0,54,4025,TX,PLANO,75024
2023,"BGB COMMUNICATIONS LLC D B A BGB GROUP",0,0,1,0,54,7305,NY,"NEW YORK",10013
2023,"BGI AMERICAS CORPORATION",0,0,1,0,54,5508,MA,CAMBRIDGE,02142
2023,"BGSP VET INC DBA ROHNERT PARK VET CLINIC",1,0,0,0,54,0329,CA,"ROHNERT PARK",94928
2023,"BHRIGUS INC",2,0,1,0,54,5017,MI,FARMINGTON,48335
2023,"BHRIGUS INC",0,0,12,0,54,5017,MI,"FARMINGTON HILLS",48335
2023,"BI LABS INC",0,0,7,0,54,9838,NJ,ISELIN,08830
2023,"BIDVITA INC",0,0,1,0,54,2743,CA,"LOS ANGELES",90015
2023,"BIG APPLE INFOTECH LLC",0,0,1,0,54,4356,TX,PLANO,75024
2023,"BIG PEACH IT SERVICES LLC",2,0,0,0,54,7325,TX,"FARMERS BRANCH",75234
2023,"BIG PEACH IT SERVICES LLC",1,0,0,0,54,7325,TX,IRVING,75063
2023,"BIG SKY GLOBAL LLC",1,0,0,0,54,0707,NH,MANCHESTER,03102
2023,"BIGD TECHNOLOGIES LLC",1,0,1,0,54,6900,NJ,PISCATAWAY,08854
2023,"BIGDATA DIMENSION INC",2,0,5,0,54,2345,VA,RESTON,20191
2023,"BIGDATE SOLUTIONS INC",0,0,1,0,54,1899,TX,IRVING,75038
2023,"BIGGS CARDOSA ASSOCIATES INC",0,0,2,0,54,9204,CA,"SAN JOSE",95126
2023,"BIKEPATH INC",0,0,1,0,54,5524,CA,"SAN FRANCISCO",94103
2023,"BILLUPS LLC",0,0,1,0,54,8857,NY,"NEW YORK",10018
2023,"BINARY COMPUTER INTL CORP",3,0,3,0,54,4196,NJ,"SOUTH PLAINFIELD",07080
2023,"BINARY TECH CONSULTING CORP",6,0,3,0,54,9840,IL,NAPERVILLE,60540
2023,"BINTECH GROUP LLC",1,0,2,0,54,2721,NJ,PARSIPPANY,07054
2023,"BIO RAD LABORATORIES INC",1,0,19,0,54,1833,CA,HERCULES,94547
2023,"BIOAGILYTIX LABS LLC",0,0,1,0,54,5593,,,
2023,"BIOAGILYTIX LABS LLC",0,0,3,0,54,5593,NC,DURHAM,27713
2023,"BIOALGO USA LLC",0,0,1,0,54,7116,CA,NEWARK,94560
2023,"BIOBRIDGE GLOBAL",0,0,1,0,54,5222,TX,"SAN ANTONIO",78201
2023,"BIOFOURMIS INC",0,0,1,0,54,1876,MA,BOSTON,02110
2023,"BIOINFO SYSTEMS LLC",2,0,5,0,54,9860,CT,HARTFORD,06106
2023,"BIONAUT LABS INC",0,0,1,0,54,0208,CA,"LOS ANGELES",90034
2023,"BIONIC LANDSCAPE INC",0,0,1,0,54,0450,CA,"SAN FRANCISCO",94131
2023,"BIONOVA SCIENTIFIC LLC",0,0,1,0,54,1048,CA,FREMONT,94538
2023,"BIONTECH US INC",0,0,3,0,54,5846,MA,CAMBRIDGE,02139
2023,"BIOPHARMA INFORMATIC LLC",1,0,0,0,54,4777,TX,HOUSTON,77084
2023,"BIORASI LLC",1,0,1,0,54,3852,FL,MIAMI,33180
2023,"BIORELIANCE CORPORATION",0,0,3,0,54,1583,MA,BURLINGTON,01803
2023,"BIOREV LLC",0,0,1,0,54,2788,,,
2023,"BIOTAGE LLC",0,0,1,0,54,5072,NC,CHARLOTTE,28269
2023,"BIRDI SYSTEMS INC DBA BIRDI ASSOCIATES INC",2,0,0,0,54,3940,CA,PASADENA,91101
2023,"BIRLASOFT COMPUTER CORPORATION",0,0,21,0,54,0312,NJ,EDISON,08837
2023,"BIRLASOFT CONSULTING INC",4,0,0,0,54,1190,CA,FOLSOM,95630
2023,"BIRLASOFT CONSULTING INC",0,0,7,0,54,1190,NJ,EDISON,08837
2023,"BIRLASOFT INC",0,0,4,0,54,4773,,,
2023,"BIRLASOFT INC",46,0,66,2,54,4773,NJ,EDISON,08837
2023,"BIRLASOFT SOLUTIONS INC",48,5,80,0,54,4017,NJ,EDISON,08837
2023,"BIRLASOFT SOLUTIONS INC",1,0,0,0,54,4017,,,
2023,"BIS CONSULTING INC",2,0,1,0,54,9613,CA,"LOS GATOS",95030
2023,"BISTA SOLUTIONS INC",0,0,1,0,54,8090,GA,NORCROSS,30092
2023,"BISTA SOLUTIONS INC",0,0,1,0,54,8090,TX,PLANO,75075
2023,"BITECH CONSULTING GROUP LLC",0,0,1,0,54,7510,FL,"PEMBROKE PINES",33028
2023,"BITECH INC",5,0,4,0,54,1412,MI,NOVI,48375
2023,"BITGO INC",0,0,1,0,54,6131,CA,"PALO ALTO",94306
2023,"BITLINE TECHNOLOGIES INC.",1,0,0,0,54,6635,CA,PLEASANTON,94588
2023,"BITS AND BINARIES INC",5,0,0,0,54,0788,TX,IRVING,75062
2023,"BITSIGHT TECHNOLOGIES INC",0,0,1,0,54,6464,CA,"MENLO PARK",94025
2023,"BITSIGHT TECHNOLOGIES INC",0,0,1,1,54,6464,MA,BOSTON,02199
2023,"BITSIGHT TECHNOLOGIES INC",0,0,1,0,54,6150,MA,BOSTON,02199
2023,"BITSOLUTIONSUS LLC",0,0,1,0,54,7061,TX,DALLAS,75234
2023,"BITWISE INC",0,0,1,0,54,0217,,,
2023,"BITWISE INC",16,0,25,1,54,0217,IL,SCHAUMBURG,60173
2023,"BIZ MATHEMATICA LLC",0,0,1,0,54,6408,,,
2023,"BIZ MATHEMATICA LLC",0,0,1,0,54,6408,PA,"BLUE BELL",19422
2023,"BIZ METRIC PARTNERS INC",1,0,0,0,54,9049,TX,"SUGAR LAND",77478
2023,"BIZANALYTICA LLC",0,0,1,0,54,8602,MA,WESTBOROUGH,01581
2023,"BIZANALYTICA LLC",0,0,2,1,54,8602,NH,LONDONDERRY,03053
2023,"BIZBRAIN TECHNOLOGIES LLC",0,0,1,0,54,0974,FL,MIAMI,33138
2023,"BIZCLOUD ANALYTICS INC",0,0,1,0,54,2966,TX,PLANO,75023
2023,"BIZINTEX INC",0,0,2,0,54,0944,GA,WOODSTOCK,30188
2023,"BIZTECH SOLUTIONS INC",0,0,3,0,54,7832,TX,SPRING,77380
2023,"BIZTEGY ANALYTICS INC",6,0,0,0,54,0869,IL,"BUFFALO GROVE",60089
2023,"BJIT CORP",1,0,0,0,54,0006,CA,"PALO ALTO",94306
2023,"BKL ARCHITECTURE",1,0,0,0,54,6083,IL,CHICAGO,60601
2023,"BKLYNHLTH INC",0,0,1,0,54,1246,NY,BROOKLYN,11201
2023,"BLACK & VEATCH CORPORATION",0,0,1,0,54,3073,,,
2023,"BLACK & VEATCH CORPORATION",0,0,34,1,54,3073,KS,LEAWOOD,66211
2023,"BLACK & VEATCH CORPORATION",1,0,11,0,54,3073,KS,"OVERLAND PARK",66211
2023,"BLACK AND VEATCH MANAGEMENT CONSULTING LLC",1,0,1,0,54,8581,KS,"OVERLAND PARK",66211
2023,"BLACK AND VEATCH MANAGEMENT CONSULTING LLC",0,0,2,0,54,8581,KS,LEAWOOD,66211
2023,"BLACK CROW AL INC",0,0,2,0,54,6104,NY,"NEW YORK",10013
2023,"BLACK PHOENIX RESEARCH LLC",0,0,2,0,54,9087,IL,"SAINT CHARLES",60174
2023,"BLACK VERNOOY ARCHITECTURE AND URBAN DESIGN",0,0,1,0,54,4911,TX,AUSTIN,78701
2023,"BLACKBAUD INC",0,0,3,1,54,7163,SC,CHARLESTON,29492
2023,"BLACKBERRY CORPORATION",0,0,1,0,54,8207,CA,"SAN RAMON",94583
2023,"BLACKBIRD LABS INC",0,0,1,0,54,8344,,,
2023,"BLACKBOARD INC",0,0,1,0,54,1178,VA,RESTON,20190
2023,"BLACKBUCK INSIGHTS LLC",0,0,1,0,54,9113,,,
2023,"BLACKBUCK INSIGHTS LLC",2,0,0,0,54,9113,IL,"ROLLING MDWS",60008
2023,"BLACKBUCK INSIGHTS LLC",1,1,7,1,54,9113,IL,"ROLLING MEADOWS",60008
2023,"BLACKBURN ARCHITECTS PC",0,0,1,0,54,7644,DC,WASHINGTON,20036
2023,"BLACKLINE SYSTEMS INC",0,0,17,0,54,6613,CA,"WOODLAND HILLS",91367
2023,"BLACKLINE SYSTEMS INC",0,0,1,0,54,6613,CA,"WOODLAND HLS",91367
2023,"BLACKLINE SYSTEMS INC",0,0,1,0,54,6613,,,
2023,"BLACKROCK MICROSYSTEMS LLC DBA BLACKROCK NEUROTECH",1,0,0,0,54,9394,UT,"SALT LAKE CITY",84108
2023,"BLACKSTRAW LLC",3,0,0,0,54,3846,FL,TAMPA,33607
2023,"BLACKSWAN STEEL",0,0,1,0,54,7733,TX,HOUSTON,77095
2023,"BLADE ENERGY PARTNERS LTD",0,0,1,0,54,2507,TX,FRISCO,75034
2023,"BLAIR MUI DOWD ARCHITECTS PC",0,0,1,0,54,6294,NY,"NEW YORK",10013
2023,"BLAST ANALYTICS & MARKETING",0,0,1,0,54,1046,CA,ROSEVILLE,95678
2023,"BLEACHR LLC",0,0,1,0,54,5896,MN,MINNEAPOLIS,55436
2023,"BLEND LABS INC",0,0,2,0,54,1045,,,
2023,"BLEND LABS INC",0,0,8,0,54,1045,CA,"SAN FRANCISCO",94108
2023,"BLEND360 LLC",1,0,5,0,54,5356,MD,COLUMBIA,21044
2023,"BLINK BUSINESS TECHNOLOGIES INC",0,0,1,0,54,6534,NY,"NEW YORK",10036
2023,"BLISS POINT MEDIA INC",1,0,0,0,54,2120,CA,"SANTA MONICA",90401
2023,"BLITZ IT SOLUTIONS INC",3,1,0,0,54,8472,MD,TOWSON,21204
2023,"BLITZ STUDIOS INC",0,0,1,0,54,9747,CA,"SAN FRANCISCO",94105
2023,"BLOCK CHAIN TECHNOLOGY SOLUTIONS INC",1,0,0,0,54,6002,IL,PALATINE,60067
2023,"BLOCK1 INFORMATION TECHNOLOGY SERVICES LLC",0,0,1,0,54,5318,CA,"SAN JOSE",95134
2023,"BLOCKCHAIN TECHNOLOGIES LLC",1,1,1,0,54,3670,NE,"GRAND ISLAND",68801
2023,"BLOCKEDGE TECHNOLOGIES INC",0,0,2,0,54,9938,NJ,"EAST BRUNSWICK",08816
2023,"BLOCKGRAPH LLC",0,0,1,0,54,2934,NY,"NEW YORK",10018
2023,"BLOCKNIT LLC",2,0,0,0,54,4853,WA,BELLEVUE,98004
2023,"BLOCPOWER LLC",0,0,1,0,54,6893,NY,BROOKLYN,11205
2023,"BLOCPOWER LLC",0,0,1,0,54,6893,NY,BROOKLYN,11210
2023,"BLOOM COMPANIES LLC",0,0,2,0,54,2223,WI,MILWAUKEE,53226
2023,"BLOOMING BODH LLC",1,0,0,0,54,8051,MD,GERMANTOWN,20876
2023,"BLOOMREACH INC",0,0,1,0,54,7993,,,
2023,"BLOOMREACH INC",0,0,1,0,54,7993,CA,"MOUNTAIN VIEW",94040
2023,"BLOOMREACH INC",0,0,2,0,54,7993,CA,"MOUNTAIN VIEW",94041
2023,"BLOSSOM SOLUTIONS INC",0,0,1,0,54,2252,MD,"ELLICOTT CITY",21043
2023,"BLUE ACORN ICI INC",0,0,4,0,54,6461,NC,RALEIGH,27607
2023,"BLUE ALTAIR LLC",0,0,1,0,54,3002,VA,ARLINGTON,22209
2023,"BLUE BRISS TECHNOLOGIES INC",1,0,1,0,54,3418,IL,NILES,60714
2023,"BLUE CART INC",0,0,1,0,54,5505,CA,"SHINGLE SPRINGS",95682
2023,"BLUE CHIP TALENT INC",1,0,1,0,54,5344,MI,"BLOOMFIELD HILLS",48302
2023,"BLUE CUBE CORPORATION",1,0,0,0,54,9078,GA,ALPHARETTA,30022
2023,"BLUE EYE SOFT CORP",4,0,1,0,54,3495,SC,GREER,29650
2023,"BLUE FUSION ENTERPRISE TECHNOLOGIE",0,0,1,0,54,6582,GA,ROSWELL,30076
2023,"BLUE HERON CONSULTING CORPORATION",0,0,3,0,54,3553,NY,ROCHESTER,14624
2023,"BLUE INFOSOFT INC",0,0,2,0,54,4560,KS,LEAWOOD,66211
2023,"BLUE LOTUS SYSTEMS INC",1,0,6,0,54,2140,VA,VIENNA,22182
2023,"BLUE MATTER CONSULTING LLC",0,0,1,0,54,7578,CA,"SOUTH SAN FRANCISCO",94080
2023,"BLUE ORIGIN IT STAFFING LLC",0,1,0,0,54,6873,TX,"LIBERTY HILL",78641
2023,"BLUE PANDA SCIENCE LLC",0,0,1,0,54,3649,NM,ALBUQUERQUE,87110
2023,"BLUE SIGMA SOFTWARE SOLUTIONS",0,0,1,0,54,1221,FL,MIAMI,33184
2023,"BLUE SPACE TECHNOLOGIES INC",0,0,1,0,54,4083,,,
2023,"BLUE SPACE TECHNOLOGIES INC",6,0,2,0,54,4083,TX,HOUSTON,77077
2023,"BLUE SPIRE INC",3,1,3,0,54,7949,AZ,PHOENIX,85028
2023,"BLUE STAR ANIMAL HOSPITAL LLC",0,0,1,0,54,6015,FL,"SAINT JOHNS",32259
2023,"BLUE YONDER INC",0,0,1,0,54,3401,,,
2023,"BLUE YONDER INC",2,0,28,1,54,3401,AZ,SCOTTSDALE,85254
2023,"BLUE5GREEN LLC",0,0,1,0,54,9418,NJ,PRINCETON,08540
2023,"BLUEBIRD BIO INC",0,0,5,0,54,0878,MA,SOMERVILLE,02145
2023,"BLUEBIX SOLUTIONS INC",2,0,0,0,54,2447,DE,DOVER,19901
2023,"BLUECLOUD SERVICES INC",0,0,3,0,54,3203,FL,TAMPA,33603
2023,"BLUECORE INC",0,0,1,0,54,4224,NY,"NEW YORK",10038
2023,"BLUEFOX TECHNOLOGIES LLC",1,0,0,0,54,9974,NJ,PISCATAWAY,08854
2023,"BLUEINGREEN LLC",0,0,1,0,54,1490,GA,"BALL GROUND",30107
2023,"BLUEPEARL VET LLC",0,0,1,0,54,0693,FL,TAMPA,33614
2023,"BLUEPRINT MEDICINES CORPORATION",1,0,6,0,54,2015,MA,CAMBRIDGE,02139
2023,"BLUEPRINT TECHNOLOGIES LLC",0,0,1,0,54,1898,WA,BELLEVUE,98004
2023,"BLUERIBBON GLOBAL TECHNOLOGIES LLC",9,1,0,0,54,2711,MO,"SAINT LOUIS",63146
2023,"BLUERIBBON GLOBAL TECHNOLOGIES LLC",2,0,0,0,54,2711,MO,"ST LOUIS",63146
2023,"BLUERIDGE DYNAMIC SOLUTIONS LLC",2,0,0,0,54,4583,VA,HERNDON,20171
2023,"BLUERIDGE TECHNOLOGY SERVICES LLC",2,1,0,0,54,1566,GA,ATLANTA,30338
2023,"BLUESKY CREATIVE STUDIO INC",0,0,1,0,54,0509,NY,FLUSHING,11354
2023,"BLUESOFT SOLUTIONS LLC",0,0,2,0,54,0556,NJ,SOMERSET,08873
2023,"BLUESPACE AI INC",0,0,1,0,54,5372,CA,EMERYVILLE,94608
2023,"BLUESTAR IT SOLUTIONS INC",1,0,0,0,54,0312,TX,FRISCO,75035
2023,"BLUESTAR SYSTEMS INC",0,0,1,0,54,9864,VA,WOODBRIDGE,22193
2023,"BLUME GLOBAL INC",0,0,4,0,54,1162,CA,PLEASANTON,94588
2023,"BLUO SOFTWARE LLC",2,0,0,0,54,3539,TX,HOUSTON,77042
2023,"BLUVIUM INC",2,0,0,0,54,0110,CA,"SAN RAMON",94583
2023,"BLUWARE INC",0,0,1,0,54,7892,TX,HOUSTON,77084
2023,"BMA SOLUTIONS INC",0,0,1,0,54,9700,TX,HOUSTON,77084
2023,"BMC GLOBAL INC",0,0,1,0,54,7010,FL,HOLLYWOOD,33021
2023,"BMC SOFTWARE INC",0,0,5,0,54,6120,TX,HOUSTON,77042
2023,"BMR INFOTEK INC",0,0,9,0,54,9788,CA,DUBLIN,94568
2023,"BNA LLC DBA BNA CONSULTING",0,0,1,0,54,8972,UT,"WEST VALLEY CITY",84120
2023,"BNB TECH SOURCE INC DBA MEGNITY TECHNOLOGIES",4,0,0,0,54,7932,AZ,CHANDLER,85226
2023,"BNH TECHNOLOGIES INC",0,0,2,0,54,1977,NJ,FREEHOLD,07728
2023,"BNS INTERNATIONAL INC",0,0,2,0,54,8515,,,
2023,"BNS INTERNATIONAL INC",0,0,8,0,54,8515,TX,MCKINNEY,75070
2023,"BOARDWALKTECH INC",0,0,1,0,54,4931,CA,CUPERTINO,95014
2023,"BOBCAD CAM INC",0,0,3,0,54,3544,FL,TAMPA,33635
2023,"BOCAVOX LLC",0,0,1,0,54,5190,FL,WESTON,33327
2023,"BOCOUP LLC",0,0,1,0,54,9284,MA,BOSTON,02109
2023,"BODENPR INC",0,0,1,0,54,7681,FL,MIAMI,33166
2023,"BODYSHOPBIDS INC DBA SNAPSHEET INC",0,0,1,0,54,7414,,,
2023,"BODYSHOPBIDS INC DBA SNAPSHEET INC",0,0,3,0,54,7414,IL,CHICAGO,60602
2023,"BOGIA ENGINEERING INC",0,0,1,0,54,1569,PA,"METROPOLITAN EDISON",19640
2023,"BOLD LABS LLC",0,0,0,1,54,8375,CA,"SAN FRANCISCO",94104
2023,"BOLD NORTH AMERICA LLC",0,0,1,0,54,2597,,,
2023,"BOLD NORTH AMERICA LLC",0,0,3,0,54,2597,CA,"SAN FRANCISCO",94108
2023,"BOLT MEDICAL INC",0,0,1,0,54,5035,CA,CARLSBAD,92008
2023,"BOND CREATIVE LLC",0,0,1,0,54,2188,CA,"LOS ANGELES",90038
2023,"BOND ENTERPRISES INC D/B/A BOND CONSULTING SVCS",0,0,1,0,54,8356,CA,"LONG BEACH",90806
2023,"BOND VETERINARY INC",1,0,0,0,54,1165,NY,"NEW YORK",10011
2023,"BONGOSYS INC",1,0,1,0,54,4493,NY,"JACKSON HEIGHTS",11372
2023,"BONSAI ROBOTICS INC",0,0,2,0,54,9213,CA,"SANTA CRUZ",95060
2023,"BONSTRA HARESIGN ARCHITECTS LLP",0,0,1,0,54,2203,DC,WASHINGTON,20009
2023,"BONTON ASSOCIATES LLC",0,0,1,0,54,6730,LA,"BATON ROUGE",70801
2023,"BONZER LLC",5,1,0,0,54,1181,IL,"DOWNERS GROVE",60516
2023,"BONZER LLC",1,0,0,0,54,1181,IL,LISLE,60532
2023,"BOOKKEEP COM INC",1,0,0,0,54,8751,NY,BROOKLYN,11217
2023,"BOOLEAN SYSTEMS INC",0,1,0,0,54,4342,NJ,TRENTON,08608
2023,"BOOS & ASSOCIATES",0,0,1,0,54,1111,CA,FRESNO,93704
2023,"BOOZ ALLEN HAMILTON INC",0,0,8,0,54,3626,VA,"MC LEAN",22102
2023,"BOOZ ALLEN HAMILTON INC",0,0,1,0,54,3626,VA,MCLEAN,22102
2023,"BOREHOLE SEISMIC LLC",0,0,1,0,54,2217,TX,HOUSTON,77092
2023,"BORN GROUP INC",1,0,4,0,54,4218,NY,"NEW YORK",10001
2023,"BOSCHAN CORP.",0,0,1,0,54,1321,CA,"CULVER CITY",90232
2023,"BOSS TECHNOLOGIES INC",1,0,0,0,54,0904,,,
2023,"BOSS TECHNOLOGIES INC",2,0,4,0,54,0904,GA,ALPHARETTA,30022
2023,"BOSTON BYTE LLC",1,0,0,0,54,2786,MA,MARLBOROUGH,01752
2023,"BOSTON DATA PRO LLC",2,1,0,0,54,8093,MA,WESTBOROUGH,01581
2023,"BOSTON DYNAMICS INC",0,0,1,0,54,0243,MA,WALTHAM,02451
2023,"BOSTON INNOVATION GATEWAY LLC",0,0,1,0,54,3044,MA,CAMBRIDGE,02141
2023,"BOSTON INSTITUTE OF BIOTECHNOLOGY LLC",0,0,2,0,54,6343,MA,SOUTHBOROUGH,01772
2023,"BOSTON PHARMACEUTICALS INC",0,0,1,0,54,7665,MA,CAMBRIDGE,02142
2023,"BOSTON SOCIETY OF ARCHITECTS",1,0,0,0,54,8949,MA,BOSTON,02210
2023,"BOSTON TECHNOLOGY CORPORATION",1,0,0,0,54,1435,,,
2023,"BOSTON TECHNOLOGY REASERCH CORPORATION",0,0,1,0,54,3706,MA,CHELSEA,02150
2023,"BOSTONLOGIX INC",0,0,1,0,54,9411,MA,WESTBOROUGH,01581
2023,"BOTFACTORY INC",0,0,1,0,54,2393,NY,"LONG ISLAND CITY",11101
2023,"BOTKEEPER INC",0,0,1,0,54,5691,,,
2023,"BOTKEEPER INC",0,0,2,0,54,5691,MA,BOSTON,02110
2023,"BOTO3 INC",1,0,0,0,54,6578,TX,"FORT WORTH",76102
2023,"BOUCHER DESIGN GROUP LLC",0,0,1,0,54,5630,TX,BELLAIRE,77401
2023,"BOUGH CONSULTING LLC",1,0,0,0,54,2097,NJ,EDGEWATER,07020
2023,"BOULDER ASSOCIATES ARCHITECTS PC",1,0,2,0,54,7826,CO,BOULDER,80302
2023,"BOUNTEOUS INC",0,0,3,0,54,5476,IL,WHEATON,60187
2023,"BOURQUIN VETERINARY ASSOCIATION LLC",0,0,1,0,54,1155,MA,BOSTON,02116
2023,"BOWER LEWIS THROWER ARCHITECTS LTD",0,0,1,0,54,8776,PA,PHILADELPHIA,19107
2023,"BOWMAN CONSULTING GROUP LTD",0,0,3,0,54,2351,VA,RESTON,20191
2023,"BOWMAN ENGINEERING & CONSULTING INC",0,0,1,0,54,4945,TX,DALLAS,75206
2023,"BOYCE THOMPSON INSTITUTE FOR PLANT RESEARCH INC",0,0,2,0,54,9923,NY,ITHACA,14853
2023,"BOZEMAN DEACONESS HEALTH SERVICES",1,0,0,0,54,2121,MT,BOZEMAN,59715
2023,"BPA INTERNATIONAL INC",0,0,5,0,54,9015,NY,MELVILLE,11747
2023,"BPLUSAC LLC",1,0,0,0,54,4058,MA,CHELSEA,02150
2023,"BPM LLP",0,0,7,0,54,4542,CA,"SAN FRANCISCO",94111
2023,"BPM TECHNOLOGIES LLC",2,0,0,0,54,1950,GA,ALPHARETTA,30005
2023,"BPMLINKS LLC",7,0,1,0,54,5247,FL,"BOCA RATON",33432
2023,"BPO SYSTEMS INC",0,0,1,0,54,8971,CA,"WALNUT CREEK",94598
2023,"BPTEK LLC",1,0,0,0,54,3647,MN,MINNEAPOLIS,55422
2023,"BR DESIGN ASSOCIATES LLC",0,0,0,1,54,0975,NY,"NEW YORK",10036
2023,"BRACTLET INC",0,0,1,0,54,6954,TX,AUSTIN,78744
2023,"BRADO CUNEO NOLLAU LLC D/B/A BRADO",0,0,1,0,54,6767,MO,"SAINT LOUIS",63102
2023,"BRAIN ELECTROPHYSIOLOGY LABORATORY COMPANY LLC",0,0,1,0,54,7936,OR,EUGENE,97403
2023,"BRAINCHIP INC",0,0,1,0,54,2096,CA,"LAGUNA HILLS",92653
2023,"BRAINDO LLC",0,0,1,0,54,2815,PA,PHILADELPHIA,19123
2023,"BRAINHR IT SOLUTIONS INCORPORATION",4,0,1,0,54,1995,NJ,ISELIN,08830
2023,"BRAINOFT INC",0,0,1,0,54,5789,CA,"SAN MATEO",94401
2023,"BRAINS TECHNOLOGY SOLUTIONS INC",6,0,1,0,54,1813,MI,FARMINGTON,48335
2023,"BRAINS TECHNOLOGY SOLUTIONS INC",4,0,9,0,54,1813,MI,"FARMINGTON HILLS",48335
2023,"BRAINS TECHNOLOGY SOLUTIONS INC",1,0,1,0,54,1813,MI,"FARMINGTN HLS",48335
2023,"BRAINSCOPE COMPANY INC",0,0,2,0,54,6707,MD,"CHEVY CHASE",20815
2023,"BRAINTREE TECHNOLOGY SOLUTIONS LLC",0,0,1,0,54,7502,IL,PLAINFIELD,60585
2023,"BRAINWARE INC",0,0,1,0,54,3833,NJ,BRIDGEWATER,08807
2023,"BRAINWARE INC",0,2,1,1,54,3883,NJ,BRIDGEWATER,08807
2023,"BRAMASOL INC",1,0,3,0,54,3599,CA,"SANTA CLARA",95054
2023,"BRANCH RICHARDS CO P S",0,0,1,0,54,9988,WA,SEATTLE,98125
2023,"BRANCHPATTERN INC",0,0,2,0,54,1360,NE,LINCOLN,68504
2023,"BRANDING BOSSES LLC",1,0,0,0,54,8944,FL,TAMPA,33613
2023,"BRANDING BRAND INC",0,0,1,0,54,5943,PA,PITTSBURGH,15222
2023,"BRANDON CONSULTING ASSOCIATES INC",0,0,1,0,54,1880,,,
2023,"BRANDON HAW ARCHITECTURE LLP",1,0,0,0,54,6840,NY,BROOKLYN,11206
2023,"BRANDON VANCE LLC",0,0,1,0,54,4324,NY,"NEW YORK",10011
2023,"BRANDSCAPES WORLDWIDE CONSULTANCY LLC",0,0,1,0,54,9277,GA,ATLANTA,30346
2023,"BRANDT INFORMATION SERVICES LLC",0,0,1,0,54,0373,FL,TALLAHASSEE,32301
2023,"BRANTA GROUP INC",1,0,0,0,54,5527,,,
2023,"BRANTA GROUP INC",7,0,8,5,54,5527,CA,PLEASANTON,94588
2023,"BRASS TACKS COLLECTIVE LLC",1,0,0,0,54,4086,TX,DALLAS,75207
2023,"BRAUN INTERTEC CORPORATION",0,0,2,0,54,4205,MN,MINNEAPOLIS,55438
2023,"BRAUN WEISS INC DBA BRAUNWEISS",0,0,2,0,54,4456,MA,"NEWTON LOWER FALLS",02462
2023,"BRAUNHAGEY & BORDEN LLP",0,0,2,0,54,8375,CA,"SAN FRANCISCO",94104
2023,"BRAVEN TECHNOLOGIES INC",10,0,2,1,54,9609,TX,FRISCO,75033
2023,"BRAVES TECHNOLOGIES LLC",0,0,1,0,54,6582,GA,WOODSTOCK,30188
2023,"BRAVO LEARNING TECHNOLOGIES LLC",0,0,1,0,54,6231,MI,"GRAND RAPIDS",49503
2023,"BRAZE INC",0,0,4,0,54,5271,NY,"NEW YORK",10001
2023,"BREAD FINANCIAL PAYMENTS INC",0,0,3,0,54,3498,OH,COLUMBUS,43219
2023,"BREAD FINANCIAL PAYMENTS INC",0,0,1,0,54,3498,TX,PLANO,75024
2023,"BREADWARE HOLDING LLC",0,0,1,0,54,7825,NV,RENO,89501
2023,"BREAKTHROUGH LI CHIEF EXECUTIVE OFFICER",0,0,1,0,54,7104,CA,IRVINE,92618
2023,"BREAKTHROUGHFUEL LLC",0,0,1,0,54,2110,WI,APPLETON,54915
2023,"BREMBO INSPIRATION LAB CORP",0,0,1,0,54,3608,MI,PLYMOUTH,48170
2023,"BREWER SCIENCE INC",0,0,1,0,54,0668,MO,ROLLA,65401
2023,"BRIAN ASSOCIATES LLC",0,0,1,0,54,9779,NY,"NEW YORK",10001
2023,"BRICKS IT SOLUTIONS LLC",1,0,0,0,54,5120,TX,DALLAS,75219
2023,"BRICZ LLC",0,0,1,0,54,8463,GA,ATLANTA,30338
2023,"BRIDGE GROUP LLC",1,0,0,0,54,9738,IL,"ROLLING MDWS",60008
2023,"BRIDGE GROUP LLC",33,4,1,0,54,9738,IL,"ROLLING MEADOWS",60008
2023,"BRIDGE INTELLIGENCE LLC",0,0,1,0,54,4902,NJ,"NORTH BRUNSWICK",08902
2023,"BRIDGE SOLUTIONS GROUP INC",1,0,2,0,54,5042,NJ,"FORT LEE",07024
2023,"BRIDGE TECHNOLOGIES LLC",0,0,1,0,54,1039,NJ,BAYONNE,07002
2023,"BRIDGENEXUS TECHNOLOGIES INC",2,0,1,0,54,7724,CA,FREMONT,94538
2023,"BRIDGESOFT INFOSEC LLC",1,0,2,0,54,7008,VA,RESTON,20190
2023,"BRIDGETOWN CONSULTING GROUP INC",5,0,6,0,54,6964,NJ,PISCATAWAY,08854
2023,"BRIERLEY ASSOCIATES CORPORATION",0,0,1,0,54,8969,CO,DENVER,80222
2023,"BRIGENE BIOSCIENCES INC",0,0,1,0,54,7492,MD,DERWOOD,20855
2023,"BRIGHT BIRD TECHNOLOGIES INC",0,0,1,0,54,1105,NJ,EDISON,08817
2023,"BRIGHT MACHINES INC",0,0,3,0,54,5973,CA,"SAN FRANCISCO",94107
2023,"BRIGHT VISION TECHNOLOGIES LLC",3,0,0,0,54,9786,NJ,BRIDGEWATER,08807
2023,"BRIGHT WAY LLC",1,0,0,0,54,2937,IL,"ARLINGTON HEIGHTS",60004
2023,"BRIGHTECH INTERNATIONAL LLC",0,0,1,0,54,3567,NJ,SOMERSET,08873
2023,"BRIGHTFONTS INC",8,0,0,0,54,6802,TX,IRVING,75039
2023,"BRIGHTSHARKS ENGINEERING SERVICES LLC",1,0,0,0,54,9727,MI,FARMINGTON,48335
2023,"BRIGHTSHARKS ENGINEERING SERVICES LLC",0,0,0,1,54,9727,MI,"FARMINGTON HILLS",48335
2023,"BRIGHTWORKS SUSTAINABILITY LLC",0,0,1,0,54,7527,OR,PORTLAND,97209
2023,"BRIGIM ACCOUNTANTS & ADVISORS LLP",0,0,1,0,54,4045,CA,IRVINE,92606
2023,"BRII BIOSCIENCES INC",0,0,1,0,54,1667,NC,DURHAM,27701
2023,"BRILLFY TECHNOLOGY INC",2,0,6,0,54,6857,TX,RICHARDSON,75081
2023,"BRILLIANCE WEB DESIGN INC D B A BRILLIANCE BUSINESS SOLUTIONS",0,0,1,0,54,3216,WI,MILWAUKEE,53202
2023,"BRILLIANT INFOTECH INC",1,0,1,0,54,5988,NJ,EDISON,08817
2023,"BRILLIANT WORLDWIDE INC",1,0,0,0,54,6567,CA,"SAN FRANCISCO",94111
2023,"BRILLIO LLC",17,0,83,0,54,1766,NJ,EDISON,08837
2023,"BRILLIO LLC",0,0,2,0,54,1766,,,
2023,"BRILLIO LLC",40,0,0,0,54,1766,CA,"SAN RAMON",94583
2023,"BRILLIO LLC",0,0,0,1,54,1766,CA,"SANTA CLARA",95054
2023,"BRILLIUS TECHNOLOGIES INC",0,0,2,0,54,6265,,,
2023,"BRILLIUS TECHNOLOGIES INC",0,0,0,1,54,6265,CA,FREMONT,94538
2023,"BRILLIUS TECHNOLOGIES INC",0,0,11,0,54,6265,CA,PLEASANTON,94588
2023,"BRINDLEY ENGINEERING CORPORATION",0,0,1,0,54,6383,IL,LISLE,60532
2023,"BRISEA INTERNATIONAL DEVELOPMENT INC",1,0,0,0,54,6262,NJ,PARSIPPANY,07054
2023,"BRISTLECONE INC",9,0,3,0,54,5545,CA,"SAN JOSE",95113
2023,"BRITE SYSTEMS INC",1,0,0,0,54,3468,IN,INDIANAPOLIS,46204
2023,"BRITESEED LLC",0,0,1,0,54,3741,IL,CHICAGO,60640
2023,"BRITIVE INC",0,0,1,0,54,3694,,,
2023,"BRIVO SYSTEMS LLC",0,0,1,0,54,6161,MD,BETHESDA,20814
2023,"BROAD INSTITUTE",0,0,5,0,54,8781,MA,CAMBRIDGE,02142
2023,"BROAD INSTITUTE",5,1,4,0,54,8781,MA,RANDOLPH,02368
2023,"BROAD INSTITUTE",6,0,4,0,54,8781,MA,STOW,01775
2023,"BROAD INSTITUTE",1,0,0,0,54,8781,,,
2023,"BROAD PEAK SYSTEMS INC",0,0,3,0,54,3276,PA,"KING OF PRUSSIA",19406
2023,"BROADGATE INC",0,2,0,0,54,4093,MI,TROY,48084
2023,"BROADMOOR SOLUTIONS INC",0,0,3,0,54,8000,MA,PLYMOUTH,02360
2023,"BROADRANGE TECHNOLOGIES INC",2,1,0,0,54,7888,NJ,"SOUTH PLAINFIELD",07080
2023,"BROADRANGE TECHNOLOGIES INC",1,0,0,0,54,7888,NJ,"S PLAINFIELD",07080
2023,"BROMPTON ENERGY INC",0,0,2,0,54,5123,TX,HOUSTON,77068
2023,"BRONCUS MEDICAL INC",0,0,1,0,54,1165,CA,"SAN JOSE",95134
2023,"BROOK CONSULTANTS INC",0,0,2,0,54,6389,TX,PLANO,75093
2023,"BROOK TELECOM SOLUTIONS INC",1,0,0,0,54,1485,TX,PLANO,75093
2023,"BROOKHAVEN NATIONAL LABORATORY",12,0,16,0,54,3915,NY,UPTON,11973
2023,"BROOKHAVEN NATIONAL LABORATORY",0,0,1,0,54,3915,,,
2023,"BROTHERS CONSULTING LLC",1,0,0,0,54,1258,VA,STERLING,20166
2023,"BROWDER & LEGUIZAMON AND ASSOCIATES INC",0,0,3,0,54,1883,GA,ATLANTA,30328
2023,"BROWN AND CALDWELL",0,0,1,0,54,6346,CA,"WALNUT CREEK",94596
2023,"BROWN IMMIGRATION LAW P C L L O",1,0,0,0,54,7727,NE,LINCOLN,68512
2023,"BROWSE INFO SOLUTIONS INC",1,1,0,0,54,7607,MI,CANTON,48187
2023,"BROWSE INFO SOLUTIONS INC",0,0,1,0,54,7607,,,
2023,"BRP COLLEAGUE INC",0,0,5,0,54,0685,FL,TAMPA,33607
2023,"BRUCE E BERNSTIEN & ASSOCIATES PLLC",0,0,1,0,54,2055,TX,DALLAS,75231
2023,"BRUHAT TECHNOLOGIES INC",7,0,1,0,54,7175,TX,DALLAS,75234
2023,"BRUHAT TECHNOLOGIES INC",33,3,0,0,54,7175,TX,IRVING,75063
2023,"BRUIN GROUP LLC",0,0,2,0,54,5083,NY,"NEW YORK",10041
2023,"BRUKER BIOSPIN CORPORATION",0,0,1,0,54,9285,MA,BILLERICA,01821
2023,"BRUKER OST LLC",0,0,1,0,54,8418,NJ,CARTERET,07008
2023,"BRUNSWICK GROUP LLC",0,0,1,0,54,1418,NY,"NEW YORK",10036
2023,"BRYANT PARK CONSULTING INC",1,0,0,0,54,3880,NY,"NEW YORK",10175
2023,"BSA LIFESTRUCTURES INC",0,0,1,0,54,3170,IN,INDIANAPOLIS,46240
2023,"BSI AMERICA PROFESSIONAL SERVICES INC",0,0,1,0,54,0125,CA,"SAN JOSE",95131
2023,"BSI GROUP AMERICA INC",1,0,0,0,54,5354,VA,HERNDON,20170
2023,"BT FOUNDRY",1,0,0,0,54,4635,TX,DALLAS,75207
2023,"BTI SOLUTIONS INC",1,0,2,0,54,7299,TX,RICHARDSON,75081
2023,"BTREE SOLUTIONS INC",2,0,1,0,54,3036,VA,HERNDON,20171
2023,"BTS SOFTWARE LABS INC",4,0,0,0,54,1003,MI,TROY,48084
2023,"BUCK DESIGN, LLC",1,0,0,0,54,8608,CA,"LOS ANGELES",90031
2023,"BUCK INSTITUTE FOR RESEARCH ON AGING",2,0,3,0,54,0609,CA,NOVATO,94945
2023,"BUCKMAN LABORATORIES INTERNATIONAL INC",0,0,1,0,54,1048,,,
2023,"BUILDING ENGERGY SOLUTIONS TECHNOLOGY INC DBA BES TECH INC",0,0,1,0,54,3941,NE,OMAHA,68122
2023,"BUILDING ROBOTICS INC DBA COMFY",0,0,2,0,54,8620,FL,ORLANDO,32817
2023,"BUILT IN INC",0,0,1,0,54,2948,IL,CHICAGO,60601
2023,"BULLHORN INC",0,0,2,0,54,9916,MA,BOSTON,02110
2023,"BULLISH US LLC",0,0,3,0,54,6490,VA,BLACKSBURG,24060
2023,"BUMBLEBEE SPACES INC",0,0,1,0,54,7003,CA,"SAN FRANCISCO",94110
2023,"BURBERRY LIMITED",0,0,1,0,54,3527,NY,"NEW YORK",10022
2023,"BUREAU VERITAS COMMODITIES AND TRADE INC",0,0,3,0,54,6968,TX,HOUSTON,77058
2023,"BUREAU VERITAS CONSUMER PRODUCTS SERVICES INC",0,0,2,0,54,0400,NY,BUFFALO,14228
2023,"BUREAU VERITAS HOLDINGS INC",0,0,1,0,54,8812,FL,"FORT LAUDERDALE",33323
2023,"BUREAU VERITAS NORTH AMERICA INC",0,0,1,0,54,9244,TX,HOUSTON,77060
2023,"BURGISS GROUP",0,0,1,0,54,9963,NJ,HOBOKEN,07030
2023,"BURNS & MCDONNELL ENGINEERING COMPANY INC",0,0,25,1,54,6142,MO,"KANSAS CITY",64114
2023,"BURO HAPPOLD CONSULTING ENGINEERS INC",0,0,2,0,54,4355,NY,"NEW YORK",10005
2023,"BUSHNEL INC",0,0,1,0,54,7278,ND,FARGO,58102
2023,"BUSINESS ENTERPRIZE INC",0,0,1,0,54,4247,CA,"LAKE FOREST",92630
2023,"BUSINESS INTEGRA TECHNOLOGY SOLUTIONS INC",1,0,1,0,54,9304,MD,BETHESDA,20817
2023,"BUSINESS INTELLI SOLUTIONS INC",0,1,1,0,54,1235,TX,DALLAS,75244
2023,"BUSINESS INTELLI SOLUTIONS INC",0,0,1,0,54,1235,TX,"FARMERS BRANCH",75244
2023,"BUSINESS INTELLIGENCE SOLUTIONS INC",4,0,2,1,54,4078,VA,HERNDON,20170
2023,"BUSINESS INTELLIGENCE SYSTEMS INC",0,0,1,0,54,3148,VA,"DUNN LORING",22027
2023,"BUSINESS SOFTWARE SOLUTIONS INC",4,0,0,0,54,5624,TX,HOUSTON,77036
2023,"BUSINESS SOLUTION CONSULTANTS LLC",2,0,5,0,54,4477,MI,"AUBURN HILLS",48326
2023,"BUSINESS SOLUTION CONSULTANTS LLC",6,0,2,1,54,4477,MI,"GRAND BLANC",48439
2023,"BUSINESS TECHNOLOGY SOFTWARE SOLUTIONS INC",1,0,3,0,54,5193,TX,FRISCO,75034
2023,"BUSINESSOLVER COM INC",0,0,1,0,54,3807,IA,"WEST DES MOINES",50265
2023,"BUSITANTS INCORPORATED",2,0,3,0,54,9710,RI,PROVIDENCE,02903
2023,"BUTLR TECHNOLOGIES INC",0,0,1,0,54,2154,,,
2023,"BUTLR TECHNOLOGIES INC",1,0,0,0,54,2154,CA,"SAN MATEO",94403
2023,"BUXTON CONSULTING INC",0,0,3,0,54,6827,CA,"SAN RAMON",94583
2023,"BUZZCLAN LLC",0,0,1,0,54,7694,TX,DALLAS,75240
2023,"BVF ENGINEERING INC",0,0,1,0,54,4345,MD,COLUMBIA,21045
2023,"BVM TECHNOLOGY ASSOCIATES INC",1,0,2,0,54,6614,TX,FRISCO,75034
2023,"BW GROUP INC",0,0,1,0,54,6529,TX,ADDISON,75001
2023,"BYTE LINK SYSTEMS INC",0,0,1,0,54,7158,TX,KATY,77494
2023,"BYTE LINK SYSTEMS INC",4,0,11,0,54,7158,TX,KATY,77494
2023,"BYTEDANCE INC",0,0,8,0,54,5210,,,
2023,"BYTEDANCE INC",2,0,44,0,54,5210,CA,"MOUNTAIN VIEW",94041
2023,"BYTEFORZA INC",0,0,1,0,54,8616,VA,RESTON,20190
2023,"BYTEMARK INC",0,0,1,0,54,8795,TX,AUSTIN,78701
2023,"BYTEWARE CLOUD INC",1,0,0,0,54,5742,GA,SUWANEE,30024
2023,"BYTEWARE INC",0,0,1,0,54,5199,,,
2023,"BYTEWARE INC",0,0,10,0,54,5199,GA,SUWANEE,30024
2023,"C & J CATZ STUDIO INC",0,0,1,0,54,5263,MA,BOSTON,02127
2023,"C A GROUP INC",0,0,1,0,54,8684,NV,"LAS VEGAS",89146
2023,"C A INDUSTRIES LLC",0,0,1,0,54,2910,NE,OMAHA,68114
2023,"C AND Y GLOBAL LOGISTICS SERVICE LLC",1,0,0,0,54,4185,IL,AURORA,60502
2023,"C FLORIDA TAX AND ACCOUNTING SERV",1,0,0,0,54,7249,FL,ORLANDO,32808
2023,"C H GUERNSEY & COMPANY",0,0,1,0,54,0816,OK,"OKLAHOMA CITY",73112
2023,"C H ROBINSON SHARED SERVICES INC",0,0,2,0,54,8291,MN,"EDEN PRAIRIE",55347
2023,"C H ROBINSON WORLDWIDE INC",1,0,6,1,54,6721,MN,"EDEN PRAIRIE",55347
2023,"C MOTIVE TECHNOLOGIES INC",1,0,0,0,54,8153,WI,MIDDLETON,53562
2023,"C V ASSOCIATES NY PE LS PC",0,0,1,0,54,2136,NY,HARRIMAN,10926
2023,"C VISION INC",0,0,1,0,54,0495,GA,ALPHARETTA,30005
2023,"C VISION INC",2,1,4,0,54,0495,MI,TROY,48083
2023,"C&T INFORMATION TECHNOLOGY CONSULTING INC",0,0,1,0,54,9426,TX,GEORGETOWN,78626
2023,"C2N DIAGNOSTICS LLC",0,0,1,0,54,1386,MO,"SAINT LOUIS",63110
2023,"C2S TECHNOLOGIES INC",1,0,0,0,54,2047,,,
2023,"C2S TECHNOLOGIES INC",8,0,0,0,54,2047,WA,BELLEVUE,98007
2023,"C3SPECTRA INC",1,0,0,0,54,8502,VA,ASHBURN,20147
2023,"C4I TECHNOLOGIES INC",3,0,3,0,54,5173,TX,KATY,77494
2023,"C9XPERTS CORPORATION",3,1,2,0,54,0529,CA,"SAN JOSE",95113
2023,"CA INC",0,0,1,0,54,7434,,,
2023,"CA INC",2,0,49,7,54,7434,CA,"SAN JOSE",95131
2023,"CA ONE TECH CLOUD INC",1,0,0,0,54,3780,CA,FREMONT,94538
2023,"CABALLERO ASSOCIATES LLC",0,0,1,0,54,1301,NJ,METUCHEN,08840
2023,"CABAN LLC",1,0,0,0,54,1797,AZ,TUCSON,85701
2023,"CABLE TELEVISION LABORATORIES INC",1,0,1,0,54,2897,CO,LOUISVILLE,80027
2023,"CAD TECHNOLOGY CENTER INC",0,0,1,0,54,4674,MN,BLOOMINGTON,55425
2023,"CAD TECHNOLOGY CENTER INC",0,0,1,0,54,4674,MN,MINNEAPOLIS,55425
2023,"CADAN CORPORATION",1,0,0,0,54,4073,VA,ASHBURN,20147
2023,"CADCAM E COM INC",1,0,0,0,54,1893,MI,"FARMINGTON HILLS",48334
2023,"CADENT LLC",0,0,5,0,54,9194,NY,"NEW YORK",10019
2023,"CADWALADER WICKERSHAM TAFT LLP",0,0,1,0,54,0350,NY,"NEW YORK",10281
2023,"CAE TECHNOLOGY SERVICES INC",2,0,1,0,54,1694,CA,"SAN JOSE",95134
2023,"CAERUSGLOBAL INC",0,0,16,2,54,2539,NJ,EDISON,08817
2023,"CALABITEK INC",4,0,1,0,54,2851,TX,CARROLLTON,75007
2023,"CALANCE CORPORATION",0,0,1,0,54,1955,CA,ANAHEIM,92802
2023,"CALFUS INC",0,0,2,0,54,4559,CA,PLEASANTON,94588
2023,"CALIBER BUSINESS SYSTEMS INC",0,0,1,0,54,2110,NJ,"SOUTH PLAINFIELD",07080
2023,"CALIBER CONSULTING INC",5,0,0,0,54,3917,TX,LEWISVILLE,75056
2023,"CALIBER IT SOLUTIONS INC",1,0,11,0,54,0017,SC,"ROCK HILL",29730
2023,"CALIBER MANAGEMENT LLC",2,0,0,0,54,8582,TX,"ROUND ROCK",78681
2023,"CALIBUR INTEGRATED SOLUTIONS INC",0,0,1,0,54,3680,TX,HOUSTON,77064
2023,"CALICO LIFE SCIENCES LLC",0,0,2,0,54,9245,CA,"SOUTH SAN FRANCISCO",94080
2023,"CALIFORNIA CREATIVE SOLUTIONS INC",1,0,0,0,54,2869,CA,IRVINE,92604
2023,"CALIFORNIA CREATIVE SOLUTIONS INC",4,1,21,1,54,2869,CA,POWAY,92064
2023,"CALIFORNIA CREATIVE SOLUTIONS INC",0,1,0,0,54,2869,CA,POWAY,92604
2023,"CALIFORNIA SOFTTECH INC",3,0,0,0,54,4486,MI,"WEST BLOOMFIELD",48322
2023,"CALIFORNIA SOFTTECH INC",1,0,0,0,54,4486,MI,"WEST BLOOMFIELD TOWN",48322
2023,"CALIFORNIA SOFTTECH INC",1,0,0,0,54,4486,MI,"WEST BLOOMFIELD TWP",48322
2023,"CALIFORNIA SOFTTECH INC",2,0,0,0,54,4486,MI,"W BLOOMFIELD",48322
2023,"CALIFORNIA SOLAR INTREGRATORS INC",0,0,1,0,54,7913,CA,"LOS ANGELES",90021
2023,"CALISTO CORPORATION",1,0,0,0,54,5598,CA,"SAN MATEO",94403
2023,"CALLAHAN & ASSOCIATES INC",0,0,1,0,54,1942,DC,WASHINGTON,20036
2023,"CALLIDUS SOFTWARE INC",0,0,1,0,54,8629,PA,"NEWTOWN SQUARE",19073
2023,"CALLISONRTKL ARCHITECTS PC",0,0,2,0,54,3053,DC,WASHINGTON,20037
2023,"CALLISONRTKL INC",0,0,3,1,54,4069,DC,WASHINGTON,20037
2023,"CALM COM INC",0,0,1,0,54,3119,CA,"SAN FRANCISCO",94108
2023,"CALSOFT LABS INC",16,0,4,0,54,4724,CA,"SAN JOSE",95134
2023,"CALSOFT SYSTEMS",0,0,1,0,54,3327,CA,TORRANCE,90502
2023,"CALTEK SOLUTIONS INC",3,0,0,0,54,9457,CA,"UNION CITY",94587
2023,"CALYPSO SOFT INC",2,0,2,0,54,2517,IL,PLAINFIELD,60585
2023,"CALYPSO TECHNOLOGY INC",0,0,1,0,54,7822,CA,"SAN FRANCISCO",94111
2023,"CALYPSO TECHNOLOGY INC",0,0,3,0,54,7822,NY,"NEW YORK",10016
2023,"CAM CAREER MANAGEMENT INC",1,0,0,0,54,5649,TX,LEANDER,78641
2023,"CAMACHO CALVO LAW GROUP LLC",0,0,1,0,54,1186,GU,HAGATNA,96910
2023,"CAMBAY CONSULTING LLC",1,0,1,0,54,4952,TX,KATY,77449
2023,"CAMBRIDGE PHARMA CONSULTANCY INC",0,0,1,0,54,1722,NC,DURHAM,27703
2023,"CAMBRIDGE TECHNOLOGY INC",3,0,9,0,54,3445,GA,NORCROSS,30092
2023,"CAMBURAS THEODORE LTD",0,0,2,0,54,8718,IL,"DES PLAINES",60016
2023,"CAMEL ENERGY INC",1,0,1,0,54,0478,MI,"ANN ARBOR",48108
2023,"CAMELOT ILLINOIS LLC",0,0,1,0,54,0811,IL,CHICAGO,60606
2023,"CAMELOT INTEGRATED SOLUTIONS INC",0,0,1,0,54,4559,,,
2023,"CAMELOT INTEGRATED SOLUTIONS INC",6,0,19,2,54,4559,TX,HOUSTON,77077
2023,"CAMP SYSTEMS INTERNATIONAL INC",0,0,3,0,54,6525,NH,MERRIMACK,03054
2023,"CAMP4 THERAPEUTICS CORPORATION",1,0,3,0,54,2476,MA,CAMBRIDGE,02139
2023,"CAMPBELL HOUSE COLLECTIVE INC",0,0,1,0,54,8370,NV,HENDERSON,89052
2023,"CAMPBELL LANDSCAPE ARCHITECTURE INC",0,0,1,0,54,0397,TX,AUSTIN,78704
2023,"CAMPFIRE INTERACTIVE INC",0,0,3,0,54,4330,MI,"ANN ARBOR",48104
2023,"CAMPFIRE LLC",1,0,0,0,54,3709,WA,RENTON,98059
2023,"CAMPTRA TECHNOLOGIES LLC",1,0,0,0,54,6768,TX,PLANO,75075
2023,"CAMRIS INTERNATIONAL LLC",0,0,1,0,54,2031,MD,BETHESDA,20817
2023,"CAMRON PUBLIC RELATIONS US LLC",0,0,1,0,54,6137,,,
2023,"CAMUNDA INC",1,0,0,0,54,3355,DE,WILMINGTON,19801
2023,"CAN SOFTTECH INC",0,0,1,0,54,2706,VA,HERNDON,20171
2023,"CANADA FRANCE HAWAII TELESCOPE CORPORATION",1,0,0,0,54,8736,HI,KAMUELA,96743
2023,"CANAL INC",0,0,1,0,54,6905,NY,BROOKLYN,11232
2023,"CANDEL THERAPEUTICS INC",0,0,1,0,54,4851,MA,"NEEDHAM HEIGHTS",02494
2023,"CANDIDATE LABS INC D B A CANDIDATE LABS",0,0,1,0,54,1216,CA,"SAN MATEO",94401
2023,"CANDOR PS LLC",3,0,0,0,54,7054,CA,"SAN JOSE",95138
2023,"CANDORSOFT TECHNOLOGIES LLC",0,0,1,0,54,0606,NC,CARY,27518
2023,"CANIDIUM LLC",1,0,0,0,54,7289,,,
2023,"CANNON DESIGN INC",4,0,2,0,54,8950,NY,BUFFALO,14202
2023,"CANOPY ONE SOLUTIONS INC",7,0,1,0,54,6206,VA,CHANTILLY,20151
2023,"CANVAS INFOTECH INC",0,0,2,0,54,9486,CA,FREMONT,94538
2023,"CANVENDOR INC",2,1,0,0,54,5115,CA,FREMONT,94536
2023,"CAOS CAPITAL LLC",0,0,2,0,54,3549,CA,"HERMOSA BEACH",90254
2023,"CAP DIGISOFT SOLUTIONS INC DBA MEDICAL LEGAL SPIDER",0,0,2,0,54,0866,TX,FRISCO,75033
2023,"CAPACITY LLC",0,0,1,0,54,3543,NJ,"NORTH BRUNSWICK",08902
2023,"CAPACITY STUDIOS CORP DBA CAPACITY CORP",0,0,1,0,54,2755,NC,CARY,27513
2023,"CAPCO CONSULTING SERVICES LLC",0,0,1,0,54,7844,NY,"NEW YORK",10005
2023,"CAPE ANALYTICS INC",0,0,1,0,54,9902,CA,"PALO ALTO",94301
2023,"CAPE DESIGN ENGINEERING CO",0,0,1,0,54,7691,FL,MELBOURNE,32940
2023,"CAPE DESIGN ENGINEERING CO",0,0,1,0,54,7691,FL,"MERRITT ISLAND",32952
2023,"CAPGEMINI AMERICA INC",1,0,0,0,54,5929,CT,"NORTH GRANBY",06060
2023,"CAPGEMINI AMERICA INC",568,12,785,11,54,5929,IL,CHICAGO,60606
2023,"CAPGEMINI AMERICA INC",1,0,2,0,54,5929,OH,DAYTON,45342
2023,"CAPGEMINI AMERICA INC",1,0,26,1,54,5929,OH,MIAMISBURG,45342
2023,"CAPGEMINI AMERICA INC",0,0,1,0,54,5929,IL,CHICAGO,60606
2023,"CAPGEMINI AMERICA INC",0,0,1,0,54,2929,IL,CHICAGO,60606
2023,"CAPGEMINI AMERICA INC",0,0,1,0,54,5929,IL,CHICAGO,60606
2023,"CAPGEMINI AMERICA INC",8,0,31,0,54,5929,,,
2023,"CAPITAL DATA INC",0,0,1,0,54,0699,WI,BROOKFIELD,53005
2023,"CAPITAL INFO GROUP INC",5,0,23,1,54,6217,TX,IRVING,75038
2023,"CAPITAL INFOTECH INC",0,0,2,0,54,6993,VA,CHANTILLY,20151
2023,"CAPITAL IT SOLUTIONS INC",8,1,0,0,54,4255,VA,LEESBURG,20175
2023,"CAPITAL PROJECT MANAGEMENT INC",0,0,1,0,54,7922,PA,"BLUE BELL",19422
2023,"CAPITAL RECRUITERS INC",2,1,0,0,54,5098,TX,DALLAS,75248
2023,"CAPITOL STRATEGIES CONSULTING INC",1,0,0,0,54,7704,IL,SPRINGFIELD,62711
2023,"CAPITOLIS INC",1,0,0,0,54,4114,NY,"NEW YORK",10017
2023,"CAPRIUM INC",1,0,1,0,54,0286,CA,MILPITAS,95035
2023,"CAPRUS IT INC",4,1,22,2,54,4772,TX,FRISCO,75034
2023,"CAPSIGEN INC",0,0,1,0,54,0329,WA,VANCOUVER,98660
2023,"CAPSPIRE INC",0,0,2,0,54,8301,AR,FAYETTEVILLE,72701
2023,"CAPSTAN THERAPEUTICS INC",1,0,0,0,54,3599,CA,"SAN DIEGO",92121
2023,"CAPSTONEUSA LLC",4,0,0,0,54,0473,MI,FARMINGTON,48335
2023,"CAPSTONEUSA LLC",3,0,0,0,54,0473,MI,"FARMINGTON HILLS",48335
2023,"CAPTALROCK LLC",0,0,0,1,54,6291,UT,"NORTH SALT LAKE",84054
2023,"CAPTECH VENTURES INC",0,0,1,0,54,3700,VA,RICHMOND,23226
2023,"CAPTIV8 INC",0,0,2,0,54,3952,CA,"SAN FRANCISCO",94105
2023,"CAPTIVE SOFTWARE SOLUTIONS INC",1,0,0,0,54,6936,NE,OMAHA,68107
2023,"CAPTIVEA LLC",0,0,2,0,54,9113,FL,ORLANDO,32828
2023,"CARANGUE AND CARANGUE PA",0,0,1,0,54,0155,FL,JACKSONVILLE,32217
2023,"CARAT USA INC",1,0,2,0,54,8346,NY,"NEW YORK",10017
2023,"CARBON DIRECT INC",0,0,1,0,54,4164,NY,"NEW YORK",10004
2023,"CARCOUSTICS TECH CENTER NORTH AMERICA INC",1,0,0,0,54,2132,MI,TROY,48098
2023,"CARDINAL INTEGRATED TECHNOLOGIES INC",1,0,0,0,54,5777,NJ,"MONMOUTH JUNCTION",08852
2023,"CARDIOVASCULAR RESEARCH FOUNDATION",0,0,2,0,54,2653,NY,"NEW YORK",10019
2023,"CARDLYTICS INC",0,0,8,0,54,9436,GA,ATLANTA,30308
2023,"CARDUS INC",0,0,1,0,54,8064,MI,FARMINGTON,48335
2023,"CARDUS INC",0,0,2,0,54,8064,MI,"FARMINGTON HILLS",48335
2023,"CARE EVERYWHERE LLC",0,0,1,0,54,2731,MA,NATICK,01760
2023,"CARE IT SERVICES INC",0,0,1,0,54,4835,NJ,PLAINSBORO,08536
2023,"CAREER SOFT SOLUTIONS INC",1,1,27,0,54,9493,NJ,EDISON,08817
2023,"CAREER SOFT SOLUTIONS INC",0,0,1,0,54,9493,,,
2023,"CARESIGNAL LLC FORMERLY EPHARMIX INC",0,0,1,0,54,3905,MO,"SAINT LOUIS",63110
2023,"CARESOFT GLOBAL INC",0,0,1,0,54,9422,,,
2023,"CARESOFT GLOBAL INC",2,0,8,0,54,9422,IL,"BURR RIDGE",60527
2023,"CARESOFT GLOBAL INC",1,0,2,0,54,9422,IL,WILLOWBROOK,60527
2023,"CARESOFT GLOBAL TECHNOLOGIES INC",3,0,0,0,54,7345,MI,LIVONIA,48150
2023,"CARGOMATRIX INC",0,0,1,1,54,0179,NY,HEWLETT,11557
2023,"CARIAD INC",0,0,1,0,54,8969,,,
2023,"CARIAD INC",0,0,8,0,54,8969,VA,HERNDON,20171
2023,"CARIAN GROUP CORPORATION",0,0,1,0,54,5451,NJ,SOMERSET,08873
2023,"CARIAN GROUP CORPORATION",0,0,1,0,54,5451,NJ,"SOUTH PLAINFIELD",07080
2023,"CARIBOU BIOSCIENCES INC",1,0,1,0,54,8228,CA,BERKELEY,94710
2023,"CARLSON BRIGANCE & DOERING INC",0,0,1,0,54,4469,TX,AUSTIN,78749
2023,"CARMAN SOLUTIONS GROUP INC",3,1,3,0,54,2572,GA,CUMMING,30040
2023,"CARNEGIE HEALTH LIFE SCIENCES INC",1,0,0,0,54,9603,NJ,"SOUTH PLAINFIELD",07080
2023,"CARNEGIE INFOTECH INC",2,0,1,0,54,2785,NJ,"SOUTH PLAINFIELD",07080
2023,"CARNEGIE INSTITUTION FOR SCIENCE",0,0,1,0,54,6523,DC,WASHINGTON,20015
2023,"CARNEGIE INSTITUTION FOR SCIENCE",1,0,0,0,54,6523,MD,BALTIMORE,21218
2023,"CARNEGIE SOFTWARE CORPORATION",1,0,2,0,54,6262,NJ,PRINCETON,08540
2023,"CAROLLO ENGINEERS INC",3,0,7,0,54,9222,AZ,PHOENIX,85034
2023,"CAROUSEL INDUSTRIES OF NORTH AMERICA INC DBA NWN CAROUSEL",0,0,2,0,54,2254,RI,EXETER,02822
2023,"CARROTEZ CORPORATION",0,0,1,0,54,0188,WA,KENT,98032
2023,"CARROTHR INC",0,0,1,0,54,3732,CA,"LOS ANGELES",90025
2023,"CARRROLL GUIDO GROFFMAN COHEN BAR & KARALIAN LLP",0,0,1,0,54,3347,CA,"WEST HOLLYWOOD",90069
2023,"CART COM",1,0,0,0,54,2907,TX,AUSTIN,78701
2023,"CARTER MECHANICAL INC",0,0,1,0,54,9333,PA,MALVERN,19355
2023,"CASCADES DATA SOLUTIONS INC",2,0,0,0,54,3212,VA,STERLING,20166
2023,"CASE GLOBAL INC",0,0,1,0,54,1540,CA,"LOS ANGELES",90049
2023,"CASH FLOW MANAGEMENT",0,0,1,0,54,4074,AZ,CHANDLER,85226
2023,"CASKEY MANDELL KARP & BLOCK LLP",0,0,1,0,54,8982,,,
2023,"CASPEX CORP",0,0,2,1,54,9647,PA,NEWTOWN,18940
2023,"CASPEX CORP",0,0,1,0,54,9647,WA,DOTY,98539
2023,"CASPEX CORP",1,0,0,0,54,9647,CA,FREMONT,94539
2023,"CASPEX CORP",0,0,1,0,54,9647,CA,FREMONT,98539
2023,"CAST & CREW PAYROLL LLC",0,0,2,0,54,4425,CA,BURBANK,91504
2023,"CAST SOFTWARE INC",0,0,1,0,54,0846,NY,"NEW YORK",10018
2023,"CASTILLO ENGINEERING SERVICES, LLC",1,0,1,0,54,2041,FL,MAITLAND,32751
2023,"CASTLEBRIDGE CONSULTING LLC",0,0,1,0,54,0734,FL,TAMPA,33609
2023,"CASTLEGARDE INC",0,0,1,0,54,4432,FL,TAMPA,33611
2023,"CASTLIGHT HEALTH INC",2,0,0,2,54,9091,CA,"SAN FRANCISCO",94105
2023,"CASTLIGHT HEALTH INC",0,0,8,0,54,9091,CA,"SAN FRANCISCO",94111
2023,"CAT TECHNOLOGY INC",5,0,4,1,54,5427,NJ,MAHWAH,07430
2023,"CATALENT PHARMA SOLUTIONS",0,0,1,0,54,3163,,,
2023,"CATALENT PHARMA SOLUTIONS",1,0,15,1,54,3163,NJ,SOMERSET,08873
2023,"CATALINA BUSINESS SOLUTIONS INC",3,0,1,0,54,3295,IN,INDIANAPOLIS,46240
2023,"CATALINA MARKETING TECHNOLOGY SOLUTIONS INC",0,0,3,0,54,8728,FL,"SAINT PETERSBURG",33716
2023,"CATALINA MARKETING TECHNOLOGY SOLUTIONS INC",0,0,1,0,54,8728,FL,"ST PETERSBURG",33716
2023,"CATALYST SOFTWARE CORPORATION",1,0,0,0,54,9780,NY,"NEW YORK",10011
2023,"CATAMARAN BIO INC",0,0,1,0,54,6127,MA,BOSTON,02210
2023,"CATCHPOINT SYSTEMS INC",0,0,1,0,54,3790,NY,"NEW YORK",10001
2023,"CATO INSTITUTE",1,0,0,0,54,2162,DC,WASHINGTON,20001
2023,"CATO SMS",0,1,0,0,54,8539,NC,CARY,27513
2023,"CAVALIER WORKFORCE INC",0,0,1,0,54,9844,,,
2023,"CAVALIER WORKFORCE INC",0,0,1,1,54,9844,NJ,"JERSEY CITY",07302
2023,"CAVEON LLC",0,0,1,0,54,1680,,,
2023,"CAVIRIN SYSTEMS INC",1,0,0,0,54,2107,CA,"SAN JOSE",95131
2023,"CAYOSOFT INC",1,0,0,0,54,5984,OH,WESTERVILLE,43081
2023,"CAYS INC",0,0,1,0,54,4928,CA,"EL SEGUNDO",90245
2023,"CB TECHNOLOGY SERVICES CORPORATION D/B/A CASTLEBAY COMPANIES",0,0,1,0,54,1085,PA,READING,19610
2023,"CB&I LLC",1,0,1,0,54,6868,TX,HOUSTON,77079
2023,"CB&I STORAGE TANK SOLUTIONS LLC",1,0,0,0,54,4907,TX,HOUSTON,77079
2023,"CBC GROUP LLC",0,0,0,1,54,8696,TX,IRVING,75063
2023,"CBIZ ACCOUNTING TAX & ADVISORY OF NEW ENGLAND LLC",0,0,3,0,54,3134,MA,BOSTON,02116
2023,"CBIZ BENEFITS & INSURANCE SERVICES INC",0,0,1,0,54,2098,,,
2023,"CBIZ MHM NORTHERN CALIFORNIA, LLC",0,0,2,0,54,7542,CA,"SAN FRANCISCO",94104
2023,"CBN TECH FORCE INC",1,0,4,0,54,3446,TX,IRVING,75038
2023,"CBT-CHILDS BERTMAN TSECKARES INC",0,0,1,0,54,9873,MA,CHARLESTOWN,02129
2023,"CBTS TECHNOLOGY SOLUTIONS LLC DBA CBTS",0,0,5,0,54,2018,OH,CINCINNATI,45202
2023,"CC SERVICES INC DBA COUNTRY FINANCIAL",0,0,1,0,54,0579,,,
2023,"CC SERVICES INC DBA COUNTRY FINANCIAL",0,0,8,0,54,0579,IL,BLOOMINGTON,61701
2023,"CCIC CHICAGO INC",0,0,1,0,54,3682,IL,NAPERVILLE,60563
2023,"CCK STRATEGIES PLLC",0,0,3,1,54,8194,OK,TULSA,74137
2023,"CCSI LLC DBA COMPLETE CORPORATE SOLUTIONS",1,0,0,0,54,2643,MI,SOUTHFIELD,48076
2023,"CCSOLTECH LLC",2,0,1,0,54,3694,NH,NASHUA,03062
2023,"CD BIOSCIENCES INC DBA CREATIVE DIAGNOSTICS CREATIVE BIOMART",0,0,2,0,54,1097,NY,SHIRLEY,11967
2023,"CDATASYSTEMS INC",0,0,1,0,54,3399,NJ,CRANBURY,08512
2023,"CDATASYSTEMS INC",0,0,2,0,54,3399,NJ,"EAST WINDSOR",08512
2023,"CDG ENGINEERS INC",0,0,1,0,54,3696,MO,"SAINT LOUIS",63139
2023,"CDH P C",0,1,0,0,54,5119,IL,ITASCA,60143
2023,"CDI SOLUTIONS INC",0,0,1,0,54,3463,,,
2023,"CDI SOLUTIONS INC",0,0,7,0,54,3463,CA,"SAN RAMON",94583
2023,"CDK GLOBAL LLC",0,0,11,0,54,4947,IL,"HOFFMAN ESTATES",60169
2023,"CDL MARKETING GROUP LLC DBA CAREER NOW BRANDS",0,0,2,0,54,5836,MI,"ROYAL OAK",48067
2023,"CDM SMITH INC",0,0,5,0,54,3650,MA,BOSTON,02109
2023,"CDRP TECHNOLOGIES LLC",2,0,0,0,54,3119,TX,IRVING,75039
2023,"CDS GLOBAL SERVICES INC",4,0,1,0,54,7850,PA,MALVERN,19355
2023,"CDS VISUAL INC",0,0,1,0,54,9988,CA,"SAN JOSE",95138
2023,"CDW TECHNOLOGIES LLC",0,0,8,0,54,8725,IL,"VERNON HILLS",60061
2023,"CEC CONTROLS COMPANY INC",0,0,1,0,54,6671,TX,HOUSTON,77084
2023,"CEDENT CONSULTING INC",1,0,4,0,54,6011,TX,PLANO,75024
2023,"CEDRUS DIGITAL",1,0,0,0,54,5339,NY,"NEW YORK",10036
2023,"CEENA LLC",1,0,1,0,54,6357,KS,"OVERLAND PARK",66221
2023,"CELANDYNE SOFTWARE SOLUTIONS LLC",0,0,1,0,54,9479,CA,"SAN JOSE",95112
2023,"CELER SYSTEMS INC",1,1,4,0,54,2920,CA,FOLSOM,95630
2023,"CELER SYSTEMS INC",0,0,1,0,54,2920,CA,"SREERANGAM GADDAM",95630
2023,"CELERITY IT STFNG CONSLTG SVCS INC",1,0,0,0,54,0659,TX,HOUSTON,77064
2023,"CELERSOFT LLC",5,0,0,0,54,6506,TX,HOUSTON,77077
2023,"CELESDATA INC",0,0,2,0,54,7148,NJ,EDISON,08817
2023,"CELIGO INC",0,0,1,0,54,8114,CA,"REDWOOD CITY",94065
2023,"CELIGO INC",0,0,5,0,54,8114,CA,"SAN MATEO",94404
2023,"CELIN MUNOZ CONSULTING ENGINEER PC",0,0,1,0,54,9881,NY,"VALLEY STREAM",11580
2023,"CELL SIGNALING TECHNOLOGY INC",0,0,1,0,54,5744,MA,DANVERS,01923
2023,"CELLF BIO LLC",0,0,1,0,54,8964,VA,RICHMOND,23219
2023,"CELNET INC",1,0,0,0,54,6910,TX,FRISCO,75034
2023,"CELONIS INC",1,0,3,0,54,7223,NY,"NEW YORK",10007
2023,"CELORIS TECH LLC",5,0,8,0,54,6052,NC,CHARLOTTE,28262
2023,"CELTIC CROSS HOLDINGS, INC.",2,0,0,0,54,7550,AZ,SCOTTSDALE,85260
2023,"CEM BUSINESS SOLUTIONS INC",1,0,0,0,54,3207,NJ,MONTVALE,07645
2023,"CEM TECHNOLOGY INC",0,0,1,0,54,5258,OH,DUBLIN,43017
2023,"CEMVITA FACTORY INC",0,0,1,0,54,2550,,,
2023,"CENIT HUB INC",23,0,0,0,54,0290,TX,IRVING,75039
2023,"CENSIUS INC",0,0,1,0,54,5207,TX,AUSTIN,78701
2023,"CENSUS INFOTECH INC",0,1,0,0,54,7999,NJ,"LAWRENCE TOWNSHIP",08648
2023,"CENTAURIIT LLC",1,0,0,0,54,7127,OR,HILLSBORO,97124
2023,"CENTAURUS TECHNOLOGY PARTNERS LLC",3,0,1,0,54,4883,TX,IRVING,75039
2023,"CENTAURUS TECHNOLOGY PARTNERS LLC",0,0,1,0,54,4883,,,
2023,"CENTENNIAL TECHNOLOGIES INC",0,0,1,0,54,7240,,,
2023,"CENTER FOR ART LAW INC",1,0,0,0,54,4849,NY,BROOKLYN,11201
2023,"CENTER FOR CREATIVE LEADERSHIP",0,0,1,0,54,9591,NC,GREENSBORO,27410
2023,"CENTER FOR CULTURAL & TECHNICAL INTERCHANGE BETWEEN EAST & WEST INC",1,0,1,0,54,1603,HI,HONOLULU,96848
2023,"CENTER FOR DEEP LEARNING IN ELECTRONICS MANUFACTURING INC",0,0,2,0,54,8191,CA,"SAN JOSE",95117
2023,"CENTER FOR STRATEGIC & INTL STUDIES",2,0,2,0,54,1082,DC,WASHINGTON,20036
2023,"CENTER FOR SUSTAINABLE ENERGY",1,0,0,0,54,6366,CA,"SAN DIEGO",92110
2023,"CENTERBROOK ARCHITECTS AND PLANNERS LLP",0,0,1,0,54,4500,CT,CENTERBROOK,06409
2023,"CENTERFIELD MEDIA HOLDING COMPANY",0,0,4,0,54,6563,CA,"LOS ANGELES",90094
2023,"CENTERS FOR DISEASES CONTROL & PROVENTION",1,0,2,0,54,1157,GA,ATLANTA,30329
2023,"CENTERS FOR DISEASES CONTROL & PROVENTION",0,0,4,0,54,1157,GA,ATLANTA,30333
2023,"CENTILLION INFOTECH LLC",1,0,0,0,54,0560,TX,COPPELL,75019
2023,"CENTILLION INFOTECH LLC",1,0,1,1,54,0560,TX,DALLAS,75019
2023,"CENTILLION INFOTECH LLC",0,0,1,0,54,0560,,,
2023,"CENTILLION SOLUTIONS LLC",1,0,1,0,54,7130,GA,CUMMING,30040
2023,"CENTIZEN APPS INC",0,0,1,0,54,1182,OR,BEAVERTON,97005
2023,"CENTIZEN INC",0,0,1,1,54,5691,OR,BEAVERTON,97005
2023,"CENTRA INC DBA CYNTRALABS",2,0,0,0,54,6330,CO,TIMNATH,80547
2023,"CENTRAL BUSINESS SOLUTIONS INC",0,1,2,0,54,7407,CA,NEWARK,94560
2023,"CENTRAL SERVICE ASSOCIATION",0,0,1,0,54,2815,MS,TUPELO,38801
2023,"CENTRAL TECHNOLOGY SERVICES INC",0,0,1,0,54,6204,MO,"JEFFERSON CITY",65109
2023,"CENTRALIZED SUPPLY CHAIN SERVICES",0,0,1,0,54,9556,KS,LENEXA,66219
2023,"CENTRAPRISE CORP",0,0,1,0,54,3336,,,
2023,"CENTRAPRISE CORP",0,0,10,1,54,3336,NJ,EDISON,08817
2023,"CENTRE FOR EFFECTIVE ALTRUISM USA INC",1,0,0,0,54,8398,CA,"SAN FRANCISCO",94115
2023,"CENTRIC CONSULTING LLC",7,0,1,0,54,6636,OH,DAYTON,45458
2023,"CENTRIC SOFTWARE INC",0,0,2,0,54,2939,CA,CAMPBELL,95008
2023,"CENTRIX GROUP LLC",0,0,1,0,54,2675,TX,AUSTIN,78744
2023,"CENTROID SYSTEMS LLC",0,0,7,0,54,6128,MI,TROY,48084
2023,"CENTURION LEGAL GROUP LLC",0,0,1,0,54,7526,MA,FRAMINGHAM,01704
2023,"CEO FOUNDRY LLC",0,1,1,0,54,0886,TX,PLANO,75024
2023,"CEPSA QUIMICA BELGIUM NV",0,0,1,0,54,3003,IL,GURNEE,60031
2023,"CEPTUA IT INC",0,0,1,0,54,9263,TX,HOUSTON,77042
2023,"CEPTUA IT INC",2,0,1,0,54,9263,TX,HOUSTON,77077
2023,"CEREBAL GROUP LLC",0,0,1,0,54,6044,IA,"DES MOINES",50309
2023,"CEREBRA CONSULTING INC",5,1,3,0,54,6096,PA,MALVERN,19355
2023,"CEREBRAL TECHNOLOGIES INC",9,0,15,2,54,8597,TX,IRVING,75039
2023,"CEREBRAS SYSTEMS INC",0,0,2,0,54,6092,CA,SUNNYVALE,94085
2023,"CEREBRUM SOFTWARE SOLUTIONS INC",0,0,1,0,54,6366,VA,ASHBURN,20147
2023,"CERENCE OPERATING COMPANY",0,0,1,0,54,0382,MA,BURLINGTON,01803
2023,"CEREVEL THERAPEUTICS LLC DBA CEREVEL",0,0,1,0,54,4174,MA,LEXINGTON,02421
2023,"CERISE INFOTECH INC",1,0,1,0,54,5235,CA,NORWALK,90650
2023,"CERNER CORPORATION",0,0,1,0,54,6944,MO,"NORTH KANSAS CITY",64117
2023,"CERNER CORPORATION",0,0,35,5,54,6944,MO,"KANSAS CITY",64117
2023,"CERNER CORPORATION",0,0,1,0,54,6944,MO,"N KANSAS CITY",64117
2023,"CEROTID INC",1,0,0,0,54,9573,TX,IRVING,75062
2023,"CERTASIM, LLC",0,1,0,0,54,7095,CA,"CASTRO VALLEY",94546
2023,"CERTEC CONSULTING INC",1,0,2,0,54,3342,IL,"ARLINGTON HEIGHTS",60004
2023,"CERTIDE INC",1,0,2,0,54,4259,NJ,EDISON,08817
2023,"CERTIFIED COLLECTIBLES GROUP LLC",0,0,1,0,54,6431,FL,SARASOTA,34240
2023,"CERTIFIED KERNEL TECH LLC",2,0,7,0,54,4818,NY,"NEW YORK",10018
2023,"CERTIFIED LABORATORIES INC",0,0,1,0,54,0180,TX,CARROLLTON,75006
2023,"CERTIFY GLOBAL INC",0,0,1,0,54,8064,MD,GAITHERSBURG,20878
2023,"CERTIFY INC",1,0,0,0,54,0932,ME,PORTLAND,04101
2023,"CERUS CORPORATION",0,0,2,0,54,2011,CA,CONCORD,94520
2023,"CERVELLO INC",0,0,9,0,54,0815,MA,BOSTON,02210
2023,"CERVELLO INC",0,0,1,0,54,0815,,,
2023,"CERVELLO INC",1,0,0,0,54,0815,MA,BOSTON,02110
2023,"CES CONSULTING LLC",0,0,1,0,54,2031,VA,STERLING,20166
2023,"CES ENTERPRISE LLC",3,0,1,0,54,3028,TX,"SUGAR LAND",77479
2023,"CES GLOBAL LLC",1,0,1,0,54,3232,IL,BOLINGBROOK,60440
2023,"CES LIMITED LLC",0,0,1,0,54,7677,MI,DETROIT,48202
2023,"CES USA INC",0,0,3,0,54,6442,IL,BOLINGBROOK,60440
2023,"CESIUM INC DBA KNOWDE",0,0,1,0,54,7533,CA,"SAN JOSE",95110
2023,"CESTA INC",8,0,0,0,54,2092,NC,CARY,27513
2023,"CETECOM INC",0,0,1,0,54,0489,CA,MILPITAS,95035
2023,"CETRARUDDY ARCHITECTURE DPC",0,0,4,0,54,2126,NY,"NEW YORK",10004
2023,"CG INFINITY INC",0,0,1,0,54,4352,TX,PLANO,75093
2023,"CG INFINITY SERVICES INC",0,0,1,0,54,8314,TX,PLANO,75093
2023,"CG VAK SOFTWARE USA INC",0,0,1,0,54,3949,CA,"WALNUT CREEK",94595
2023,"CGG SERVICES U S INC",1,0,3,1,54,3790,TX,HOUSTON,77072
2023,"CGI FEDERAL INC",0,0,2,0,54,7176,VA,FAIRFAX,22030
2023,"CGI FEDERAL INC",0,0,7,0,54,7176,VA,FAIRFAX,22033
2023,"CGI TECHNOLOGIES & SOLUTIONS INC",0,0,1,0,54,6776,VA,FAIRFAX,22030
2023,"CGI TECHNOLOGIES AND SOLUTIONS INC",43,0,306,5,54,6778,VA,FAIRFAX,22030
2023,"CGI TECHNOLOGIES AND SOLUTIONS INC",0,0,1,0,54,6778,VA,FAIRFAX,22030
2023,"CGI TECHNOLOGIES AND SOLUTIONS INC",1,0,14,0,54,6778,,,
2023,"CGI TECHNOLOGIES AND SOLUTIONS INC",1,0,0,0,54,6778,DC,WASHINGTON,20005
2023,"CGINFOSYS INC",0,0,1,0,54,5586,,,
2023,"CGINFOSYS INC",1,0,1,1,54,5586,TX,IRVING,75062
2023,"CGL MANAGEMENT SERVICES LLC",0,0,1,0,54,3559,TX,"EL PASO",79902
2023,"CGN ASSOCIATES INC DBA CGN GLOBAL",0,0,3,1,54,4041,IL,PEORIA,61602
2023,"CH ROBINSON SHARED SERVICES INC",0,0,1,0,54,8291,MN,"EDEN PRAIRIE",55347
2023,"CH2M HILL ENGINEERS INC",0,0,1,0,54,0027,TX,HOUSTON,77024
2023,"CH2M HILL INC",0,0,6,0,54,8189,TX,HOUSTON,77024
2023,"CHA CONSULTING INC",0,0,3,0,54,6259,NY,ALBANY,12205
2023,"CHADWICK RILEY CORPORATION",2,1,4,0,54,0067,FL,JACKSONVILLE,32223
2023,"CHAGS HEALTH INFORMATION TECHNOLOGY LLC",0,0,5,0,54,8765,MD,COLUMBIA,21044
2023,"CHAIN IQ US INC",0,0,1,0,54,3200,NJ,"JERSEY CITY",07302
2023,"CHAIN SYS CORPORATION",4,0,4,0,54,3995,MI,"GRAND LEDGE",48837
2023,"CHAINALYSIS INC",0,0,1,0,54,4443,,,
2023,"CHAINALYSIS INC",0,0,10,0,54,4443,NY,"NEW YORK",10011
2023,"CHAINALYTICS LLC NOW KNOWN AS NTT DATA AMERICAS INC COMPANY",0,0,1,0,54,9325,GA,ATLANTA,30339
2023,"CHAINGUARD INC",0,0,1,0,54,4373,WA,KIRKLAND,98033
2023,"CHAKRA CONSULTING INC",2,0,0,1,54,8224,MD,CLARKSBURG,20871
2023,"CHAKRABARTI MANAGEMENT CONSULTANCY INC",0,0,1,0,54,9037,VA,FAIRFAX,22030
2023,"CHALKBOOKS INC",0,0,1,0,54,9105,,,
2023,"CHAMBERLAIN HRDLICKA WHITE WILLIAMS & AUGHTRY",0,0,1,0,54,4540,TX,HOUSTON,77002
2023,"CHAN ZUCKERBERG BIOHUB INC",0,0,1,0,54,9175,CA,"SAN FRANCISCO",94158
2023,"CHANDRUTH VETERINARY PLLC D/B/A ABC VETERINARY CLINIC OF LEWISVILLE",0,0,1,0,54,9283,TX,MCKINNEY,75071
2023,"CHANG CHANG CHEN CO CPAS",0,0,1,0,54,2124,CA,"DIAMOND BAR",91765
2023,"CHANGAN US RESEARCH AND DEVELOPMENT CENTER INC",0,0,1,0,54,5890,MI,PLYMOUTH,48170
2023,"CHANGE HEALTHCARE TECHNOLOGIES LLC",0,2,48,0,54,1222,GA,ALPHARETTA,30005
2023,"CHANGE HEALTHCARE TECHNOLOGIES LLC",0,0,1,0,54,1222,MN,HOPKINS,55343
2023,"CHANGE HEALTHCARE TECHNOLOGIES LLC",0,0,3,0,54,1222,MN,MINNETONKA,55343
2023,"CHANGECX LLC",1,0,1,0,54,1646,TX,PLANO,75024
2023,"CHANNEL BAKERS INC",0,0,1,0,54,7853,CA,ANAHEIM,92808
2023,"CHANNEL FUSION INC DBA CHANNEL FUSION",0,0,2,0,54,8060,IA,HIAWATHA,52233
2023,"CHANNELVANTAGE INC",0,0,1,0,54,6299,MI,DETROIT,48243
2023,"CHAPIN HALL CTR FOR CHILDEN",1,0,1,0,54,7012,IL,CHICAGO,60637
2023,"CHAPPUIS HALDER INC",0,0,0,1,54,3277,NY,"NEW YORK",10018
2023,"CHARACTER TECHNOLOGIES INC DBA CHARACTER AI",0,0,1,0,54,8842,CA,"PALO ALTO",94301
2023,"CHAREN SOLUTIONS INC",0,1,0,0,54,2798,NJ,PRINCETON,08540
2023,"CHARGEBEE INC",0,0,1,0,54,2987,CA,"SAN FRANCISCO",94108
2023,"CHARLES CO DESIGN LLC",0,0,1,0,54,2399,NY,"NEW YORK",10001
2023,"CHARLES E HARRIS & ASSOCIATES INC",1,0,0,0,54,2521,OH,CLEVELAND,44129
2023,"CHARLES HUDSON TECHNOLOGY SOLUTIONS INC",0,0,0,1,54,0017,MA,CAMBRIDGE,02142
2023,"CHARLES RIVER LABORATORIES INC",1,0,15,0,54,9980,MA,WILMINGTON,01887
2023,"CHARTBOOST INC",0,0,4,0,54,5743,CA,"SAN FRANCISCO",94104
2023,"CHARTER GLOBAL INC",1,0,8,0,54,7761,GA,ATLANTA,30328
2023,"CHASM ADVANCED MATERIALS INC",0,0,1,0,54,9569,MA,CANTON,02021
2023,"CHASTAIN ASSOCIATES LLC",0,0,3,0,54,4576,IL,DECATUR,62521
2023,"CHATEAUX SOFTWARE DEV INC",1,0,0,0,54,4735,CT,NORWALK,06854
2023,"CHATECK INC",0,0,1,0,54,6880,,,
2023,"CHATECK INC",1,0,1,0,54,6880,WA,BOTHELL,98021
2023,"CHATHAM FINANCIAL CORPORATION",0,0,4,0,54,9499,PA,"KENNETT SQUARE",19348
2023,"CHECKR INC",0,0,1,0,54,3376,CA,"SAN FRANCISCO",94101
2023,"CHECKR INC",0,0,7,0,54,3376,CA,"SAN FRANCISCO",94104
2023,"CHECKR INC",0,0,1,1,54,3376,,,
2023,"CHEETAH DIGITAL INC",0,0,2,0,54,5410,TN,NASHVILLE,37210
2023,"CHELSOFT SOLUTIONS CO",1,0,10,0,54,6932,KS,OLATHE,66062
2023,"CHEM SCOPE INC",0,0,1,0,54,5494,CT,"NORTH HAVEN",06473
2023,"CHEMEX GLOBAL LLC",1,0,1,0,54,1936,TX,SPRING,77380
2023,"CHEMTECH CONSULTING GROUP INC",0,0,1,0,54,8184,NJ,MOUNTAINSIDE,07092
2023,"CHEMTEX ENVIRONMENTAL LABORATORY INC",1,1,1,0,54,1046,TX,"PORT ARTHUR",77642
2023,"CHEN AND FAN ACCOUNTANCY CORPORATION",0,0,1,0,54,2947,CA,"EL MONTE",91731
2023,"CHENG COHEN LLC",0,0,1,0,54,6545,IL,CHICAGO,60654
2023,"CHENOA INFORMATION SERVICES INC",7,0,0,0,54,8714,NJ,"BERKELEY HEIGHTS",07922
2023,"CHERIE AMOUR INC",0,0,1,0,54,0477,WA,PULLMAN,99163
2023,"CHERISH TECHNOLOGIES INC",29,0,3,0,54,0750,CA,FREMONT,94538
2023,"CHERISH TECHNOLOGIES INC",2,0,0,0,54,0750,,,
2023,"CHERRYROAD TECHNOLOGIES INC",0,0,1,0,54,4389,NJ,PARSIPPANY,07054
2023,"CHERSKOV FLAYNIK GURDA LLC",0,0,1,0,54,5022,IL,"OAK BROOK",60523
2023,"CHETU INC",0,0,1,0,54,9101,FL,"FORT LAUDERDALE",33323
2023,"CHEUNG & CHU CPA A PROFESSIONAL CORPORATION",1,0,0,0,54,9940,CA,"MONTEREY PARK",91754
2023,"CHEWIE LABS INC",0,0,1,0,54,1798,CA,"SAN BRUNO",94066
2023,"CHI CONSULTING ENGINEERS LLC",1,0,1,0,54,8207,NJ,SUMMIT,07901
2023,"CHIAWANG STRUCTURAL ENGINEERING INC",0,0,0,1,54,8083,CA,"SAN FRANCISCO",94105
2023,"CHICO AI USA INC",0,0,0,1,54,3752,CA,"PALO ALTO",94301
2023,"CHILD MIND INSTITUTE INC",3,0,0,0,54,8843,NY,"NEW YORK",10022
2023,"CHILDS DREYFUS INC",0,0,1,0,54,5604,IL,CHICAGO,60654
2023,"CHINAPRO MARKETING PARTNERS INC",0,0,1,0,54,6869,IL,CHICAGO,60616
2023,"CHIPCOM SYSTEMS INC",0,0,1,0,54,6696,NJ,METUCHEN,08840
2023,"CHIPMAN MAZZUCCO EMERSON LLC",0,0,1,0,54,5856,CT,DANBURY,06810
2023,"CHIPS TECHNOLOGY GROUP INC",0,0,2,0,54,7691,NY,SYOSSET,11791
2023,"CHORD COMMERCE",0,0,1,0,54,8715,NY,"NEW YORK",10003
2023,"CHOREOGRAPH LLC",0,0,3,0,54,5413,NY,"NEW YORK",10007
2023,"CHRISTINE WANG AND ASSOCIATES LTD",0,0,1,0,54,8858,VA,VIENNA,22180
2023,"CHRISTOPHER CONSULTANTS LTD",1,0,0,0,54,8482,VA,FAIRFAX,22031
2023,"CHRISTOPHER HUANG CPAS PLLC",0,0,1,0,54,6444,WA,BELLEVUE,98004
2023,"CHROMATIC INC",0,0,1,0,54,6292,NY,"NEW YORK",10012
2023,"CHRONICLED INC",0,0,2,0,54,5556,CA,"SAN FRANCISCO",94105
2023,"CHS CONSULTING GROUP",0,0,2,0,54,9123,CA,OAKLAND,94612
2023,"CHU & WATERS LLP",0,0,1,0,54,3644,CA,"SAN FRANCISCO",94105
2023,"CHUGH CPAS LLP",1,0,0,0,54,2224,CA,CERRITOS,90703
2023,"CI PHYSICS LLC",1,0,1,0,54,0964,IL,PEORIA,61615
2023,"CIBER PATHWAY INC",0,0,1,0,54,3738,OK,"WARR ACRES",73132
2023,"CIBERLYNX INC",2,0,7,0,54,0365,TX,IRVING,75038
2023,CIBERSQL,0,0,0,1,54,4734,PA,PITTSBURGH,15222
2023,"CID DESIGN GROUP LLC",0,0,1,0,54,0170,FL,NAPLES,34109
2023,"CIENET TECHNOLOGIES LLC",0,0,2,0,54,1156,CA,"SANTA CLARA",95054
2023,"CIENTRA LLC",0,0,1,0,54,1896,NJ,UNION,07083
2023,"CIGNEX INC",1,0,4,0,54,7603,MI,LIVONIA,48152
2023,"CIGNITI TECHNOLOGIES INC",0,0,1,0,54,6261,,,
2023,"CIGNITI TECHNOLOGIES INC",12,1,21,0,54,6261,TX,IRVING,75039
2023,"CIGNUS CONSULTING LLC",0,0,1,0,54,2056,VA,LEESBURG,20176
2023,"CIGNUS SOLUTIONS LLC",0,0,2,0,54,3210,IL,"VERNON HILLS",60061
2023,"CIMS GLOBAL LLC",0,0,1,0,54,5197,NJ,SOMERSET,08873
2023,"CINERGY TECHNOLOGY INC",6,1,4,0,54,8383,NJ,EDISON,08817
2023,"CINTAL INC",0,0,3,0,54,0328,IL,PEORIA,61606
2023,"CINTAP INC",1,0,0,0,54,8757,TX,FRISCO,75034
2023,"CINTRA SOFTWARE SERVICES INC",0,0,1,0,54,0680,NY,"NEW YORK",10016
2023,"CINTURI TECHNOLOGIES LLC",0,0,1,0,54,3808,TX,"FLOWER MOUND",75022
2023,"CIPHER GROUP TECHNOLOGIES INC",1,0,0,0,54,4705,TX,AUSTIN,78705
2023,"CIPHERNINE INC",0,0,3,0,54,0482,VA,HERNDON,20170
2023,"CIPHEROME, INC.",1,0,0,0,54,8893,CA,"SAN JOSE",95134
2023,"CIPHERQORE SOLUTIONS INC",0,0,1,0,54,9706,,,
2023,"CIPHERQORE SOLUTIONS INC",1,0,7,0,54,9706,LA,PRAIRIEVILLE,70769
2023,"CIPHERTRACE INC",0,0,2,0,54,6062,CA,"LOS GATOS",95030
2023,"CIRA INFOTECH INC",1,0,11,1,54,0596,GA,ALPHARETTA,30022
2023,"CIRA TEK INC",4,0,5,2,54,0721,IL,SPRINGFIELD,62704
2023,"CIRA TEK INC",0,0,1,0,54,0721,,,
2023,"CIRCE BIOSCIENCE INC",1,0,0,0,54,5310,MA,SOMERVILLE,02143
2023,"CIRCUIT ENGINEERING LLC",0,0,2,0,54,7483,IL,"ELK GROVE VILLAGE",60007
2023,"CIRCULANT SOLUTIONS INC",0,0,2,0,54,0664,CA,PLEASANTON,94588
2023,"CIRCULAR EDGE LLC",2,0,7,0,54,1745,NJ,SOMERSET,08873
2023,"CIRQUETECH GROUP INC",4,0,5,0,54,9423,DE,NEWARK,19702
2023,"CIRQUETECH GROUP INC",0,0,1,0,54,9423,CA,AZUSA,91702
2023,"CIRRUS CLOUD TECHNOLOGIES INC",2,0,0,0,54,9974,CA,DUBLIN,94568
2023,"CIRRUS LOGIC INTERNATIONAL SEMICONDUCTOR LTD",0,0,2,0,54,2820,,,
2023,"CIRRUS LOGIC INTERNATIONAL SEMICONDUCTOR LTD",0,0,23,3,54,2820,TX,AUSTIN,78701
2023,"CIS TECHNOLOGIES INC",0,0,11,0,54,1401,TX,MCKINNEY,75071
2023,"CITADEL INFORMATION SERVICES INC",1,1,1,0,54,5802,NJ,ISELIN,08830
2023,"CITIGROUP TECHNOLOGY INC",0,0,3,0,54,8991,NY,"NEW YORK",10013
2023,"CITIGROUP TECHNOLOGY INC",1,0,0,0,54,8991,,,
2023,"CITIUSTECH INC",0,0,3,0,54,1916,,,
2023,"CITIUSTECH INC",21,0,99,1,54,1916,NJ,PRINCETON,08540
2023,"CITIZENS HOUSING AND PLANNING COUNCIL OF NEW YORK",1,0,0,0,54,2468,NY,"NEW YORK",10004
2023,"CITRATEK INC.",1,1,0,0,54,7611,FL,TAMPA,33647
2023,"CITRIN COOPERMAN ADVISORS LLC",0,0,4,0,54,5370,NY,"NEW YORK",10020
2023,"CITRIX SYSTEMS INC",0,0,1,0,54,5152,,,
2023,"CITRIX SYSTEMS INC",0,0,11,1,54,5152,FL,"FORT LAUDERDALE",33309
2023,"CITRIX SYSTEMS INC",0,0,1,0,54,8152,FL,"FORT LAUDERDALE",33309
2023,"CITTA SVCS INC",0,0,1,0,54,5685,CA,CALABASAS,91302
2023,"CITTABASE SOLUTIONS INC",1,0,1,0,54,9195,TX,HOUSTON,77036
2023,"CITTACORE TECHNOLOGIES INC",0,0,3,0,54,0823,NJ,FAIRFIELD,07004
2023,"CITW INC",0,0,1,0,54,7171,AL,BIRMINGHAM,35244
2023,"CITY DESIGN STUDIO LLC",0,0,1,0,54,8420,CA,"LOS ANGELES",90017
2023,"CITY FABRICK",1,0,0,0,54,0362,CA,"LONG BEACH",90802
2023,"CITY GURUS INC",0,0,1,0,54,7682,NJ,MATAWAN,07747
2023,"CITY OF HOPE NATIONAL MEDICAL CENTER",1,0,10,0,54,3875,CA,DUARTE,91010
2023,"CIVICPLUS LLC FORMERLY CIVICPLUS INC",0,0,1,0,54,2104,,,
2023,"CIVICPLUS LLC FORMERLY CIVICPLUS INC",0,0,1,0,54,2104,KS,MANHATTAN,66502
2023,"CIVIL & ENVIRONMENTAL CONSULTANTS INC CEO",0,0,1,0,54,9565,PA,CORAOPOLIS,15108
2023,"CIVILCORP, LLC",0,0,1,0,54,2981,TX,FULSHEAR,77441
2023,"CIVILTECH ENGINEERING INC",0,0,1,0,54,6666,IL,ITASCA,60143
2023,"CKH CPAS AND ADVISORS LLC",0,0,1,0,54,0952,GA,ATLANTA,30346
2023,"CLAIMS SERVICES GROUP LLC",0,0,5,0,54,7005,TX,ROANOKE,76262
2023,"CLAIRE WEISZ ARCHITECTS LLP",1,0,0,0,54,9706,NY,"NEW YORK",10007
2023,"CLAIRVOYANT AL INC",0,0,4,0,54,5364,AZ,CHANDLER,85226
2023,"CLAREWOOD HOUSE INC",0,0,1,0,54,8123,TX,HOUSTON,77036
2023,"CLARIFY HEALTH SOLUTIONS INC",0,0,1,1,54,1020,CA,"SAN FRANCISCO",94105
2023,"CLARIO FKA ERESEARCH TECHNOLOGY INC",0,0,1,0,54,4604,MA,MEDFORD,02155
2023,"CLARIO FKA ERESEARCH TECHNOLOGY INC",0,1,5,0,54,4604,PA,PHILADELPHIA,19103
2023,"CLARION HEALTHCARE LLC DBA CLARION HEALTHCARE CONSULTING",0,0,1,0,54,7227,MA,BOSTON,02210
2023,"CLARIONT INC",3,0,0,0,54,3638,CA,"LOS ANGELES",90067
2023,"CLARITECH CONSULTING INC",2,0,0,0,54,0489,NJ,EDISON,08817
2023,"CLARITY PARTNERS LLC",0,0,1,0,54,3899,IL,CHICAGO,60602
2023,"CLARITY SOLUTIONS GROUP LLC",0,0,1,0,54,8326,NY,"NEW YORK",10012
2023,"CLARITYTEK INC",2,0,0,0,54,4778,MN,BLAINE,55449
2023,"CLARITYTEK INC",3,0,0,0,54,4778,MN,MINNEAPOLIS,55449
2023,"CLARIUM MANAGED SERVICES LLC",2,0,4,0,54,3461,FL,MIAMI,33172
2023,"CLARK BARNES PLLC",0,0,1,0,54,5319,WA,SEATTLE,98119
2023,"CLARK CONSTRUCTION GROUP LLC",0,0,1,0,54,7399,MD,BETHESDA,20814
2023,"CLARK DIETZ INC",0,0,1,0,54,2051,IL,CHICAGO,60661
2023,"CLARK NEXSEN INC",0,0,2,0,54,3222,VA,"VIRGINIA BEACH",23462
2023,"CLARKSTON-POTOMAC GROUP INC",0,0,1,0,54,6655,NC,DURHAM,27713
2023,"CLASS ADVISORS GP",0,0,1,0,54,6098,CA,"SAN DIEGO",92120
2023,"CLASSIC COMPUTERS CORPORATION DBA HARKEN DATA",1,0,0,0,54,7069,NJ,HILLSBOROUGH,08844
2023,"CLASSROOM SUPPORT SERVICES LLC",9,1,0,0,54,1888,MI,DETROIT,48243
2023,"CLAVAX TECHNOLOGIES LLC",0,0,1,0,54,6820,CA,"SAN JOSE",95110
2023,"CLC ENGINEERING LLC",2,0,0,0,54,1439,LA,ALEXANDRIA,71303
2023,"CLEAN AIR CAR SERVICE & PARKING CORP.",0,1,0,0,54,5257,NY,FLUSHING,11354
2023,"CLEAN ENERGY ASSOCIATES LLC",0,0,1,0,54,4009,TX,ALLEN,75002
2023,"CLEAN HARBORS ENVIRONMENTAL SERVICES INC",0,0,8,0,54,8999,MA,NORWELL,02061
2023,"CLEAN POWER RESEARCH L L C",0,0,1,0,54,6034,CA,NAPA,94559
2023,"CLEANLAB INC",0,0,1,0,54,5378,,,
2023,"CLEANLAB INC",1,0,0,0,54,5378,MA,BOSTON,02109
2023,"CLEAR THOUGHT SOLUTIONS LLC",0,0,9,0,54,6826,NC,CARY,27513
2023,"CLEARBEST, INC.",0,0,1,0,54,9250,,,
2023,"CLEARBEST, INC.",0,0,1,0,54,9250,CA,SACRAMENTO,95814
2023,"CLEAREDGE 3D INC",0,0,1,0,54,2436,CO,LOUISVILLE,80027
2023,"CLEARLITE INC",0,0,3,0,54,9948,NJ,"SOUTH PLAINFIELD",07080
2023,"CLEAROBJECT INC",0,0,1,0,54,5323,IN,FISHERS,46038
2023,"CLEARPATH US INC",0,0,1,0,54,3022,XX,KITCHENER,
2023,"CLEARVIEW HEALTHCARE PARTNERS",0,0,3,0,54,7664,MA,NEWTON,02458
2023,"CLEARWATER ANALYTICS LLC",0,0,1,0,54,8172,,,
2023,"CLEARWATER ANALYTICS LLC",1,0,2,0,54,8172,ID,BOISE,83702
2023,"CLEARY GOTTLIEB STEEN HAMILTON LLP",1,0,1,0,54,9083,NY,"NEW YORK",10006
2023,"CLEERLY INC",0,0,1,0,54,4993,CO,DENVER,80202
2023,"CLEO COMMUNICATIONS US LLC",0,0,2,0,54,0547,IL,ROCKFORD,61108
2023,"CLEVELAND WATER ALLIANCE",1,0,0,0,54,1734,OH,CLEVELAND,44103
2023,"CLEVERSMITHS INC",0,0,1,0,54,8973,,,
2023,"CLEVERSMITHS INC",2,0,2,0,54,8973,TX,DALLAS,75234
2023,"CLEYRA INC",1,0,0,0,54,8860,NJ,PRINCETON,08540
2023,"CLF ONTARIO INC DBA SOLU TECHNOLOG",0,0,1,0,54,1474,,,
2023,"CLIECON SOLUTIONS INC",0,0,3,0,54,0343,NJ,"MONROE TOWNSHIP",08831
2023,"CLIENT FOCUS LLC",0,1,0,2,54,0634,VA,CENTREVILLE,20120
2023,"CLIENT NETWORK SERVICES LLC DBA CNSI",0,0,2,0,54,2098,,,
2023,"CLIENT NETWORK SERVICES LLC DBA CNSI",3,0,24,1,54,2098,MD,ROCKVILLE,20850
2023,"CLIENT SOFTWARE SERVICES LLC",5,3,3,0,54,5861,MD,GAITHERSBURG,20877
2023,"CLIENTSERVER TECHNOLOGY SOLUTIONS LLC",0,0,1,0,54,9539,,,
2023,"CLIENTSERVER TECHNOLOGY SOLUTIONS LLC",3,0,24,0,54,9539,NJ,ISELIN,08830
2023,"CLIFF IT SOLUTIONS INC",0,0,5,0,54,3217,MN,BLAINE,55434
2023,"CLIFF IT SOLUTIONS INC",0,0,1,0,54,3217,MN,MINNEAPOLIS,55434
2023,"CLIFF TECH INC",2,0,0,0,54,5065,MI,FARMINGTON,48335
2023,"CLIFF TECH INC",4,0,0,0,54,5065,MI,"FARMINGTON HILLS",48335
2023,"CLIFFORD CHANCE US LLP",0,0,1,0,54,3664,NY,"NEW YORK",10019
2023,"CLIFYX INC.",1,0,0,0,54,7855,NJ,"SOUTH PLAINFIELD",07080
2023,"CLIKSOURCE LLC",1,0,0,0,54,2015,NJ,"BASKING RIDGE",07920
2023,"CLIMATE LLC",0,0,2,0,54,7231,,,
2023,"CLIMATE LLC",0,0,12,0,54,7231,CA,"SAN FRANCISCO",94103
2023,"CLIMATE POLICY INITIATIVE INC",1,0,0,0,54,9153,CA,"SAN FRANCISCO",94105
2023,"CLIMATEWORKS FOUNDATION",1,0,1,0,54,3250,CA,"SAN FRANCISCO",94104
2023,"CLINCHOICE INC",1,0,4,0,54,7028,PA,"FORT WASHINGTON",19034
2023,"CLINICAL DATA SOLUTION LLC",1,0,0,0,54,5242,GA,TUCKER,30084
2023,"CLINICAL OUTCOMES SOLUTIONS LLC",0,0,1,0,54,6776,AZ,TUCSON,85718
2023,"CLINISYS INC",0,0,1,0,54,8223,AZ,TUCSON,85718
2023,"CLINVERSE INC DBA CLARIO",0,0,1,0,54,9274,NJ,PRINCETON,08540
2023,"CLOCKWORK ESE INC",0,0,1,0,54,5855,CA,"LOS ANGELES",90027
2023,"CLODATICS INC",1,0,0,0,54,8101,IA,JOHNSTON,50131
2023,"CLORDER INC",1,0,0,0,54,6460,CA,"CULVER CITY",90230
2023,"CLOUD 9 INFOSYSTEMS INC.",1,0,0,0,54,9463,IL,"DOWNERS GROVE",60515
2023,"CLOUD ACT LLC",4,0,0,0,54,3708,TX,FRISCO,75035
2023,"CLOUD ASSOCIATES INC",0,0,2,0,54,9352,,,
2023,"CLOUD ASSOCIATES INC",0,0,1,0,54,9352,TX,IRVING,75038
2023,"CLOUD BC LABS INC",26,0,8,0,54,6753,VA,RESTON,20191
2023,"CLOUD BIG DATA TECHNOLOGIES LLC",2,0,1,0,54,0629,NE,"GRAND ISLAND",68801
2023,"CLOUD BRIDGE SOLUTIONS INC",0,0,2,0,54,2372,,,
2023,"CLOUD BRIDGE SOLUTIONS INC",0,0,2,0,54,2372,MA,MARLBOROUGH,01752
2023,"CLOUD BRIDGE SOLUTIONS INC",0,0,5,0,54,2372,NH,NASHUA,03062
2023,"CLOUD CENTRIC INC",2,0,2,0,54,5781,AR,BENTONVILLE,72712
2023,"CLOUD DATA LLC",1,0,0,0,54,8663,AZ,PHOENIX,85051
2023,"CLOUD DATA NETWORKS L L C",1,0,0,0,54,0607,GA,SUWANEE,30024
2023,"CLOUD DATA SYSTEMS INC",2,0,5,0,54,1660,CT,HARTFORD,06103
2023,"CLOUD EPA LLC",9,0,2,1,54,0318,PA,"HUNTINGDON VALLEY",19006
2023,"CLOUD EPA LLC",2,0,0,0,54,0318,PA,"HUNTINGDON VY",19006
2023,"CLOUD FULCRUM LLC",0,0,1,0,54,5514,VA,HERNDON,20171
2023,"CLOUD GLOBAL LLC",5,0,0,0,54,1620,TX,IRVING,75080
2023,"CLOUD GLOBAL LLC",2,1,1,0,54,1620,TX,RICHARDSON,75080
2023,"CLOUD GLOBAL LLC",0,1,0,0,54,1620,TX,IRVING,75038
2023,"CLOUD HUB IT SOLUTIONS INC",0,0,1,0,54,1443,,,
2023,"CLOUD HUB IT SOLUTIONS INC",2,8,8,0,54,1443,FL,"FORT MYERS",33966
2023,"CLOUD INFRA IT SOLUTIONS INC",0,4,0,0,54,6915,TX,"FARMERS BRANCH",75234
2023,"CLOUD INFRA IT SOLUTIONS INC",0,0,1,0,54,6915,,,
2023,"CLOUD INFRA IT SOLUTIONS INC",0,2,1,0,54,6915,TX,DALLAS,75234
2023,"CLOUD INTEGRATION SERVICES LLC",0,0,1,0,54,5048,NJ,EDISON,08817
2023,"CLOUD IT LLC",2,0,0,0,54,7471,MI,WIXOM,48393
2023,"CLOUD IT TECH",3,1,1,0,54,8518,TX,RICHARDSON,75080
2023,"CLOUD NINE TECHNOLOGIES INC",0,0,2,0,54,7260,VA,HERNDON,20171
2023,"CLOUD NINE TEK LLC",5,0,6,0,54,1933,NC,CHARLOTTE,28262
2023,"CLOUD PPH INC",0,0,1,0,54,9982,VA,"MC LEAN",22102
2023,"CLOUD REBOOT INC",0,0,1,0,54,9259,NJ,PLAINSBORO,08536
2023,"CLOUD RESOURCES LLC",2,0,3,0,54,2101,TX,IRVING,75038
2023,"CLOUD REVOLUTE INC",6,0,0,0,54,7520,TX,DALLAS,75234
2023,"CLOUD REVOLUTE INC",6,1,0,0,54,7520,TX,"FARMERS BRANCH",75234
2023,"CLOUD SI INC",1,0,0,0,54,4109,GA,ALPHARETTA,30005
2023,"CLOUD SI INC",1,0,0,0,54,4109,GA,ALPHARETTA,30009
2023,"CLOUD SOURCE INC",0,0,4,0,54,9566,PA,EXTON,19341
2023,"CLOUD SOURCE SYSTEMS LLC",2,0,0,0,54,5648,GA,CUMMING,30041
2023,"CLOUD SPACE LLC",2,0,4,1,54,4085,NC,CHARLOTTE,28262
2023,"CLOUD SYS SOLUTIONS INC",1,0,0,0,54,3275,GA,ALPHARETTA,30004
2023,"CLOUD WORLD INC",5,0,0,0,54,7680,GA,CONYERS,30094
2023,"CLOUD88 INC",0,0,2,0,54,6767,NJ,"WEST WINDSOR TWP",08550
2023,"CLOUD88 INC",0,0,2,0,54,6767,NJ,"PRINCETON JUNCTION",08550
2023,"CLOUD88 INC",0,0,1,0,54,6767,NJ,"WEST WINDSOR TWNSHIP",08550
2023,"CLOUD9TECH LLC",1,0,0,0,54,9786,TX,DALLAS,75234
2023,"CLOUD9TECH LLC",4,0,0,0,54,9786,TX,PLANO,75024
2023,"CLOUDBEES INC",1,0,0,0,54,4790,CA,"SAN JOSE",95113
2023,"CLOUDBERG TEC LIMITED COMPANY",1,0,0,0,54,8086,UT,"SALT LAKE CITY",84101
2023,"CLOUDBERG TEC LIMITED COMPANY",2,0,0,0,54,8086,UT,ALTAMONT,84001
2023,"CLOUDBERG TEC LIMITED COMPANY",10,2,0,0,54,8086,UT,"SALT LAKE CITY",84101
2023,"CLOUDBERYL LLC",1,0,0,0,54,1793,TX,MCKINNEY,75071
2023,"CLOUDBOLT SOFTWARE INC",0,0,1,0,54,1017,MD,ROCKVILLE,20852
2023,"CLOUDEATION TECHNOLOGIES LLC",1,0,0,0,54,4776,NJ,PRINCETON,08540
2023,"CLOUDELY INC",2,0,1,0,54,9852,CA,SUNNYVALE,94086
2023,"CLOUDEND PLATFORM INC",3,0,0,0,54,5413,TX,HOUSTON,77057
2023,"CLOUDEQS LLC",0,0,1,0,54,6433,CA,"SANTA CLARA",95054
2023,"CLOUDERA INC",2,0,13,0,54,2329,CA,"SANTA CLARA",95054
2023,"CLOUDFEN LLC",2,1,0,1,54,7841,GA,ALPHARETTA,30005
2023,"CLOUDFRAME, INC.",1,0,0,0,54,7209,NJ,PRINCETON,08540
2023,"CLOUDGAMUT INC.",2,0,0,0,54,8928,TX,DALLAS,75240
2023,"CLOUDIAN INC",0,0,2,0,54,3821,CA,"SAN MATEO",94402
2023,"CLOUDINFO INC",3,0,1,0,54,0734,DE,WILMINGTON,19801
2023,"CLOUDINFRAIT INC",0,0,4,0,54,9176,TX,DALLAS,75234
2023,"CLOUDINFRAIT INC",0,1,0,0,54,9176,TX,"FARMERS BRANCH",75234
2023,"CLOUDINGEST INC",0,0,3,0,54,1167,GA,ALPHARETTA,30009
2023,"CLOUDINTELLISOFT INC",1,0,0,0,54,2502,TX,IRVING,75062
2023,"CLOUDIQ TECHNOLOGIES INC",0,0,1,0,54,2158,,,
2023,"CLOUDIQ TECHNOLOGIES INC",0,0,3,0,54,2158,WA,ISSAQUAH,98029
2023,"CLOUDKARMA INC",1,0,0,0,54,3085,TX,HOUSTON,77036
2023,"CLOUDLABS INC",0,0,1,0,54,3635,,,
2023,"CLOUDMED SOLUTIONS LLC",0,0,3,0,54,3033,GA,ATLANTA,30309
2023,"CLOUDMELLOW CONSULTING LTD CO DBA CLOUDMELLOW",9,0,0,0,54,0274,TX,FRISCO,75034
2023,"CLOUDMELLOW CONSULTING LTD CO DBA CLOUDMELLOW",0,0,1,0,54,0274,TX,PLANO,75024
2023,CLOUDMICROTECH,1,0,0,0,54,2163,CA,FREMONT,94538
2023,"CLOUDPOINT SYSTEMS INC",0,1,0,0,54,9868,TX,KATY,77494
2023,"CLOUDPRO IT SOLUTIONS LLC",1,0,0,0,54,0561,TX,MCKINNEY,75070
2023,"CLOUDRAY INC",0,0,1,0,54,1743,NJ,"EAST WINDSOR",08520
2023,"CLOUDRAY INC",0,0,1,0,54,1743,NJ,HIGHTSTOWN,08520
2023,"CLOUDRAY INC",0,0,1,0,54,1743,NJ,MONROE,08831
2023,"CLOUDRAY INC",0,0,1,0,54,1773,NJ,MONROE,08831
2023,"CLOUDSCAPE LLC",7,0,0,0,54,0119,VA,HERNDON,20171
2023,"CLOUDSERVE SOLUTIONS LLC",1,0,0,0,54,0155,TX,IRVING,75038
2023,"CLOUDSOFT INC",0,0,0,1,54,1285,GA,ALPHARETTA,30005
2023,"CLOUDSOFT INC",7,1,3,0,54,1285,GA,NORCROSS,30092
2023,"CLOUDSOL TECHNOLOGIES INC",0,0,2,0,54,6985,TX,DALLAS,75234
2023,"CLOUDSOL TECHNOLOGIES INC",1,0,1,0,54,6985,TX,"FARMERS BRANCH",75234
2023,"CLOUDSOL TECHNOLOGIES INC",1,0,0,0,54,6985,TX,"FARMERS BRNCH",75234
2023,"CLOUDSTALL INC",1,0,0,0,54,3458,IL,WARRENVILLE,60555
2023,"CLOUDTERN SOLUTIONS INC",1,0,0,0,54,4306,TX,PLANO,75024
2023,"CLOUDTRON CORP DBA HEXADUS CORP",3,1,1,0,54,6097,NJ,"SOUTH PLAINFIELD",07080
2023,"CLOUDVIK LLC",1,0,1,0,54,9206,TX,FRISCO,75034
2023,"CLOUDWARE LLC",2,1,1,0,54,9112,MD,GAITHERSBURG,20878
2023,"CLOUDWAVE INC",1,0,2,0,54,3127,VA,"MC LEAN",22102
2023,"CLOUDWICK TECHNOLOGIES INC",0,0,12,0,54,9392,CA,NEWARK,94560
2023,"CLOUDYWING TECHNOLOGIES INC",1,0,2,0,54,6723,TN,COLLIERVILLE,38017
2023,"CLOUDZENIX LLC",4,0,0,0,54,9667,TX,IRVING,75038
2023,"CLOUGH USA INC",1,0,0,0,54,6159,TX,HOUSTON,77079
2023,"CLOUTICS CODERS INC DBA CLOUTICS INC",5,0,1,0,54,0470,NJ,EDISON,08817
2023,"CLOVER SOLUTIONS LLC",0,0,2,0,54,1057,FL,TAMPA,33647
2023,"CLOVERTEX INC",0,0,1,0,54,5452,MA,BOSTON,02199
2023,"CLOVITY INC",1,0,0,0,54,3035,CA,DUBLIN,94568
2023,"CLUB BENCHMARKING LLC",0,0,1,0,54,4455,MA,METHUEN,01844
2023,"CLUMIO INC",0,0,6,0,54,4332,CA,"SANTA CLARA",95054
2023,"CLUTCHPOINT LLC",0,0,1,0,54,1871,,,
2023,"CLUTCHPOINT LLC",0,0,6,0,54,1871,VA,CENTREVILLE,20121
2023,"CLUTCHPOINT LLC",0,0,1,0,54,1871,VA,PHILOMONT,20131
2023,"CLYDE & CO US LLP",0,0,1,0,54,3001,CA,"SAN FRANCISCO",94111
2023,"CM CAPITAL VENTURES LLC",1,0,0,0,54,1659,FL,MIAMI,33132
2023,"CMC TECH LLC",0,0,1,0,54,2309,IL,CHICAGO,60616
2023,"CMES INC",0,0,1,0,54,1087,GA,NORCROSS,30093
2023,"CMI MARKETING INC DBA CAFEMEDIA",0,0,4,0,54,7929,NY,"NEW YORK",10018
2023,"CML MEDIA CORP DBA MOPRO",0,0,2,0,54,2685,CA,"NEWPORT BEACH",92660
2023,"CNET GLOBAL SOLUTIONS INC",0,0,1,0,54,6927,,,
2023,"CNET GLOBAL SOLUTIONS INC",3,0,17,1,54,6927,TX,RICHARDSON,75080
2023,"CNET GLOBAL SOLUTIONS INC",0,0,1,0,54,6729,TX,RICHARDSON,75080
2023,"CNM LLP",0,0,2,0,54,2484,CA,"WOODLAND HILLS",91367
2023,"CNM LLP",0,0,1,0,54,2484,CA,"WOODLAND HLS",91367
2023,"CNN IT CORP INC",0,0,5,0,54,2256,TX,MCKINNEY,75070
2023,"CNS ENGINEERS INC",0,0,1,0,54,2004,CA,RIVERSIDE,92505
2023,"COALFIRE SYSTEMS INC",0,0,2,0,54,0418,CO,BROOMFIELD,80021
2023,"COBBS CREEK HEALTHCARE LLC",0,0,1,0,54,4541,PA,"NEWTOWN SQUARE",19073
2023,"COCO SOFT INC DBA TERA CLOUDX INC",8,2,5,3,54,2145,CA,FREMONT,94538
2023,"COD CORES INC",0,0,5,1,54,2076,TX,DALLAS,75234
2023,"COD CORES INC",0,0,1,0,54,2076,TX,"FARMAR BRANCH",75234
2023,"COD CORES INC",0,0,2,0,54,2076,TX,"FARMERS BRANCH",75234
2023,"CODA PROJECT INC",0,0,2,0,54,3311,CA,"MOUNTAIN VIEW",94041
2023,"CODAZEN INC",0,0,1,0,54,9873,CA,IRVINE,92618
2023,"CODE ACE SOLUTIONS INC",0,0,6,0,54,5314,NJ,"SOUTH PLAINFIELD",07080
2023,"CODE ACUITY INC",3,0,2,0,54,7988,MD,ROCKVILLE,20850
2023,"CODE GRAVITY LLC",0,0,1,0,54,7763,,,
2023,"CODE GRAVITY LLC",0,0,4,0,54,7763,TX,IRVING,75062
2023,"CODE POETS LLC",2,1,0,0,54,4344,NJ,TURNERSVILLE,08012
2023,"CODE TECH INC",3,1,0,0,54,5710,MI,FARMINGTON,48335
2023,"CODE TECH INC",4,1,10,0,54,5710,MI,"FARMINGTON HILLS",48335
2023,"CODE WILLING LLC",0,0,1,0,54,6207,LA,"BATON ROUGE",70809
2023,"CODEBLUE TECHNOLOGY LLC",0,0,1,0,54,7345,VA,MECHANICSVILLE,23116
2023,"CODEBRICKS INC",1,0,0,0,54,6785,TX,FRISCO,75034
2023,"CODEFIED INC DBA HOUSECALL PRO",0,0,2,0,54,7962,CO,DENVER,80216
2023,"CODEGREEN SOLUTIONS",0,0,1,0,54,0926,NY,"NEW YORK",10036
2023,"CODEIGNITORS INC",6,1,3,0,54,7131,DE,WILMINGTON,19804
2023,"CODEMOXIE SOLUTIONS LLC",4,0,0,0,54,3210,AZ,GLENDALE,85302
2023,"CODER LOGICS INC",6,0,3,0,54,9712,TX,IRVING,75039
2023,"CODER LOGICS INC",1,0,0,0,54,9712,TX,IRVING,75039
2023,"CODESCIENCE INC",0,0,1,0,54,9675,TN,CHATTANOOGA,37405
2023,"CODEWORKS LLC",0,0,7,0,54,7700,WI,BROOKFIELD,53045
2023,"CODEX SOFTWARE SOLUTIONS INC",3,0,0,0,54,0507,NJ,PISCATAWAY,08854
2023,"COEN PARTNERS LLC",0,0,1,0,54,7336,MN,MINNEAPOLIS,55401
2023,"COFFEYVILLE RESOURCES REFINING AND MARKETING LLC",0,0,1,0,54,5932,TX,"SUGAR LAND",77479
2023,"COFORGE DPA NA INC",2,0,3,0,54,4440,NJ,PRINCETON,08540
2023,"COFORGE INC F/K/A NIIT TECHNOLOGIES INC",1,0,1,0,54,1709,NJ,PRINCETON,08540
2023,"COFORGE LIMITED",40,0,101,1,54,0547,NJ,PRINCETON,08540
2023,"COFORGE LIMITED",0,0,8,0,54,0547,,,
2023,"COGENT DATA SOLUTIONS LLC",12,0,2,0,54,2712,FL,ORLANDO,32819
2023,"COGENT INFOTECH CORPORATION",4,0,1,0,54,3904,PA,PITTSBURGH,15241
2023,"COGENT INTEGRATED BUSINESS SOLUTIO",11,0,7,0,54,3972,MI,"BINGHAM FARMS",48025
2023,"COGENT INTEGRATED BUSINESS SOLUTIO",5,0,0,0,54,3972,MI,FRANKLIN,48025
2023,"COGENT INTEGRATED BUSINESS SOLUTIO",1,0,0,0,54,3972,MI,"HINGHAM FARMS",48025
2023,"COGENT LLC DBA COGENT SCIENTIFIC",0,0,1,0,54,6317,IN,INDIANAPOLIS,46202
2023,"COGITATE TECHNOLOGY SOLUTIONS INC",0,0,1,0,54,6574,GA,ATLANTA,30339
2023,"COGITECH SOLUTIONS LLC",0,0,1,0,54,4661,UT,LEHI,84043
2023,"COGNAC SYSTEMS INC",0,0,1,0,54,3253,NJ,METUCHEN,08840
2023,"COGNERIUM LLC",1,0,0,0,54,4667,WI,MIDDLETON,53562
2023,"COGNEX CORPORATION",0,0,2,1,54,3778,MA,NATICK,01760
2023,"COGNIAC CORP",0,0,1,0,54,2880,CA,"SAN JOSE",95113
2023,"COGNIAL TECHNOLOGIES INC",0,0,2,0,54,4012,GA,ALPHARETTA,30005
2023,"COGNICIAN INC",1,0,0,0,54,7194,CA,"SAN FRANCISCO",94117
2023,"COGNIDA INC",0,0,1,0,54,8286,,,
2023,"COGNIDA INC",0,0,1,0,54,8286,IL,LINCOLNSHIRE,60069
2023,"COGNIER INC",0,0,2,0,54,4008,,,
2023,"COGNIER INC",2,0,27,2,54,4008,GA,BUFORD,30518
2023,"COGNISOFT TECHNOLOGIES LLC",0,0,3,0,54,9422,NJ,CINNAMINSON,08077
2023,"COGNISOFT TECHNOLOGIES LLC",1,0,1,0,54,9422,NJ,RIVERTON,08077
2023,"COGNITIVE ARTIFICIAL INTELLIGENCE INC",0,0,5,0,54,2893,NJ,"SOUTH PLAINFIELD",07080
2023,"COGNITIVE DATA INTELLIGENCE LLC",11,0,0,0,54,1182,TX,CARROLLTON,75006
2023,"COGNITIVE INFORMATION SOLUTION LLC",0,0,1,0,54,7512,CA,IRVINE,92612
2023,"COGNITIVE MINDS INC",2,0,2,0,54,0912,MI,NOVI,48375
2023,"COGNITIVE TECHNOLOGY SOLUTIONS INC",7,2,1,1,54,9278,DE,WILMINGTON,19801
2023,"COGNITUS CONSULTING LLC",0,0,1,0,54,5833,,,
2023,"COGNITUS CONSULTING LLC",0,0,2,0,54,5833,TX,DALLAS,75248
2023,"COGNITUS CONSULTING LLC",1,0,0,0,54,5833,TX,DALLAS,75254
2023,"COGNIX AUTOMATION INC",1,0,0,0,54,6150,CA,PLEASANTON,94566
2023,"COGNIZAANT MIND CONSULTING LLC",2,0,0,0,54,6616,TX,IRVING,75038
2023,"COGNIZANT TECHNOLOGY SOLUTIONS US CORP",1,0,0,0,54,4155,TX,"COLLEGE STATION",77845
2023,"COGNIZANT TECHNOLOGY SOLUTIONS US CORP",0,0,1,0,54,4155,TX,"COLLEGE STA",77845
2023,"COGNIZANT TECHNOLOGY SOLUTIONS US CORP",1,0,0,0,54,4115,TX,"COLLEGE STATION",77845
2023,"COGNIZANT TECHNOLOGY SOLUTIONS US CORP",0,0,1,0,54,1562,MI,TROY,48083
2023,"COGNIZANT TECHNOLOGY SOLUTIONS US CORP",22,0,106,0,54,4155,,,
2023,"COGNIZANT TECHNOLOGY SOLUTIONS US CORP",0,0,1,0,54,1562,TX,"COLLEGE STATION",77845
2023,"COGNIZANT TECHNOLOGY SOLUTIONS US CORP",89,1,355,19,54,4155,TX,"COLLEGE STA",77845
2023,"COGNIZANT TECHNOLOGY SOLUTIONS US CORP",944,15,2450,114,54,4155,TX,"COLLEGE STATION",77845
2023,"COGNIZANT TECHNOLOGY SOLUTIONS US CORP",0,0,1,0,54,4255,TX,"COLLEGE STATION",77845
2023,"COGNIZANT TECHNOLOGY SOLUTIONS US CORP",0,0,0,1,54,4155,TX,"COLLEGE STATION",77845
2023,"COGNIZANT TECHNOLOGY SOLUTIONS US CORP",0,0,1,0,54,4155,TX,"COLLEGE STATION",77845
2023,"COGNIZANT TRIZETTO SOFTWARE GROUP INC CTSG",0,0,1,0,54,1159,CO,ENGLEWOOD,80112
2023,"COGNIZANT TRIZETTO SOFTWARE GROUP INC CTSG",0,0,1,0,54,1159,TX,"COLLEGE STATION",77845
2023,"COGNIZANT WORLDWIDE LIMITED",0,0,1,0,54,0166,TX,"COLLEGE STATION",77845
2023,"COGNIZANT WORLDWIDE LIMITED",9,0,2,0,54,0166,NJ,TEANECK,07666
2023,"COGNIZIONI IT SOLUTIONS LLC",1,0,0,0,54,7935,FL,ORLANDO,32819
2023,"COGNOSPHERE LLC D/B/A HOYOVERSE",0,0,1,0,54,5463,CA,"SANTA MONICA",90404
2023,"COGNOWIZ LLC",0,0,1,0,54,5219,,,
2023,"COGNOWIZ LLC",1,2,2,0,54,5219,VA,HERNDON,20170
2023,"COHASH LLC",1,0,1,0,54,2874,TX,FRISCO,75034
2023,"COHBER PRESS INC",1,0,0,0,54,6930,NY,"WEST HENRIETTA",14586
2023,"COHEN & COMPANY LTD",0,0,0,1,54,2961,OH,CLEVELAND,44115
2023,"COHERE TECHNOLOGIES INC",0,0,1,0,54,6874,CA,"SAN JOSE",95131
2023,"COHERE US INC",0,0,1,0,54,7020,,,
2023,"COHERE US INC",0,0,3,0,54,7020,CA,"PALO ALTO",94301
2023,"COHESITY INC",0,0,20,0,54,2057,CA,"SAN JOSE",95110
2023,"COHNREZNICK LLP",0,0,14,0,54,8099,NY,"NEW YORK",10019
2023,"COINROUTES INC",1,0,0,0,54,5935,FL,MIAMI,33131
2023,"COLABERRY INC",0,1,2,0,54,3538,MO,PERRYVILLE,63775
2023,"COLAVO INC",0,0,1,0,54,0174,NJ,"FORT LEE",07024
2023,"COLD SPRING HARBOR LABORATORY",1,0,0,0,54,3303,,,
2023,"COLD SPRING HARBOR LABORATORY",0,0,1,0,54,3303,NY,"COLD SPG HBR",11724
2023,"COLD SPRING HARBOR LABORATORY",11,0,7,0,54,3303,NY,"COLD SPRING HARBOR",11724
2023,"COLFAX INTERNATIONAL",1,0,0,0,54,9085,CA,"SANTA CLARA",95051
2023,"COLLABERA INC",0,0,2,0,54,3525,,,
2023,"COLLABERA INC",4,0,35,1,54,3525,NJ,"BASKING RIDGE",07920
2023,"COLLABERA LLC",0,0,1,0,54,2226,,,
2023,"COLLABERA LLC",1,0,20,0,54,2226,NJ,"BASKING RIDGE",07920
2023,"COLLABORAIT INC",1,0,2,0,54,0363,VA,"FALLS CHURCH",22046
2023,"COLLABORATE SOLUTIONS INC",2,0,43,3,54,5579,MA,SHREWSBURY,01545
2023,"COLLABORATE SOLUTIONS INC",0,0,1,0,54,5779,MA,SHREWSBURY,01545
2023,"COLLABORATE SOLUTIONS INC",0,0,2,0,54,5579,,,
2023,"COLLABORATIVE SOLUTIONS LLC",0,0,7,0,54,3742,VA,RESTON,20191
2023,"COLLABORATIVE SYSTEMS INC",2,1,3,0,54,7866,PA,"KING OF PRUSSIA",19406
2023,"COLLABRALINK TECHNOLOGIES INC",0,0,1,0,54,8030,VA,"MC LEAN",22102
2023,"COLLABRALINK TECHNOLOGIES INC",0,0,1,0,54,8030,VA,"WEST MCLEAN",22102
2023,"COLLABRIUM SYSTEMS LLC",1,0,4,0,54,5705,PA,HARRISBURG,17111
2023,"COLLASYS LLC",2,0,17,0,54,1848,MI,SOUTHFIELD,48076
2023,"COLLECTIVE HUB INC",0,0,1,0,54,4632,CA,"SAN FRANCISCO",94107
2023,"COLLECTORS UNIVERSE INC",0,0,4,0,54,6191,CA,"NEWPORT BEACH",92658
2023,"COLLIERS ENGINEERING DESIGN INC",0,0,3,0,54,1610,NY,ROCHESTER,14604
2023,"COLLIERS ENGINEERING DESIGN INC",0,0,1,0,54,1610,CT,MADISON,06443
2023,"COLLIERS ENGINEERING DESIGN INC",0,0,1,0,54,1610,NJ,HOLMDEL,07733
2023,"COLOR HEALTH INC",0,0,1,0,54,3585,,,
2023,"COLOR HEALTH INC",0,0,2,0,54,3585,CA,BURLINGAME,94010
2023,"COLORADO INTERACTIVE LLC",0,0,1,0,54,4336,KS,OLATHE,66061
2023,"COLORTOKENS INC",0,0,1,0,54,9497,CA,"SAN JOSE",95134
2023,"COLSH CONSULTANTS LLC",5,0,22,0,54,7959,NJ,"MONMOUTH JUNCTION",08852
2023,"COLUMBUS INTERNATIONAL CORPORATION",0,0,3,0,54,4988,OH,COLUMBUS,43235
2023,"COLUMBUS INTERNATIONAL CORPORATION",0,0,1,0,54,4988,,,
2023,"COLUMBUS TECHNOLOGY SOLUTIONS INC",0,0,1,0,54,4049,,,
2023,"COLUMBUS TECHNOLOGY SOLUTIONS INC",4,0,8,0,54,4049,OH,DUBLIN,43017
2023,"COMANCHE BIOPHARMA CORP",1,0,0,0,54,7072,MA,CONCORD,01742
2023,"COMBOCURVE INC",0,0,1,0,54,6201,TX,HUMBLE,77346
2023,"COMETRICS PARTNERS LLC",0,0,1,0,54,8312,NY,"NEW YORK",10018
2023,"COMGEN AMERICA INC",1,0,0,0,54,9638,AL,OPELIKA,36801
2023,"COMMAND ALKON INC",0,0,1,0,54,2185,AL,BIRMINGHAM,35243
2023,"COMMBRIDGE CORPORATION",3,0,4,0,54,5716,CA,"SAN BRUNO",94066
2023,"COMMERCE TECHNOLOGIES LLC DBA COMMERCEHUB",0,0,3,0,54,8555,NY,LATHAM,12110
2023,"COMMERCECX INC",0,0,2,0,54,5914,NC,CARY,27519
2023,"COMMERX US INC",0,0,2,0,54,0370,AZ,PHOENIX,85012
2023,"COMMIITT LLC",6,0,0,0,54,4215,NJ,EDISON,08820
2023,"COMMITPOINT INC",0,0,1,0,54,2448,VA,LEESBURG,20176
2023,"COMMON FATE INC",0,0,1,0,54,9092,NY,"NEW YORK",10013
2023,"COMMON PROJECTS LLC",1,0,0,0,54,9408,NY,"NEW YORK",10022
2023,"COMMUNICATIONS TEST DESIGN INC",0,0,4,1,54,5935,PA,"WEST CHESTER",19380
2023,"COMMUNISPACE CORPORATION",0,0,0,1,54,7248,MA,BOSTON,02110
2023,"COMMUNITION EXPERTS INC",0,0,2,0,54,8327,NJ,"SOUTH PLAINFIELD",07080
2023,"COMMUNITY DESIGN ARCHITECTURE INC",1,0,0,0,54,4089,CA,OAKLAND,94612
2023,"COMMUNITY DEVELOPMENT VENTURE CAPITAL ALLIANCE",0,0,1,0,54,0192,,,
2023,"COMMURE INC",1,0,2,0,54,0286,CA,"SAN FRANCISCO",94107
2023,"COMMVAULT SYSTEMS INC",0,0,7,0,54,7504,NJ,EATONTOWN,07724
2023,"COMMVAULT SYSTEMS INC",0,0,16,0,54,7504,NJ,"TINTON FALLS",07724
2023,"COMMVAULT SYSTEMS INC",0,0,1,0,54,7504,NJ,"TITON FALLS",07724
2023,"COMP MGMT AND INFO SOLUTIONS INC",1,0,0,0,54,7066,NJ,DAYTON,08810
2023,"COMPANION PROFESSIONAL SERVICES",0,0,2,0,54,5610,SC,COLUMBIA,29201
2023,"COMPAS INC",0,1,0,0,54,8659,NJ,"CHERRY HILL",08002
2023,"COMPASS INC",2,0,1,0,54,1264,IL,"ARLINGTON HEIGHTS",60004
2023,"COMPASS LEXECON LLC",0,0,2,0,54,2099,MD,BOWIE,20715
2023,"COMPASSION FIRST PET HOSPITALS OF WASHINGTON PLLC",0,0,1,0,54,5194,CA,"AGOURA HILLS",91301
2023,"COMPEST SOLUTIONS INC",2,0,5,0,54,2605,NJ,MIDDLESEX,08846
2023,"COMPETENT SYSTEMS INC",0,0,3,0,54,3208,GA,ALPHARETTA,30005
2023,"COMPETITION DYNAMICS INC",0,0,1,0,54,6562,MA,SALEM,01970
2023,"COMPETITIVE COMPUTER INFORMATION TECHNOLOGIES INC",0,0,2,0,54,3168,MI,NORTHVILLE,48167
2023,"COMPLETE GENOMICS INC",0,0,2,0,54,6545,CA,"SAN JOSE",95134
2023,"COMPLI GROUP INC",1,0,2,0,54,1696,IL,LIBERTYVILLE,60048
2023,"COMPNOVA LLC",7,0,0,0,54,7449,TX,RICHARDSON,75080
2023,"COMPONENTI USA LLC",0,0,1,0,54,2439,FL,MIAMI,33142
2023,"COMPREHENSIVE RESOURCES INC",2,1,16,0,54,8753,NJ,MATAWAN,07747
2023,"COMPROBASE INC",3,0,3,0,54,3154,VA,STERLING,20166
2023,"COMPSTAK INC",0,0,1,0,54,3352,NY,"NEW YORK",10011
2023,"COMPTECH ASSOCIATES INC",0,0,1,0,54,3855,NJ,SOMERSET,08873
2023,"COMPU TECH COMPUTERS INC",0,0,1,0,54,8802,NY,ELMHURST,11373
2023,"COMPUGAIN LLC",2,0,9,1,54,0868,VA,HERNDON,20170
2023,"COMPUGRA SYSTEMS INC",1,0,0,0,54,8344,NJ,"MONMOUTH JCT",08852
2023,"COMPUGRA SYSTEMS INC",5,0,1,0,54,8344,NJ,"MONMOUTH JUNCTION",08852
2023,"COMPULINK MGT CTR INC DBA LASERFIC",0,1,1,0,54,0597,CA,"LONG BEACH",90807
2023,"COMPUNNEL SOFTWARE GROUP INC",0,0,1,0,54,8105,NJ,PLAINSBORO,08536
2023,"COMPUNNEL SOFTWARE GROUP INC",0,0,1,0,54,7105,NJ,PLAINSBORO,08536
2023,"COMPUNNEL SOFTWARE GROUP INC",1,0,21,0,54,7105,,,
2023,"COMPUNNEL SOFTWARE GROUP INC",0,0,1,0,54,7105,CO,LIVERMORE,80536
2023,"COMPUNNEL SOFTWARE GROUP INC",55,4,657,21,54,7105,NJ,PLAINSBORO,08536
2023,"COMPUSOFT INTEGRATED SOLUTIONS INC",0,0,6,0,54,2490,MI,"FARMINGTON HILLS",48334
2023,"COMPUTACT SYSTEMS INC",6,0,0,0,54,0645,IL,SCHAUMBURG,60195
2023,"COMPUTE TECH INC",0,0,2,0,54,9707,NJ,MIDDLESEX,08846
2023,"COMPUTECH CORPORATION",0,0,5,0,54,7011,MI,DETROIT,48202
2023,"COMPUTEK SOLUTION INC",1,0,3,0,54,9076,MI,FARMINGTON,48335
2023,"COMPUTEK SOLUTION INC",0,0,10,0,54,9076,MI,"FARMINGTON HILLS",48335
2023,"COMPUTER AID INC",0,0,7,0,54,0878,PA,ALLENTOWN,18104
2023,"COMPUTER AND ENGINEERING SERVICES INC DBA TRILLIUM TECHNICAL",0,0,3,0,54,2681,MI,"ROCHESTER HILLS",48309
2023,"COMPUTER ARITHMETIC LLC",1,0,2,0,54,4874,MA,QUINCY,02169
2023,"COMPUTER DESGIN INTEGRATION LLC",0,0,1,0,54,3827,NY,"NEW YORK",10110
2023,"COMPUTER ENGINEERING SERVICES INC D B A TRILLIUM TECHNICAL",0,0,1,0,54,,MI,"ROCHESTER HILLS",48309
2023,"COMPUTER ENTERPRISES INC",0,0,1,0,54,9434,,,
2023,"COMPUTER ENTERPRISES INC",1,0,0,0,54,9434,PA,PITTSBURGH,15205
2023,"COMPUTER GLOBAL SOLUTIONS INC",0,0,1,0,54,7333,FL,TAMPA,33607
2023,"COMPUTER PACKAGES INC",0,0,2,0,54,9326,MD,ROCKVILLE,20850
2023,"COMPUTER POWER GROUP INC",3,0,0,0,54,0749,FL,JACKSONVILLE,32256
2023,"COMPUTER SCIENCES CORPORATION",29,3,27,1,54,3126,VA,ASHBURN,20147
2023,"COMPUTER SERVICES INC",0,0,2,0,54,9699,KY,PADUCAH,42001
2023,"COMPUTER SOFTWARE & SOLUTIONS INTERNATIONAL LLC",0,0,1,0,54,3779,FL,"BOCA RATON",33487
2023,"COMPUTER SOLUTIONS AND TECHNOLOGIES LLC",0,0,1,0,54,1472,NJ,EDISON,08837
2023,"COMPUTER SQUARE INC",0,0,1,0,54,7430,NJ,KEASBEY,08832
2023,"COMPUTER TASK GROUP INC",0,0,2,0,54,2632,NY,BUFFALO,14226
2023,"COMPUTER TECHNOLOGY SERVICES INC",0,0,1,0,54,2907,NY,ALBANY,12203
2023,"COMPUTER TRUST CORPORATION",0,0,1,0,54,7988,MA,BOSTON,02109
2023,"COMPUTERCRAFT CORPORATION",0,0,1,0,54,3703,DC,WASHINGTON,20005
2023,"COMPUTOMIC SOFTWARE AND CONSULTING LLC",0,0,1,0,54,7643,NJ,"MONROE TOWNSHIP",08831
2023,"COMPUWEIGH CORPORATION",0,0,1,0,54,5460,CT,WOODBURY,06798
2023,"COMRISE TECHNOLOGY INC",1,0,3,0,54,0716,NJ,WOODBRIDGE,07095
2023,"COMSCORE INC",0,0,1,0,54,5550,,,
2023,"COMSCORE INC",1,0,5,4,54,5550,VA,RESTON,20190
2023,"COMSYS TECHNOLOGIES INC",0,1,0,0,54,0573,MN,PLYMOUTH,55447
2023,"COMTEC CONSULTANTS INC",9,0,5,0,54,6801,TX,IRVING,75038
2023,"COMTEK GLOBAL INC DBA CENTILLIONZ",0,0,10,0,54,4299,NJ,PISCATAWAY,08854
2023,"CONCAT SYSTEMS INC",0,0,1,0,54,4406,IA,URBANDALE,50322
2023,"CONCENTRIX CVG CORPORATION",0,0,1,0,54,7578,OH,CINCINNATI,45202
2023,"CONCENTRIX CVG CUSTOMER MANAGEMENT GROUP INC",0,0,2,0,54,0729,OR,BEAVERTON,97008
2023,"CONCEPT ART HOUSE INC",0,0,1,0,54,8843,CA,"SAN FRANCISCO",94104
2023,"CONCEPT SOFTWARE AND SERVICES INC",5,0,5,0,54,1204,GA,ALPHARETTA,30022
2023,"CONCEPTION BIOSCIENCES INC",0,1,0,0,54,7809,CA,BERKELEY,94710
2023,"CONCEPTS INFORMATION TECHNOLOGY INC",0,0,1,1,54,0433,VA,VIENNA,22182
2023,"CONCEPTUAL MINDS INC",0,1,0,0,54,3158,VA,ARLINGTON,22202
2023,"CONCERT TECH CORPORATION",1,0,1,0,54,3688,VA,LEESBURG,20176
2023,"CONCH TECHNOLOGIES INC",1,0,3,0,54,5490,TN,GERMANTOWN,38138
2023,"CONCH TECHNOLOGIES INC",3,0,1,0,54,5490,TN,MEMPHIS,38138
2023,"CONCH TECHNOLOGIES INC",0,0,1,0,54,5490,,,
2023,"CONCOR IT SOLUTIONS INC",1,1,0,0,54,6094,NC,CHARLOTTE,28262
2023,"CONCORD ENGINEERING, INC.",1,0,0,0,54,8854,WA,BELLEVUE,98004
2023,"CONCORD ENGINEERING, INC.",0,0,1,0,54,8854,WA,SEATTLE,98101
2023,"CONCORD USA LLC",1,0,4,0,54,4885,MN,HOPKINS,55343
2023,"CONCRETE AI INC",1,0,0,0,54,6436,CA,"LOS ANGELES",90095
2023,"CONCUR TECHNOLOGIES INC",0,0,17,0,54,8052,PA,"NEWTOWN SQUARE",19073
2023,"CONCURRENCY INC",0,0,1,0,54,6337,WI,BROOKFIELD,53005
2023,"CONDORES ARCHITECTURAL DESIGN LLC",0,0,1,0,54,8549,FL,MIAMI,33132
2023,"CONDUCTOR LLC",0,0,1,0,54,5424,NY,"NEW YORK",10016
2023,"CONDUENT BUSINESS PROCESS OPTIMIZATION SERVICES INC",0,0,6,0,54,4791,TX,RICHARDSON,75080
2023,"CONDUENT BUSINESS PROCESS OPTIMIZATION SERVICES INC",0,0,1,0,54,4791,,,
2023,"CONDUENT BUSINESS SERVICES LLC",0,0,4,0,54,3031,TX,RICHARDSON,75080
2023,"CONDUENT CARE SOLUTIONS LLC",0,0,1,0,54,9126,TX,RICHARDSON,75080
2023,"CONDUENT COMMERCIAL SOLUTIONS LLC",0,0,9,0,54,6606,TX,RICHARDSON,75080
2023,"CONDUENT CREDIT BALANCE SOLUTIONS LLC",0,0,1,0,54,9520,TX,RICHARDSON,75080
2023,"CONDUENT HR SERVICES LLC",0,0,1,1,54,9848,TX,RICHARDSON,75080
2023,"CONDUENT HUMAN RESOURCE SERVICES LLC",0,0,3,0,54,5976,TX,RICHARDSON,75080
2023,"CONDUENT LEGAL & COMPLIANCE SOLUTIONS LLC",0,0,1,1,54,3699,TX,RICHARDSON,75080
2023,"CONDUENT PATIENT ACCESS SOLUTIONS LLC",0,0,1,0,54,4554,TX,RICHARDSON,75080
2023,"CONDUENT PUBLIC HEALTH SOLUTIONS INC",0,0,0,1,54,8335,TX,RICHARDSON,75080
2023,"CONDUENT STATE & LOCAL SOLUTIONS INC",0,0,11,1,54,6647,TX,RICHARDSON,75080
2023,"CONDUENT STATE HEALTHCARE LLC",0,0,7,0,54,9287,TX,RICHARDSON,75080
2023,"CONDUENT TRANSPORT SOLUTIONS INC",0,0,2,0,54,7067,TX,RICHARDSON,75080
2023,"CONDUIT CONSULTANCY SERVICES LLC",0,0,2,0,54,5250,TX,MCKINNEY,75072
2023,"CONEXUS SOLUTIONS INC",0,0,1,0,54,3577,NJ,PRINCETON,08540
2023,"CONFIDENCE INTERVAL LLC",1,0,0,0,54,8334,CO,BROOMFIELD,80021
2023,"CONFIMINDS LLC",0,0,2,0,54,9679,VA,HERNDON,20171
2023,"CONFIZ LLC",6,0,3,0,54,0615,WA,BELLEVUE,98008
2023,"CONFLUENCE INC",0,0,1,0,54,5404,IA,"DES MOINES",50309
2023,"CONFLUX SYSTEMS INC",7,3,25,1,54,6788,GA,ALPHARETTA,30005
2023,"CONFLUX SYSTEMS INC",1,0,6,0,54,6788,,,
2023,"CONGENSYS CORP",0,0,1,0,54,2815,,,
2023,"CONGENSYS CORP",0,0,9,0,54,2815,NJ,EDISON,08817
2023,"CONGLOMERATE IT SERVICES INC",0,0,1,0,54,5712,TX,DALLAS,75244
2023,"CONGLOMERATEIT LLC",1,0,7,0,54,2966,TX,ADDISON,75001
2023,"CONGLOMERATEIT LLC",1,0,0,0,54,2966,TX,MCKINNEY,75070
2023,"CONJECTURE CONSULTING INC",2,0,1,0,54,1498,CA,IRVINE,92618
2023,"CONJECTURE CONSULTING LLC",1,0,3,1,54,2914,CA,IRVINE,92618
2023,"CONNECT ERP LLC",1,0,0,0,54,6067,CO,DENVER,80210
2023,"CONNECTEDX INC",1,0,0,0,54,6415,,,
2023,"CONNECTEDX INC",3,0,6,0,54,6415,TX,DALLAS,75244
2023,"CONNECTIQ LABS, INC.",0,0,1,0,54,3626,CA,"REDWOOD CITY",94065
2023,"CONNECTIVITY SOLUTIONS INC",0,0,1,0,54,7691,VA,STERLING,20164
2023,"CONNECTIX CORPORATION",2,0,3,0,54,2740,TX,IRVING,75038
2023,"CONNECTTEL INC DBA CONNECT TECH & TALENT",0,0,1,0,54,1048,TX,AUSTIN,78758
2023,"CONNOR CONSULTING CORPORATION",0,0,1,0,54,0681,CA,"SAN FRANCISCO",94107
2023,"CONNVERTEX TECHNOLOGIES INC",1,0,4,0,54,3013,UT,"SOUTH JORDAN",84095
2023,"CONQUEST CONSULTING LLC",0,0,1,0,54,1682,TX,"CEDAR PARK",78613
2023,"CONRELV SOLUTIONS INC",1,0,0,0,54,4610,TX,MCKINNEY,75070
2023,"CONRELV SOLUTIONS INC",1,0,0,0,54,4610,ID,BOISE,83702
2023,"CONSELLO TECHNOLOGIES INC",0,0,1,0,54,4282,GA,ALPHARETTA,30009
2023,"CONSERVICE LLC",0,0,1,0,54,0875,UT,"RIVER HEIGHTS",84321
2023,"CONSIGA TECHNOLOGIES INC",4,1,1,0,54,1098,NJ,METUCHEN,08840
2023,"CONSILIUM TECHNOLOGY LABS",2,0,0,0,54,3910,TX,PLANO,75024
2023,"CONSOLIDATED TESTING LABORATORIES INC",1,0,0,0,54,4365,CA,EXETER,93221
2023,"CONSOR ENGINEERS LLC",1,0,5,0,54,1706,TX,HOUSTON,77084
2023,"CONSOR ENGINEERS LLC",0,0,1,0,54,1706,TX,"SAN ANTONIO",78260
2023,"CONSOR NORTH AMERICA INC",0,0,1,0,54,8555,OR,PORTLAND,97204
2023,"CONSORTIUM HEALTH PLANS INC",0,0,1,0,54,3715,MD,COLUMBIA,21044
2023,"CONSTANT CONTACT INC",0,0,3,0,54,5398,MA,WALTHAM,02451
2023,"CONSTELLATION PHARMACEUTICALS INC",0,0,1,0,54,1721,MA,BOSTON,02110
2023,"CONSTELLATION PHARMACEUTICALS INC",0,0,1,0,54,1721,MA,BOSTON,02210
2023,"CONSTELLATION SOFTWARE INC",0,0,2,0,54,1150,NY,"NEW YORK",10007
2023,"CONSTRUCTION TECHNOLOGY LABORATORIES INC DBA CTLGROUP",0,0,1,0,54,8051,IL,SKOKIE,60077
2023,"CONSULT AMERICA INC",2,0,2,0,54,2138,VA,ASHBURN,20147
2023,"CONSULTADD INC",4,1,22,2,54,5433,TX,IRVING,75039
2023,"CONSULTING & IT LLC",4,0,1,0,54,8790,VA,RESTON,20191
2023,"CONSULTING & IT LLC",0,5,0,0,54,8790,VA,SPRINGFIELD,22150
2023,"CONSULTING ENGINEERS COLLABORATIVE INC",0,0,1,0,54,6645,NJ,KENILWORTH,07033
2023,"CONSULTING MARVEL LLC",0,0,2,0,54,1120,TX,MCKINNEY,75071
2023,"CONSULTING OPPORTUNITY HOLDINGS LL",1,0,0,0,54,9111,TX,ADDISON,75001
2023,"CONSULTING PROFESSIONALS LLC",0,0,1,1,54,3174,NY,BUFFALO,14227
2023,"CONSULTING PROFESSIONALS LLC",0,0,1,0,54,3174,NY,CHEEKTOWAGA,14227
2023,"CONSULTING TECHNOLOGY SERVICES INC",3,0,0,0,54,8412,VA,HERNDON,20171
2023,"CONSULTNET LLC",0,0,1,0,54,2976,UT,"SOUTH JORDAN",84095
2023,"CONSULTVEDA INFO TECHNOLOGIES INC",15,2,0,0,54,9391,GA,ALPHARETTA,30005
2023,"CONSUMER 20 INC D/B/A RENTLY KEYLESS",0,0,2,0,54,5627,CA,"LOS ANGELES",90048
2023,"CONTACTABILITY COM LLC",0,0,1,0,54,1833,CA,"COSTA MESA",92627
2023,"CONTECH CONTROL SERVICES",0,0,1,0,54,6548,TX,"LA PORTE",77571
2023,"CONTEMPORARY GARDENS LANDSCAPING GROUP INC",1,0,0,0,54,1155,GA,ATLANTA,30318
2023,"CONTENTACTIVE LLC",0,0,0,1,54,7254,TX,HOUSTON,77064
2023,"CONTEXTANT INC",0,0,1,0,54,0293,IL,"LAKE FOREST",60045
2023,"CONTINENTAL HUB FOR INFO PROCESSING INC",1,1,1,0,54,7010,TX,LEWISVILLE,75067
2023,"CONTINENTAL STRATEGY LLC",1,0,1,0,54,8551,DC,WASHINGTON,20004
2023,"CONTINENTAL TECHNOLOGY SOLUTIONS",0,0,1,0,54,0378,TX,HOUSTON,77036
2023,"CONTINO US LLC",0,0,2,0,54,8860,NY,"NEW YORK",10018
2023,"CONTINUBE INC",0,0,1,0,54,0080,CA,FREMONT,94539
2023,"CONTRIVA INC",1,0,0,0,54,5584,NJ,FORDS,08863
2023,"CONTRIVE SOLUTIONS INC",0,0,1,0,54,1357,MA,NORTHBOROUGH,01532
2023,"CONTROL ENGINEERING INC",1,0,0,0,54,8768,CA,"HUNTINGTON BEACH",92646
2023,"CONTROL INFOTECH INC",0,0,2,0,54,7743,NC,MORRISVILLE,27560
2023,"CONTROL SYSTEM INTEGRATORS INC",0,0,1,1,54,8876,MI,LANSING,48917
2023,"CONTROL TEC LLC",0,0,2,0,54,3105,MI,"ALLEN PARK",48101
2023,"CONTROL TEC LLC",0,0,1,0,54,3105,MI,TROY,48098
2023,"CONTROLOGIX LLC DB CLX ENGINEERING",0,0,1,0,54,4444,FL,SANFORD,32771
2023,"CONVENE INC",0,0,1,0,54,2328,FL,TAMPA,33647
2023,"CONVERGEDIRECT LLC",0,0,1,0,54,0788,NY,"BEDFORD HILLS",10507
2023,"CONVERGEDIRECT LLC",0,0,1,0,54,0788,NY,"BEDFORE HILLS",10507
2023,"CONVERGENCE ACCELERATION SOLUTIONS LLC",0,0,4,0,54,1937,GA,ROSWELL,30075
2023,"CONVERGENT CONSULTING INC",1,0,3,0,54,2101,CA,FREMONT,94539
2023,"CONVERGENT IT SOLUTIONS INC",2,0,2,0,54,2192,VA,MANASSAS,20110
2023,"CONVERGENT LAW LLC",0,0,1,0,54,0974,NJ,ROSELAND,07068
2023,"CONVERGENT RESEARCH LLC",1,0,0,0,54,0595,MA,CAMBRIDGE,02138
2023,"CONVERGENT TECHNOLOGIES DESIGN GROUP INC",0,0,1,0,54,8611,MD,BALTIMORE,21212
2023,"CONVERGEONE INC",0,0,1,0,54,3228,MN,MINNEAPOLIS,55437
2023,"CONVERSANTIT INC",1,0,6,0,54,2177,TX,IRVING,75063
2023,"CONVERTICAL LLC",1,0,0,0,54,1526,CA,"SANTA MONICA",90405
2023,"CONVEXTECH INC",5,0,0,0,54,2098,TX,PEARLAND,77584
2023,"CONVIVA INC",0,0,2,0,54,6985,CA,"FOSTER CITY",94404
2023,"CONVIVA INC",0,0,1,0,54,6985,CA,"SAN MATEO",94404
2023,"CONVR INC",0,0,1,0,54,9610,IL,SCHAUMBURG,60173
2023,"CONYX IT SOLUTIONS LLC",1,0,0,0,54,9549,TX,FRISCO,75036
2023,"COOK SYSTEMS INTERNATIONAL INC",0,0,2,0,54,4079,TN,MEMPHIS,38119
2023,"COOKFOX ARCHITECTS DPC",0,0,2,0,54,7519,NY,"NEW YORK",10107
2023,"COOL MINDS LLC",2,0,0,0,54,5587,VA,HERNDON,20171
2023,"COOLEY LLP",0,0,1,0,54,0085,CA,"PALO ALTO",94304
2023,"COOLSOFT LLC",0,0,1,0,54,9059,,,
2023,"COOLSOFT LLC",0,0,1,0,54,9059,KY,FAIRFIELD,40020
2023,"COOLSOFT LLC",0,0,31,1,54,9059,KY,LOUISVILLE,40220
2023,"COOPER CARRY ARCHITECTS NEW YORK PC",0,0,1,0,54,4345,NY,"NEW YORK",10004
2023,"COOPER CARRY INC",0,0,1,0,54,3313,,,
2023,"COOPER CARRY INC",0,0,1,0,54,3313,GA,ATLANTA,30303
2023,"COPILOT PLATFORMS INC",1,0,0,0,54,5833,NY,"NEW YORK",10001
2023,"COPPER DART INC",0,0,4,0,54,5389,MI,"FARMINGTON HILLS",48334
2023,"COPPERCONE INC",0,0,2,0,54,1759,CA,"SAN JOSE",95129
2023,"COPPERCONE INC",2,1,1,0,54,1759,CA,"SANTA CLARA",95051
2023,"CORA SYSTEMS US INC",0,0,1,0,54,9638,DE,WILMINGTON,19808
2023,"CORBEL ARCHITECTS INC",0,0,2,0,54,5882,CA,"LOS ANGELES",90010
2023,"CORBIN CONSULTING ENGINEER INC",0,0,1,0,54,4040,OR,BEAVERTON,97006
2023,"CORCENTRIC LLC",0,0,2,0,54,4008,NJ,"CHERRY HILL",08002
2023,"CORCEPT THERAPEUTICS INC",0,0,1,0,54,7658,CA,"MENLO PARK",94025
2023,"CORE BTS INC",0,0,1,0,54,3764,IN,INDIANAPOLIS,46250
2023,"CORE CLOUD TECHNOLOGIES LLC",3,0,1,0,54,5277,NC,CHARLOTTE,28262
2023,"CORE ITS LIMITED LIABILITY COMPANY",1,0,0,0,54,0052,NJ,"S PLAINFIELD",07080
2023,"CORE ITS LIMITED LIABILITY COMPANY",1,1,3,0,54,0052,NJ,"SOUTH PLAINFIELD",07080
2023,"CORE LAW GROUP LLP",0,0,1,0,54,2678,CA,ORANGE,92868
2023,"CORE SOFTWARE TECHNOLOGIES INC.",3,0,1,0,54,6909,NJ,PLAINSBORO,08536
2023,"COREFLEX SOLUTIONS INC",1,0,1,0,54,6135,IL,NAPERVILLE,60540
2023,"COREMATIQ INC",11,3,0,0,54,5985,NJ,PLAINSBORO,08536
2023,"CORESLAB STRUCTURES MIAMI INC",0,0,1,0,54,3181,FL,MIAMI,33178
2023,"CORESPHERE LLC",0,0,1,0,54,6452,MD,BETHESDA,20817
2023,"CORESTACK INC",2,0,0,0,54,0971,WA,BELLEVUE,98006
2023,"CORETEK INC",0,0,1,0,54,4363,MI,"FARMINGTN HLS",48335
2023,"CORETELLIGENT LLC",1,0,1,0,54,7979,MA,NEEDHAM,02494
2023,"CORETELLIGENT LLC",0,0,1,0,54,7979,MA,"NEEDHAM HEIGHTS",02494
2023,"COREVANCE INC",2,0,0,0,54,9242,GA,CUMMING,30041
2023,"COREVITAS LLC",0,0,1,0,54,8103,MA,WALTHAM,02451
2023,"CORGAN ASSOCIATES INC",0,0,4,0,54,9692,TX,DALLAS,75202
2023,"CORIELL INSTITUTE FOR MEDICAL RESEARCH",3,0,0,0,54,2684,NJ,CAMDEN,08103
2023,"CORL TECHNOLOGIES LLC",0,0,2,0,54,4519,GA,ATLANTA,30341
2023,"CORNERSTONE ONDEMAND INC",1,0,19,1,54,8197,CA,"SANTA MONICA",90404
2023,"CORNERSTONE RESEARCH INC",2,0,4,0,54,2543,MA,BOSTON,02116
2023,"CORNING RESEARCH DEVELOPMENT CORPORATION",0,0,6,0,54,5180,NY,CORNING,14831
2023,"CORP2CORP INC",1,0,2,0,54,4148,NJ,"JERSEY CITY",07302
2023,"CORPBIZ TECHNOLOGIES INC",2,0,0,0,54,5926,TX,ALLEN,75002
2023,"CORPORATE AMERICA BUSINESS SOL INC",1,0,0,0,54,3124,NJ,PRINCETON,08540
2023,"CORPORATE COMPUTER SERVICES INC",0,0,5,0,54,5891,MI,"FARMINGTON HILLS",48335
2023,"CORPORATE COMPUTER SERVICES INC",0,0,1,0,54,5891,,,
2023,"CORPORATE COMPUTER SERVICES INC",0,0,2,0,54,5891,MI,FARMINGTON,48335
2023,"CORPORATE COMPUTER SOLUTIONS LLC DBA CCS IT",0,0,1,0,54,7603,,,
2023,"CORPORATE EMPLOYMENT RESOURCES INC",0,0,2,0,54,6504,,,
2023,"CORPORATE EMPLOYMENT RESOURCES INC",0,0,5,0,54,6504,MI,SOUTHFIELD,48034
2023,"CORPORATE SOLUTIONS GENERAL INC",0,0,1,0,54,4657,,,
2023,"CORPORATE SOLUTIONS GENERAL INC",3,0,16,0,54,4657,TX,HOUSTON,77036
2023,"CORPORATION SERVICE COMPANY",0,0,11,0,54,9810,DE,WILMINGTON,19808
2023,"CORPTAX INC",0,0,2,0,54,8383,DE,WILMINGTON,19808
2023,"CORPTEQ SOLUTIONS INC",0,0,3,0,54,4380,GA,CUMMING,30041
2023,"CORRA TECHNOLOGY INC",0,0,1,0,54,1738,NJ,MONTCLAIR,07042
2023,"CORRELATION ONE INC",0,1,0,0,54,2307,NY,"NEW YORK",10019
2023,"CORTEVA AGRISCIENCE LLC",0,0,14,0,54,1118,IN,INDIANAPOLIS,46268
2023,"CORTEVA AGRISCIENCE LLC",0,0,1,0,54,1118,,,
2023,"CORUS SOFT INC",0,0,2,0,54,4545,NJ,EDISON,08817
2023,"CORVA AI LLC",0,0,3,0,54,6453,TX,HOUSTON,77043
2023,"CORVEL HEALTHCARE CORPORATION",0,0,2,0,54,2819,OR,PORTLAND,97204
2023,"COSCIA DAY ARCHITECTURE & DESIGN",0,0,1,0,54,9724,CA,VENICE,90291
2023,"COSECANT INC",0,0,1,0,54,7783,MD,COLUMBIA,21045
2023,"COSENTINI ASSOCIATES",0,0,1,0,54,1174,NY,"NEW YORK",10018
2023,"COSMOS IT SOLUTIONS INC",1,0,1,0,54,9019,KS,TOPEKA,66609
2023,"COSOURCING PARTNERS LLC",0,0,1,0,54,4207,IL,WESTMONT,60559
2023,"COSTAR REALTY INFORMATION INC",0,0,19,0,54,4617,DC,WASHINGTON,20005
2023,"COTIVITI INC",0,0,4,0,54,9380,UT,DRAPER,84020
2023,"COTIVITI INC",0,0,23,0,54,9380,UT,"SOUTH JORDAN",84095
2023,"COTIVITI INC",0,0,1,0,54,9380,UT,"SOUTH JORDAN",84095
2023,"COTMAC ELECTRONICS INC",0,0,2,0,54,7195,MI,TROY,48084
2023,"COUGAR CONTRACTING LLC",1,0,0,0,54,0916,FL,"FORT MYERS",33905
2023,"COUGAR TECH INC",10,1,2,1,54,8601,CA,PLEASANTON,94588
2023,"COULOIR TECHNOLOGY GROUP INC",5,1,5,2,54,4223,PA,EXTON,19341
2023,"COULOMB TECHNOLOGIES INC",0,0,1,0,54,1040,CA,"SAN FRANCISCO",94107
2023,"COUNCILOR BUCHANAN & MITCHELL PC",0,0,4,0,54,1839,MD,BETHESDA,20814
2023,"COUNSELAB INC",1,0,0,0,54,9889,CA,"SAN MATEO",94402
2023,"COUNTERPOINT CONSULTING INC",0,0,0,1,54,6903,VA,"MC LEAN",22102
2023,"COUNTERPOINT CONSULTING INC",0,0,1,0,54,6903,VA,MCLEAN,22102
2023,"COURSE5 INTELLIGENCE PRIVATE LTD",0,0,3,0,54,9004,WA,BELLEVUE,98006
2023,"COVALENSE DIGITAL SOLUTIONS LLC",1,0,0,0,54,6745,VA,HERNDON,20170
2023,"COVALENSE DIGITAL SOLUTIONS LLC",0,0,2,0,54,6745,VA,HERNDON,20171
2023,"COVALENT METROLOGY",0,0,1,0,54,8043,CA,SUNNYVALE,94085
2023,"COVANT SOLUTIONS INC",1,0,15,0,54,8309,DE,NEWARK,19713
2023,"COVARIANT INC",0,0,3,0,54,0689,CA,EMERYVILLE,94608
2023,"COVE TOOL INC",0,0,1,0,54,8821,GA,ATLANTA,30303
2023,"COVENANT TECH SERVICES LLC",5,0,0,0,54,6459,CT,BRIDGEPORT,06604
2023,"COVENSYS TECHNOLOGIES INC",19,3,0,0,54,8109,TX,BEDFORD,76021
2023,"COVENSYS TECHNOLOGIES INC",1,0,0,0,54,8109,TX,FRISCO,75033
2023,"COVENTEK INC",1,0,0,0,54,8563,GA,ALPHARETTA,30009
2023,"COVERMYMEDS LLC",0,0,1,0,54,6223,TX,IRVING,75039
2023,"COVETIT INC",5,2,5,0,54,4032,CA,FREMONT,94539
2023,"COVETRUS INC",0,0,1,0,54,8706,,,
2023,"COVETRUS INC",0,0,3,0,54,8706,OH,DUBLIN,43017
2023,"COVINGTON & BURLING LLP",0,0,3,0,54,8411,DC,WASHINGTON,20001
2023,"COVIUS SERVICES LLC",0,0,1,0,54,0728,MI,"MADISON HEIGHTS",48071
2023,"COWBELL CYBER INC",0,0,1,0,54,8866,CA,PLEASANTON,94566
2023,"COWI NORTH AMERICA INC",0,0,1,0,54,1273,WA,SEATTLE,98101
2023,"COYOTE LOGISTICS LLC",0,0,6,0,54,8357,IL,CHICAGO,60647
2023,"CP&Y INC",0,0,1,0,54,0414,TX,DALLAS,75235
2023,"CPA GLOBAL NORTH AMERICA LLC",0,0,1,0,54,0018,AZ,CHANDLER,85226
2023,"CPA TAX AND FINANCIAL SERVICE INC",0,1,0,0,54,7657,RI,WARWICK,02886
2023,"CPC TECHNOLOGIES LLC",46,2,0,0,54,8047,IL,"ARLINGTON HEIGHTS",60004
2023,"CPC TECHNOLOGIES LLC",1,1,0,0,54,8047,IL,"ARLINGTON HEIGHTS",60004
2023,"CPM PR LLC",0,1,0,0,54,2683,PR,"SAN JUAN",00902
2023,"CQ INFOTECH",1,0,0,0,54,4634,CA,CERRITOS,90703
2023,"CQUENT SYSTEMS INC",1,0,3,0,54,0200,IL,"ARLINGTON HEIGHTS",60004
2023,"CR TECK INC",7,0,0,0,54,1189,TX,HOUSTON,77077
2023,"CRA INTERNATIONAL INC",2,0,19,1,54,2210,MA,BOSTON,02116
2023,"CRAFTNER INC",2,0,0,0,54,2467,NC,CHARLOTTE,28262
2023,"CRANDALL ENGINEERING INC",0,0,0,1,54,1109,IN,"GAS CITY",46933
2023,"CRANE CHEMPHARMA & ENERGY CORP",0,0,1,0,54,3309,TX,"THE WOODLANDS",77381
2023,"CRANE PAYMENT INNOVATIONS INC",1,0,0,0,54,4526,PA,MALVERN,19355
2023,"CRANEWARE INC",0,0,1,0,54,7587,GA,ATLANTA,30326
2023,"CRASH CENTER FOR RESEARCH & ED",1,0,0,0,54,5816,MD,COLUMBIA,21044
2023,"CRAVATH SWAINE & MOORE LLP",3,0,0,0,54,5405,NY,"NEW YORK",10019
2023,"CRAVE INFOTECH LLC",10,0,2,0,54,0654,NJ,PISCATAWAY,08854
2023,"CRAWFORD MURPHY TILLY INC",0,0,2,0,54,4662,IL,SPRINGFIELD,62702
2023,"CRAWFORD TECHNOLOGIES USA INC",0,0,1,0,54,9044,NY,POTSDAM,13676
2023,"CRAYON MEDIA LLC",2,0,1,0,54,5204,NJ,"MONROE TOWNSHIP",08831
2023,"CRAZYBEE INC",0,0,1,0,54,6300,NY,"NEW YORK",10036
2023,"CRE8TECH LABS INC",0,0,1,0,54,1493,CA,PASADENA,91106
2023,"CREAFORM USA INC",0,0,1,0,54,3194,CA,IRVINE,92614
2023,"CREAMOS SOLUTIONS INC",1,0,0,0,54,3427,,,
2023,"CREAMOS SOLUTIONS INC",2,0,2,0,54,3427,CA,FREMONT,94539
2023,"CREATIVE BIOGENE INC",1,0,0,0,54,0041,NY,"STONY BROOK",11790
2023,"CREATIVE BIOLABS INC DBA CREATIVE BIOLABS",0,0,2,0,54,9115,NY,SHIRLEY,11967
2023,"CREATIVE BIOMART INC",0,0,1,0,54,1897,NY,SHIRLEY,11967
2023,"CREATIVE INFORMATION TECHNOLOGY INC",1,0,3,0,54,9645,VA,"FALLS CHURCH",22043
2023,"CREATIVE SYNERGIES GROUP LLC",7,0,0,0,54,1809,MI,OKEMOS,48864
2023,"CREATIVE SYSTEMS AND CONSULTING LLC",0,0,2,0,54,5510,VA,ARLINGTON,22202
2023,"CREATIVE TEAM LLC",1,0,4,1,54,7892,TX,HOUSTON,77042
2023,"CREDERA ENTERPRISES COMPANY LLC",0,0,5,0,54,9348,TX,ADDISON,75001
2023,"CREDIT KARMA LLC",0,0,57,1,54,1139,CA,OAKLAND,94607
2023,"CREDIT KARMA LLC",0,0,1,0,54,1139,,,
2023,"CREDITNINJA LENDING LLC",0,0,2,0,54,1418,IL,CHICAGO,60606
2023,"CREEK & RIVER GLOBAL INC",0,0,1,0,54,9848,CA,IRVINE,92614
2023,"CREIGHTON MANNING ENGINEERING LLP",0,0,0,1,54,9483,NY,ALBANY,12205
2023,"CRENLO CAB PRODUCTS LLC",0,0,1,0,54,3160,MN,ROCHESTER,55901
2023,"CREST REAL ESTATE LLC",0,0,1,0,54,4350,,,
2023,"CRESTA INTELLIGENCE INC",0,0,1,0,54,0306,CA,"PALO ALTO",94301
2023,"CRESTRON ELECTRONICS INC",0,0,2,0,54,7521,NJ,NORTHVALE,07647
2023,"CRESTRON ELECTRONICS INC",0,0,5,0,54,7521,NJ,ROCKLEIGH,07647
2023,"CREXENDO INC",0,0,1,0,54,1917,AZ,TEMPE,85281
2023,"CRIBL INC",0,0,5,0,54,4983,CA,"SAN FRANCISCO",94105
2023,"CRIBL INC",0,0,0,1,54,7983,CA,"SAN FRANCISCO",94105
2023,"CRIMSON SAGE LLC DBA JUSTWORKS INSURANCE SERVICES",1,0,0,0,54,2445,NY,"NEW YORK",10041
2023,"CRISPR THERAPEUTICS INC",1,0,1,0,54,3478,MA,BOSTON,02127
2023,"CRISPR THERAPEUTICS INC",1,0,1,0,54,3478,MA,CAMBRIDGE,02139
2023,"CRITICAL MASS US INC",0,0,2,0,54,3377,IL,CHICAGO,60601
2023,"CRITICAL PATH INSTITUTE",0,0,2,0,54,1334,AZ,TUCSON,85718
2023,"CRITICALRIVER INC",0,0,1,0,54,6087,,,
2023,"CRITICALRIVER INC",3,0,2,0,54,6087,CA,PLEASANTON,94588
2023,"CRITIGEN LLC DBA LOCANA",0,0,1,0,54,2645,WA,SEATTLE,98122
2023,"CRM CONNECT LLC",1,0,1,0,54,0556,TX,"GRAND PRAIRIE",75054
2023,"CRMIT SOLUTIONS INC",0,0,2,1,54,8576,GA,ATLANTA,30339
2023,"CROFT & ASSOCIATES P C",0,0,1,0,54,0854,GA,KENNESAW,30144
2023,"CROSS BORDER TRANSACTIONS LLC",0,0,1,0,54,8400,,,
2023,"CROSSCOMM INC",0,0,1,0,54,5233,NC,DURHAM,27701
2023,"CROSSCOUNTRY CONSULTING LLC",0,0,2,0,54,9029,VA,"MC LEAN",22102
2023,"CROSSCOUNTRY MORTGAGE LLC",0,0,1,0,54,5755,OH,BRECKSVILLE,44141
2023,"CROSSCOUNTRY MORTGAGE LLC",0,0,5,0,54,5755,OH,CLEVELAND,44114
2023,"CROSSING MINDS INC",1,0,0,0,54,1979,CA,"SAN FRANCISCO",94103
2023,"CROSSVUE LLC",0,0,1,0,54,0444,IL,CHICAGO,60611
2023,"CROWD SOFTWARE CONSULTING LLC",2,0,2,0,54,1643,TX,IRVING,75038
2023,"CROWDSTRIKE INC",0,0,19,0,54,5639,CA,SUNNYVALE,94046
2023,"CROWDSTRIKE INC",0,0,10,0,54,5639,CA,SUNNYVALE,94086
2023,"CROWDSTRIKE INC",0,0,1,0,54,5639,CA,SUNNYVALLE,94046
2023,"CROWDSTRIKE INC",0,0,5,0,54,5639,,,
2023,"CROWE LLP",0,0,1,0,54,1680,,,
2023,"CROWE LLP",3,0,6,0,54,1680,IL,CHICAGO,60606
2023,"CROWLEY GOVERNMENT SERVICES INC",0,0,1,0,54,7071,FL,JACKSONVILLE,32256
2023,"CROWLEY MARITIME CORPORATION",0,0,1,0,54,8464,FL,JACKSONVILLE,32225
2023,"CROWN VETERINARY SPECIALISTS LLC",0,0,1,0,54,2721,NJ,LEBANON,08833
2023,"CROWN VISION TECHNOLOGY GROUP INC",1,0,0,0,54,3989,TX,PLANO,75025
2023,"CROWN VISION TECHNOLOGY GROUP INC",1,0,0,0,54,3989,TX,PLANO,75093
2023,"CROWNIT SOLUTIONS LLC",1,0,0,0,54,6940,OH,DAYTON,45458
2023,"CRUISE DYNO",0,1,0,0,54,8606,MI,FARMINGTON,48335
2023,"CRUISE LLC",4,0,83,0,54,5716,CA,"SAN FRANCISCO",94107
2023,"CRUISE LLC",0,0,1,0,54,5716,,,
2023,"CRYPTOGRAPH TECHNOLOGIES USA INC",1,0,0,0,54,5920,PA,"CHADDS FORD",19317
2023,"CRYSTAL CORP",0,0,1,0,54,3485,CA,"SAN FRANCISCO",94133
2023,"CRYSTAL EQUATION CORPORATION",0,0,1,0,54,3968,IL,CHICAGO,60606
2023,"CRYSTAL PHARMATECH INC",0,0,1,0,54,1419,NJ,CRANBURY,08512
2023,"CS DISCO INC",0,0,1,0,54,4444,TX,AUSTIN,78701
2023,"CSA AMERICA STANDARDS INC",0,0,1,0,54,8465,OH,INDEPENDENCE,44131
2023,"CSA AMERICA TESTING & CERTIFICIATION LLC",0,0,1,0,54,7486,OH,INDEPENDENCE,44131
2023,"CSC CONSULTING INC",0,0,4,0,54,3545,VA,ASHBURN,20147
2023,"CSC COVANSYS CORPORATION",0,0,1,0,54,6945,PA,WEXFORD,15090
2023,"CSC COVANSYS CORPORATION",0,0,0,1,54,6945,TX,PLANO,75024
2023,"CSC COVANSYS CORPORATION",42,2,14,0,54,6945,VA,ASHBURN,20147
2023,"CSDA DESIGN GROUP",0,0,1,0,54,5744,CA,"SAN FRANCISCO",94104
2023,"CSE ICON INC",0,0,2,0,54,1164,LA,LAFAYETTE,70501
2023,"CSG SYSTEMS INC D/B/A CSG",0,0,2,0,54,2478,,,
2023,"CSG SYSTEMS INC D/B/A CSG",0,0,4,2,54,2478,CO,ENGLEWOOD,80111
2023,"CSG SYSTEMS INC D/B/A CSG",0,0,10,0,54,2478,CO,ENGLEWOOD,80112
2023,"CSG SYSTEMS INC D/B/A CSG",0,0,2,1,54,2478,CO,"GREENWOOD VILLAGE",80111
2023,"CSI IT LLC",0,0,1,0,54,4132,FL,JACKSONVILLE,32256
2023,"CSI SOLUTIONS LLC",4,0,5,0,54,2603,GA,ALPHARETTA,30005
2023,"CSOFT INTERNATIONAL INC",0,0,1,0,54,6697,MA,BOSTON,02116
2023,"CSOFTCO INC",6,0,0,0,54,1017,TX,PLANO,75024
2023,"CSRA STATE AND LOCAL SOLUTIONS LLC",0,0,5,1,54,4025,VA,"FALLS CHURCH",22042
2023,"CSS INTERNATIONAL LLC",0,0,2,0,54,8527,SC,CHARLESTON,29492
2023,"CSS TEC INC",2,0,0,0,54,7238,GA,ALPHARETTA,30022
2023,"CSSI INC",0,0,4,0,54,8546,DC,WASHINGTON,20024
2023,"CSTS TECHNOLOGIES INC",6,0,4,0,54,1407,NJ,PISCATAWAY,08854
2023,"CSXTECH INC",0,0,1,0,54,9679,,,
2023,"CSXTECH INC",6,0,9,0,54,9679,TX,PLANO,75093
2023,"CSZNET INC",0,0,1,0,54,8889,DC,WASHINGTON,20003
2023,"CT SUPPLIES TRADING INC",0,0,1,0,54,5212,CA,"MONTEREY PARK",91754
2023,"CTI INFOTECH INC",4,0,0,0,54,2664,IL,ITASCA,60143
2023,"CTIS INC",0,0,0,1,54,8917,MD,ROCKVILLE,20850
2023,"CTL ENGINEERING INC",0,1,0,0,54,0767,OH,COLUMBUS,43204
2023,CTREES,1,0,0,0,54,8773,CA,PASADENA,91105
2023,"CTRLCS INC",2,0,1,0,54,2294,CA,SACRAMENTO,95834
2023,"CTS TECHNICAL SERVICES INC",0,0,2,0,54,1948,WA,ISSAQUAH,98027
2023,"CU DIRECT CORPORATION",0,0,1,0,54,2320,CA,ONTARIO,91761
2023,"CUBE INFOSYS, LLC.",0,0,1,0,54,5345,MO,ELLISVILLE,63011
2023,"CUBEDIGICO INC",11,0,0,0,54,4067,CA,IRVINE,92620
2023,"CUBEWISE NORTH AMERICA INC",0,0,1,0,54,8050,MA,BOSTON,02108
2023,"CUBEXIT INC",2,0,0,0,54,5848,FL,TAMPA,33647
2023,"CUBIC TECHNOLOGIES LLC",0,0,10,1,54,6880,TX,IRVING,75038
2023,"CUBOID LLC",3,0,0,0,54,3700,CA,"SANTA CLARA",95054
2023,"CUE HEALTH INC",0,0,3,0,54,2193,CA,"SAN DIEGO",92121
2023,"CULTURESCIENCE INC",0,0,1,0,54,2862,CA,"LOS ANGELES",90035
2023,"CULTURETRUST GREATER PHILADELPHIA",1,0,0,0,54,9411,,,
2023,"CUMBERLAND VALLEY ANALYTICAL SERVICES INC",0,0,1,0,54,8796,PA,WAYNESBORO,17268
2023,"CUMMING MANAGEMENT GROUP INC DBA CUMMING CORPORATION",0,0,1,0,54,2096,,,
2023,"CUMMING MANAGEMENT GROUP INC DBA CUMMING CORPORATION",0,0,9,0,54,2096,CA,"SAN DIEGO",92128
2023,"CURAVIT CLINICAL RESEARCH CORPORATION",0,0,1,0,54,8254,NY,SCARSDALE,10583
2023,"CURIA GLOBAL INC",0,0,8,0,54,2717,NY,ALBANY,12203
2023,CURIEAI,0,0,1,0,54,6072,CA,"SANTA CLARA",95054
2023,"CURIOSITY LLC",0,0,1,0,54,7111,OH,CINCINNATI,45202
2023,"CURRIE BROWN INC",0,0,4,0,54,0905,NJ,PRINCETON,08540
2023,"CURRIER MCCABE ASSOCIATES INC DBA CMA CONSULTING SERVICES",0,0,2,0,54,0799,NY,LATHAM,12110
2023,"CURTAIN WALL DESIGN & CONSULTING",0,0,1,0,54,5924,TX,DALLAS,75231
2023,"CURTIS GINSBERG ARCHITECTS LLP",0,0,1,0,54,5071,NY,"NEW YORK",10004
2023,"CURVATURE LLC",1,0,0,0,54,1570,CA,GOLETA,93111
2023,"CURVATURE LLC",0,0,1,0,54,1570,CA,"SANTA BARBARA",93117
2023,"CURVE ID INC",0,0,1,0,54,5079,NJ,"UPPER MONTCLAIR",07043
2023,"CUSTARD INTERFACE INC",6,0,0,0,54,6247,TX,DALLAS,75243
2023,"CUSTOM CALIBRATION SOLUTIONS LLC",1,0,0,0,54,9620,NJ,HAMILTON,08691
2023,"CUSTOM CALIBRATION SOLUTIONS LLC",1,0,0,0,54,9620,NJ,TRENTON,08691
2023,"CUSTOMERINSIGHTS AL INC",0,0,2,0,54,5714,AZ,SCOTTSDALE,85257
2023,"CUSTOMIZED ENERGY SOLUTIONS LTD",0,0,1,0,54,1123,PA,PHILADELPHIA,19102
2023,"CUSTOMIZED SOLUTIONS INC",1,0,0,1,54,5768,IL,KILDEER,60047
2023,"CVENT INC",1,0,12,0,54,4458,VA,"MC LEAN",22102
2023,"CVENT INC",0,0,1,0,54,4458,VA,MCLEAN,22102
2023,"CVSLOGIC.COM INC",0,1,1,0,54,1045,NJ,ISELIN,08830
2023,"CVSLOGIC.COM INC",2,0,0,0,54,1045,NJ,EDISON,08820
2023,"CVTECH INNOVATIONS LLC",2,0,0,0,54,1827,IL,"BUFFALO GROVE",60089
2023,"CW PROFESSIONAL SERVICES LLC",0,0,6,1,54,3320,MI,DETROIT,48226
2023,"CWC INTERNATIONAL INC",0,0,4,0,54,4324,TX,HOUSTON,77099
2023,"CYANGATE LLC",0,0,1,0,54,0056,OH,CINCINNATI,45243
2023,"CYANICSOFT INC",5,0,0,0,54,8033,OH,"CHAGRIN FALLS",44023
2023,"CYBAGE SOFTWARE INC",0,0,16,0,54,3296,NJ,"PRINCETON JUNCTION",08550
2023,"CYBAGE SOFTWARE INC",0,0,1,0,54,3296,,,
2023,"CYBECYS INC",1,0,4,0,54,2275,TX,PLANO,75093
2023,"CYBER CHASSE INC",18,1,0,0,54,5366,FL,TAMPA,33614
2023,"CYBER INFOTECH LLC",6,0,3,0,54,0164,MD,GAITHERSBURG,20877
2023,"CYBER KORP INC",0,0,2,0,54,4297,IL,BLOOMINGDALE,60108
2023,"CYBER SPACE TECHNOLOGIES LLC",0,0,1,0,54,0470,NJ,EDISON,08817
2023,"CYBER SPACE TECHNOLOGIES LLC",1,0,0,0,54,0470,,,
2023,"CYBER SPHERE LLC",1,0,1,0,54,0645,GA,SUWANEE,30024
2023,"CYBER SYSTEM TECHNOLOGIES LLC",6,0,1,0,54,0852,TX,RICHARDSON,75081
2023,"CYBER TECH GROUP",0,0,1,0,54,7763,TX,HOUSTON,77060
2023,"CYBER WAVE LLC",4,0,2,0,54,9941,FL,LONGWOOD,32779
2023,"CYBERBRAINS INC",3,0,2,0,54,3533,KS,"OVERLAND PARK",66213
2023,"CYBERBRIDGE INTERNATIONAL INC DBA CREOSPAN INC",0,0,1,0,54,3931,,,
2023,"CYBERBRIDGE INTERNATIONAL INC DBA CREOSPAN INC",6,4,2,0,54,3931,IL,SCHAUMBURG,60173
2023,"CYBERGUARD SOLUTIONS LLC",0,0,1,0,54,7320,IN,INDIANAPOLIS,46250
2023,"CYBERINFO INC",3,0,0,0,54,9157,TX,DALLAS,75243
2023,"CYBERMASS SOLUTIONS INC",0,0,3,0,54,8769,CA,FREMONT,94539
2023,"CYBERMINDS INC",3,0,1,0,54,9091,NJ,EDISON,08817
2023,"CYBERSOFT TECHNOLOGIES INC",1,0,5,0,54,0869,TX,HOUSTON,77068
2023,"CYBERSOLVE IT INC",4,1,2,0,54,6023,TX,CARROLLTON,75006
2023,"CYBERSYNC INC",2,0,1,0,54,7120,TX,HOUSTON,77060
2023,"CYBERTEC INC",0,0,1,0,54,8147,VA,RESTON,20190
2023,"CYBERTHINK INC",0,0,1,0,54,1647,,,
2023,"CYBERTHINK INC",5,0,37,1,54,1647,NJ,BRIDGEWATER,08807
2023,"CYBYTE INC",0,0,2,0,54,7574,TX,PLANO,75024
2023,"CYCLONE GROUP PC DBA CYCLONE ENERGY GROUP",0,0,1,0,54,7574,IL,CHICAGO,60605
2023,"CYCORP INC",0,0,1,0,54,7547,TX,HOUSTON,77056
2023,"CYENTECH CONSULTING LLC",0,0,1,0,54,3878,,,
2023,"CYGNET INFOTECH, LLC",2,0,0,0,54,6777,NJ,PRINCETON,08540
2023,"CYGNET TECHNOLOGIES INC",0,0,1,0,54,1043,NJ,SOMERSET,08873
2023,"CYGNUS COMPLIANCE CONSULTING INC",0,0,1,0,54,5325,NJ,"JERSEY CITY",07310
2023,"CYGNUS PROFESSIONALS INC",0,1,2,0,54,7297,NJ,PRINCETON,08540
2023,"CYGTEC INC",0,0,3,1,54,1835,NC,RALEIGH,27615
2023,"CYIENT INC",17,0,26,0,54,7496,CT,"EAST HARTFORD",06108
2023,"CYLON TECHNOLOGIES INC",0,0,1,0,54,3290,IL,CHICAGO,60602
2023,"CYMA SYSTEMS INC",0,0,1,0,54,3469,CT,MANCHESTER,06042
2023,"CYMA SYSTEMS INC",0,0,4,0,54,3469,,,
2023,"CYMA SYSTEMS INC",2,0,28,0,54,3469,CT,MANCHESTER,06042
2023,"CYMANSYS SOLUTIONS LLC",2,0,1,0,54,0378,TX,"CEDAR PARK",78613
2023,"CYMANTIX INC",1,0,0,0,54,8876,NC,"CHAPEL HILL",27515
2023,"CYNGN INC",0,0,4,0,54,7094,CA,"MENLO PARK",94025
2023,"CYNOSURE TECHNOLOGIES LLC",0,0,1,0,54,8757,,,
2023,"CYNOSURE TECHNOLOGIES LLC",14,0,10,0,54,8757,TX,HOUSTON,77057
2023,"CYPHER AND CYPHER INC",0,0,1,0,54,5288,PA,CANONSBURG,15317
2023,"CYPROTEX US LLC",0,0,1,0,54,0071,NJ,PRINCETON,08540
2023,"CYQUENT INC",0,0,1,0,54,6912,MD,ROCKVILLE,20850
2023,"CYRET TECHNOLOGIES INC",1,0,0,0,54,1583,VA,MANASSAS,20109
2023,"CYSIV INC",0,0,1,0,54,2095,TX,IRVING,75062
2023,"CYTOVALE INC",0,0,2,0,54,4004,CA,"SAN FRANCISCO",94134
2023,"CYTOWSKI PARTNERS LLC",0,0,1,0,54,6021,NY,"GREAT NECK",11021
2023,"CZ BIOHUB SF LLC",2,0,19,0,54,0111,CA,"SAN FRANCISCO",94158
2023,"CZ BIOHUB SF LLC",1,0,0,0,54,0111,,,
2023,"CZV INC",1,0,0,0,54,7967,,,
2023,"CZV INC",4,0,0,0,54,7967,CA,TORRANCE,90502
2023,"D AMATO CONVERSANO INC DBA DCI ENGINEERS",0,0,1,0,54,3544,,,
2023,"D AMATO CONVERSANO INC DBA DCI ENGINEERS",1,0,5,0,54,3544,WA,SEATTLE,98101
2023,"D ASH DESIGN INC",0,0,1,0,54,7838,NY,"LONG ISLAND CITY",11101
2023,"D MATRIX CORPORATION",0,0,1,0,54,4577,CA,"SANTA CLARA",95054
2023,"D&D FINANCIAL GROUP INC",0,0,1,0,54,3512,GA,ATLANTA,30340
2023,"D2 GROUPS LLC",0,0,1,0,54,6426,PA,"KNG OF PRUSSA",19406
2023,"D2SOL INC",1,0,23,0,54,8251,NC,MORRISVILLE,27560
2023,"D3 LLC",0,0,1,0,54,3170,NY,MELVILLE,11747
2023,"D3 SERVICES INC",1,0,0,0,54,1507,VA,ASHBURN,20147
2023,"D3 SOLUTIONS INC",1,0,1,0,54,4615,TX,PLANO,75024
2023,"D3E INC",2,0,0,0,54,2449,CA,FREMONT,94538
2023,"D3U INC D B A DOTDOTDASH",0,0,3,0,54,6917,OR,PORTLAND,97202
2023,"DACK CONSULTING SOLUTIONS INC",0,0,1,0,54,1726,NY,"WHITE PLAINS",10601
2023,"DAHYEE LAW GROUP",0,0,1,0,54,6749,CA,PLEASANTON,94588
2023,"DAI GLOBAL LLC",0,0,1,0,54,4808,MD,BETHESDA,20814
2023,"DAIVISTA INC",1,0,0,0,54,4178,FL,ORLANDO,32801
2023,"DAKO RESOURCES LLC DBA THE DAKO GROUP",1,0,13,0,54,2128,MI,TROY,48084
2023,"DALET DIGITAL MEDIA SYSTEMS USA INC",0,0,1,0,54,1154,NY,"NEW YORK",10005
2023,"DALLAS INFOTECH LLC",1,0,0,0,54,5849,TX,ALLEN,75013
2023,"DALLAS LIMETREE LLC",1,0,0,0,54,8673,TX,DALLAS,75201
2023,"DALLAS/FORT WORTH TECHNOLOGY INC DBA DFW TECHNOLOGY",0,0,1,1,54,3360,TX,RICHARDSON,75081
2023,"DALLY ASSOCIATES INC",0,0,1,0,54,5489,TX,HOUSTON,77042
2023,"DALRADA FINANCIAL CORPORATION",0,1,0,0,54,3274,CA,ESCONDIDO,92025
2023,"DAMAN INC",0,0,4,0,54,6670,TX,AUSTIN,78746
2023,"DAMANI DATA LLC",1,0,0,0,54,1980,GA,ALPHARETTA,30009
2023,"DAMCO USA INC",0,0,2,0,54,4364,NJ,"FLORHAM PARK",07932
2023,"DAMIAN CONSULTING INC",2,0,9,0,54,8177,TX,IRVING,75063
2023,"DAN BROWN & ASSOCIATES P C",0,0,1,0,54,7456,TN,KNOXVILLE,37919
2023,"DAN INFO LLC",2,0,3,0,54,8709,NJ,ISELIN,08830
2023,"DAN K GORDON ASSOCIATES INC",0,0,1,0,54,3396,MA,WELLESLEY,02481
2023,"DANA FARBER CANCER INSTITUTE",33,2,15,0,54,3040,MA,BOSTON,02215
2023,"DANIEL AHART TAX SERVICE",0,0,0,2,54,9704,GA,LILBURN,30047
2023,"DANIEL COHEN PLLC",1,0,0,0,54,5613,NY,BROOKLYN,11201
2023,"DANIEL CONSULTANTS INC",0,0,1,0,54,4593,MD,COLUMBIA,21045
2023,"DANIELS ASSOCIATES INC",0,0,1,0,54,8976,,,
2023,"DANLAW INC",0,0,5,0,54,5987,MI,NOVI,48375
2023,"DANNY GRACE PLLC",0,0,1,0,54,4123,NY,"NEW YORK",10007
2023,"DANTA INFOTECH LLC",3,0,0,0,54,8005,TX,MCKINNEY,75070
2023,"DANTA TECHNOLOGIES INC",0,0,2,0,54,3075,CA,"SAN MARCOS",92069
2023,"DAS INC",1,0,0,0,54,2451,IL,LISLE,60532
2023,"DASCASE TECHNOLOGIES INC",1,0,0,0,54,3489,PA,MORRISVILLE,19067
2023,"DASH REGULATORY TECHNOLOGIES LLC",0,0,1,0,54,6538,NJ,"JERSEY CITY",07302
2023,"DASH TECHNOLOGIES INC",3,0,5,0,54,1840,OH,DUBLIN,43017
2023,"DASSAULT SYSTEMES AMERICAS CORP",0,0,1,0,54,9588,,,
2023,"DASSAULT SYSTEMES AMERICAS CORP",0,0,22,2,54,9588,MA,WALTHAM,02451
2023,"DASSAULT SYSTEMES AMERICAS CORP",0,0,1,0,54,9588,RI,JOHNSTON,02919
2023,"DASSAULT SYSTEMES SIMULIA CORP",0,0,0,1,54,6197,RI,JOHNSTON,02919
2023,"DASSAULT SYSTEMES SOLIDWORKS CORPORATION",0,0,1,0,54,4752,MA,LEOMINSTER,01453
2023,"DAT SOLUTIONS LLC",0,0,3,0,54,8847,OR,BEAVERTON,97008
2023,"DATA ACQUISITION CONTROL SYSTEMS INC DACS",0,0,2,0,54,1651,MI,BRIGHTON,48116
2023,"DATA AFFECT LLC",6,0,9,1,54,7902,VA,ASHBURN,20147
2023,"DATA ANALYTICS AND CREATIVE SOLUTIONS LLC",5,0,0,0,54,8730,VA,CHANTILLY,20152
2023,"DATA ANALYTIX LLC",1,0,0,0,54,5122,NC,WAXHAW,28173
2023,"DATA APPLICATION LAB",0,0,1,0,54,7352,CA,"BUENA PARK",90620
2023,"DATA CLOUD TECHNOLOGIES LLC",4,0,0,0,54,3077,NJ,"EAST BRUNSWICK",08816
2023,"DATA CONCEPTS LLC",0,0,6,1,54,4347,VA,"GLEN ALLEN",23060
2023,"DATA DUCTUS INC",0,0,2,0,54,9542,CO,LONGMONT,80501
2023,"DATA EVOLUTION CORPORATION",0,0,1,0,54,8001,NY,"NEW YORK",10018
2023,"DATA INC",0,0,1,0,54,1381,,,
2023,"DATA INC",0,1,32,2,54,1381,GA,DULUTH,30096
2023,"DATA INTELLIGENCE-IT",1,0,0,0,54,0012,CA,"RANCHO CORDOVA",95742
2023,"DATA INTENSITY LLC",0,0,1,0,54,7891,KY,COVINGTON,41011
2023,"DATA PIONEER INC",0,0,1,0,54,9362,NY,JERICHO,11753
2023,"DATA S SOLUTIONS LLC",2,0,11,0,54,4800,NJ,EDISON,08817
2023,"DATA SCIENCE TECHNOLOGIES LLC",0,0,1,0,54,3385,NE,"MC COOK",69001
2023,"DATA SCIENCE TECHNOLOGIES LLC",0,1,1,0,54,3385,NE,MCCOOK,69001
2023,"DATA SOLUTIONS INC",4,1,7,0,54,8666,MI,WIXOM,48393
2023,"DATA SOLUTIONS INC",0,0,1,0,54,8666,,,
2023,"DATA STRATEGIES INTERCHANGE LLC",3,0,0,0,54,3276,TX,HOUSTON,77084
2023,"DATA SYS IT INC",4,0,2,0,54,2777,TX,GRAPEVINE,76051
2023,"DATA SYSTEMS INTEGRATION GROUP INC",0,0,1,0,54,9891,,,
2023,"DATA SYSTEMS INTEGRATION GROUP INC",0,0,7,1,54,9891,OH,DUBLIN,43017
2023,"DATA WAREHOUSE LABS INC",0,0,8,0,54,4559,NJ,"SOUTH PLAINFIELD",07080
2023,"DATA WAVE TECHNOLOGIES INC",1,0,0,0,54,7425,NJ,PARSIPPANY,07054
2023,"DATA-CORE SYSTEMS INC",0,0,9,0,54,5214,PA,BRISTOL,19007
2023,"DATABASICS INC",0,0,1,0,54,8774,VA,RESTON,20191
2023,"DATABLOOM LLC",4,2,0,0,54,1091,TX,"CEDAR PARK",78613
2023,"DATABOOK LABS INC",0,0,0,1,54,8697,CA,"PALO ALTO",94301
2023,"DATABRICKS INC",0,0,3,0,54,2184,,,
2023,"DATABRICKS INC",4,1,62,2,54,2184,CA,"SAN FRANCISCO",94105
2023,"DATACHIT INC",0,1,0,0,54,4880,TX,FRISCO,75034
2023,"DATAD SOLUTIONS INC D/B/A AUSTIN CONSULTING AND RESOURCE MANAGEMENT ACRM",2,0,1,0,54,2143,TX,"ROUND ROCK",78664
2023,"DATADELIVERS LLC",0,0,1,0,54,9779,IL,SCHAUMBURG,60195
2023,"DATAECONOMY INC",4,0,19,1,54,6467,OH,DUBLIN,43017
2023,"DATAEDGE CONSULTING INC",0,0,2,0,54,6466,NJ,PLAINSBORO,08536
2023,"DATAEDGE INC",2,0,17,0,54,2295,IL,ITASCA,60143
2023,"DATAEDGE INC",0,0,2,0,54,2295,,,
2023,"DATAFACTZ LLC",0,0,1,0,54,1870,,,
2023,"DATAFACTZ LLC",2,0,4,0,54,1870,MI,NORTHVILLE,48167
2023,"DATAFORMIX TECHNOLOGIES INC",0,0,1,0,54,1068,,,
2023,"DATAFORMIX TECHNOLOGIES INC",4,0,5,0,54,1068,NJ,PLAINSBORO,08536
2023,"DATAFY IT LLC",0,0,1,0,54,8676,PA,"CLARKS SUMMIT",18411
2023,"DATAGAMA INC",0,0,4,0,54,5585,NJ,PRINCETON,08540
2023,"DATAGLOVE INC",0,0,2,0,54,9553,NJ,PRINCETON,08540
2023,"DATAGUISE INC",0,0,1,0,54,3722,WI,MILWAUKEE,53204
2023,"DATAJOIN INC",1,0,0,0,54,8791,UT,OREM,84057
2023,"DATALINK SERVICE FUND SOLUTIONS LLC",0,0,2,0,54,1903,FL,TAMPA,33637
2023,"DATALOGIQS INC",0,0,1,0,54,3700,VA,STERLING,20164
2023,"DATALOOPZ LLC",1,0,0,0,54,6186,TX,HOUSTON,77057
2023,"DATALORE TECHNOLOGIES INC",0,0,1,0,54,7743,NC,MORRISVILLE,27560
2023,"DATALORE TECHNOLOGIES INC",6,0,3,0,54,7743,NC,RALEIGH,27606
2023,"DATALYSYS LLC",0,0,2,0,54,2353,,,
2023,"DATALYSYS LLC",0,0,3,0,54,2353,OH,DUBLIN,43017
2023,"DATAMART SYSTEMS INC",0,0,5,0,54,2997,NJ,HILLSBOROUGH,08844
2023,"DATAMATICS GLOBAL SERVICES INC",1,0,5,0,54,8254,MI,LIVONIA,48150
2023,"DATAMAX SOFTWARE INC DBA RFGEN",0,0,1,0,54,8566,CA,"EL DORADO HILLS",95762
2023,"DATAMETICA SOLUTIONS INCORPORATED",5,0,2,0,54,5672,IL,"HIGHLAND PARK",60035
2023,"DATAMETRICS SOFTWARE SYSTEMS INC",1,0,1,0,54,7651,NJ,PISCATAWAY,08854
2023,"DATAMINR INC",0,0,3,0,54,8154,NY,"NEW YORK",10016
2023,"DATAMONK SOLUTIONS INC",0,0,1,0,54,8082,NJ,SECAUCUS,07094
2023,"DATANET SYSTEMS CORPORATION",0,0,2,0,54,0588,DC,WASHINGTON,20006
2023,"DATANETIIX SOLUTIONS INC",0,0,1,0,54,9306,CA,IRVINE,92612
2023,"DATANORMUS LLC",3,0,15,0,54,9736,NJ,ISELIN,08830
2023,"DATANORMUS LLC",0,0,1,0,54,9736,NJ,PRINCETON,08540
2023,"DATAONEZ LLC",0,0,2,0,54,6885,VA,ASHBURN,20147
2023,"DATAPLUS PHARMA SERVICES INC",0,0,1,0,54,6411,NJ,BRIDGEWATER,08807
2023,"DATAPLUS TECHNOLOGIES INC",0,0,1,0,54,8110,CA,"SOUTH PASADENA",91030
2023,"DATAPRISE LLC",0,0,2,0,54,0434,MD,ROCKVILLE,20850
2023,"DATAQUAD INC",0,0,3,0,54,9855,,,
2023,"DATAQUAD INC",3,0,22,0,54,9855,TX,HOUSTON,77077
2023,"DATAQUEST CORP",0,0,2,1,54,1792,,,
2023,"DATAQUEST CORP",0,0,14,0,54,1792,NJ,BRANCHBURG,08876
2023,"DATAQUEST CORP",0,0,5,0,54,1792,NJ,SOMERVILLE,08876
2023,"DATAQUEST INC",0,0,0,1,54,6503,PA,HARRISBURG,17109
2023,"DATAROBOT INC",0,0,3,0,54,9418,MA,BOSTON,02110
2023,"DATASCUD INC",0,0,0,1,54,7414,TX,COPPELL,75019
2023,"DATASEERS INCORPORATED",1,0,0,0,54,3359,GA,ALPHARETTA,30005
2023,"DATASERV INC",2,0,6,0,54,6961,NH,NASHUA,03062
2023,"DATASIRE LLC",2,0,2,0,54,5490,VA,"GLEN ALLEN",23059
2023,"DATASIRI LLC",1,0,0,0,54,3239,NE,OMAHA,68135
2023,"DATASOFT GLOBAL LLC",4,0,0,0,54,0802,MO,MANCHESTER,63021
2023,"DATASOFT GLOBAL LLC",2,0,0,0,54,0802,MO,BALLWIN,63021
2023,"DATASOFT INC",2,1,6,1,54,5409,MI,NOVI,48375
2023,"DATASOFT TECHNOLOGIES INC",0,0,2,0,54,2302,SC,GREER,29650
2023,"DATASPARX LLC",4,0,0,0,54,9193,GA,ALPHARETTA,30005
2023,"DATASTACK TECHNOLOGIES LLC",0,0,4,0,54,8070,DE,CLAYMONT,19703
2023,"DATASTRONG LLC",0,0,1,0,54,1770,VA,HERNDON,20170
2023,"DATASYCLE LLC",4,0,0,0,54,4389,NJ,SOMERSET,08873
2023,"DATASYNC INC",0,0,5,0,54,4473,VA,STERLING,20164
2023,"DATASYS CONSULTING SOFTWARE INC",2,0,1,0,54,8132,NJ,PRINCETON,08540
2023,"DATATEK INC",1,0,0,0,54,4779,VA,FAIRFAX,22033
2023,"DATAVAIL CORPORATION",1,0,6,0,54,7126,CO,BROOMFIELD,80021
2023,"DATAWIN SYSTEMS INC",0,0,2,0,54,2224,NJ,PISCATAWAY,08854
2023,"DATAWIZ CORPORATION",1,0,0,0,54,7214,VA,"MC LEAN",22102
2023,"DATAX SYSTEMS LLC",1,0,0,0,54,5673,NJ,DAYTON,08810
2023,"DATAYES INC",1,0,0,0,54,0743,CA,"SAN JOSE",95138
2023,"DATSON360 LLC",1,0,2,0,54,5695,FL,"FORT LAUDERDALE",33319
2023,"DATTAPADA INC",1,0,0,0,54,7775,CA,FREMONT,94539
2023,"DATTO INC",0,0,1,0,54,6817,CT,NORWALK,06851
2023,"DATUM CONSULTING GROUP LLC",1,0,2,0,54,0672,IN,INDIANAPOLIS,46250
2023,"DATUM SOFTWARE INC",0,0,2,1,54,5603,GA,DULUTH,30097
2023,"DAVE RAMBARAN GEOSCIENCES LLC DBA DRGEOES LLC",0,0,1,0,54,5775,LA,SHREVEPORT,71118
2023,"DAVID ENERGY SYSTEMS INC",0,0,1,0,54,3544,NY,BROOKLYN,11211
2023,"DAVID EVANS AND ASSOCIATES INC",0,0,1,0,54,1195,,,
2023,"DAVID EVANS AND ASSOCIATES INC",0,0,1,0,54,1195,OR,PORTLAND,97201
2023,"DAVID J PROTHERO CPA P C",0,0,1,0,54,2091,MA,NEWTON,02458
2023,"DAVID K LARKINS INC",0,0,1,0,54,4815,CA,"CULVER CITY",90232
2023,"DAVID M LEWIS COMPANY LLC",0,0,1,0,54,4798,CA,"WOODLAND HLS",91364
2023,"DAVID M LEWIS COMPANY LLC",1,0,0,0,54,4798,IL,CHICAGO,60606
2023,"DAVID SISSON ARCHITECTURE PC",0,0,1,0,54,3562,RI,"EAST PROVIDENCE",02914
2023,"DAVID SUTTA PHOTOGRAPHY LLC",0,1,0,0,54,4098,FL,MIAMI,33125
2023,"DAVID YADEGAR INC DBA SIMPLENGI ENGINEERING",0,0,1,0,54,4556,CA,BERKELEY,94704
2023,"DAVINCHI INC",0,0,1,0,54,4348,CA,"SAN JOSE",95117
2023,"DAVIS POLK AND WARDWELL LLP",0,0,1,0,54,3295,NY,"NEW YORK",10017
2023,"DAVIS WRIGHT TREMAINE LLP",0,0,2,0,54,9480,WA,SEATTLE,98104
2023,"DAX SOFTWARE SOLUTIONS INC",0,0,1,0,54,0678,CA,"WOODLAND HILLS",91367
2023,"DAY & ZIMMERMANN INC",0,0,3,0,54,3680,PA,PHILADELPHIA,19130
2023,"DAZZLON COMPUTER SERVICES INC",0,0,1,0,54,5035,,,
2023,"DAZZLON COMPUTER SERVICES INC",18,0,5,1,54,5035,TX,MCKINNEY,75071
2023,"DBB ARCHITECTURE PC",1,0,0,0,54,1513,NY,"WHITE PLAINS",10601
2023,"DBF TECHNOLOGIES INC",0,0,1,0,54,6838,NV,"LAS VEGAS",89134
2023,"DBI PROJECTS LLC",0,0,1,0,54,0229,NY,"NEW YORK",10001
2023,"DBM VIRCON SERVICES USA INC",0,0,1,0,54,8020,AZ,TEMPE,85281
2023,"DBR ENGINEERING CONSULTANTS INC",0,0,1,0,54,9035,TX,HOUSTON,77042
2023,"DBT LABS INC",0,0,1,0,54,6546,PA,PHILADELPHIA,19123
2023,"DCI CONSULTING GROUP INC",0,0,1,0,54,5094,DC,WASHINGTON,20006
2023,"DCM INFOTECH LIMITED",0,0,1,0,54,7308,CA,FREMONT,94538
2023,"DCS SOLUTIONS CORPORATION",2,0,0,0,54,8348,PA,ALLENTOWN,18104
2023,"DCUBE DATA SCIENCES CORPORATION",0,0,1,0,54,1747,CA,IRVINE,92618
2023,"DCUBE SOLUTIONS INC",2,0,0,0,54,4187,NC,"RESEARCH TRIANGLE PA",27709
2023,"DCUBE SOLUTIONS INC",1,0,0,0,54,4187,NC,"RESEARCH TRIANGLE PA",27709
2023,"DCUBE SOLUTIONS INC",1,0,0,0,54,4187,NC,"RESEARCH TRIANGLE PK",27709
2023,"DDB CHICAGO INC",0,0,2,0,54,1029,IL,CHICAGO,60601
2023,"DE CORP",0,0,1,0,54,4644,TX,HOUSTON,77098
2023,"DE GROOT BRIL EARTH SCIENCES USA LLC",1,0,0,0,54,1324,TX,"SUGAR LAND",77478
2023,"DE NORA WATER TECHNOLOGIES TEXAS LLC",0,0,1,0,54,0730,TX,"SUGAR LAND",77478
2023,"DEALERDIRECT LLC D B A FORDDIRECT",0,0,2,0,54,0946,MI,DEARBORN,48126
2023,"DEALERSOCKET INC",0,0,1,0,54,3331,TX,ROANOKE,76262
2023,"DEALLUS CONSULTING INC",0,0,1,0,54,7332,NY,"NEW YORK",10018
2023,"DEAN SAKAMOTO ARCHITECTS LLC",1,0,0,0,54,9945,HI,HONOLULU,96817
2023,"DEANS ARCHER CO CPAS",0,0,1,1,54,6566,NY,LYNBROOK,11563
2023,"DEBEVOISE PLIMPTON LLP",0,0,4,0,54,7279,NY,"NEW YORK",10022
2023,"DEBIAN SYSTEMS INC",0,0,1,0,54,1631,TX,DALLAS,75238
2023,"DECALOGUE INC",2,0,0,0,54,8020,MD,CLARKSBURG,20871
2023,"DECHEN CONSULTING GROUP INC",2,0,11,0,54,6451,MI,"FARMINGTON HILLS",48335
2023,"DECHEN CONSULTING GROUP INC",1,0,2,0,54,6451,MI,FARMINGTON,48335
2023,"DECHERT LLP",1,0,3,0,54,5587,PA,PHILADELPHIA,19104
2023,"DECIMAL HEALTH LLC",1,0,0,0,54,6944,CA,FAIRFIELD,94534
2023,"DECIPHER SOFTWARE SOLUTIONS LLC",1,0,1,0,54,4476,FL,CLEARWATER,33762
2023,"DECIPHERA PHARMACEUTICALS LLC",0,0,1,0,54,9725,MA,WALTHAM,02451
2023,"DECISION LENS INC",0,0,1,0,54,9790,VA,ARLINGTON,22203
2023,"DECISION MINDS INC",4,0,2,0,54,2011,CA,MILPITAS,95035
2023,"DECISION READY SOLUTIONS INC",0,0,1,0,54,0964,CA,IRVINE,92618
2023,"DECISION RESEARCH CORPORATION",0,0,1,0,54,6325,HI,HONOLULU,96814
2023,"DECISION SIX INC",2,0,0,0,54,1079,PA,"NEWTOWN SQ",19073
2023,"DECISION SIX INC",28,0,2,0,54,1079,PA,"NEWTOWN SQUARE",19073
2023,"DECISIONWAVE TECHNOLOGIES INC",0,0,0,1,54,6987,NH,BEDFORD,03110
2023,"DECITECH CONSULTING INC",0,0,1,0,54,8566,CA,FREMONT,94538
2023,"DECODE DIGITAL MARKETING LLC",0,0,1,0,54,2856,TX,HOUSTON,77007
2023,"DEDICATED TECH SERVICES INC",0,0,1,0,54,4607,OH,DUBLIN,43017
2023,"DEEBECON INC",0,0,1,0,54,0052,,,
2023,"DEEBECON INC",4,0,4,1,54,0052,NH,NASHUA,03062
2023,"DEEMSYS INC",2,0,5,0,54,6919,OH,COLUMBUS,43230
2023,"DEEMSYS INC",1,0,0,0,54,6919,OH,GAHANNA,43230
2023,"DEEP INSIGHT SOLUTIONS INC DBA BLATTNER TECHNOLOGIES",0,0,2,0,54,9093,TN,NASHVILLE,37219
2023,"DEEPBD INC",1,0,0,0,54,7895,VA,FAIRFAX,22031
2023,"DEEPCAL INC",0,0,1,0,54,8688,CA,SUNNYVALE,94085
2023,"DEEPCURE INC",0,0,1,0,54,0557,MA,BOSTON,02108
2023,"DEEPNET COMPUTER CONSULTING LLC",0,0,1,0,54,0255,CA,"SANTA ROSA",95403
2023,"DEEPROUTE.AI LTD",0,0,1,0,54,4236,,,
2023,"DEEPROUTE.AI LTD",0,0,1,0,54,4236,CA,FREMONT,94538
2023,"DEETA IT SOLUTIONS INC",0,0,1,0,54,6795,NJ,MIDDLESEX,08846
2023,"DEFENSE IN DEPTH SOLUTIONS INC",2,0,0,0,54,2102,TX,HOUSTON,77060
2023,"DEFINITIVE HEALTHCARE LLC",0,0,1,0,54,6867,MA,FRAMINGHAM,01701
2023,"DEGENKOLB ENGINEERS",0,0,1,0,54,2527,CA,"SAN FRANCISCO",94105
2023,"DEIBEL BIOSCIENCE OF OREGON LLC",0,0,1,0,54,3925,OR,"HOOD RIVER",97031
2023,"DEKA RESEARCH & DEVELOPMENT CORP",0,0,3,0,54,1515,NH,MANCHESTER,03101
2023,DEKKER/PERICH/SABATINI,0,0,1,0,54,7023,NM,ALBUQUERQUE,87109
2023,"DEKRA CERTIFICATION INC",0,0,2,0,54,9662,GA,ATLANTA,30339
2023,"DEKRA SERVICES INC",0,0,1,0,54,1730,GA,ATLANTA,30339
2023,"DELAGNES MITCHELL & LINDER LLP",0,0,1,0,54,1784,CA,"SAN FRANCISCO",94104
2023,"DELART TECHNOLOGY SERVICES LLC",5,0,9,0,54,4159,CA,"SANTA MONICA",90401
2023,"DELASOFT INC",0,0,7,0,54,2358,DE,"NEW CASTLE",19720
2023,"DELAWARE NORTH AMERICA LLC",0,0,1,0,54,6816,TX,DALLAS,75218
2023,"DELIGHT CONSULTING SERVICES LLC",0,0,1,0,54,3986,,,
2023,"DELIGHT CONSULTING SERVICES LLC",5,0,2,0,54,3986,MI,ROCHESTER,48307
2023,"DELISIS INC",5,1,5,0,54,6378,CA,"SAN JOSE",95112
2023,"DELIVERLOGIC INC",0,0,1,0,54,5137,FL,TAMPA,33602
2023,"DELOITTE & TOUCHE LLP",7,1,320,7,54,1517,PA,PHILADELPHIA,19103
2023,"DELOITTE & TOUCHE LLP",0,0,6,0,54,1517,,,
2023,"DELOITTE & TOUCHE LLP",0,0,1,0,54,1517,PA,NORRISTOWN,19403
2023,"DELOITTE CONSULTING LLP",0,0,59,0,54,4513,,,
2023,"DELOITTE CONSULTING LLP",63,3,1363,33,54,4513,PA,PHILADELPHIA,19103
2023,"DELOITTE CONSULTING LLP",1,0,0,0,54,4513,PA,PHILADELPHIA,19103
2023,"DELOITTE CONSULTING LLP",0,0,1,0,54,4513,PA,PHILADELPHIA,19103
2023,"DELOITTE CORPORATE FINANCE LLC",0,0,1,0,54,7859,PA,PHILADELPHIA,19103
2023,"DELOITTE FINANCIAL ADVISORY SERVICES LLP",0,0,1,0,54,0745,PA,PHILADELPHIA,19103
2023,"DELOITTE INVESTMENTS LLC",0,0,1,0,54,4552,PA,PHILADELPHIA,19103
2023,"DELOITTE LLP",0,0,2,0,54,3500,PA,PHILADELPHIA,19103
2023,"DELOITTE SERVICES LP",0,0,20,0,54,7118,PA,PHILADELPHIA,19103
2023,"DELOITTE TAX LLP",0,0,1,0,54,5722,PA,PHILADELPHIA,19103
2023,"DELOITTE TAX LLP",0,0,2,0,54,5772,,,
2023,"DELOITTE TAX LLP",6,0,167,0,54,5772,PA,PHILADELPHIA,19103
2023,"DELOITTE TRANSACTIONS AND BUSINESS ANALYTICS LLP",0,0,14,0,54,0290,PA,PHILADELPHIA,19103
2023,"DELOS LIVING LLC",1,0,3,0,54,3237,NY,"NEW YORK",10014
2023,"DELPHOS INTERNATIONAL LTD",1,0,0,0,54,7263,DC,WASHINGTON,20037
2023,"DELTA COMPUTER CONSULTING INC",0,0,1,0,54,2871,,,
2023,"DELTA COMPUTER CONSULTING INC",1,1,9,0,54,2871,CA,TORRANCE,90505
2023,"DELTA GLOBAL SERVICES LLC",0,0,3,0,54,4764,TX,MCKINNEY,75070
2023,"DELTA INFORMATION SYSTEMS INC",0,0,1,0,54,5980,GA,ALPHARETTA,30005
2023,"DELTA SYSTEM AND SOFTWARE INC",0,0,0,1,54,1339,,,
2023,"DELTA SYSTEM AND SOFTWARE INC",5,1,14,0,54,1339,TX,MCKINNEY,75070
2023,"DELTACUBES TECHNOLOGY LLC",0,0,1,0,54,8568,DE,NEWARK,19709
2023,"DELTACUBES TECHNOLOGY LLC",1,0,0,0,54,8568,NJ,PRINCETON,08540
2023,"DELTAMED SOLUTIONS INC",1,0,1,0,54,9338,NJ,SOMERSET,08873
2023,"DELVE LLC",0,0,1,0,54,1903,PA,PHILADELPHIA,19107
2023,"DELVIOM LLC",2,0,5,0,54,1055,VA,ASHBURN,20147
2023,"DEMIDCHIK LAW FIRM P C",1,0,0,0,54,7165,CA,"CITY OF INDUSTRY",91748
2023,"DEMIDCHIK LAW FIRM P C",1,0,1,0,54,7165,CA,"ROWLAND HEIGHTS",91748
2023,"DEMIDCHIK LAW FIRM P C",0,0,1,0,54,7165,CA,"SAN JOSE",95128
2023,"DENALI SOURCING SERVICES",0,0,1,0,54,6679,WA,BELLEVUE,98006
2023,"DENKEN SOLUTIONS INC",8,0,43,1,54,0679,CA,IRVINE,92618
2023,"DENKEN SOLUTIONS INC",0,0,2,0,54,0679,,,
2023,"DENMAC SOLUTIONS INC",28,0,0,0,54,0157,TX,EULESS,76040
2023,"DENOVO SYSTEMS INC",2,0,6,0,54,4050,OH,COLUMBUS,43085
2023,"DENOVO SYSTEMS INC",0,0,1,0,54,4050,OH,WORTHINGTON,43085
2023,"DENTSU INTERNATIONAL AMERICAS LLC",0,0,1,0,54,6970,,,
2023,"DENTSU INTERNATIONAL AMERICAS LLC",0,0,2,0,54,6970,NY,"NEW YORK",10017
2023,"DEODATO CO LLC",0,0,1,0,54,9821,NY,"NEW YORK",10005
2023,"DEPCOM POWER INC",0,0,1,0,54,5950,AZ,SCOTTSDALE,85258
2023,"DEQUE SYSTEMS INC",0,0,1,0,54,5044,VA,HERNDON,20170
2023,"DEREK SMITH LAW GROUP LLP",0,0,1,0,54,9230,CA,"LOS ANGELES",90071
2023,"DEREX TECHNOLOGIES INC",0,0,4,0,54,1174,NJ,HARRISON,07029
2023,"DERIVE LLC",1,0,0,0,54,5501,AZ,PHOENIX,85004
2023,"DERMACARE LLC",0,0,2,0,54,6364,IL,CHICAGO,60606
2023,"DERMBIONT INC",1,0,0,0,54,2124,MA,BOSTON,02210
2023,"DESCARTES LABS",0,0,1,0,54,2940,NM,"SANTA FE",87501
2023,"DESCRIPT INC",0,0,2,0,54,8807,CA,"SAN FRANCISCO",94102
2023,"DESIGN RESOURCE GROUP PA",0,0,1,0,54,3660,NC,CHARLOTTE,28208
2023,"DESIGN SYSTEMS INC",0,0,2,0,54,3709,MI,"FARMINGTON HILLS",48331
2023,"DESIGN WORKSHOP INC",0,0,1,0,54,9969,CO,ASPEN,81611
2023,"DESIGN, INSPECTIONS, CONSTRUCTION, ENVIRONMENTAL SERVICES LLC",1,0,0,0,54,0428,NY,"QUEENS VILLAGE",11429
2023,"DESIGNBRIDGE LTD",0,1,0,0,54,1120,IL,CHICAGO,60642
2023,"DESIGNMIND BUSINESS SOLUTIONS INC",0,0,2,0,54,4423,CA,"SAN FRANCISCO",94133
2023,"DESIMONE CONSULTING ENGINEERING DPC",0,0,4,0,54,2324,NY,"NEW YORK",10005
2023,"DESMARAIS LLP",0,0,1,0,54,9103,NY,"NEW YORK",10169
2023,"DESMATA INC",1,0,0,0,54,8274,TX,PLANO,75024
2023,"DESO CONSULTING LLC",0,0,1,0,54,0927,NJ,LINCROFT,07738
2023,"DESTINATION MEDIA INC DBA GSTV",0,0,1,0,54,9357,MI,DETROIT,48226
2023,"DESTINATION PET VETERINARY GROUP OF TEXAS PC",0,0,1,0,54,8962,CO,LITTLETON,80129
2023,"DETROIT ENGINEERED PRODUCTS INC",1,0,7,1,54,2776,MI,TROY,48085
2023,"DETROIT LABS LLC",0,0,2,0,54,6227,MI,DETROIT,48226
2023,"DEV SYSTEMS INC",3,0,0,0,54,1461,NC,CHARLOTTE,28262
2023,"DEV VET CORP INC DBA VIA VERDE ANIMAL HOSPITAL",0,0,1,0,54,7216,CA,"SAN DIMAS",91773
2023,"DEVCARE SOLUTIONS LTD",1,0,0,0,54,1086,,,
2023,"DEVCARE SOLUTIONS LTD",2,0,8,2,54,1086,OH,WESTERVILLE,43082
2023,"DEVELOPMENT DIMENSIONS INTERNATIONAL INC",0,0,1,0,54,2069,PA,BRIDGEVILLE,15017
2023,"DEVELOPMENT FACILITATORS INC",0,0,1,0,54,9016,MD,MILLERSVILLE,21108
2023,"DEVELOPMENT SPECIALISTS INC",0,0,1,0,54,7476,IL,CHICAGO,60603
2023,"DEVEN SOFTWARE LLC",0,0,1,0,54,3470,VA,CHANTILLY,20151
2023,"DEVFI INC",0,0,2,0,54,9246,,,
2023,"DEVFI INC",1,0,18,0,54,9246,OH,COLUMBUS,43219
2023,"DEVICEBOOK INC",0,0,1,0,54,8342,WA,BELLEVUE,98005
2023,"DEVOIR SOFTWARE SOLUTIONS LLC",0,0,3,0,54,7369,MO,CHESTERFIELD,63005
2023,"DEVRABBIT IT SOLUTIONS INC",0,0,1,0,54,7195,CA,FOLSOM,95630
2023,"DEVREV INC",1,0,1,0,54,8535,CA,"PALO ALTO",94301
2023,"DEVSQUAD LLC",1,0,0,0,54,0796,UT,MURRAY,84107
2023,"DEVZ AI TECHNOLOGIES INC",1,0,0,0,54,4763,CA,IRVINE,92618
2023,"DEW SOFTWARE INC",1,0,3,0,54,8206,CA,FREMONT,94539
2023,"DEWPOINT THERAPEUTICS INC",0,0,1,0,54,2330,MA,BOSTON,02210
2023,"DEX TECH LLC",1,1,0,0,54,1244,PA,"BLUE BELL",19422
2023,"DEXPERTS INC",1,0,0,0,54,1697,,,
2023,"DEXPERTS INC",2,1,9,1,54,1697,TX,IRVING,75038
2023,"DEXTER SYSTEMS INC",0,0,4,0,54,9099,VA,LEESBURG,20176
2023,"DEXTERITY INC",3,0,1,0,54,4538,CA,"REDWOOD CITY",94063
2023,"DFOCUS AMERICA INC",0,0,1,0,54,3774,NJ,"PALISADES PARK",07650
2023,"DG2 DESIGN LLC",0,0,1,0,54,,MO,EUREKA,63025
2023,"DGN TECHNOLOGIES INC",5,0,15,2,54,1313,CA,FREMONT,94538
2023,"DHAKA TECHNOLOGIES LIMITED COMPANY",0,0,1,0,54,0136,MD,LAUREL,20707
2023,"DHANU GLOBAL ENTERPRISES INCORPORATION",1,0,1,0,54,4553,CA,"CANOGA PARK",91303
2023,"DHARAM LALLY SMITH LLC DBA DHARAM CONSULTING",0,0,1,0,54,5734,NY,"NEW YORK",10018
2023,"DHILLON ENGINEERING INC",0,0,1,0,54,4282,MD,"OWINGS MILLS",21117
2023,"DI CONSTRUCTION INC",1,0,0,0,54,8501,CA,NEWARK,94560
2023,"DI LI LAW PC",0,0,1,0,54,5660,CA,"CITY OF INDUSTRY",91748
2023,"DIA ASSOCIATES LLC",1,0,5,0,54,5201,NY,"NEW YORK",10004
2023,"DIAGRAM TECHNOLOGIES INC",1,0,0,0,54,8680,NY,"NEW YORK",10003
2023,"DIAMOND AGE DATA SCIENCE LLC",0,0,1,0,54,4555,MA,SOMERVILLE,02143
2023,"DIAMOND LAW PROFESSIONAL CORP",0,0,1,0,54,2544,CA,"SAN DIEGO",92121
2023,"DIASORIN MOLECULAR LLC",1,0,0,0,54,0354,CA,CYPRESS,90630
2023,"DIASPARK INC",0,0,1,0,54,7185,,,
2023,"DIASPARK INC",9,0,34,0,54,7185,NJ,EDISON,08817
2023,"DICE IT SOLUTIONS LLC DBA TECHPROJECTS",28,0,6,0,54,7486,NJ,"NORTH BRUNSWICK",08902
2023,"DICENTRAL CORPORATION",0,0,2,0,54,9826,TX,HOUSTON,77058
2023,"DICERNA PHARMACEUTICALS INC",0,0,0,1,54,3609,MA,LEXINGTON,02421
2023,"DICK & FRITSCHE DESIGN GROUP",0,0,1,0,54,4041,AZ,PHOENIX,85008
2023,"DICKERSON FINANCIAL GROUP INC DBA TEXAS GIANT INSURANCE",0,0,1,0,54,8197,TX,CARROLLTON,75006
2023,"DICKSON TESTING CO INC",0,0,1,0,54,3111,CA,"SOUTH GATE",90280
2023,"DIDI RESEARCH AMERICA LLC",0,0,10,0,54,0990,CA,"MOUNTAIN VIEW",94043
2023,"DIDI RESEARCH AMERICA LLC",0,0,1,0,54,0990,,,
2023,"DIDTECHNOLOGY INC",1,0,0,0,54,9712,NJ,NEWARK,07102
2023,"DIGERATI SYSTEMS INC",0,0,2,1,54,1456,TX,FRISCO,75034
2023,"DIGI CLOUD LLC",1,0,0,0,54,5800,TX,DALLAS,75234
2023,"DIGIANTRIX LLC",0,0,1,0,54,4200,GA,CUMMING,30040
2023,"DIGICERT INC",0,0,2,0,54,9542,,,
2023,"DIGICERT INC",0,0,3,0,54,9542,UT,LEHI,84043
2023,"DIGICOMM SYSTEMS INC",0,0,1,0,54,9647,LA,METAIRIE,70001
2023,"DIGILANT INC",0,0,1,0,54,0629,MA,BOSTON,02109
2023,"DIGIOIA GRAY & ASSOCIATES LLC",0,0,1,0,54,5086,,,
2023,"DIGIOIA GRAY & ASSOCIATES LLC",0,0,2,0,54,5086,PA,MONROEVILLE,15146
2023,"DIGIPULSE TECHNOLOGIES INC",0,0,2,0,54,4941,,,
2023,"DIGIPULSE TECHNOLOGIES INC",0,1,37,0,54,4941,NJ,"CHERRY HILL",08002
2023,"DIGITAL ALPHA TECHNOLOGIES INC",0,0,1,0,54,0562,NJ,PRINCETON,08540
2023,"DIGITAL ASSET US CORP",0,0,1,0,54,8103,NY,"NEW YORK",10007
2023,"DIGITAL BLUE SOLUTIONS LLC",0,0,1,0,54,9728,,,
2023,"DIGITAL CLOUD ASSOCIATES LLC",1,0,1,0,54,3566,TX,IRVING,75039
2023,"DIGITAL DATUM INC",0,0,1,0,54,6390,NJ,PRINCETON,08540
2023,"DIGITAL DHARA LLC",2,0,0,0,54,3422,NJ,PRINCETON,08540
2023,"DIGITAL IMS CLOUD INC",0,0,1,0,54,1725,,,
2023,"DIGITAL INSIGHT GAMES INC",0,0,1,0,54,0511,CA,"LOS ANGELES",90048
2023,"DIGITAL INSIGHTS LLC",1,0,0,0,54,6880,,,
2023,"DIGITAL INTELLIGENCE SYSTEMS LLC",0,0,1,0,54,6447,VA,"MC LEAN",22102
2023,"DIGITAL INTELLIGENCE SYSTEMS LLC",3,1,12,2,54,6447,VA,"MC LEAN",22102
2023,"DIGITAL INTELLIGENCE SYSTEMS LLC",1,0,1,0,54,6447,VA,MCLEAN,22102
2023,"DIGITAL ITECHNOLOGY LLC",0,0,3,0,54,5776,TX,AUSTIN,78705
2023,"DIGITAL ITECHNOLOGY LLC",5,0,1,0,54,5776,TX,AUSTIN,78701
2023,"DIGITAL MANAGEMENT LLC",0,2,11,0,54,5254,MD,BETHESDA,20817
2023,"DIGITAL MASTERS INC",0,1,0,0,54,1367,GA,ATLANTA,30361
2023,"DIGITAL MASTERS INC",0,1,1,0,54,5321,GA,ATLANTA,30361
2023,"DIGITAL MOBILE INNOVATIONS LLC",2,0,3,0,54,2271,MD,BETHESDA,20817
2023,"DIGITAL PEOPLE",1,0,0,0,54,2067,TX,MCKINNEY,75070
2023,"DIGITAL PLUS SOLUTIONS LLC",0,0,1,0,54,3180,MO,"KANSAS CITY",64131
2023,"DIGITAL RIVER INC",0,0,3,0,54,1640,MN,MINNETONKA,55343
2023,"DIGITAL SCRIPTS INC",0,0,13,0,54,7811,NJ,"SOUTH PLAINFIELD",07080
2023,"DIGITAL SOFTWARE INC",0,0,1,0,54,7159,TX,"SAN ANTONIO",78228
2023,"DIGITAL TECHNOLOGIES LLC",0,0,1,0,54,3403,,,
2023,"DIGITAL TECHNOLOGY SOLUTIONS LLC",0,0,6,0,54,7775,MI,FARMINGTON,48336
2023,"DIGITAL TERRAIN INC",4,0,4,0,54,2519,MI,FARMINGTON,48335
2023,"DIGITAL TURBINE MEDIA INC",0,0,1,0,54,6340,NC,DURHAM,27701
2023,"DIGITALAPICRAFT CORPORATION",0,0,2,0,54,4296,WA,BELLEVUE,98004
2023,"DIGITALBYTES INC",1,0,8,0,54,0941,PA,LANGHORNE,19047
2023,"DIGITALECT LLC",2,0,0,0,54,1655,PA,MECHANICSBURG,17050
2023,"DIGITALERA LLC",0,0,2,0,54,1679,SC,"ROCK HILL",29730
2023,"DIGITALIS INC",0,0,5,0,54,5035,IL,NAPERVILLE,60563
2023,"DIGITALOCEAN LLC",0,0,3,0,54,7666,NY,"NEW YORK",10013
2023,"DIGITALSOFT LLC",3,0,0,0,54,1615,MI,LIVONIA,48152
2023,"DIGITALTREE LLC",5,0,0,0,54,7557,PA,ALLENTOWN,18106
2023,"DIGITAS INC",0,0,1,0,54,2286,MA,BOSTON,02109
2023,"DIGITEK SOFTWARE INC",0,0,1,0,54,1607,,,
2023,"DIGITEK SOFTWARE INC",0,0,5,0,54,1607,OH,"LEWIS CENTER",43035
2023,"DIGITRAN TECH SOLUTIONS INC",4,0,0,0,54,9462,NJ,"MONMOUTH JUNCTION",08852
2023,"DIGITYCS LLC",0,1,0,0,54,3570,DE,DOVER,19901
2023,"DIGIXFORM INC",2,0,0,0,54,6857,VA,DULLES,20166
2023,"DIGIXFORM INC",4,0,0,0,54,6857,VA,STERLING,20166
2023,"DIGTINCTIVE LLC",1,0,0,0,54,4925,,,
2023,"DILIGENCE SYSTEMS INC",0,0,1,0,54,4089,NJ,EDISON,08820
2023,"DILIGENT GROUP LLC",9,0,3,0,54,1324,VA,STERLING,20164
2023,"DILLER SCOFIDIO RENFRO ARCHITECTS DPC",1,0,0,0,54,4314,NY,"NEW YORK",10001
2023,"DIMELLA SHAFFER ASSOCIATES INC",1,0,0,0,54,9796,MA,BOSTON,02210
2023,"DIMENSION IT SOLUTIONS LLC",1,0,0,0,54,3093,OH,MASON,45040
2023,"DIMENSIONAL CONTROL SYSTEMS INC",1,0,0,0,54,1218,MI,TROY,48098
2023,"DIMOV CONSULTING INC",0,0,1,0,54,1649,NY,"NEW YORK",10017
2023,"DIODE VENTURES LLC",0,0,1,0,54,0988,KS,"OAKLAND PARK",66211
2023,"DIONA US INC",0,0,5,0,54,0965,TX,AUSTIN,78746
2023,"DIRECT DIGITAL LLC",0,0,1,0,54,1367,NC,CHARLOTTE,28202
2023,"DIRECT PROFESSIONALS NETWORK INC",3,0,0,0,54,2775,TX,JUSTIN,76247
2023,"DIRECTAVENUE INC",0,0,1,0,54,3893,CA,CARLSBAD,92008
2023,"DISCO INTERNATIONAL INC",0,0,1,0,54,3520,NY,"NEW YORK",10036
2023,"DISCOVER TECHNOLOGIES INC",9,2,0,0,54,3426,TX,IRVING,75039
2023,"DISCOVERY LIFE SCIENCES",1,0,0,0,54,5055,AL,HUNTSVILLE,35806
2023,"DISNEY FINANCIAL SVCS LLC",0,0,1,0,54,0992,CA,BURBANK,91521
2023,"DISNEY PARKS TECHNOLOGY SERVICES CO LLC",0,0,3,0,54,1860,CA,BURBANK,91521
2023,"DISNEY STREAMING TECHNOLOGY LLC",0,0,7,0,54,9764,CA,BURBANK,91521
2023,"DISPATCH TECHNOLOGIES INC",0,0,1,0,54,0630,MA,BOSTON,02114
2023,"DISQO INC",0,0,1,1,54,1613,CA,GLENDALE,91203
2023,"DISTINCT ENGINEERING SOLUTIONS INC",0,0,1,0,54,9949,NJ,"NORTH BRUNSWICK",08902
2023,"DISTRICON SOLUTIONS NORTH AMERICA LLC",1,0,0,0,54,3509,IL,EVANSTON,60201
2023,"DIVERSANT LLC",0,0,1,0,54,9768,,,
2023,"DIVERSANT LLC",0,0,1,1,54,9768,GA,DULUTH,30096
2023,"DIVERSANT LLC",2,0,14,2,54,9768,NJ,"RED BANK",07701
2023,"DIVERSIFIED SERVICES NETWORK INC",0,0,1,0,54,2853,,,
2023,"DIVERSIFIED SERVICES NETWORK INC",0,0,2,0,54,2853,IL,NAPERVILLE,60564
2023,"DIVINE GLOBAL SOLUTIONS LLC",0,0,1,0,54,1628,SC,COLUMBIA,29210
2023,"DIVINE IT SERVICES LLC",2,0,2,0,54,3029,PA,"NORTH WALES",19454
2023,"DIVIS SOLUTIONS INC",6,6,4,0,54,6043,OH,DUBLIN,43017
2023,"DIWO INC",0,0,2,0,54,9988,MI,NORTHVILLE,48167
2023,"DIZER CORP",1,0,9,0,54,8475,OH,PAINESVILLE,44077
2023,"DLA PIPER LLP US",0,0,5,1,54,6490,MD,BALTIMORE,21209
2023,"DLR GROUP INC",0,0,2,0,54,2822,NE,OMAHA,68106
2023,"DM LOGIC ASSOCIATES CORP",8,0,2,0,54,2442,NJ,PISCATAWAY,08854
2023,"DMC BIOTECHNOLOGIES INC",0,0,1,0,54,9674,CO,BOULDER,80301
2023,"DMINDS SOLUTIONS INC",2,0,1,0,54,7091,TX,FRISCO,75034
2023,"DMY ENGINEERING CONSULTANTS INC",0,0,1,0,54,1456,VA,CHANTILLY,20151
2023,"DNV ENERGY INSIGHTS USA INC",0,0,6,0,54,7916,TX,KATY,77449
2023,"DNV ENERGY SERVICES USA INC",0,0,2,0,54,5765,TX,KATY,77449
2023,"DNV ENERGY USA INC",0,0,4,0,54,5724,TX,KATY,77449
2023,"DNW AND ASSOCIATES INC",0,0,1,0,54,3051,CA,ALHAMBRA,91801
2023,"DOBLE ENGINEERING COMPANY",0,0,2,0,54,0160,MA,MARLBOROUGH,01752
2023,"DOCKER INC",0,0,1,0,54,1415,CA,"PALO ALTO",94306
2023,"DOCMATION LLC",0,0,1,0,54,8953,GA,NORCROSS,30071
2023,"DOCMATTER INC",1,0,0,0,54,8008,CA,"SAN FRANCISCO",94111
2023,"DOCSI18N INC",0,0,1,0,54,4312,NV,"LAS VEGAS",89102
2023,"DOCUMENT SOLUTIONS GROUP INC",0,0,1,0,54,5705,PA,MALVERN,19355
2023,"DOCUSIGN INC",0,0,1,0,54,3967,,,
2023,"DOCUSIGN INC",2,0,68,2,54,3967,CA,"SAN FRANCISCO",94105
2023,"DOCUSMART INC D B A LEXION",0,0,1,0,54,9443,WA,SEATTLE,98104
2023,"DOEREN MAYHEW CO P C",0,0,1,0,54,2570,MI,TROY,48084
2023,"DOF SUBSEA USA INC",0,0,1,0,54,1942,TX,HOUSTON,77040
2023,"DOLI SYSTEMS INC",2,0,2,0,54,4313,NJ,"JERSEY CITY",07306
2023,"DOLLAR GENERAL CORPORATION",0,0,1,0,54,2302,TN,GOODLETTSVILLE,37072
2023,"DOLPHIN LOGISTICS INC",0,0,1,0,54,9149,CA,"RANCHO DOMINGUEZ",90221
2023,"DOLPHIN SOLUTIONS INC",6,0,4,0,54,4609,FL,ORLANDO,32835
2023,"DOMAIN 6 INC",0,0,1,0,54,3478,WA,BELLEVUE,98006
2023,"DOMAIN EXPERTS CORPORATION",0,0,1,0,54,3146,CA,SUNNYVALE,94087
2023,"DOMINO DATA LAB INC",0,0,4,0,54,0871,CA,"SAN FRANCISCO",94107
2023,"DOMINO DATA LAB INC",0,0,1,0,54,0871,,,
2023,"DOMINO TECHNOLOGIES INC",0,0,2,0,54,6494,PA,LEMOYNE,17043
2023,"DONALD DANFORTH PLANT SCIENCE CENTER",1,0,0,0,54,4621,,,
2023,"DONALD DANFORTH PLANT SCIENCE CENTER",2,0,2,1,54,4621,MO,"SAINT LOUIS",63132
2023,"DONAN SOLUTIONS LLC",0,0,2,0,54,5363,KY,LOUISVILLE,40299
2023,"DONATECH CORPORATION",1,0,0,0,54,8523,IA,FAIRFIELD,52556
2023,"DONATO TECHNOLOGIES INC",1,0,0,0,54,8413,,,
2023,"DONATO TECHNOLOGIES INC",8,0,7,0,54,8413,TX,DALLAS,75234
2023,"DONNELLY-BOLAND & ASSOCIATES",0,0,1,0,54,5793,PA,PITTSBURGH,15227
2023,"DONOVAN ARCHITECTS LLC",0,0,1,0,54,1478,NJ,HADDONFIELD,08033
2023,"DONOVAN J JACOBS ATTORNEY AT LAW",0,0,1,0,54,1729,CA,ALPINE,91901
2023,"DONYATI LLC",1,0,1,0,54,9151,FL,NAPLES,34105
2023,"DOORDASH INC",0,0,12,0,54,2392,,,
2023,"DOORDASH INC",12,0,123,5,54,2392,CA,"SAN FRANCISCO",94107
2023,"DOOSAN GRIDTECH INC",0,0,1,0,54,6058,WA,SEATTLE,98104
2023,"DORABOT INC",0,0,1,0,54,0030,GA,NORCROSS,30071
2023,"DORABOT INC",1,0,1,0,54,0030,GA,"PEACHTREE CORNERS",30071
2023,"DORAN JONES INC",0,0,5,0,54,3970,NY,"NEW YORK",10017
2023,"DORIN & COPPEL, LLC",1,0,0,0,54,3672,CA,"LOS ANGELES",90048
2023,"DORMAKABA WORKFORCE SOLUTIONS LLC",1,0,0,0,54,5219,FL,MIRAMAR,33025
2023,"DOTCOM TEAM LLC",0,0,17,0,54,3809,MA,BRAINTREE,02184
2023,"DOTDATA INC",0,0,3,0,54,2288,CA,"SAN MATEO",94403
2023,"DOTEC CORP.",1,0,0,0,54,1411,MO,"SAINT CHARLES",63301
2023,"DOTS TECHNOLOGIES INC",0,0,2,0,54,5634,,,
2023,"DOTS TECHNOLOGIES INC",1,0,5,0,54,5634,TX,SOUTHLAKE,76092
2023,"DOUBLE WHY DESIGN INC",0,0,1,0,54,0448,NY,FLUSHING,11358
2023,"DOUBLEVERIFY INC",0,0,2,0,54,7597,,,
2023,"DOUBLEVERIFY INC",0,0,9,0,54,7597,NY,"NEW YORK",10013
2023,"DOYEN SQUARE TECHNOLOGIES INC",2,0,0,0,54,4263,NJ,"E BRUNSWICK",08816
2023,"DOYEN SQUARE TECHNOLOGIES INC",0,0,1,0,54,4263,NJ,EDISON,08817
2023,"DOYENSYS INC",0,0,4,0,54,6708,TX,DALLAS,75248
2023,"DP GLOBAL SOLUTIONS LLC",5,0,1,0,54,1874,CA,FOLSOM,95630
2023,"DP PROFESSIONALS INC",0,0,1,0,54,8155,SC,COLUMBIA,29204
2023,"DPA INFOTECH INC",1,0,0,0,54,2023,GA,"JOHNS CREEK",30097
2023,"DPC HOSPITALITY LLC",0,0,1,0,54,6661,TX,HOUSTON,77042
2023,"DPIS ENGINEERING LLC DBA ARCXIS",0,0,2,0,54,4293,TX,HOUSTON,77070
2023,"DPP TECH INC",2,0,1,0,54,7992,CA,"SAN FRANCISCO",94102
2023,"DPR SOLUTIONS INC",0,0,11,2,54,6257,VA,ASHBURN,20147
2023,"DPR SOLUTIONS INC",0,0,2,0,54,6257,,,
2023,"DPS GROUP INC",0,0,1,0,54,3056,MA,FRAMINGHAM,01701
2023,"DPS GROUP INC",0,0,3,0,54,3056,MA,FRAMINGHAM,01710
2023,"DR TECHNOLOGIES INC",0,0,2,0,54,7532,VA,HERNDON,20170
2023,"DRACO ELECTRONICS LLC",0,0,1,0,54,9439,CA,FREMONT,94538
2023,"DRACS CONSULTING GROUP INC",3,1,2,0,54,6292,GA,ALPHARETTA,30005
2023,"DRACS CONSULTING GROUP INC",1,0,0,0,54,6292,,,
2023,"DRAFT POINT INC",0,0,1,0,54,5884,PA,HATFIELD,19440
2023,"DRB SYSTEMS LLC",0,0,2,0,54,5539,OH,AKRON,44312
2023,"DREAM & RISE ASSOCIATES LLC DBA EMPHASIS SOFTTECH",1,0,0,0,54,3707,AR,BENTONVILLE,72713
2023,"DREAMBIG SEMICONDUCTOR INC",1,0,0,0,54,3556,CA,"SAN JOSE",95134
2023,"DREAMCREW OPERATIONS LLC",0,0,1,0,54,4001,CA,"WEST HOLLYWOOD",90068
2023,"DREAMDATA SOLUTIONS INC",4,1,0,1,54,4969,TX,PLANO,75024
2023,"DREAMWEAVER LLC",0,0,1,0,54,0577,NJ,PRINCETON,08540
2023,"DREMIO CORPORATION",0,0,3,0,54,1632,CA,"SANTA CLARA",95054
2023,"DREN BIO INC",0,0,1,0,54,6535,CA,"FOSTER CITY",94404
2023,"DRESSER-RAND COMPANY",0,0,3,0,54,7619,FL,ORLANDO,32817
2023,"DRFIRST.COM INC",0,0,5,0,54,2902,MD,ROCKVILLE,20850
2023,"DRILLING SYSTEMS USA INC.",1,0,0,0,54,9599,TX,HOUSTON,77094
2023,"DRISHTICON INC",0,0,1,0,54,5390,CA,NEWARK,94560
2023,"DRIVE SYSTEM DESIGN INC",0,0,2,0,54,5580,MI,"FARMINGTON HILLS",48335
2023,"DRIVESTREAM INC",1,0,2,0,54,1289,VA,STERLING,20166
2023,"DRKUMO INC",1,0,1,0,54,2016,CA,"BUENA PARK",90620
2023,"DRMP INC",0,0,1,0,54,1174,FL,ORLANDO,32814
2023,"DROICE INC D B A DROICE LABS",0,0,1,0,54,5287,NY,"NEW YORK",10001
2023,"DROISYS INC",0,0,2,1,54,1074,CA,FREMONT,94538
2023,"DROISYS INC",0,0,1,0,54,1074,,,
2023,"DRONEDEPLOY INC",0,0,1,0,54,1160,CA,"SAN FRANCISCO",94104
2023,"DROPLETTE INC",0,0,1,0,54,2879,MA,BOSTON,02108
2023,"DRUT TECHNOLOGIES INC",0,1,0,0,54,1145,NH,NASHUA,03062
2023,"DS TECHNOLOGIES INC",0,0,1,0,54,6305,VA,ASHBURN,20147
2023,"DSBRIDGE CORP",0,0,1,0,54,9054,NJ,"MONMOUTH JUNCTION",08852
2023,"DSFEDERAL INC",1,0,0,0,54,5178,MD,ROCKVILLE,20852
2023,"DSI TELECOM INC",1,0,2,0,54,1313,TX,PLANO,75093
2023,"DSK BIOPHARMA INC",0,0,1,0,54,3400,NC,CARY,27519
2023,"DSM H LLC",1,0,0,0,54,0609,IL,MORTON,61550
2023,"DSP CONCEPTS INC",0,0,1,0,54,8725,CA,"SANTA CLARA",95051
2023,"DSPACE INC",0,0,2,0,54,4628,MI,WIXOM,48393
2023,"DSS SUSTAINABLE SOLUTIONS USA INC",1,0,0,0,54,6837,DE,WILMINGTON,19805
2023,"DSSC CONSULTING LLC",1,0,4,0,54,3872,NJ,"JERSEY CITY",07306
2023,"DST HEALTH SOLUTIONS LLC",0,0,1,0,54,3802,MO,"KANSAS CITY",64105
2023,"DST TECHNOLOGIES INC",0,0,2,0,54,8051,,,
2023,"DST TECHNOLOGIES INC",1,0,3,0,54,8051,MO,"KANSAS CITY",64105
2023,"DSYS INC",1,0,1,0,54,1370,GA,ALPHARETTA,30009
2023,"DTD BEST INC",0,0,1,0,54,3036,CA,"WEST COVINA",91790
2023,"DTEL CORP",4,0,1,0,54,4174,TX,RICHARDSON,75080
2023,"DTEX SYSTEMS INC",0,0,1,0,54,7358,CA,"SAN JOSE",95110
2023,"DUCK CREEK TECHNOLOGIES LLC",1,0,12,0,54,4931,MA,BOSTON,02210
2023,"DUCO CONSULTANCY INC",1,0,0,0,54,5386,CA,"LOS ANGELES",90048
2023,"DUKE SYSTEM LOGISTICS INC",0,0,1,0,54,9521,CA,ONTARIO,91762
2023,"DULLES ENGINEERING INC",2,0,1,0,54,1557,VA,STERLING,20166
2023,"DULLESSYSTEMS INC",0,0,1,0,54,8845,,,
2023,"DULLESSYSTEMS INC",2,0,0,0,54,8845,VA,LURAY,22835
2023,"DUNELAND GROUP INC",0,0,2,0,54,6019,IN,CHESTERTON,46304
2023,"DUNN SOLUTIONS GROUP INC",0,0,3,0,54,8608,IL,SKOKIE,60077
2023,"DUNNHUMBY INC",0,0,2,0,54,9279,OH,CINCINNATI,45209
2023,"DUO FORTE INC",0,0,1,0,54,7948,CA,"SANTA CLARA",95054
2023,"DUO2 LLC",0,0,1,0,54,6272,MD,OAKLAND,21550
2023,"DUOLINGO INC",4,0,1,0,54,5872,PA,PITTSBURGH,15206
2023,"DUPLICAT INC",0,0,1,0,54,0930,CA,"SAN FRANCISCO",94117
2023,"DVARE LLC",1,0,0,0,54,3581,IL,SPRINGFIELD,62702
2023,"DVG TECH SOLUTIONS LLC",0,0,1,0,54,9169,,,
2023,"DVG TECH SOLUTIONS LLC",18,0,17,0,54,9169,NJ,PLAINSBORO,08536
2023,"DVI TECHNOLOGIES INC",0,0,1,0,54,0781,PA,PITTSBURGH,15237
2023,"DVM INDUSTRIES LLC",1,0,0,0,54,3860,NY,ASTORIA,11105
2023,"DVR SOFTEK INC",4,0,3,0,54,9929,NJ,EDISON,08817
2023,"DVS TECHNOSOFT INC",2,0,0,0,54,7324,MI,TROY,48083
2023,"DW MATRIX INC",0,0,5,0,54,7669,MA,WESTBOROUGH,01581
2023,"DWAITH INFOTECH INC",1,1,0,0,54,7014,MN,"APPLE VALLEY",55124
2023,"DWAITH INFOTECH INC",8,0,0,0,54,7014,MN,"SAINT PAUL",55124
2023,"DWBI SERVICES INC",6,0,4,0,54,1396,TX,MCKINNEY,75070
2023,"DWELL DESIGN STUDIO LLC",0,0,1,0,54,3675,GA,ATLANTA,30350
2023,"DWYER OGLESBAY DBA D O ARCHITECTS",0,0,1,0,54,2163,MN,MINNEAPOLIS,55403
2023,"DXA STUDIO ARCHITECTURE PLLC",0,0,1,0,54,6490,NY,"NEW YORK",10001
2023,"DXC TECHNOLOGY SERVICES LLC",71,9,23,1,54,7119,VA,ASHBURN,20147
2023,"DXU LLC",0,0,1,0,54,9461,IL,CHICAGO,60607
2023,"DY CONSULTING ENGINEERS PC",0,0,5,0,54,5792,NY,"NEW YORK",10005
2023,"DYDX TRADING INC",1,0,0,2,54,3510,CA,"SAN FRANCISCO",94104
2023,"DYDX TRADING INC",0,0,1,0,54,3510,NY,"NEW YORK",10012
2023,"DYNA CONSULTING SERVICES INC",1,0,0,0,54,6955,IL,SPRINGFIELD,62702
2023,"DYNACHEM RESEARCH CENTER LLC",0,0,1,0,54,5910,TX,FRISCO,75034
2023,"DYNAMED SOLUTIONS LLC",1,0,0,0,54,7562,MD,BALTIMORE,21228
2023,"DYNAMED SOLUTIONS LLC",1,0,0,0,54,7562,MD,CATONSVILLE,21228
2023,"DYNAMIC ACCESS SYSTEMS INC",1,0,0,0,54,0298,CA,"SAN JOSE",95050
2023,"DYNAMIC ACCESS SYSTEMS INC",1,0,0,0,54,0298,CA,"SANTA CLARA",95050
2023,"DYNAMIC BIOLOGICS INC",0,0,1,0,54,9326,NJ,MONMOUTH,08852
2023,"DYNAMIC ENTERPRISE SOLUTIONS INC",0,0,1,0,54,2220,IL,"ROLLING MEADOWS",60008
2023,"DYNAMIC HEALTH IT INC",0,0,1,0,54,5167,LA,"NEW ORLEANS",70121
2023,"DYNAMIC INTERACTIVE BUSINESS SYSTEM INC",0,0,1,0,54,5505,IL,NAPERVILLE,60564
2023,"DYNAMIC ITSOLUTIONS INC",0,0,1,0,54,3641,KS,"OVERLAND PARK",66210
2023,"DYNAMIC ITSOLUTIONS INC",1,0,3,0,54,3651,KS,"OVERLAND PARK",66210
2023,"DYNAMIC SOFTWARE CONSULTANTS INC",1,0,0,0,54,7435,TX,COPPELL,75019
2023,"DYNAMIC TECHNOLOGY INC",0,0,1,0,54,8713,VA,ASHBURN,20147
2023,"DYNAMIC TECHNOLOGY INC",1,0,10,1,54,8713,VA,ASHBURN,20147
2023,"DYNAMIC TEK LLC",0,0,1,0,54,5994,TX,IRVING,75062
2023,"DYNAMICS CAMPUS SOLUTIONS INC",0,0,1,0,54,3771,TX,AUSTIN,78738
2023,"DYNAMICS SCIENTIFIC PRODUCTION CENTER USA INC",1,0,0,0,54,0654,TX,HOUSTON,77002
2023,"DYNAMIXE INC",0,0,1,0,54,8537,NY,RYE,10580
2023,"DYNANET CORPORATION",0,0,1,0,54,6355,MD,ELKRIDGE,21075
2023,"DYNASTY SHIPPING LLC",0,0,1,0,54,3463,CA,CERRITOS,90703
2023,"DYNATA LLC",0,0,2,0,54,8807,CT,SHELTON,06484
2023,"DYNOTEC INC",0,1,0,0,54,9961,OH,COLUMBUS,43231
2023,"DYNPRO, INC.",1,0,2,0,54,7772,NC,RALEIGH,27617
2023,"DYTEK SOLUTIONS LLC",0,0,1,0,54,8080,AZ,PHOENIX,85028
2023,"E BASE TECHNOLOGIES INC",2,1,4,1,54,8159,CA,FREMONT,94538
2023,"E BUILDER INC",0,0,2,0,54,5657,FL,"FORT LAUDERDALE",33323
2023,"E BUSINESS DISTRIBUTION LLC",1,0,0,0,54,5866,FL,MIAMI,33198
2023,"E BUSINESS INTERNATIONAL INC",0,0,5,0,54,7020,NJ,PRINCETON,08540
2023,"E BUSINESS INTERNATIONAL INC",0,0,1,0,54,7020,,,
2023,"E BUSINESS INTERNATIONAL INC",0,0,1,0,54,7020,NJ,PRINCETON,08504
2023,"E CQR INC",2,0,0,0,54,8578,TX,AUSTIN,78734
2023,"E GIANTS TECHNOLOGIES LLC",0,0,2,0,54,0157,,,
2023,"E GIANTS TECHNOLOGIES LLC",0,0,7,0,54,0157,IA,WDM,50266
2023,"E GIANTS TECHNOLOGIES LLC",0,0,28,0,54,0157,IA,"WEST DES MOINES",50266
2023,"E GINEERING INC",0,0,1,0,54,2744,IN,INDIANAPOLIS,46250
2023,"E IT PROFESSIONALS CORP",1,0,7,0,54,5360,MI,LIVONIA,48152
2023,"E NEXUS INC",1,0,6,0,54,2776,MI,NOVI,48375
2023,"E PRO TECHNOLOGIES LLC",1,0,4,0,54,7805,NJ,ISELIN,08830
2023,"E VET INC DBA WALNUT VALLEY ANIMAL HOSPITAL",1,0,0,0,54,2254,CA,"ROWLAND HEIGHTS",91748
2023,"E ZEST SOLUTIONS INC",0,0,2,0,54,3480,MI,DETROIT,48226
2023,"E-DATA EXPERTS INC",1,0,2,0,54,3858,PA,MECHANICSBURG,17050
2023,"E-EMPHASYS TECHNOLOGIES INC",4,0,9,0,54,1625,NC,CARY,27513
2023,"E-TECHNOLOGIES GROUP LLC",0,0,2,0,54,5827,OH,"WEST CHESTER",45069
2023,"E1 CONSULTING LLC",0,0,1,0,54,6972,CA,ROSEVILLE,95678
2023,"E2 CONSULTING ENGINEERS INC",1,0,3,1,54,1417,CO,DENVER,80203
2023,"E2 ENTERPRISES INC",5,0,0,0,54,2931,KS,WICHITA,67211
2023,"E2OPEN LLC",0,0,3,0,54,6487,TX,AUSTIN,78759
2023,"E3 GLOBAL INC",1,0,9,0,54,8413,TX,KATY,77494
2023,"E3 GLOBAL INC",0,0,1,0,54,8413,,,
2023,"E7 SOLUTIONS LLC",0,0,1,0,54,8983,MI,TROY,48083
2023,"EAB GLOBAL INC",0,0,2,0,54,1750,,,
2023,"EAB GLOBAL INC",1,0,19,0,54,1750,DC,WASHINGTON,20037
2023,"EAGLE CREEK SOFTWARE SERVICES INC",1,0,0,0,54,0017,MN,"EDEN PRAIRIE",55344
2023,"EAGLE CREEK SOFTWARE SERVICES INC",0,0,1,0,54,0017,SD,VERMILLION,57069
2023,"EAGLE IT INC",0,1,0,0,54,3281,NJ,EDISON,08817
2023,"EAGLE PRIDE SERVICES INC",1,0,1,0,54,9035,IL,NAPERVILLE,60563
2023,"EAGLE SYSTEMS AND TECHNOLOGIES INC",1,0,0,0,54,8146,MI,"FARMINGTN HILLS",48334
2023,"EAGLE SYSTEMS AND TECHNOLOGIES INC",1,0,0,0,54,8146,MI,FARMINGTON,48334
2023,"EAGLE TECHNOLOGIES INC",0,0,2,0,54,1898,VA,ARLINGTON,22209
2023,"EAGLEFORCE ASSOCIATES INC",0,0,1,0,54,0005,VA,HERNDON,20171
2023,"EAI TECHNOLOGIES",0,0,1,0,54,7513,VA,VIENNA,22182
2023,"EALEARN INC",4,6,8,3,54,0542,NJ,EDISON,08817
2023,"EARLI INC",1,0,0,0,54,2407,CA,"REDWOOD CITY",94065
2023,"EARLITEC DIAGNOSTICS INC",0,0,1,0,54,8862,GA,DECATUR,30030
2023,"EARLY AGE CARE INC DBA GINKGO X CHILD CARE",0,1,0,0,54,2973,CA,"SAN JOSE",95124
2023,"EARNED VISIBILITY INC DBA TERAKEET",0,0,1,0,54,3411,NY,SYRACUSE,13202
2023,"EARNUP INC",0,0,1,0,54,7882,CA,"SAN FRANCISCO",94114
2023,"EASSRI LLC",1,0,0,0,54,3363,GA,DULUTH,30097
2023,"EASSRI LLC",1,0,0,0,54,3363,GA,"JOHN CREEK",30097
2023,"EAST BAY INSTITUTE FOR RESEARCH AND EDUCATION",1,0,0,0,54,7975,CA,MATHER,95655
2023,"EAST END RESOURCES INC",1,0,0,0,54,1017,NY,"NEW YORK",10128
2023,"EAST WEST SYSTEMS INC",2,0,3,0,54,9301,NJ,FAIRFIELD,07004
2023,"EAST YORK VETERINARY CENTER",0,1,0,0,54,0095,PA,YORK,17402
2023,"EASTBANC TECHNOLOGIES LLC",1,0,2,2,54,5736,DC,WASHINGTON,20007
2023,"EASTERN ACCOUNTING TAX INC DBA  EASTERN ACCOUNTING AND CONSULTING",0,0,1,0,54,,NY,FLUSHING,11354
2023,"EASY ACCESS USA INC",1,0,0,0,54,5154,NJ,"PINE BROOK",07058
2023,"EASY WEBCONTENT INC",0,0,1,0,54,2608,MD,ROCKVILLE,20850
2023,"EATEAM INC",0,0,12,0,54,9065,NJ,EDISON,08817
2023,"EBB CARBON INC",0,0,1,0,54,4287,CA,"SAN CARLOS",94070
2023,"EBIX INC",1,0,0,0,54,1975,GA,"JOHNS CREEK",30097
2023,"EBIX INC",3,0,3,1,54,1975,GA,DULUTH,30097
2023,"EBIZONCLOUD  LLC",2,0,0,0,54,0717,WY,CHEYENNE,82001
2023,"EBOTS INC",0,0,1,0,54,5164,CA,FREMONT,94539
2023,"EBS MINDS IT INC",7,1,2,1,54,1392,TX,"PILOT POINT",76258
2023,"EBSCO PUBLISHING DBA EBSCO INFORMATION SERVICES",0,0,1,0,54,5270,,,
2023,"EBSCO PUBLISHING DBA EBSCO INFORMATION SERVICES",0,0,14,1,54,5270,MA,IPSWICH,01938
2023,"EBSOFT CONSULTING INC",0,0,1,0,54,0145,MD,LAUREL,20723
2023,"EBUSINESS SOLUTIONS INC",0,0,1,0,54,2916,OH,COLUMBUS,43235
2023,"EBYTE TECHNOLOGIES INC",0,0,0,1,54,9477,FL,"FORT LAUDERDALE",33322
2023,"EBYTE TECHNOLOGIES INC",2,1,0,0,54,9477,FL,PLANTATION,33322
2023,"ECCLESIASTES INC",6,1,1,0,54,2328,DE,NEWARK,19713
2023,"ECE SOLUTION LLC DBA ECE DESIGN",0,0,1,0,54,0441,IL,NORTHBROOK,60062
2023,"ECERA SYSTEM LLC",1,1,0,0,54,9271,MI,FARMINGTON,48331
2023,"ECERA SYSTEM LLC",2,0,0,0,54,9271,MI,"FARMINGTON HILLS",48331
2023,"ECERA SYSTEM LLC",1,1,0,0,54,9270,MI,FARMINGTON,48331
2023,"ECHELON IT INC",19,1,0,0,54,1858,NJ,PLAINSBORO,08536
2023,"ECHELON IT INC",2,0,0,0,54,1858,NJ,PRINCETON,08540
2023,"ECHELON SOLUTIONS GROUP LLC DBA ARGANOECHELON",1,0,1,0,54,8654,IL,NAPERVILLE,60563
2023,"ECHO GLOBAL LOGISTICS INC",0,0,1,0,54,1120,IL,CHICAGO,60654
2023,"ECHO IT SOLUTIONS INC",2,1,1,0,54,4554,TX,IRVING,75039
2023,"ECIFM SOLUTIONS INC",0,0,1,0,54,2989,CA,"SAN RAMON",94583
2023,"ECKERSLEY O CALLAGHAN INC",0,0,1,0,54,8117,CA,"LOS ANGELES",90291
2023,"ECLAT SOLUTIONS LLC",2,0,2,0,54,9052,TX,AUSTIN,78734
2023,"ECLAT SOLUTIONS LLC",2,3,0,0,54,9052,TX,LAKEWAY,78734
2023,"ECLATPRIME DIGITAL INC",1,0,0,0,54,2000,NJ,"EAST BRUNSWICK",08816
2023,"ECLERX LLC",0,0,2,0,54,6881,NY,"NEW YORK",10017
2023,"ECLINICALWORKS LLC",0,0,1,0,54,1392,MA,WESTBOROUGH,01581
2023,"ECLINICALWORKS LLC",0,0,1,0,54,1392,,,
2023,"ECLINICALWORKS LLC",1,0,28,0,54,1392,MA,WESTBOROUGH,01581
2023,"ECLOUD LABS INC",0,0,4,1,54,9403,NJ,AVENEL,07001
2023,"ECLOUDOPTIMUM CORP",3,0,0,0,54,9333,NJ,PRINCETON,08540
2023,"ECO IT SOLUTIONS INC",3,0,2,0,54,6306,TX,HOUSTON,77077
2023,"ECOM CONSULTING INC",3,0,3,2,54,2331,TX,PLANO,75075
2023,"ECOM ELITE COMPUTER CONSULTANTS LP",0,0,1,0,54,8441,TX,HOUSTON,77070
2023,"ECOM SOLUTIONS INC",5,0,6,0,54,7101,NC,CHARLOTTE,28227
2023,"ECONOMIC SYSTEMS INC ECONSYS",0,0,0,1,54,8943,VA,"FALLS CHURCH",22042
2023,"ECONONE RESEARCH INC",0,0,1,1,54,9689,CA,"LOS ANGELES",90071
2023,"ECONSULTANTS INC",2,0,1,0,54,4497,GA,SUWANEE,30024
2023,"ECONTENTI INC",3,8,13,0,54,0091,NJ,EDISON,08817
2023,"ECONVERGENCE INC",3,0,3,0,54,5902,NJ,"NORTH BRUNSWICK",08902
2023,"ECOSAVE INC",0,0,1,0,54,6437,PA,PHILADELPHIA,19112
2023,"ECOSYSHUB LLC",1,0,0,0,54,1812,CA,"THOUSAND OAKS",91362
2023,"ECOSYSTEM ENERGY SERVICES USA INC",0,0,1,0,54,0199,NY,"NEW YORK",10018
2023,"ECOVUE SOLUTIONS LLC",8,0,13,1,54,4084,GA,ALPHARETTA,30004
2023,"ECOWORKS STUDIO LLC",0,1,0,0,54,5437,GA,ATLANTA,30312
2023,"ECS FLORIDA LLC",0,0,4,0,54,7793,VA,CHANTILLY,20151
2023,"ECS MID-ATLANTIC LLC",0,0,2,0,54,7637,VA,CHANTILLY,20151
2023,"ECS SOUTHEAST LLP",0,0,3,0,54,5695,VA,CHANTILLY,20151
2023,"ECS SOUTHWEST LLP",0,0,1,0,54,2064,VA,CHANTILLY,20151
2023,"ED TECH SOFT INC",1,0,1,0,54,6952,GA,DULUTH,30096
2023,"EDAIS ENGINEERING INC",1,0,0,0,54,3502,AZ,YUMA,85365
2023,"EDDA TECHNOLOGY INC",0,0,1,0,54,0561,NJ,PRINCETON,08540
2023,"EDETEK INC",0,0,1,0,54,0018,NJ,PRINCETON,08540
2023,"EDGE CLOUD TECHNOLOGIES INC",1,4,2,0,54,1513,TX,DALLAS,75234
2023,"EDGE CLOUD TECHNOLOGIES INC",0,6,0,0,54,1513,TX,"FARMERS BRANCH",75234
2023,"EDGE RESEARCH",0,0,1,0,54,9444,VA,ARLINGTON,22209
2023,"EDGEALL INC",1,0,0,0,54,6100,CA,CAMPBELL,95008
2023,"EDGENEXT NORTH AMERICA CORPORATION",0,0,1,0,54,1307,WA,BELLEVUE,98004
2023,"EDGESOFT CORP",1,0,0,0,54,4952,TX,MCKINNEY,75070
2023,"EDGESOFT CORP",1,0,0,0,54,4952,TX,MCKINNEY,76051
2023,"EDGEWORTH ECONOMICS LLC",0,0,1,0,54,5443,DC,WASHINGTON,20036
2023,"EDGILE LLC",0,0,1,0,54,0590,,,
2023,"EDGILE LLC",0,0,1,0,54,0590,TX,AUSTIN,78731
2023,"EDI-MATRIX LLC",3,0,1,0,54,0859,OH,DUBLIN,43016
2023,"EDIFECS INC",0,0,31,4,54,6419,WA,BELLEVUE,98004
2023,"EDIFY TECHNOLOGIES INC",3,0,7,2,54,1802,IL,NAPERVILLE,60563
2023,"EDISON ENERGY LLC",0,0,0,1,54,4797,CA,IRVINE,92614
2023,"EDISON SYSTEMS GROUP LLC",0,1,0,0,54,9892,NJ,EDISON,08820
2023,"EDISON WELDING INSTITUTE",1,0,0,0,54,9893,OH,COLUMBUS,43221
2023,"EDISQUARE INC",0,0,4,0,54,7031,MD,GERMANTOWN,20876
2023,"EDITAS MEDICINE INC",0,0,1,0,54,7528,MA,CAMBRIDGE,02141
2023,"EDITORIALIST YX LLC",0,0,1,0,54,0729,,,
2023,"EDMONDS LEE ARCHITECTS",0,0,1,0,54,9025,CA,"SAN FRANCISCO",94110
2023,"EDMONDS LEE ARCHITECTS INC",0,0,1,0,54,7363,CA,"SAN FRANCISCO",94110
2023,"EDSA INC",2,0,1,0,54,5229,FL,"FORT LAUDERDALE",33301
2023,"EDSA INC",1,0,0,0,54,5229,FL,"FT LAUDERDALE",33301
2023,"EDUBRITE SYSTEMS INC",0,2,0,0,54,4523,CA,FREMONT,94538
2023,"EDUCATION MANAGEMENT SOLUTIONS LLC",0,0,1,0,54,2955,PA,EXTON,19341
2023,"EDUCATION RESEARCH & HLTH INTL INC",1,0,0,0,54,4907,TX,COLLEYVILLE,76034
2023,"EDUCATIONAL COMMISSION FOR FOREIGN MEDICAL GRADUATES",0,0,2,0,54,7980,PA,PHILADELPHIA,19104
2023,"EDUCATIONAL TESTING SERVICE",0,0,8,0,54,4479,,,
2023,"EDUCATIONAL TESTING SERVICE",1,0,1,0,54,4479,NJ,PRINCETON,08540
2023,"EDUCATIONAL TESTING SERVICE",1,1,23,3,54,4479,NJ,PRINCETON,08541
2023,"EDUFIN IT INC DBA BRIGHTPOINT INFOTECH",1,0,0,0,54,6059,FL,"FORT LAUDERDALE",33321
2023,"EDUFIN IT INC DBA BRIGHTPOINT INFOTECH",1,0,0,0,54,6059,FL,TAMARAC,33321
2023,"EDULOKA LIMITED DBA INLUMON",1,0,0,0,54,1278,NV,RENO,89511
2023,"EDUPOINT EDUCATIONAL SYSTEMS LLC",0,0,0,1,54,8523,AZ,MESA,85204
2023,"EDVENSOFT SOLUTIONS LLC",0,1,5,0,54,7858,TX,IRVING,75038
2023,"EDVENSWA TECH INC",27,2,2,0,54,6203,CA,"SAN JOSE",95112
2023,"EEPLUS INC",0,0,1,0,54,9197,TX,LEWISVILLE,75067
2023,"EFFECTUAL INC",0,0,2,0,54,2582,NJ,"JERSEY CITY",07310
2023,"EFFECTUS GROUP LLC",0,0,1,0,54,0914,,,
2023,"EFFECTUS GROUP LLC",0,0,1,0,54,0914,CA,"SAN JOSE",95110
2023,"EFFICIENCY LAB FOR ARCHITECTURE PLLC",0,0,1,0,54,7999,NY,BROOKLYN,11201
2023,"EFFULGENT INC",1,0,2,0,54,9448,CO,"HIGHLANDS RANCH",80130
2023,"EFFULGENT INC",0,0,1,0,54,9448,TX,"HIGHLAND RANCH",80130
2023,"EFICENS SYSTEMS LLC",1,0,0,0,54,3670,GA,SUNWANEE,30024
2023,"EFICENS SYSTEMS LLC",56,2,62,4,54,3670,GA,SUWANEE,30024
2023,"EFORCE SOLUTIONS INC",1,0,0,0,54,8125,MI,NORTHVILLE,48168
2023,"EG INNOVATIONS INC",0,0,1,0,54,9902,NJ,ISELIN,08830
2023,"EGAIN CORPORATION",0,0,2,0,54,6366,CA,SUNNYVALE,94089
2023,"EGB SYSTEMS & SOLUTIONS INC",1,0,0,0,54,9619,CT,STAMFORD,06905
2023,"EGEN SOLUTIONS INC",0,0,11,0,54,6212,IL,NAPERVILLE,60563
2023,"EGI ENGINEERING GREAT IDEAS INC",0,0,1,0,54,9729,FL,"PLANT CITY",33563
2023,"EGISBYTE LLC",1,0,0,0,54,0956,,,
2023,"EGISBYTE LLC",1,0,0,0,54,0956,NJ,ISELIN,08830
2023,"EGNYTE INC",1,0,2,0,54,4252,CA,"MOUNTAIN VIEW",94043
2023,"EGROVE SYSTEMS CORPORATION",0,0,1,0,54,6397,,,
2023,"EGROVE SYSTEMS CORPORATION",2,0,12,0,54,6397,NJ,"EAST BRUNSWICK",08816
2023,"EHVERT INC",1,0,1,0,54,9374,TX,DALLAS,75202
2023,"EIC ASSOCIATES INC",0,0,1,0,54,2751,NJ,SPRINGFIELD,07081
2023,"EICE INTERNATIONAL LLC",0,0,1,0,54,0631,TX,KATY,77494
2023,"EIDEA INC",2,0,0,0,54,7709,VA,CHANTILLY,20152
2023,"EIDIKO SYSTEMS INTEGRATORS LLC",2,0,2,0,54,1755,NC,CHARLOTTE,28273
2023,"EIFER IT LLC",0,0,1,0,54,1426,GA,CUMMING,30041
2023,"EIGEN BIOSCIENCES INC",0,0,1,0,54,3222,CA,"REDWOOD CITY",94063
2023,"EIGEN X LLC",0,0,1,0,54,4041,PA,"KING OF PRUSSIA",19406
2023,"EIGHT ELEVEN GROUP LLC",0,0,1,0,54,7150,IN,INDIANAPOLIS,46240
2023,"EIKON THERAPEUTICS INC",0,0,1,0,54,7586,CA,HAYWARD,94545
2023,"EINFOCHIPS INC",5,0,5,0,54,1257,CO,CENTENNIAL,80112
2023,"EINFOCHIPS INC",2,0,2,0,54,1257,CO,ENGLEWOOD,80112
2023,"EIS GROUP INC",1,0,0,0,54,6885,CA,"SAN FRANCISCO",94111
2023,"EIS TECHNOLOGIES INC",0,0,6,0,54,6039,GA,DULUTH,30097
2023,"EISH TECHNOLOGIES INC",1,0,0,0,54,4505,NJ,PRINCETON,08540
2023,"EISNER ADVISORY GROUP LLC",0,0,3,0,54,3108,NY,"NEW YORK",10017
2023,"EITACIES INC",1,0,1,0,54,3111,CA,"SANTA CLARA",95054
2023,"EK ASSOCIATES",0,0,1,0,54,9380,CA,CERRITOS,90701
2023,"EKAIT LLC",3,0,0,0,54,6269,NJ,WAYNE,07470
2023,"EKIN SOLUTIONS INC",1,0,1,1,54,4685,VA,HERNDON,20171
2023,"EKIN SOLUTIONS INC",0,0,4,0,54,4685,VA,STERLING,20166
2023,"EKODUS INC",6,1,0,0,54,8163,NJ,CRANBURY,08512
2023,"EKTHA SOLUTIONS INC",0,0,1,0,54,4941,TX,IRVING,75063
2023,"ELAJIKA INC",3,0,2,0,54,3955,TX,PLANO,75075
2023,"ELAN TECHNOLOGIES INC",0,0,6,1,54,7407,TX,IRVING,75039
2023,"ELANCO ANIMAL HEALTH INC",0,0,1,0,54,2553,,,
2023,"ELANCO ANIMAL HEALTH INC",0,0,3,0,54,2553,IN,GREENFIELD,46140
2023,"ELASTICSEARCH INC",0,0,1,0,54,1163,,,
2023,"ELASTICSEARCH INC",0,0,7,0,54,1163,CA,"MOUNTAIN VIEW",94040
2023,"ELB U S INC",0,0,1,0,54,0904,CA,PLEASANTON,94566
2023,"ELECTION SYSTEMS SOFTWARE LLC",0,0,1,0,54,7567,NE,OMAHA,68137
2023,"ELECTRA VEHICLES INC",0,0,1,0,54,0210,MA,BOSTON,02127
2023,"ELECTRATECT INC",1,0,0,0,54,3829,AZ,PHOENIX,85004
2023,"ELECTRI TECH SERVICES INC",1,0,0,0,54,8859,CA,"CITY INDUSTRY",91748
2023,"ELECTRIC POWER ENGINEERS LLC",0,0,1,0,54,9082,TX,AUSTIN,78738
2023,"ELECTRIC POWER GROUP LLC",0,0,1,0,54,8581,CA,PASADENA,91101
2023,"ELECTRIC POWER RESEARCH INSTITUTE INC EPRI",1,0,1,0,54,5375,,,
2023,"ELECTRIC POWER RESEARCH INSTITUTE INC EPRI",7,0,3,0,54,5375,CA,"PALO ALTO",94304
2023,"ELECTRIC POWER SYSTEMS INC",0,0,2,0,54,3137,UT,"NORTH LOGAN",84341
2023,"ELECTRIC SHEEP ROBOTICS INC",0,0,1,0,54,7624,CA,"SAN ANSELMO",94960
2023,"ELECTRONIC ARTS INC",1,0,32,2,54,8567,CA,"REDWOOD CITY",94065
2023,"ELECTRONIC ARTS TIBURON A FLORIDA CORPORATION",0,0,5,0,54,2857,CA,"REDWOOD CITY",94065
2023,"ELECTRONIC COOLING SOLUTIONS INC",0,0,1,0,54,0339,CA,"SANTA CLARA",95051
2023,"ELECTRONIC WARNING TECHNOLOGIES LLC",0,0,1,0,54,4948,MI,CADILLAC,49601
2023,"ELEKTROBIT AUTOMOTIVE AMERICAS INC",0,0,1,0,54,6178,MI,"FARMINGTON HILLS",48331
2023,"ELEMENT BIOSCIENCES INC",1,0,0,1,54,3536,CA,"SAN DIEGO",92121
2023,"ELEMENT BOX INC",0,0,1,0,54,1887,TX,HOUSTON,77036
2023,"ELEMENT ENERGY INC",0,0,3,0,54,5343,CA,"MENLO PARK",94025
2023,"ELEMENT INC",0,0,1,0,54,7712,NY,"NEW YORK",10003
2023,"ELEMENT MATERIALS TECHNOLOGY DALLAS INC D/B/A AIRCOM INTERNATIONAL",1,0,0,0,54,5620,TX,CARROLLTON,75006
2023,"ELEMENT STRUCTURAL ENGINEERS INC",0,0,1,0,54,8903,CA,NEWARK,94560
2023,"ELEMENT TECHNOLOGIES INC",6,0,12,0,54,8210,NJ,PISCATAWAY,08854
2023,"ELEMENTS CONNECT LLC",0,0,1,0,54,8976,NJ,MAHWAH,07430
2023,"ELEMENTS CONNECT LLC",0,0,1,0,54,8976,NJ,MAHWAH,07430
2023,"ELEMICA INC FORMERLY PROCESSWEAVER INC",0,0,2,0,54,5361,PA,WAYNE,19087
2023,"ELEPHAS BIOSCIENCES CORPORATION",1,0,0,0,54,6981,WI,MADISON,53717
2023,"ELEVANCE HEALTH INC",0,0,2,0,54,5715,IN,INDIANAPOLIS,46204
2023,"ELEVATEBIO BASE CAMP INC",0,0,1,0,54,8707,MA,WALTHAM,02451
2023,"ELEVATEBIO TECHNOLOGIES INC",0,0,1,0,54,1863,MA,WALTHAM,02451
2023,"ELICIO THERAPEUTICS INC",0,0,1,0,54,6790,MA,BOSTON,02210
2023,"ELIM BIOPHARMACEUTICALS INC",0,0,1,0,54,0240,CA,HAYWARD,94545
2023,"ELINK ELITE LLC",3,1,0,0,54,3319,TX,TYLER,75703
2023,"ELISITY INC",0,0,1,0,54,1867,CA,"SAN JOSE",95112
2023,"ELITE BUSINESS CONSULTING LLC",2,0,0,0,54,2107,VA,HERNDON,20170
2023,"ELITE EMANATE LLC",1,0,1,0,54,4327,VA,LEESBURG,20176
2023,"ELITE EXCEED LLC",2,0,1,0,54,5303,TX,IRVING,75063
2023,"ELITE INFOSYSTEMS INC",0,0,1,0,54,1673,FL,"WESLEY CHAPEL",33543
2023,"ELITE INNOVATIVE SOLUTIONS INC",2,0,1,0,54,5818,TX,MCKINNEY,75070
2023,"ELITE MSO LLC",10,0,0,0,54,1114,NJ,"PRINCETON JUNCTION",08550
2023,"ELITE MSO LLC",9,0,0,0,54,1114,NJ,"WEST WINDSOR",08550
2023,"ELITE SOLUTIONS INC",0,0,1,0,54,3279,GA,ATLANTA,30309
2023,"ELITE TECH INFO INC",0,0,0,1,54,9201,TX,MCKINNEY,75070
2023,"ELIVATE AMERICA CORPORATION",0,0,1,0,54,5953,NV,"LAS VEGAS",89119
2023,"ELIX INC",1,0,2,0,54,2508,MI,TROY,48083
2023,"ELIXIR LAB USA INC DBA CARDINALITY",2,0,0,0,54,3839,OH,"FAIRFIELD TOWNSHIP",45011
2023,"ELIXIR LAB USA INC DBA CARDINALITY",1,0,1,0,54,3839,OH,"FAIRFIELD TWP",45011
2023,"ELIXIR LAB USA INC DBA CARDINALITY",1,0,0,0,54,3839,OH,HAMILTON,45011
2023,"ELIXIR LAB USA INC DBA CARDINALITY",0,0,1,0,54,3839,MD,POTOMAC,20854
2023,"ELIXIR LAB USA INC DBA CARDINALITY",0,0,1,0,54,3839,MD,POTOMAC,20854
2023,"ELIXIR TECHNICAL CONSULTING LLC",2,0,0,0,54,4377,NJ,PRINCETON,08540
2023,"ELIXIR TECHNOLOGIES CORPORATION",0,0,1,0,54,2088,CA,OJAI,93023
2023,"ELLIANSE LLC",0,0,4,0,54,7919,NV,HENDERSON,89074
2023,"ELLICIUM SOLUTIONS INC",0,0,1,0,54,6520,GA,NORCROSS,30092
2023,"ELLICIUM SOLUTIONS INC",1,0,1,0,54,6520,CA,"SANTA CLARA",95054
2023,"ELLKAY LLC",2,0,3,0,54,0124,NJ,"ELMWOOD PARK",07407
2023,"ELLUCIAN COMPANY LP",0,0,1,0,54,7548,,,
2023,"ELLUCIAN COMPANY LP",1,0,10,1,54,7548,PA,MALVERN,19355
2023,"ELOGICSQUARE INC DBA ECLOUDWORKS",0,0,1,0,54,0196,,,
2023,"ELXR TECHNOLOGIES LLC",0,0,0,1,54,1655,TX,PLANO,75024
2023,"ELXR TECHNOLOGIES LLC",1,0,1,1,54,1655,TX,FRISCO,75034
2023,"ELYSIUM DIGITAL LLC",0,0,1,0,54,8461,IL,CHICAGO,60601
2023,"EMA ENGINEERING & CONSULTING",0,0,1,0,54,4881,TX,TYLER,75702
2023,"EMAESTRO TECHNOLOGIES INC",10,0,11,0,54,8896,NJ,PARSIPPANY,07054
2023,"EMAGE SOFTWARE SERVICES LLC",0,0,1,0,54,1952,NJ,"MONMOUTH JUNCTION",08852
2023,"EMANDI LAW FIRM PC",0,0,1,0,54,8088,NY,"NEW YORK",10001
2023,"EMBARCADERO TECHNOLOGIES INC",0,0,1,0,54,0015,TX,AUSTIN,78759
2023,"EMBARK TRUCKS INC",0,0,1,0,54,2914,CA,"SAN FRANCISCO",94110
2023,"EMBARK VETERINARY INC",1,0,0,0,54,3829,MA,BOSTON,02210
2023,"EMBITEL TECHNOLOGIES INC",1,0,0,0,54,9909,MI,NOVI,48375
2023,"EMBURSE INC",0,0,1,0,54,8905,ME,PORTLAND,04101
2023,"EMC CONSULTING GROUP INC",0,0,1,1,54,6959,TX,FRISCO,75034
2023,"EMC CONSULTING GROUP INC",13,6,2,0,54,2471,TX,FRISCO,75034
2023,"EMCUBE TECHNOLOGIES INC",2,0,0,0,54,7420,NC,CHARLOTTE,28277
2023,"EMD MILLIPORE CORPORATION",0,0,1,0,54,0233,,,
2023,"EMD MILLIPORE CORPORATION",0,0,3,0,54,0233,MA,BURLINGTON,01803
2023,"EME CONSULTING ENGINEERING AND ARCHITECTURE GROUP LLC",1,0,1,0,54,6556,NY,"NEW YORK",10018
2023,"EMEDAPPS INC",0,0,1,0,54,7945,IL,SCHAUMBURG,60173
2023,"EMERALD INNOVATIONS INC",0,0,1,0,54,6710,MA,CAMBRIDGE,02142
2023,"EMERGE NOW INC",0,0,1,0,54,3882,CA,"MARINA DEL REY",90292
2023,"EMERGENCY CARE RESEARCH INSTITUTE DBA ECRI",0,0,1,0,54,2091,PA,"PLYMOUTH MEETING",19462
2023,"EMERGENT TALENT LLC",0,0,1,0,54,6421,LA,"BATON ROUGE",70801
2023,"EMERGTECH BUSINESS SOLUTIONS INC",1,0,0,0,54,0777,MI,"FARMINGTN HLS",48335
2023,"EMERGTECH BUSINESS SOLUTIONS INC",6,0,1,0,54,0777,MI,FARMINGTON,48335
2023,"EMERGTECH BUSINESS SOLUTIONS INC",12,0,0,1,54,0777,MI,"FARMINGTON HILLS",48335
2023,"EMETEORS TECHNOLOGY INC",3,0,1,1,54,7548,NJ,MONTVILLE,07045
2023,"EMETER CORPORATION",0,0,2,0,54,9481,FL,ORLANDO,32817
2023,"EMETRIC LLC",0,0,2,1,54,8334,TX,"SAN ANTONIO",78232
2023,"EMFOI INC",1,0,0,0,54,6617,VA,HERNDON,20170
2023,EMINENCE,6,0,6,1,54,3278,TX,PLANO,75024
2023,"EMINENCE IT SOLUTIONS INC",0,0,5,0,54,4158,NC,CARY,27511
2023,"EMINENT SOFTWARE SERVICES",4,0,9,0,54,0849,CT,"EAST WINDSOR",06088
2023,"EMINENT SVCS CORP",1,0,0,0,54,1275,MD,FREDERICK,21703
2023,"EMINENT TECHNOLOGY CONSULTANCY LLC",1,0,0,0,54,9305,CA,PLEASANTON,94566
2023,"EMMAR CORP",2,0,0,0,54,9596,TX,PLANO,75024
2023,"EMONICS LLC",0,0,2,0,54,7079,,,
2023,"EMONICS LLC",7,1,37,1,54,7079,NJ,PISCATAWAY,08854
2023,"EMPIRIX INC D/B/A EMPIRIX AN INFOVISTA COMPANY",0,0,1,0,54,0061,MA,BILLERICA,01821
2023,"EMPLIFI INC",0,0,1,0,54,3471,OH,COLUMBUS,43219
2023,"EMPOWER PROFESSIONALS INC",0,0,1,0,54,9480,,,
2023,"EMPOWER PROFESSIONALS INC",1,0,12,0,54,9480,NJ,SOMERSET,08873
2023,"EMPOWERED SYSTEMS LLC",0,0,1,0,54,8530,DE,DOVER,19904
2023,"EMPRO SYSTEMS LLC",0,0,3,0,54,8916,NC,CARY,27511
2023,"EMR IT SOLUTIONS LLC",1,0,0,0,54,5144,,,
2023,"EMR IT SOLUTIONS LLC",1,0,0,0,54,5144,NH,NASHUA,03063
2023,"EMSI ENGIEERING INC",0,0,1,0,54,4612,VA,MANASSAS,20111
2023,"EMTEC APPLICATION SERVICES INC",0,0,3,0,54,6192,IL,CHICAGO,60606
2023,"EMX DIGITAL INC",0,0,2,0,54,5543,NJ,PRINCETON,08540
2023,"ENABLE MEDICINE INC",0,0,1,0,54,6097,CA,"MENLO PARK",94025
2023,"ENAVATE INC",0,0,1,0,54,6105,CO,ENGLEWOOD,80111
2023,"ENCLOUD SERVICES LLC",15,1,8,0,54,6902,TX,KATY,77494
2023,"ENCORA DIGITAL LLC",0,0,1,0,54,2631,AZ,SCOTTSDALE,85260
2023,"ENCORA TECHNOLOGIES INC",1,0,0,0,54,0926,NJ,"ROCHELLE PARK",07662
2023,"ENCORE AUTOMATION LLC",0,0,1,0,54,3252,MI,"AUBURN HILLS",48326
2023,"ENCORE CONSULTING SERVICES INC",1,0,3,0,54,7754,IL,SCHAUMBURG,60173
2023,"ENCORE IT SOLUTIONS, INC",2,0,0,0,54,4201,TX,SPRING,77380
2023,"ENCORE SOFTWARE SERVICES INC",3,0,0,0,54,6759,CA,FREMONT,94538
2023,"ENCOREVET GROUP",1,0,0,0,54,4044,NY,"SARATOGA SPRINGS",12866
2023,"ENDEAVOUR TECHNOLOGIES INC",3,0,4,0,54,0656,VA,CHANTILLY,20151
2023,"ENDESCO INC",0,0,1,0,54,8284,MD,ROCKVILLE,20850
2023,"ENDUE CORP",0,0,1,0,54,0948,MA,WESTBOROUGH,01581
2023,"ENDURANCE GROUP LLC",0,0,1,0,54,5774,NJ,CRESSKILL,07628
2023,"ENDURANCE GROUP, INC.",1,0,1,0,54,4031,TX,IRVING,75038
2023,"ENE HOLDINGS LLC",0,0,0,1,54,1649,MI,TROY,48085
2023,"ENEA GARDEN DESIGN NY INC",0,0,1,0,54,7679,NY,BROOKLYN,11201
2023,"ENERGY AND ENVIRONMENTAL ECONOMICS INC",0,0,4,0,54,8646,CA,"SAN FRANCISCO",94104
2023,"ENERGY DRIVEN TECHNOLOGIES LLC",0,0,1,0,54,9783,IL,CHAMPAIGN,61820
2023,"ENERVENUE INC",0,0,1,0,54,7770,CA,FREMONT,94538
2023,"ENERWISE GLOBAL TECHNOLOGIES LLC DBA CPOWER",0,0,1,0,54,3713,MD,BALTIMORE,21202
2023,"ENEWVISION LLC",6,0,1,0,54,0962,MD,COLUMBIA,21045
2023,"ENEXUS GLOBAL INC",2,0,4,0,54,8453,CA,FREMONT,94538
2023,"ENFOTECH CONSULTING INC",1,1,1,0,54,4641,NJ,"NORTH BRUNSWICK",08902
2023,"ENFUSION LTD LLC DBA ENFUSION LLC",0,0,2,0,54,7170,IL,CHICAGO,60603
2023,"ENGAGE3 LLC",0,0,1,0,54,8844,AZ,SCOTTSDALE,85260
2023,"ENGAGE3 LLC",0,0,1,0,54,8844,CA,DAVIS,95616
2023,"ENGAGING NETWORKS USA INC DBA ENGAGING NETWORKS",0,0,0,1,54,8398,DC,WASHINGTON,20005
2023,"ENGIE INSIGHT SERVICES INC",0,0,2,0,54,1028,WA,SPOKANE,99201
2023,"ENGINEERING DESIGN TECHNOLOGIES INC",0,0,1,0,54,4541,GA,MARIETTA,30067
2023,"ENGINEERING SQUARE LLC",2,0,2,0,54,4493,CA,FREMONT,94539
2023,"ENGINEERING SUPPORT TEAM INC",0,1,0,0,54,5268,TN,FRANKLIN,37064
2023,"ENGINEERING TECHNOLOGY ASSOCIATES INC",3,0,14,1,54,8573,MI,TROY,48098
2023,"ENGINEERING WIRELESS SVCS LLC",0,0,2,0,54,6245,AZ,TEMPE,85281
2023,"ENHANCE PRODUCT DEVELOPMENT INC",0,0,1,0,54,2720,MN,CHAMPLIN,55316
2023,"ENIAC SYSTEMS INC",0,0,4,0,54,4349,,,
2023,"ENIAC SYSTEMS INC",0,0,33,0,54,4349,NJ,EDISON,08817
2023,"ENIN SYSTEMS INC",1,1,0,0,54,5143,NJ,PLAINSBORO,08536
2023,"ENKAY TECHNOLOGY SOLUTIONS INC DBA ENKAYTECH",0,0,1,0,54,3761,IL,LISLE,60532
2023,"ENKEFALOS BIOSCIENCES INC",1,0,0,0,54,5959,CA,"SAN DIEGO",92127
2023,"ENKO CHEM INC",0,0,1,0,54,3166,CT,MYSTIC,06355
2023,"ENLIANT INC",1,0,0,0,54,0045,TX,DALLAS,75244
2023,"ENLIGHTEN MANAGEMENT SOLUTIONS INC",4,2,3,0,54,0910,IA,"DES MOINES",50309
2023,"ENLIGHTENED SOLUTIONS LLC",1,0,1,0,54,4974,NV,"LAS VEGAS",89101
2023,"ENLIVEN TECHNOLOGIES INC",0,0,1,0,54,2610,,,
2023,"ENLIVEN TECHNOLOGIES INC",2,0,2,0,54,2610,VA,ASHBURN,20147
2023,"ENLIVEN TECHNOLOGIES INC",0,0,1,0,54,2610,VA,HERNDON,20171
2023,"ENNEAD ARCHITECTS LLP",0,0,2,0,54,2944,NY,"NEW YORK",10007
2023,"ENNUVIZ LLC",0,0,1,0,54,9101,NJ,FREEHOLD,07728
2023,"ENNVEE TECHNOGROUP INC",2,0,0,0,54,0677,IL,NAPERVILLE,60563
2023,"ENOAH ISOLUTIONS INC",0,0,1,0,54,5560,CA,"THOUSAND OAKS",91362
2023,"ENOLINK INC",0,0,1,0,54,4107,MA,CAMBRIDGE,02142
2023,"ENOVA TECHNOLOGY SOLUTIONS LLC",1,0,0,0,54,8906,NC,CHARLOTTE,28262
2023,"ENOVATE CORP",1,0,0,0,54,2124,TX,SPRING,77386
2023,"ENOVATIONAL CORP",1,0,0,0,54,4317,DC,WASHINGTON,20005
2023,"ENOVIX CORPORATION",0,0,5,0,54,4357,CA,FREMONT,94538
2023,"ENQUBES INC",0,0,2,0,54,0594,NJ,"LAWRENCE TOWNSHIP",08648
2023,"ENQUBES INC",0,0,2,0,54,0594,NJ,LAWRENCEVILLE,08648
2023,"ENQUERO INC",2,0,11,1,54,6636,CA,MILPITAS,95035
2023,"ENQUIZIT INC",0,0,1,0,54,3231,VA,"MC LEAN",22102
2023,"ENQUIZIT INC",0,0,1,1,54,3321,VA,"MC LEAN",22102
2023,"ENSCO INC",0,0,1,0,54,0229,VA,SPRINGFIELD,22151
2023,"ENSCO RAIL INC",0,0,1,0,54,2890,VA,SPRINGFIELD,22151
2023,"ENSCOPE IT LLC",1,0,0,0,54,,GA,ALPHARETTA,30005
2023,"ENSE MARINE GROUP LLC",0,0,1,0,54,3769,FL,SARASOTA,34232
2023,"ENSEMBLE IP LLC",0,0,1,0,54,2114,DC,WASHINGTON,20024
2023,"ENSEMBLE RCM LLC",0,0,4,0,54,2570,OH,CINCINNATI,45241
2023,"ENSONO LLC",0,0,1,0,54,2650,IL,"DOWNERS GROVE",60515
2023,"ENSPIREA LLC",0,0,1,0,54,4615,IL,"ROLLING MEADOWS",60008
2023,"ENSYMBIOS INC",1,0,2,0,54,4393,CA,"GARDEN GROVE",92844
2023,"ENTAGILE LLC",2,0,1,0,54,4926,VA,FAIRFAX,22033
2023,"ENTECH ENGINEERING PC",1,0,7,0,54,8753,NY,"NEW YORK",10004
2023,"ENTELLECTS CORPORATION DBA BEE DATA TECHNOLOGY",1,0,0,0,54,0542,IL,"ROLLING MDWS",60008
2023,"ENTELLECTS CORPORATION DBA BEE DATA TECHNOLOGY",5,0,8,0,54,0542,IL,"ROLLING MEADOWS",60008
2023,"ENTELLI CONSULTING LLC",0,0,2,0,54,5426,IL,ITASCA,60143
2023,"ENTERNET BUSINESS SYSTEMS INC",4,0,4,1,54,3075,NJ,MORGANVILLE,07751
2023,"ENTERPRISE BUSINESS SOLUTIONS INC",0,0,2,0,54,2767,VA,"FALLS CHURCH",22043
2023,"ENTERPRISE MINDS INC",0,0,1,0,54,2042,CA,"SAN RAMON",94583
2023,"ENTERPRISE MOBILITY INC",3,0,7,0,54,1551,CA,"SAN RAMON",94583
2023,"ENTERPRISE QA LABS INC",1,0,3,0,54,7893,NC,DURHAM,27713
2023,"ENTERPRISE SOFTWARE SOLUTIONS INC",1,0,0,0,54,5376,MO,"NORTH KANSAS CITY",64116
2023,"ENTERPRISE SOLUTIONS CONSULTING LLC",0,0,2,0,54,7085,NY,WEBSTER,14580
2023,"ENTERPRISE SYSTEMS PARTNERS INC",0,0,1,0,54,,PA,ALLENTOWN,18103
2023,"ENTERPRISE TAX SOLUTIONS INC",0,0,1,0,54,6177,,,
2023,"ENTERPRISE TECH PROFESSIONALS INC",0,0,2,0,54,6996,GA,ATLANTA,30328
2023,"ENTERPRISE VISION TECHNOLOGIES INC",0,0,1,0,54,6616,CA,"SANTA MONICA",90401
2023,"ENTHEOS LABS INC",1,0,0,0,54,9083,MA,BROOKLINE,02446
2023,"ENTHOLPY EMC INC",0,0,1,0,54,1730,CA,FREMONT,94538
2023,"ENTHSQUARE INC",0,0,2,0,54,1177,NJ,"EAST BRUNSWICK",08816
2023,"ENTMATRIX INC",0,0,4,0,54,4199,MD,"ELLICOTT CITY",21043
2023,"ENTOS INC",1,0,0,0,54,4168,CA,"LA JOLLA",92037
2023,"ENTRATA INC",0,0,1,0,54,2180,UT,LEHI,84043
2023,"ENTREPRENEURSHIP FOR ALL INC",0,0,1,0,54,8182,MA,LOWELL,01854
2023,"ENTRINSIK INC",0,0,1,0,54,4707,NC,RALEIGH,27615
2023,"ENTRIVIS TECHNOLOGIES INC",0,0,1,0,54,3834,GA,DULUTH,30096
2023,"ENVIROBUSINESS INC",0,0,1,0,54,2605,MA,BURLINGTON,01803
2023,"ENVIRONMENTAL CHEMICAL CORPORATION",1,0,0,0,54,5360,CA,BURLINGAME,94010
2023,"ENVIRONMENTAL RESOURCES MANAGEMENT INC",1,0,2,0,54,9340,PA,MALVERN,19355
2023,"ENVIRONMENTAL SYSTEMS DESIGN INC",0,0,1,0,54,3805,IL,CHICAGO,60606
2023,"ENVIROSELL GLOBAL LLC",0,0,1,0,54,6488,NY,"NEW YORK",10010
2023,"ENVIRTA TECHNOLOGIES LLC",1,0,0,0,54,7453,VA,STERLING,20166
2023,"ENVISAGENICS INC",0,0,1,0,54,6412,NY,QUEENS,11101
2023,"ENVISION ENGINEERING INC",0,0,1,0,54,5652,UT,"SALT LAKE CITY",84115
2023,"ENVISION INFOSOLUTIONS INC",0,0,6,0,54,7738,DE,NEWARK,19702
2023,"ENVISION LLC",0,0,1,0,54,8425,MO,"SAINT LOUIS",63141
2023,"ENVISN INC",24,0,0,0,54,2714,TX,"CEDAR PARK",78613
2023,"ENVISOR INC",1,0,0,0,54,0637,NY,HICKSVILLE,11801
2023,"ENVISTA LLC",2,0,3,0,54,7515,IN,CARMEL,46032
2023,"ENVOY GLOBAL INC",1,0,2,0,54,9710,IL,CHICAGO,60606
2023,"EON COLLECTIVE LLC",0,0,1,0,54,0026,ID,BOISE,83716
2023,"EONE INFOTECH LLC",1,0,2,0,54,4241,NJ,EDISON,08817
2023,"EOS ACCOUNTANTS LLP",0,0,2,0,54,2644,NJ,HACKENSACK,07601
2023,"EPACE TECHNOLOGIES INC",0,0,3,0,54,4991,TX,IRVING,75038
2023,"EPAL INC",1,0,1,0,54,4048,CA,IRVINE,92618
2023,"EPAM SYSTEMS INC",16,0,73,3,54,6104,PA,NEWTOWN,18940
2023,"EPAM SYSTEMS INC",1,0,0,0,54,6104,PA,NEWTOWN,19840
2023,"EPATHUSA INC",0,0,1,0,54,8597,,,
2023,"EPATHUSA INC",1,0,3,0,54,8597,IA,"WEST DES MOINES",50266
2023,"EPCOT TECHNOLOGIES INC",2,0,3,0,54,9607,IL,"ARLINGTON HEIGHTS",60005
2023,"EPEOPLE TECHNOLOGIES INC",0,0,2,1,54,1504,NJ,PARSIPPANY,07054
2023,"EPHICACY CONSULTING GROUP INC",1,0,3,0,54,6191,NJ,ISELIN,08830
2023,"EPI USE AMERICA INC",1,0,1,0,54,0345,GA,ATLANTA,30319
2023,"EPI USE AMERICA INC",0,0,1,0,54,0345,GA,ATLANTA,30338
2023,"EPI USE AMERICA INC",0,0,1,0,54,0345,GA,ATLANTA,30346
2023,"EPI USE AMERICA INC",0,0,2,0,54,0345,GA,BROOKHAVEN,30319
2023,"EPIBONE INC",0,0,1,0,54,2869,NY,BROOKLYN,11226
2023,"EPIC OF WISCONSIN INC",0,0,1,0,54,5722,WI,"WEST BEND",53095
2023,"EPIC SYSTEMS CORPORATION",0,0,2,0,54,9950,,,
2023,"EPIC SYSTEMS CORPORATION",0,0,12,0,54,9950,WI,VERONA,53593
2023,"EPIC SYSTEMS INC",0,0,5,0,54,8231,VA,HERNDON,20170
2023,"EPICOR SOFTWARE CORPORATION",0,0,1,0,54,8440,TX,AUSTIN,78746
2023,"EPICSAL LLC",2,0,0,0,54,1476,NC,DURHAM,27703
2023,"EPIK SOLUTIONS",1,0,2,0,54,0926,CA,"PLEASANT HILL",94523
2023,"EPIPHANY INDUSTRIAL TECHNOLOGIES LLC",0,0,1,0,54,6875,TX,"SAN ANTONIO",78222
2023,"EPISDATA INC",0,0,1,0,54,0584,MI,"PORT HURON",48060
2023,"EPITEC INC",4,1,47,4,54,3079,MI,SOUTHFIELD,48033
2023,"EPITEC INC",0,0,1,0,54,3076,MI,SOUTHFIELD,48033
2023,"EPITEC INC",1,0,1,0,54,3079,,,
2023,"EPITOPE DIAGNOSTICS INC",0,0,1,0,54,0313,CA,"SAN DIEGO",92121
2023,"EPLUS TECHNOLOGY INC",0,0,1,0,54,4151,VA,HERNDON,20171
2023,"EPROINFOSYSTEMS LLC",0,0,1,0,54,7834,CA,FREMONT,94536
2023,"EPROMPTUS INC",3,0,0,0,54,3230,MI,SOUTHFIELD,48075
2023,"EPROSOFT AMERICA INC",1,0,0,0,54,6620,NJ,VOORHEES,08043
2023,"EPS ENGINEERING & DESIGN INC",0,0,2,0,54,2549,MO,"MARYLAND HEIGHTS",63043
2023,"EPSILON DATA MANAGEMENT LLC",0,0,2,0,54,9783,TX,IRVING,75039
2023,"EPSOFT TECHNOLOGIES LLC",0,0,1,0,54,3158,AR,"CROCKETTS BLUFF",72038
2023,"EPSOFT TECHNOLOGIES LLC",14,0,1,0,54,3158,TX,DALLAS,75234
2023,"EPSOFT TECHNOLOGIES LLC",5,0,0,0,54,3158,TX,"FARMERS BRANCH",75234
2023,"EPSOFT TECHNOLOGIES LLC",1,0,0,0,54,3158,TX,"FARMERS BRNCH",75234
2023,"EPSOFT TECHNOLOGIES LLC",2,0,3,0,54,3158,TX,IRVING,75038
2023,"EQRX INTERNATIONAL INC",0,0,1,0,54,6430,MA,CAMBRIDGE,02139
2023,"EQUATOR THERAPEUTICS INC",0,0,1,0,54,6926,CA,RICHMOND,94806
2023,"EQUI TEK LLC",0,0,10,0,54,6858,GA,ALPHARETTA,30022
2023,"EQUILLIBRIUM CONSULTING USA INC",0,0,1,0,54,3060,GA,ATLANTA,30328
2023,"EQUINIX INC",5,0,42,0,54,7526,CA,"REDWOOD CITY",94065
2023,"EQUINOX HOLDINGS INC",0,0,1,0,54,4296,NY,"NEW YORK",10001
2023,"EQUINOX IT SOLUTIONS LLC",0,0,1,0,54,7891,TX,DALLAS,75247
2023,"EQUINOX IT SOLUTIONS LLC",1,0,7,0,54,7861,TX,DALLAS,75247
2023,"EQUINOXYS INC",2,0,1,0,54,9912,VA,"GREAT FALLS",22066
2023,"EQUISOFT INC",0,0,4,0,54,7844,PA,PHILADELPHIA,19103
2023,"EQUITI US LLC",0,0,1,0,54,7357,,,
2023,"EQUITY METHODS LLC",1,0,0,0,54,3146,AZ,SCOTTSDALE,85255
2023,"ERAY TECHNOLOGIES LLC",1,0,1,0,54,3464,NJ,BRIDGEWATER,08807
2023,"ERBI BIOSYSTEMS INC",0,0,1,0,54,2146,MA,STONEHAM,02180
2023,"ERDOS MILLER INC",0,0,1,0,54,7618,TX,HOUSTON,77040
2023,"ERFAN SOFTWARE DEVELOPMENT INC",0,1,0,0,54,8865,MI,"GRAND BLANC",48439
2023,"ERIC ZHANG ASSOCIATES LLP",0,0,1,0,54,4605,CA,"CITY INDUSTRY",91748
2023,"ERIC ZHANG ASSOCIATES LLP",1,0,1,0,54,4605,CA,"CITY OF INDUSTRY",91748
2023,"ERICO INTERNATIONAL CORPORATION",0,0,1,0,54,1460,OH,SOLON,44139
2023,"ERK CONSULTING INC",1,0,0,0,54,1538,GA,DULUTH,30096
2023,"ERM INFORMATION SOLUTIONS INC D/B/A ERM DIGITAL SERVICES",0,0,1,1,54,0446,TX,HOUSTON,77024
2023,"ERNST & YOUNG LLP EY GUAM",4,0,1,0,54,6565,GU,BARRIGADA,96913
2023,"ERNST & YOUNG LLP EY GUAM",6,0,2,0,54,6565,GU,TAMUNING,96913
2023,"ERNST YOUNG US LLP",1,0,40,2,54,5596,,,
2023,"ERNST YOUNG US LLP",0,0,1,0,54,5596,NJ,"PORT READING",07064
2023,"ERNST YOUNG US LLP",35,2,1135,30,54,5596,NJ,SECAUCUS,07094
2023,"ERNST YOUNG US LLP",0,0,1,0,54,5596,XX,TORONTO,
2023,"ERNST YOUNG US LLP",0,0,2,0,54,5596,NJ,SECAUCUS,07094
2023,"ERNST YOUNG US LLP",0,0,1,0,54,5596,NJ,SECAUCUS,07094
2023,"ERNST YOUNG US LLP",0,0,3,0,54,5596,NJ,SECAUCUS,07094
2023,"ERNST YOUNG US LLP",0,0,1,0,54,5593,,,
2023,"ERP ANALYSTS INC",29,0,71,0,54,8884,OH,DUBLIN,43017
2023,"ERP CLOUD TECHNOLOGIES LLC",0,0,4,0,54,6568,VA,HERNDON,20171
2023,"ERP GLOBAL INC",6,0,5,0,54,5376,MI,TROY,48083
2023,"ERP INITIATIVES GROUP INC",1,0,0,0,54,7628,TX,KATY,77032
2023,"ERP INITIATIVES GROUP INC",5,0,0,0,54,7628,TX,KATY,77494
2023,"ERP INTEGRATED SOLUTIONS LLC",0,0,3,0,54,2334,CA,"LONG BEACH",90815
2023,"ERP LOGIC LLC",0,0,4,0,54,5013,TX,COPPELL,75019
2023,"ERP SMARTLABS LLC",2,0,2,0,54,4089,TX,HOUSTON,77098
2023,"ERP STEP LLC",1,0,0,0,54,4531,TX,PLANO,75074
2023,"ERP WIZ INC DBA DIGITAL SAVANTS",0,0,1,0,54,8169,,,
2023,"ERP WIZ INC DBA DIGITAL SAVANTS",4,0,2,0,54,8169,TX,FRISCO,75035
2023,"ERPLABS INC",0,0,1,0,54,8267,,,
2023,"ERPLABS INC",0,0,1,0,54,8267,TX,"CORPUS CHRISTI",74811
2023,"ERPLABS INC",1,0,5,0,54,8267,TX,"CORPUS CHRISTI",78411
2023,"ERPMARK INC",3,0,7,0,54,7590,NJ,PRINCETON,08540
2023,"ERPMENU INC",0,0,1,0,54,8339,FL,"FORT LAUDERDALE",33308
2023,"ES SEARCH CONSULTANTS INC",1,0,1,0,54,0849,TX,"FLOWER MOUND",75022
2023,"ESAGE GROUP LLC",0,0,1,0,54,1272,WA,VASHON,98070
2023,"ESB TECHNOLOGIES CORPORATION",0,0,2,0,54,9862,TX,"ROUND ROCK",78664
2023,"ESG EXCEPTIONAL EXPERIENCES INC DBA ESG ACCOUNTING",1,0,0,0,54,1654,GA,TYRONE,30290
2023,"ESGC GU LLC DBA ESC PACIFIC",1,0,0,0,54,9980,GU,HAGATNA,96932
2023,"ESGEE TECHNOLOGIES INC",0,0,1,0,54,1450,TX,AUSTIN,78746
2023,"ESHERICK HOMSEY DODGE & DAVIS ARCHITECTS A PROFESSIONAL CORP",0,0,1,0,54,5317,CA,"SAN FRANCISCO",94111
2023,"ESHOCAN LLC",0,0,3,0,54,3837,MI,LIVONIA,48152
2023,"ESHOCAN LLC",12,0,2,0,54,3837,MI,YPSILANTI,48197
2023,"ESJAY PHARMA LLC",0,0,1,0,54,3408,NJ,"EAST WINDSOR",08520
2023,"ESK GROUP INC DBA TECHNOVA GLOBAL",0,0,1,0,54,4348,TX,IRVING,75038
2023,"ESKARE INC",1,0,0,0,54,4401,NJ,"BASKING RIDGE",07920
2023,"ESKRIBE INC",0,0,1,0,54,2576,OH,COLUMBUS,43235
2023,"ESOLUTIONSFIRST LLC",4,1,3,0,54,0580,VA,RESTON,20191
2023,"ESOLVIT INC",6,0,1,0,54,5431,TX,AUSTIN,78759
2023,"ESQUIVEL GRADING PAVING INC",0,0,1,0,54,0154,CA,"SAN FRANCISCO",94124
2023,"ESSANI INTERNATIONAL LLC",0,0,2,0,54,6951,IL,"SOUTH ELGIN",60177
2023,"ESSENCE GROUP HOLDINGS CORPORATION",0,0,5,0,54,5470,MO,"MARYLAND HEIGHTS",63043
2023,"ESSENCE GROUP HOLDINGS CORPORATION",0,0,1,1,54,5470,MO,"MARYLAND HTS",63043
2023,"ESSEX LAKE GROUP LLC",0,0,1,0,54,7877,NY,"NEW YORK",10281
2023,"ESTEEMIT, INC",2,0,0,0,54,4310,GA,ALPHARETTA,30009
2023,"ESTRADA CONSULTING INC",7,0,0,0,54,7125,CA,SACRAMENTO,95811
2023,"ESTUATE INC",2,0,2,0,54,4211,CA,MILPITAS,95035
2023,"ESVEE TECHNOLOGIES INC",1,0,2,0,54,2921,VA,CHANTILLY,20151
2023,"ESYSTEMS INC",1,0,16,0,54,9534,NJ,"MONMOUTH JUNCTION",08852
2023,"ET&A CONSULTING ENGINEERS LTD",0,0,1,0,54,8357,MD,BETHESDA,20817
2023,"ETAS INC",0,0,1,0,54,1684,MI,"FARMINGTON HILLS",48331
2023,"ETCH INC",0,0,2,0,54,2760,MD,"CHEVY CHASE",20815
2023,"ETEAM INC",1,0,3,0,54,1715,NJ,SOMERSET,08873
2023,"ETEAM SOLUTIONS INC",5,0,3,0,54,4583,TX,IRVING,75038
2023,"ETECH GLOBAL IT SOLUTIONS LLC",0,0,8,0,54,7531,CA,"SANTA CRUZ",95060
2023,"ETECHNOLOGIEN CORPORATION",1,0,0,0,54,0625,GA,ATLANTA,30338
2023,"ETEK IT SERVICES INC",0,0,2,0,54,1601,,,
2023,"ETEK IT SERVICES INC",2,0,15,0,54,1601,IL,SCHAUMBURG,60173
2023,"ETEK IT SOLUTIONS INC",11,2,2,0,54,1202,MD,FREDERICK,21704
2023,"ETEKSERVE INC",1,0,0,0,54,7290,DE,NEWARK,19702
2023,"ETEST IT INC DBA FORTE CONSULTING GROUP",1,0,0,0,54,2970,IL,CHICAGO,60606
2023,"ETHELIND COBLIN ARCHITECT DPC",0,0,1,0,54,3122,NY,"NEW YORK",10018
2023,"ETHOCA LLC",0,0,3,0,54,3207,MO,"O FALLON",63368
2023,"ETHOS TEK LLC",2,0,0,0,54,9831,TX,DALLAS,75208
2023,"ETISBEW TECHNOLOGY GROUP INC",9,1,3,0,54,6695,TX,PLANO,75024
2023,"ETOC CORPORATION",1,0,0,0,54,6517,NJ,"MONMOUTH JUNCTION",08852
2023,"ETOPUS TECHNOLOGY INC",0,0,1,0,54,4445,CA,"SAN JOSE",95134
2023,"ETOUCH SYSTEMS CORPORATION",0,0,2,0,54,3189,CA,MILPITAS,95035
2023,"ETOUCH SYSTEMS CORPORATION",4,0,15,1,54,3189,CA,NEWARK,94560
2023,"ETQ LLC",0,0,3,0,54,9830,MA,BURLINGTON,01803
2023,"ETTAIN GROUP INC",1,0,7,1,54,6354,NC,CHARLOTTE,28203
2023,"ETYME INC",0,0,1,0,54,7829,NC,CARY,27513
2023,"EUCLID ELEMENTZ INC",1,0,3,0,54,4753,NJ,WOODBRIDGE,07095
2023,"EUCLID INNOVATIONS INC",5,0,1,1,54,4120,NC,CHARLOTTE,28277
2023,"EUCLID INNOVATIONS INC",0,0,1,0,54,4120,NC,CHARLOTTE,28280
2023,"EUCLIDES TECHNOLOGIES INC",0,0,1,0,54,5178,NY,"NEW YORK",10010
2023,"EUCLIDES TECHNOLOGIES INC",0,0,1,0,54,5178,NY,"NEW YORK",10011
2023,"EUCON AMERICAS LLC",0,0,1,0,54,4576,GA,ATLANTA,30309
2023,"EUREKA INFOTECH INC",2,0,4,1,54,5123,NY,HICKSVILLE,11801
2023,"EUROFINS ADVANTAR LABORATORIES INC",0,0,1,0,54,4260,CA,"SAN DIEGO",92121
2023,"EUROFINS ANALYTICS LLC",1,0,0,0,54,9432,VA,ASHLAND,23005
2023,"EUROFINS BIOPHARMA PRODUCT TESTING ENCO INC",0,0,1,0,54,8246,NC,CARY,27511
2023,"EUROFINS BOTANICAL TESTING US INC",0,0,1,0,54,5480,CO,BOULDER,80301
2023,"EUROFINS BOTANICAL TESTING US INC",0,0,1,0,54,5480,PA,LANCASTER,17601
2023,"EUROFINS CENTRAL LABORATORY LLC",1,0,0,0,54,8571,PA,LANCASTER,17601
2023,"EUROFINS EAG MATERIALS SCIENCE LLC",1,0,1,0,54,6979,CA,"SAN DIEGO",92121
2023,"EUROFINS GENOMICS LLC",0,0,0,1,54,1242,KY,LOUISVILLE,40299
2023,"EUROFINS LANCASTER LABORATORIES INC",1,0,2,0,54,2923,PA,LANCASTER,17601
2023,"EUROFINS LANCASTER LABORATORIES PROFESSIONAL SCIENTIFIC SERVICES LLC DBA EUROFINS PSS INSOURCING SOLUTIONS",1,1,7,0,54,1103,PA,LANCASTER,17601
2023,"EUROFINS MICROBIOLOGY LABORATORIES INC",0,0,1,0,54,2092,IA,"DES MOINES",50321
2023,"EUROFINS SF ANALYTICAL LABORATORIES INC",1,0,0,0,54,1806,WI,"NEW BERLIN",53151
2023,"EUROFINS VRL INC",0,0,1,0,54,1953,CO,CENTENNIAL,80111
2023,"EUROMARKET DESIGNS INC DBA CRATE BARREL AND CB2",0,0,2,0,54,2854,IL,NORTHBROOK,60062
2023,"EVAL CONSULTING INC",2,1,0,0,54,9179,NC,CHARLOTTE,28246
2023,"EVALUESERVE INC",0,0,5,0,54,9850,NC,RALEIGH,27603
2023,"EVANTAGE SOLUTIONS INC",0,0,1,0,54,1558,NJ,PRINCETON,08540
2023,"EVELO BIOSCIENCE INC",0,0,1,0,54,4527,MA,CAMBRIDGE,02139
2023,"EVEN & ODD MINDS, LLC",2,0,0,0,54,2022,DE,WILMINGTON,19803
2023,"EVENNON INC",0,0,1,0,54,2618,IL,"ORLAND PARK",60467
2023,"EVENTTRACKER SECURITY LLC",0,0,1,0,54,3719,FL,"FORT LAUDERDALE",33309
2023,"EVERBRIDGE INC",0,0,2,0,54,9312,MA,BURLINGTON,01803
2023,"EVEREST CLINICAL RESEARCH CORPORATION",0,0,1,0,54,8374,NJ,"LITTLE FALLS",07424
2023,"EVEREST COMPUTERS INC",1,0,0,0,54,5198,,,
2023,"EVEREST COMPUTERS INC",0,0,3,0,54,5198,GA,ROSWELL,30076
2023,"EVEREST CONSULTING GROUP INC",0,0,10,0,54,1077,NJ,EDISON,08820
2023,"EVEREST DESIGN GROUP LLC",0,0,1,0,54,0771,TX,FRIENDSWOOD,77546
2023,"EVEREST DX INC",1,0,2,0,54,8437,CT,STAMFORD,06901
2023,"EVEREST GLOBAL SOLUTIONS INC",3,0,3,0,54,8429,FL,MIAMI,33166
2023,"EVEREST INFOTECH LLC",5,0,0,0,54,8608,NJ,EDISON,08817
2023,"EVEREST TECH INC",0,0,1,0,54,5146,TX,LEANDER,78641
2023,"EVEREST TECHNOLOGIES INC",1,0,0,0,54,3565,,,
2023,"EVEREST TECHNOLOGIES INC",15,0,5,0,54,3565,OH,COLUMBUS,43229
2023,"EVEREST VETERINARY CARE PLLC DBA INSTAVET URGENT CARE WELLNESS ANIMAL HOSPITAL",0,0,1,0,54,9543,NY,"LONG ISLAND CITY",11101
2023,"EVERGENT TECHNOLOGIES INC",1,0,1,1,54,8530,CA,SUNNYVALE,94089
2023,"EVERGREEN CO LLC",0,1,0,0,54,6336,CA,CAMPBELL,95008
2023,"EVERGREEN RESEARCH US LLC DBA ERI GROUP",0,0,1,0,54,3375,CO,GOLDEN,80401
2023,"EVERITE SOLUTIONS INC",9,1,1,0,54,4653,GA,CUMMING,30040
2023,"EVERNEX USA INC.",1,0,0,0,54,6350,DE,NEWARK,19713
2023,"EVERNORTH ENTERPRISE SERVICES INC",0,0,1,0,54,2455,MO,"SAINT LOUIS",63121
2023,"EVERNORTH ENTERPRISE SERVICES INC",0,0,1,0,54,2455,MO,"ST LOUIS",63121
2023,"EVERQUOTE INC",0,0,6,0,54,1161,MA,CAMBRIDGE,02139
2023,"EVERSANA LIFE SCIENCES LLC",0,0,1,0,54,1626,,,
2023,"EVERSANA LIFE SCIENCES LLC",0,0,15,2,54,1626,WI,MILWAUKEE,53202
2023,"EVERSHEDS SUTHERLAND US LLP",0,0,2,0,54,9407,GA,ATLANTA,30309
2023,"EVERSOFT TECHNOLOGIES LLC",0,0,1,0,54,8291,NC,CHARLOTTE,28262
2023,"EVERSOFT TECHNOLOGIES LLC",5,0,1,0,54,8291,NC,CHARLOTTE,28262
2023,"EVERTEC GROUP LLC",0,0,1,0,54,9729,PR,"SAN JUAN",00936
2023,"EVERTRUST TAX AND ACCOUNTANCY CORP",0,0,1,0,54,5598,CA,"CITY OF INDUSTRY",91748
2023,"EVERYMUNDO LLC",0,0,1,0,54,5470,FL,MIAMI,33131
2023,"EVICORE HEALTHCARE MSI LLC",0,0,27,1,54,5395,TN,FRANKLIN,37067
2023,"EVICORE HEALTHCARE MSI LLC",0,0,1,0,54,5394,,,
2023,"EVICORE HEALTHCARE MSI LLC",0,0,1,0,54,5395,,,
2023,"EVIDATION HEALTH INC",0,0,1,0,54,7421,CA,"SAN MATEO",94401
2023,"EVIDATION HEALTH INC",0,0,2,0,54,7421,CA,"SAN MATEO",94402
2023,"EVIDENT ID INC",0,0,1,0,54,8248,GA,ATLANTA,30326
2023,"EVIDERA INC",0,0,1,0,54,9539,NC,WILMINGTON,28401
2023,"EVO TRANSPORTATION & ENERGY SERVICES INC",0,0,1,0,54,5850,AZ,PHOENIX,85027
2023,"EVOKE CONSULTING LLC",0,0,1,0,54,0270,VA,RESTON,20191
2023,"EVOKE TECHNOLOGIES",11,0,6,0,54,8582,OH,DAYTON,45459
2023,"EVOLUTIO PS LLC",0,0,1,0,54,9408,IL,CHICAGO,60607
2023,"EVOLUTIONARY SYSTEMS CORP",10,0,0,0,54,2403,MA,WOBURN,01801
2023,"EVOLUTYZ CORP",5,1,4,0,54,5427,IL,NAPERVILLE,60563
2023,"EVOLVER LLC",0,0,3,0,54,3674,VA,RESTON,20190
2023,"EVONSYS INC",1,0,5,0,54,8951,DE,WILMINGTON,19808
2023,"EVOTEC US INC",0,0,2,0,54,3740,NJ,PRINCETON,08540
2023,"EVRY USA CORPORATION",10,0,0,0,54,0805,TX,IRVING,75038
2023,"EVS INC",0,0,6,0,54,3363,MN,"EDEN PRAIRIE",55344
2023,"EXA DATA SOLUTIONS INC",0,0,1,0,54,5334,,,
2023,"EXA DATA SOLUTIONS INC",21,0,11,0,54,5334,NJ,PISCATAWAY,08854
2023,"EXACT SCIENCES CORPORATION",0,0,2,0,54,8229,WI,MADISON,53719
2023,"EXACTES INC",1,0,0,0,54,4439,GA,ALPHARETTA,30005
2023,"EXACTPRO SYSTEMS LLC",1,0,0,0,54,8990,NY,"NEW YORK",10004
2023,"EXAFLUENCE INC",0,0,1,0,54,1798,NJ,"MONMOUTH JUNCTION",08852
2023,"EXAFLUENCE INC",0,0,1,0,54,1798,NJ,"SOUTH BRUNSWICK",08852
2023,"EXAGEN SOLUTIONS INC",1,0,0,0,54,5882,PA,"KING OF PRUSSIA",19406
2023,"EXALTTEK INC",6,0,0,0,54,8273,IL,NAPERVILLE,60563
2023,"EXATECH INC",0,0,1,0,54,6333,OH,CINCINNATI,45242
2023,"EXATECHINFO LLC",0,0,1,0,54,8254,WI,MADISON,53719
2023,"EXAVALU INC",2,0,3,0,54,5655,CA,"NEWPORT BEACH",92660
2023,"EXCEDON INC",2,0,0,0,54,7762,VA,CHANTILLY,20151
2023,"EXCEL GLOBAL SOLUTIONS INC",0,0,1,0,54,7486,WI,PEWAUKEE,53072
2023,"EXCEL IT CORP",0,0,3,0,54,7486,IN,GREENWOOD,46143
2023,"EXCEL IT LLC DBA EXCEL IT",2,0,1,0,54,8805,GA,ALPHARETTA,30005
2023,"EXCEL SOFTECH INC",3,0,0,0,54,8602,OH,DUBLIN,43017
2023,"EXCEL TEK INCORPORATED",2,0,0,0,54,8892,TX,AUSTIN,78758
2023,"EXCELA SOLUTIONS INC",1,0,4,0,54,1443,CA,PLEASANTON,94588
2023,"EXCELACOM INC",2,0,4,1,54,7345,VA,RESTON,20190
2023,"EXCELAXIS LLC",3,0,0,0,54,8723,VA,ASHBURN,20147
2023,"EXCELGENS INC",7,0,0,0,54,5625,NJ,DENVILLE,07834
2023,"EXCELIENT INC",0,0,1,0,54,8192,CA,"SIMI VALLEY",93065
2023,"EXCELIZE SERVICES INC",0,0,1,0,54,3650,NJ,CHESTERFIELD,08515
2023,"EXCELLERATE EDUCATION SOLUTIONS DBA EXCELLERA",1,0,0,0,54,1387,IL,"EAST DUNDEE",60118
2023,"EXCELLERATE EDUCATION SOLUTIONS DBA EXCELLERA",1,0,1,0,54,1387,IL,"HOFFMAN ESTATES",60192
2023,"EXCELLERENT TECHNOLOGY SOLUTIONS INC",0,0,2,0,54,2251,PA,PITTSBURGH,15220
2023,"EXCELON SOLUTIONS LLC",0,0,4,0,54,9573,TX,CARROLLTON,75007
2023,"EXCELON SOLUTIONS LLC",1,0,1,0,54,9537,,,
2023,"EXCELON SOLUTIONS LLC",1,0,11,1,54,9537,TX,CARROLLTON,75007
2023,"EXCENTUS CORPORATION",0,0,2,0,54,7499,TX,DALLAS,75254
2023,"EXCENTUS CORPORATION",0,0,0,1,54,7499,TX,TEMPLE,76504
2023,"EXCERS INC",1,0,0,0,54,2936,TX,FRISCO,75034
2023,"EXCLAIMER LLC",0,0,1,0,54,5645,IN,BLOOMINGTON,47404
2023,"EXCYL INC",0,0,3,0,54,3624,MI,TROY,48083
2023,"EXECUTIVE EDGE INC D/B/A ADVANTEXE LEARNING SOLUTIONS",1,0,0,0,54,7163,PA,"WEST CONSHOHOCKEN",19428
2023,"EXECUTIVE SOFTWARE GUILD INC",14,1,9,0,54,1304,TX,MCKINNEY,75070
2023,"EXEGY INCORPORATED",1,0,0,0,54,6004,MO,"SAINT LOUIS",63119
2023,"EXELIQ CONSULTING INC",4,0,1,0,54,5645,IL,SCHAUMBURG,60173
2023,"EXELTECH CONSULTING INC",0,0,1,0,54,1880,WA,LACEY,98516
2023,"EXERGY LLC",0,0,1,0,54,2206,NY,"GARDEN CITY",11530
2023,"EXFO AMERICA INC",0,0,1,0,54,6766,,,
2023,"EXIGENT RESOLUTIONS, INC.",1,0,0,0,54,0311,NE,OMAHA,68137
2023,EXIGER,0,0,1,0,54,4303,NY,"NEW YORK",10019
2023,"EXLSERVICE COM LLC",0,0,1,0,54,6476,,,
2023,"EXLSERVICE COM LLC",65,3,75,0,54,6476,NY,"NEW YORK",10022
2023,"EXMAR OFFSHORE COMPANY",1,0,1,0,54,1034,TX,HOUSTON,77042
2023,"EXO GROUP LLC",1,0,2,0,54,0417,TX,MAGNOLIA,77355
2023,"EXODUSDIRECT LLC",0,0,1,0,54,0890,IA,"DES MOINES",50320
2023,"EXP US SERVICES INC",2,0,9,0,54,3964,IL,CHICAGO,60601
2023,"EXPA LLC",0,0,1,0,54,0510,CA,"SAN FRANCISCO",94107
2023,"EXPANDTREE INC",0,0,4,0,54,7897,TX,"CEDAR PARK",78613
2023,"EXPEDENT CORP",0,0,1,0,54,5766,,,
2023,"EXPEDENT CORP",0,0,9,1,54,5766,TX,IRVING,75063
2023,"EXPEDITE TECHNOLOGY SOLUTIONS LLC",0,0,1,0,54,6471,GA,ALPHARETTA,30009
2023,"EXPEED SOFTWARE LLC",0,0,2,0,54,6864,OH,COLUMBUS,43085
2023,"EXPERION TECHNOLOGIES USA INC",1,0,0,0,54,6021,TX,PLANO,75024
2023,"EXPERIS US LLC",3,0,33,1,54,9719,WI,MILWAUKEE,53212
2023,"EXPLEO USA INC",0,1,0,0,54,1837,KS,WICHITA,67207
2023,"EXPLICIT SYSTEMS USA INC",0,0,1,0,54,3691,MN,"EDEN PRAIRIE",55344
2023,"EXPLORIUM INC",0,0,1,0,54,5200,UT,LEHI,84043
2023,"EXPONENTIA US INC",2,0,1,0,54,2012,OH,COLUMBUS,43230
2023,"EXPRESS GLOBAL SOLUTIONS LLC",1,0,0,0,54,7449,CA,FREMONT,94555
2023,"EXPRESS GLOBAL SOLUTIONS LLC",0,2,2,0,54,7449,CA,"UNION CITY",94587
2023,"EXPRESS SCRIPTS SERVICES CO",0,0,11,0,54,2983,MO,"SAINT LOUIS",63121
2023,"EXTEND HEALTH INC",0,0,1,0,54,5680,NY,"NEW YORK",10281
2023,"EXTEND INC",0,1,3,0,54,9826,CA,"SAN FRANCISCO",94111
2023,"EXTEND INFORMATION SYSTEMS INC",2,0,0,0,54,5745,VA,STERLING,20166
2023,"EXTENDEED INC",1,0,0,0,54,2125,CO,"HIGHLANDS RANCH",80130
2023,"EXTENDIME SOFTWARE SOLUTIONS INC",0,0,1,0,54,8655,NJ,"OLD BRIDGE",08857
2023,"EXTENDSEC LLC",0,0,1,0,54,4458,CA,"CHINO HILLS",91709
2023,"EXTERNETWORKS INC",0,0,1,0,54,4377,,,
2023,"EXTERNETWORKS INC",1,0,1,0,54,4377,NJ,PISCATAWAY,08854
2023,"EXULTANCY INC",0,0,1,0,54,6122,NJ,PRINCETON,08540
2023,"EXUSIA INC",0,0,2,0,54,9193,,,
2023,"EXUSIA INC",4,0,7,0,54,9193,FL,MIAMI,33130
2023,"EXYTE U S INC",0,0,1,0,54,2092,,,
2023,"EXYTE U S INC",0,0,1,0,54,2092,TX,PLANO,75074
2023,"EXZAC INC DBA MATRIX IFS",0,0,18,0,54,4864,NJ,"JERSEY CITY",07311
2023,"EYENEXO LLC",0,0,1,0,54,0827,MA,BOSTON,02127
2023,"EYNCON LLC",1,0,1,0,54,0798,TX,ENNIS,75119
2023,"EZ SOLUTIONS INC DBA EZ MINDS COMPUTER CONSULTING",0,0,3,0,54,2444,NJ,PISCATAWAY,08854
2023,"EZ TEK SOLUTIONS INC",4,0,1,0,54,3316,IL,AURORA,60504
2023,"EZ4 TECHNOLOGIES LLC",4,0,2,0,54,6615,TX,PLANO,75023
2023,"EZDATA SYSTEMS INC",2,0,0,0,54,6193,CA,"SAN JOSE",95110
2023,"EZEN COMPUTER SERVICES INC",10,0,2,0,54,8016,NJ,PRINCETON,08540
2023,"EZENIUS INC",0,0,1,0,54,2661,MD,CATONSVILLE,21228
2023,"EZOPS INC",0,0,1,0,54,8371,NJ,"NEW BRUNSWICK",08901
2023,"F SCHUMACHER CO LLC",0,0,1,0,54,9190,NY,"NEW YORK",10001
2023,"F TECH R&D NORTH AMERICA INC",0,0,1,0,54,3127,OH,TROY,45373
2023,"F&L ENGINEERING AND CONSULTING INC",1,0,0,0,54,5266,MI,SOUTHFIELD,48075
2023,"F5 INC",2,0,22,0,54,4307,WA,SEATTLE,98104
2023,"FABERGENT INC",0,0,1,0,54,2265,NJ,MAHWAH,07430
2023,"FACTOR LAW INC",0,0,1,0,54,3229,IL,CHICAGO,60603
2023,"FACTORY TECHNOLOGIES INC",0,0,1,0,54,6820,CA,MODESTO,95356
2023,"FACTSET RESEARCH SYSTEMS INC",0,0,19,1,54,2547,CT,NORWALK,06852
2023,"FACTSPAN INC",2,0,2,0,54,0662,WA,SEATTLE,98103
2023,"FAIR ISAAC CORPORATION",0,0,10,0,54,9887,MT,BOZEMAN,59715
2023,"FAIRFAX DATA SYSTEMS INC",0,0,1,0,54,8886,CT,"NEW MILFORD",06776
2023,"FAIRFAX SAMMONS & PARTNERS LTD COMPANY",1,0,0,0,54,5158,FL,"PALM BEACH",33480
2023,"FAIRMOUNT TECHNOLOGIES LLC",0,0,1,0,54,2201,KS,WICHITA,67260
2023,"FAKOURI ELECTRICAL ENGINEERING INC",0,0,1,0,54,1196,CA,"RANCHO SANTA MARG",92688
2023,"FAKOURI ELECTRICAL ENGINEERING INC",0,0,1,0,54,1196,CA,"RANCHO STA MARGARITA",92688
2023,"FALCON PLACEMENT SERVICES",0,0,1,0,54,3606,TX,PEARLAND,77581
2023,"FALKONDATA LLC",0,0,1,0,54,0004,UT,SANDY,84093
2023,"FAMA TECHNOLOGIES INC",0,0,0,1,54,2576,CA,VENICE,90291
2023,"FAME COMPUTERS LLC",0,0,0,1,54,8402,TX,PLANO,75023
2023,"FAME FASHION HOUSE LLC",0,0,1,0,54,8676,NJ,"N BRUNSWICK",08902
2023,"FAMILIA CARE INC",3,0,0,0,54,3459,TX,DALLAS,75251
2023,"FAMILY HEALTH INTERNATIONAL D/B/A FHI 360",1,0,4,1,54,3005,DC,WASHINGTON,20009
2023,"FAMOUS TECHNOLOGIES INC",2,0,0,0,54,7881,FL,TAMPA,33647
2023,"FAQ SYSTEMS INC",1,0,0,0,54,6030,NJ,"EAST BRUNSWICK",08816
2023,"FAR AI INC",1,0,0,0,54,2207,CA,"SAN DIEGO",92101
2023,"FARGO ENGINEERING INC",0,0,1,0,54,1778,ND,FARGO,58103
2023,"FARGO SOLUTIONS INC",0,0,1,0,54,0767,ND,"WEST FARGO",58078
2023,"FARM LLC",0,0,1,0,54,8520,NY,LANCASTER,14086
2023,"FAROOQI & HUSAIN LLC",1,0,0,0,54,9142,IL,"OAKBROOK TERRACE",60181
2023,"FARSHAD AZARNOUSH DBA ATELIER ARCHITECTS",0,0,1,0,54,0139,CA,"SHERMAN OAKS",91423
2023,"FASHION GPS INC DBA LAUNCHMETRICS",0,0,1,0,54,6215,NY,"NEW YORK",10010
2023,"FAST ENTERPRISES LLC",0,0,5,1,54,8609,CO,CENTENNIAL,80112
2023,"FAST ENTERPRISES LLC",4,0,1,0,54,8609,CO,ENGLEWOOD,80112
2023,"FAST SWITCH GREAT LAKES LLC",0,0,8,1,54,7282,MI,LIVONIA,48152
2023,"FASTDETECT INC",0,0,0,1,54,1872,CA,PASADENA,91107
2023,"FASTECH CONSULTING LLC",0,0,1,0,54,3042,NJ,HACKENSACK,07601
2023,"FASTLANE AMERICAS INC",0,0,1,0,54,9971,CA,MILPITAS,95035
2023,"FASTLY INC",1,0,2,0,54,1834,CA,"SAN FRANCISCO",94107
2023,"FASTMODEL HOLDINGS LLC",0,0,1,0,54,5114,IL,CHICAGO,60611
2023,"FASUR TECHNOLOGIES LLC",1,0,1,0,54,3427,VA,HERNDON,20171
2023,"FATE THERAPEUTICS INC",0,0,1,0,54,1552,CA,"SAN DIEGO",92131
2023,"FATPIPE INC",0,0,0,1,54,3325,UT,"SALT LAKE CITY",84107
2023,"FATPIPE TECHNOLOGIES INC",1,0,4,0,54,1782,UT,"SALT LAKE CITY",84107
2023,"FATTAIL INC",0,0,2,0,54,9072,CA,CALABASAS,91302
2023,"FAYA CORPORATION",1,0,0,0,54,9630,CA,ONTARIO,91761
2023,"FBM PRIMES INC",0,0,1,0,54,1485,CA,"SANTA FE SPGS",90670
2023,"FCB WORLDWIDE INC",0,0,4,1,54,4114,IL,CHICAGO,60611
2023,"FDC USA CORP DBA ORNARE",0,0,0,1,54,4016,FL,MIAMI,33137
2023,"FDH INFRASTRUCTURE SERVICES LLC",0,0,1,0,54,1195,NC,RALEIGH,27616
2023,"FDI GROUP",1,0,0,0,54,8136,MI,NOVI,48375
2023,"FDS INC",0,0,1,0,54,1148,TX,"FORT WORTH",76137
2023,"FEATHER TECHNOLOGIES INC",0,0,1,0,54,2975,NC,CARY,27511
2023,"FEATHERSOFT INC",1,0,0,0,54,6086,CA,UPLAND,91786
2023,"FECUND SOFTWARE SERVICES LLC",1,0,1,0,54,8499,FL,JACKSONVILLE,32256
2023,"FEDEGARI TECHNOLOGIES INC",0,0,0,1,54,9405,PA,SELLERSVILLE,18960
2023,"FEDERAL SOFT SYSTEMS INC",1,0,22,1,54,4194,AR,BENTONVILLE,72712
2023,"FEDEX DATAWORKS INC",0,0,2,0,54,0120,,,
2023,"FEDEX DATAWORKS INC",0,0,1,0,54,0120,TN,MEMPHIS,38119
2023,"FEDEX DATAWORKS INC",0,0,14,0,54,0120,TN,MEMPHIS,38120
2023,"FEDEX SUPPLY CHAIN INC",0,0,5,0,54,6580,PA,"CRANBERRY TWP",16066
2023,"FEEDZIA INC",0,0,2,0,54,2348,CA,"SAN MATEO",94402
2023,"FEHR & PEERS",0,0,1,0,54,5540,CA,"WALNUT CREEK",94596
2023,"FEI.COM INC DBA FEI SYSTEMS",0,0,13,1,54,7447,MD,COLUMBIA,21046
2023,"FELICE VALMAS CPA & CO LLC",0,0,1,0,54,5329,HI,HONOLULU,96814
2023,"FENG XIAO ARCHITECT INC",0,0,1,0,54,7669,CA,"SAN MARINO",91108
2023,"FENIX AI LLC D/B/A FENIX AI",0,0,1,0,54,8945,CO,AURORA,80016
2023,"FENIX COMMERCE INC",0,0,1,0,54,7280,CA,"SAN JOSE",95129
2023,"FENTRESS ARCHITECTS LLC",1,0,2,0,54,5667,CO,DENVER,80203
2023,"FENWICK & WEST, LLP",0,0,2,0,54,8481,CA,"MOUNTAIN VIEW",94041
2023,"FERMI RESEARCH ALLIANCE LLC",0,0,3,0,54,9010,,,
2023,"FERMI RESEARCH ALLIANCE LLC",11,0,10,0,54,9010,IL,BATAVIA,60510
2023,"FERMYON INC DBA SHOPPINPAL",1,0,0,0,54,2649,CA,MODESTO,95356
2023,"FESTRO INTL CORP",0,0,1,0,54,4197,CA,"SANTA CLARA",95054
2023,"FETCH REWARDS INC",0,0,1,0,54,9008,IL,CHICAGO,60606
2023,"FEV NORTH AMERICA INC",0,0,8,0,54,8806,MI,"AUBURN HILLS",48326
2023,"FEV NORTH AMERICA INC",0,0,1,0,54,8806,,,
2023,"FIAT GROWTH INC",0,0,1,0,54,4653,CA,"WALNUT CREEK",94565
2023,"FIBROGEN INC",0,0,5,0,54,7827,CA,"SAN FRANCISCO",94158
2023,"FICOSA NORTH AMERICA CORPORATION",0,0,2,0,54,7924,MI,"MADISON HEIGHTS",48071
2023,"FIDDLER LABS INC",0,0,2,0,54,0406,CA,"PALO ALTO",94306
2023,"FIDELIS CONTRACTING INC",0,0,1,0,54,6407,NY,"GREAT NECK",11021
2023,"FIDELIS SOFTWARE SOLUTIONS LLC",0,0,1,0,54,7612,,,
2023,"FIDELIS SOFTWARE SOLUTIONS LLC",2,0,13,1,54,7612,TX,"CEDAR PARK",78613
2023,"FIDELIS SOFTWARE SOLUTIONS LLC",1,0,0,0,54,7612,TX,CEDARPARK,78613
2023,"FIDESSA CORPORATION",0,0,1,0,54,2922,NJ,"JERSEY CITY",07302
2023,"FIELDGUIDE INC",0,0,1,0,54,4821,CA,"SAN FRANCISCO",94114
2023,"FIELDTEST INC",0,0,1,0,54,1625,CA,"LOS ANGELES",90042
2023,"FIGMA INC",1,0,9,0,54,3087,CA,"SAN FRANCISCO",94102
2023,"FIGURE AI INC",0,0,1,0,54,7866,CA,SUNNYVALE,94089
2023,"FILTRATION SOLUTIONS INC",0,0,1,0,54,4777,NJ,HACKETTSTOWN,07840
2023,"FINABILITY SCIENCE INC",0,0,0,1,54,0232,MA,BOSTON,02109
2023,"FINACLE SOFT INC",0,0,1,0,54,2538,,,
2023,"FINACLE SOFT INC",3,0,3,0,54,2538,NJ,PRINCETON,08540
2023,"FINALIS INC",0,0,1,0,54,3912,CA,"CORTE MADERA",94925
2023,"FINANCIAL ACCOUNTING FOUNDATION",0,0,1,0,54,1935,CT,NORWALK,06856
2023,"FINANCIAL RECOVERY GROUP INC",0,0,1,0,54,4748,FL,"FORT LAUDERDALE",33323
2023,"FINANCIAL SCIENCES CORPORATION",0,0,1,0,54,0993,NJ,"JERSEY CITY",07310
2023,"FINANCIALFORCE.COM INC",0,0,1,0,54,8864,CA,"SAN FRANCISCO",94105
2023,"FINANCIALFORCE.COM INC",0,0,1,0,54,8864,CA,"SAN JOSE",95113
2023,"FINASTRA FINANCIAL TECHNOLOGY CORPORATION",0,0,1,0,54,5708,NY,"NEW YORK",10001
2023,"FINASTRA FINANCIAL TECHNOLOGY CORPORATION",0,0,1,0,54,5708,FL,"LAKE MARY",32746
2023,"FINASTRA TECH INC",0,0,1,0,54,4694,FL,"LAKE MARY",32746
2023,"FINBOT TECHNOLOGIES INC",1,0,0,0,54,3411,NJ,PARSIPPANY,07054
2023,"FINDEM INC",0,0,1,0,54,1774,CA,"REDWOOD CITY",94063
2023,"FINDICA INC",0,0,1,0,54,5799,IL,NAPERVILLE,60565
2023,"FINEOS CORPORATION",0,0,2,0,54,2701,GA,ATLANTA,30309
2023,"FINGER PRINTS SERVICES INC",1,0,0,0,54,7678,AR,SPRINGDALE,72766
2023,"FINISAR CORPORATION",0,0,1,0,54,8428,CA,SUNNYVALE,94089
2023,"FINITETEK INC",1,0,8,0,54,7895,VA,CHANTILLY,20151
2023,"FINIX PAYMENTS INC",0,0,0,2,54,7778,,,
2023,"FINIX PAYMENTS INC",1,0,3,0,54,7778,CA,"SAN FRANCISCO",94105
2023,"FINSOFT CONSULTANTS INC",1,0,2,0,54,2191,NY,"NEW YORK",10018
2023,"FINSPIRIT INC",1,0,0,0,54,5314,NJ,PLAINSBORO,08536
2023,"FINT SOLUTIONS INC",5,0,2,0,54,1844,IL,NAPERVILLE,60540
2023,"FINZLY INC",0,0,1,0,54,7815,,,
2023,"FIONA SOLUTIONS INC",2,1,0,0,54,5122,TX,"SUGAR LAND",77498
2023,"FIONTA INCORPORATED",0,0,1,0,54,9779,DC,WASHINGTON,20036
2023,"FIREEYE SECURITY HOLDINGS US LLC",0,0,1,0,54,6726,,,
2023,"FIREEYE SECURITY HOLDINGS US LLC",0,0,4,0,54,6726,TX,PLANO,75024
2023,"FIREFLY PROS INC",0,0,1,0,54,2940,NJ,EDISON,08837
2023,"FIREFLY SYSTEMS INC",1,0,0,0,54,5012,CA,"SAN JOSE",95112
2023,"FIREWOOD MARKETING INC",0,0,3,0,54,9956,CA,"SAN FRANCISCO",94104
2023,"FIRST ADVANTAGE BACKGROUND SERVICES CORP",0,0,1,0,54,9422,GA,ATLANTA,30328
2023,"FIRST CLOUD INC",0,0,1,0,54,6817,,,
2023,"FIRST CLOUD TECH INC",5,3,0,0,54,6521,NJ,PRINCETON,08540
2023,"FIRST COAST VETS AFFORDABLE ANIMAL HOSPITAL LLC",0,0,1,0,54,4768,FL,JACKSONVILLE,32225
2023,"FIRST CONSULTING GROUP LLC",0,0,3,0,54,5992,PA,MONROEVILLE,15146
2023,"FIRST INSIGHT INC",0,0,1,0,54,9230,PA,WARRENDALE,15086
2023,"FIRST LINE SOFTWARE INC",5,1,0,0,54,5724,MA,CAMBRIDGE,02142
2023,"FIRST OBJECT INC",2,0,7,1,54,6159,TX,IRVING,75038
2023,"FIRST ORION CORP",0,0,1,0,54,3290,AR,"N LITTLE ROCK",72114
2023,"FIRST ORION CORP",0,0,1,0,54,3290,AR,"NORTH LITTLE ROCK",72114
2023,"FIRST SERVICE CORPORATION OF PANAMA CITY INC",0,0,1,0,54,6423,FL,"PANAMA CITY",32405
2023,"FIRST SOFT SOLUTIONS LLC",0,0,1,0,54,7141,,,
2023,"FIRST SOFT SOLUTIONS LLC",0,0,5,0,54,7141,NJ,"MONMOUTH JUNCTION",08852
2023,"FIRST SOFT SYSTEMS LLC",1,0,0,0,54,6443,AR,BENTONVILLE,72712
2023,"FIRST TEK DOS LLC",3,0,3,0,54,7215,NJ,PISCATAWAY,08854
2023,"FIRST TEK INC",0,0,2,0,54,6614,,,
2023,"FIRST TEK INC",1,0,19,1,54,6614,NJ,PISCATAWAY,08854
2023,"FIRST TIER TECHNOLOGY LLC",1,0,0,0,54,9846,NJ,PRINCETON,08540
2023,"FIRSTLAYERAI INC DBA MEDALLION",0,0,1,0,54,2601,CA,"SAN FRANCISCO",94114
2023,"FIRSTSOURCE GROUP USA INC",0,0,1,0,54,2188,FL,"PALM BAY",32905
2023,"FIRSTSOURCE GROUP USA INC",0,0,1,0,54,2188,KY,LOUISVILLE,40223
2023,"FIS MANAGEMENT SERVICES LLC",0,0,2,0,54,4614,,,
2023,"FIS MANAGEMENT SERVICES LLC",1,0,77,1,54,4614,NY,"NEW YORK",10173
2023,"FISCALNOTE HOLDINGS INC & SUBSIDIARIES",0,0,1,0,54,4908,DC,WASHINGTON,20004
2023,"FISEC GLOBAL INC",0,0,4,0,54,6090,CA,FREMONT,94538
2023,"FISH RICHARDSON PC",0,0,2,0,54,4521,MN,MINNEAPOLIS,55402
2023,"FISHBECK THOMPSON CARR HUBER INC DBA FISHBECK",0,0,2,0,54,1857,MI,"GRAND RAPIDS",49546
2023,"FISKER GROUP INC",1,0,3,0,54,3342,CA,"MANHATTAN BEACH",90266
2023,"FIUNEX INC",14,1,1,0,54,4240,NJ,EDISON,08817
2023,"FIVE ELEMENT ANALYTICS LLC",0,0,1,0,54,5696,NY,MERRICK,11566
2023,"FIVE9 INC",0,0,7,0,54,4123,CA,"SAN RAMON",94583
2023,"FIVENGINEERING LLC DBA FIVE ENGINEERING LLC & 5ENGENEERING LLC",0,0,1,0,54,9402,TX,HOUSTON,77042
2023,"FIVERITY INC",0,0,1,0,54,6738,MA,BOSTON,02115
2023,"FIVESKY LLC",0,0,1,0,54,8542,NY,"NEW YORK",10018
2023,"FIXSTARS SOLUTIONS INC",0,0,1,0,54,8034,CA,IRVINE,92618
2023,"FLAGSHIP LABS 70 INC",0,0,2,0,54,2372,MA,CAMBRIDGE,02142
2023,"FLAGSHIP LABS 85 INC",0,0,2,0,54,4677,MA,CAMBRIDGE,02142
2023,"FLAGSHIP LABS 89 INC",0,0,1,0,54,3521,MA,CAMBRIDGE,02142
2023,"FLASHTECH CONSULTING SERVICES INC",1,2,0,0,54,4270,TX,KATY,77450
2023,"FLATIRON HEALTH INC",1,0,8,0,54,7155,NY,"NEW YORK",10013
2023,"FLAWLESS AI INC",1,0,0,0,54,9896,CA,"SANTA MONICA",90401
2023,"FLAZE LLC",3,0,0,0,54,4466,CA,FREMONT,94538
2023,"FLEX CONSULTING GROUP INC",0,0,1,0,54,6276,,,
2023,"FLEX CONSULTING GROUP INC",0,0,6,0,54,6276,NJ,EDISON,08817
2023,"FLEXASOFT LLC",0,0,1,0,54,2463,NJ,PISCATAWAY,08854
2023,"FLEXERA GLOBAL INC",3,0,10,1,54,3690,TX,"SUGAR LAND",77478
2023,"FLEXERA SOFTWARE LLC",0,0,7,0,54,3996,IL,ITASCA,60143
2023,"FLEXGEN POWER SYSTEMS",0,0,3,0,54,2499,NC,DURHAM,27701
2023,"FLEXIBLE ARCHITECTURE AND SIMPLIFIED TECHNOLOGY INC DBA FAST",0,0,2,0,54,6260,NJ,ISELIN,08830
2023,"FLEXIBLE ARCHITECTURE AND SIMPLIFIED TECHNOLOGY INC DBA FAST",0,0,2,0,54,6260,NJ,"JERSEY CITY",07310
2023,"FLEXIBLE ARCHITECTURE AND SIMPLIFIED TECHNOLOGY INC DBA FAST",0,0,1,0,54,6260,,,
2023,"FLEXIBLE FINANCE INC",0,0,2,0,54,5156,NY,"NEW YORK",10003
2023,"FLEXION INC",0,0,4,0,54,0992,WI,MADISON,53703
2023,"FLEXIV ROBOTICS INC",0,0,3,0,54,7905,CA,"SANTA CLARA",95054
2023,"FLEXON TECHNOLOGIES INC",1,0,3,0,54,1043,CA,PLEASANTON,94588
2023,"FLEXPORT INC",0,0,1,0,54,3755,,,
2023,"FLEXPORT INC",3,0,34,2,54,3755,CA,"SAN FRANCISCO",94102
2023,"FLEXTECH INC",0,0,1,0,54,8822,TN,FRANKLIN,37067
2023,"FLEXTON INC",0,0,7,0,54,7778,CA,"SAN JOSE",95131
2023,"FLIGHT OPERATIONS HOLDINGS LLC",0,0,1,0,54,7089,TX,DALLAS,75261
2023,"FLOCK IS INC",0,0,1,0,54,4601,CA,"SAN FRANCISCO",94107
2023,"FLOCK IS INC",0,0,1,0,54,4601,CA,"SAN FRANCISCO",94158
2023,"FLOOID INC",0,0,1,0,54,6696,OH,CINCINNATI,45242
2023,"FLOORPLAY LLC",0,0,1,0,54,2782,NY,"NEW YORK",10065
2023,"FLORIDA ENGINEERING LLC",0,0,1,0,54,4860,FL,"PORT CHARLOTTE",33952
2023,"FLORIDA INSTITUTE FOR HUMAN AND MACHINE COGNITION",0,0,1,0,54,0849,FL,PENSACOLA,32502
2023,"FLORIDA SURPLUS LINES SERVICE OFF",0,0,1,0,54,1857,FL,TALLAHASSEE,32312
2023,"FLUENT LLC",0,0,1,0,54,8053,NY,"NEW YORK",10282
2023,"FLUIDIGM CORPORATION",1,0,0,0,54,3190,CA,"SOUTH SAN FRANCISCO",94080
2023,"FLUNA INC.",0,1,0,0,54,9403,DE,NEWARK,19702
2023,"FLUTURA BUSINESS SOLUTIONS LLC",0,1,0,0,54,5335,TX,HOUSTON,77057
2023,"FLUXTEK SOLUTIONS INC",2,0,5,0,54,4281,TX,HOUSTON,77036
2023,"FLYSOFT INC",4,0,4,1,54,8257,NJ,JAMESBURG,08831
2023,"FLYSOFT INC",3,0,2,0,54,8257,NJ,"MONROE TOWNSHIP",08831
2023,"FM SYSTEMS GROUP LLC",0,0,1,0,54,5175,,,
2023,"FMC TECHNOLOGIES INC",0,0,1,0,54,2642,TX,HOUSTON,77044
2023,"FME INVESTMENT INC",1,0,0,0,54,2624,FL,MIAMI,33177
2023,"FMO ENGINEERING PC",0,0,1,0,54,6103,NY,"NEW YORK",10027
2023,"FOCALONE SOFT INC",8,4,1,0,54,8366,CA,DOWNEY,90241
2023,"FOCUS CORE INC",1,0,3,0,54,8690,IL,"HOFFMAN ESTATES",60169
2023,"FOCUS ENGINEERING AND SURVEYING LLC",1,0,0,0,54,2822,UT,MIDVALE,84047
2023,"FOCUS IT INC",0,0,2,0,54,5489,FL,"WESLEY CHAPEL",33544
2023,"FOCUSED HR SOLUTIONS LLC",0,0,1,0,54,8531,,,
2023,"FOCUSKPI INC",1,0,1,0,54,8193,CA,"SANTA CLARA",95054
2023,"FOCUSSOFT TECH INC",0,0,1,0,54,8373,OH,DUBLIN,43017
2023,FOCUZMINDZ,2,0,0,0,54,8319,TX,"SUGAR LAND",77479
2023,FOCUZMINDZ,1,0,0,0,54,8319,TX,SUGARLAND,77479
2023,"FOGARTY FINGER ARCHITECTURE PLLC",0,0,5,0,54,0041,NY,"NEW YORK",10013
2023,"FOGHORN THERAPEUTICS INC",0,0,4,0,54,1393,MA,CAMBRIDGE,02139
2023,"FOLEY HOAG LLP",0,1,2,0,54,0535,MA,BOSTON,02210
2023,"FOLEY LARDNER LLP",1,0,0,0,54,3800,WI,MILWAUKEE,53202
2023,"FOLLO SOFTWARE LLC",0,0,1,0,54,2905,TX,DALLAS,75204
2023,"FONTEVA LLC",0,0,1,0,54,3401,VA,ARLINGTON,22203
2023,"FONTEVA LLC",0,0,4,0,54,3401,VA,ARLINGTON,22201
2023,"FOOD AND DRUG ADMINISTRATION HHS",2,0,0,0,54,6965,,,
2023,"FOOD AND DRUG ADMINISTRATION HHS",11,0,18,0,54,6965,MD,BETHESDA,20892
2023,"FORCEBEYOND LLC",0,0,1,0,54,8728,DE,"NEW CASTLE",19720
2023,"FORENSIC RISK ALLIANCE INC",1,0,0,0,54,7101,RI,PROVIDENCE,02903
2023,"FORESCOUT TECHNOLOGIES INC",0,0,1,0,54,6800,TX,PLANO,75093
2023,"FORESITE LABS LLC",0,0,1,0,54,7238,CA,"SAN FRANCISCO",94108
2023,"FORESTINDO INC",1,0,0,0,54,0271,CA,"EL MONTE",91732
2023,"FORGE ARCHITECTURE",0,0,1,0,54,7341,CA,"SAN FRANCISCO",94111
2023,"FORGE TECHNOLOGIES INC",1,1,5,0,54,2011,NJ,EDISON,08817
2023,"FORM BIO INC",0,0,1,0,54,2346,TX,AUSTIN,78701
2023,"FORMA CLOUD INC",1,0,0,0,54,4732,CA,"MENLO PARK",94025
2023,"FORMAGRID INC DBA AIRTABLE",1,0,9,0,54,0030,CA,"SAN FRANCISCO",94103
2023,"FORMAN WATKINS & KRUTZ LLP",0,0,1,0,54,5886,MS,JACKSON,39201
2023,"FORMERLY KNOWN AS LLC",0,0,1,0,54,2330,NY,"NEW YORK",10014
2023,"FORRESTER RESEARCH INC",0,0,1,0,54,,,,
2023,"FORRESTER RESEARCH INC",0,0,2,0,54,,MA,CAMBRIDGE,02140
2023,"FORSIGHT TECHNOLOGIES INC",0,0,2,0,54,5361,MA,CAMBRIDGE,02139
2023,"FORSK US INC",0,0,1,0,54,0335,IL,CHICAGO,60606
2023,"FORSMAN BODENFORS",0,0,1,0,54,5159,NY,"NEW YORK",10007
2023,"FORSYS INC",1,0,4,2,54,9681,CA,MILPITAS,95035
2023,"FORSYTH INSTITUTE",3,1,0,0,54,4230,MA,CAMBRIDGE,02142
2023,"FORTE CONSULTING LLC",0,0,1,0,54,1508,NJ,PRINCETON,08540
2023,"FORTGENS INC",0,0,0,2,54,1503,MA,BOSTON,02116
2023,"FORTINET INC",0,0,1,0,54,0389,,,
2023,"FORTINET INC",1,0,64,1,54,0389,CA,SUNNYVALE,94086
2023,"FORTIS TALENT LLC",0,0,2,0,54,1421,TX,RICHARDSON,75080
2023,"FORTISVIEW LLC",1,3,10,0,54,3912,NC,RALEIGH,27615
2023,"FORTNA INC",1,0,13,0,54,9371,GA,ATLANTA,30309
2023,"FORTRESS PROPRIETAS PC",0,0,1,0,54,5667,VA,NORFOLK,23510
2023,"FORTUNE MINDS INC",5,0,2,0,54,4622,TX,FRISCO,75034
2023,"FORTUNET TECHNOLOGIES INC",2,0,0,0,54,8022,IL,"BUFFALO GROVE",60089
2023,"FORUM BRANDS LLC",1,0,0,0,54,9346,NY,"NEW YORK",10011
2023,"FORVIS LLP",0,0,3,0,54,0260,TX,DALLAS,75254
2023,"FORWARD NETWORKS INC",0,0,2,0,54,5768,CA,"SANTA CLARA",95054
2023,"FORZA SILICON CORPORATION",0,0,1,0,54,0341,CA,PASADENA,91107
2023,"FOSSIL ENERGY RESEARCH CORPORATION",0,0,1,0,54,0870,CA,"LAGUNA HILLS",92653
2023,"FOUMBERG JUNEJA ROCHER AND CO PC",0,0,2,0,54,2072,CA,ENCINO,91436
2023,"FOUNDATION FOR APPLIED MOLECULAR EVOLUTION INC",0,0,1,0,54,1957,FL,ALACHUA,32615
2023,"FOUR BENDS LLC",1,0,0,0,54,0284,NJ,PISCATAWAY,08854
2023,"FOUR COLORS TECHNOLOGY LLC",0,0,1,0,54,4019,MA,SHREWSBURY,01545
2023,"FOURTH ENTERPRISES LLC",0,1,0,0,54,1558,TX,"CEDAR PARK",78613
2023,"FOURTH QUARTER STAFFING, INC.",1,1,0,0,54,9587,TX,"LITTLE ELM",75068
2023,"FOURTH TECHNOLOGIES INC",3,0,4,0,54,5001,NJ,"CHERRY HILL",08003
2023,"FOURTHSQUARE LLC",1,0,0,0,54,1925,TX,IRVING,75062
2023,"FOX NESBIT ENGINEERING LLC",0,0,1,0,54,1647,LA,"BATON ROUGE",70810
2023,"FOXCONN ASSEMBLY LLC",1,0,0,0,54,9507,TX,HOUSTON,77064
2023,"FOXCONN EV SYSTEM LLC",0,0,1,0,54,7878,OH,WARREN,44481
2023,"FOXCONN HON HAI LOGISTICS CALIFORNIA LLC",0,0,1,0,54,1889,CA,"DIAMOND BAR",91765
2023,"FPT USA CORPORATION",1,0,13,0,54,7411,TX,RICHARDSON,75081
2023,"FRACSYS INC",0,0,0,1,54,8993,VA,LEESBURG,20175
2023,"FRACTAL ANALYTICS INC",3,0,25,0,54,0961,NY,"NEW YORK",10007
2023,"FRAGOMEN DEL REY BERNSEN & LOEWY LLP",1,0,0,0,54,,NJ,TRENTON,08611
2023,"FRAMESTORE INC",0,3,0,0,54,7017,NY,"NEW YORK",10006
2023,"FRAMEWORKS INSTITUTE",2,0,0,0,54,1642,DC,WASHINGTON,20005
2023,"FRANCIS WONG CPA",0,0,1,0,54,2925,CA,"SAN FRANCISCO",94116
2023,"FRANK J QUATELA ARCHITECT PC",0,0,1,0,54,2980,NY,FLUSHING,11358
2023,"FRANK N MAGID ASSOCIATES INC DBA MAGID",0,0,1,0,54,4975,MN,BLOOMINGTON,55437
2023,"FRANK SHIRLEY ARCHITECTS",0,0,1,0,54,8318,MA,CAMBRIDGE,02139
2023,"FRANKEL LOUGHRAN STARR VALLONE LLP",0,0,2,0,54,0905,NY,"GARDEN CITY",11530
2023,"FRANKLIN ENERGY SERVICES LLC",0,0,1,0,54,5644,IL,CHICAGO,60607
2023,"FRANKLIN GLOBAL SOLUTIONS INC",0,1,0,0,54,1425,PA,HANOVER,17331
2023,"FRANKLIN INFOTECH INC",5,0,4,0,54,6678,TX,"CEDAR PARK",78613
2023,"FRANKLIN MADISON GROUP LLC",0,0,1,0,54,7961,TN,FRANKLIN,37067
2023,"FRANKTEC LLC",0,0,1,0,54,2060,NV,"LAS VEGAS",89102
2023,"FRAUNHOFER USA INC",1,0,0,0,54,3030,MI,PLYMOUTH,48170
2023,"FRED HUTCHINSON CANCER RES CENTER",0,0,0,1,54,6071,WA,SEATTLE,98109
2023,"FREDRIKSON & BYRON, P.A.",1,0,0,0,54,1937,MN,MINNEAPOLIS,55402
2023,"FREE RANGE GAMES",0,0,1,0,54,5968,CA,SAUSALITO,94965
2023,"FREEDOM DEBT RELIEF LLC",0,0,2,0,54,0712,CA,"SAN MATEO",94402
2023,"FREEDOM SOLUTIONS GROUP LLC",0,0,2,0,54,6327,IL,CHICAGO,60661
2023,"FREELANCE LABS INC DBA BRAINTRUST NETWORKS",0,0,1,0,54,9846,NV,"LAS VEGAS",89109
2023,"FREENOME HOLDINGS INC",1,0,1,0,54,2661,CA,"SOUTH SAN FRANCISCO",94080
2023,"FREESE AND NICHOLS INC",0,0,1,0,54,1935,TX,"FORT WORTH",76102
2023,"FREQUENCE INC",0,0,2,0,54,4925,CA,"MOUNTAIN VIEW",94041
2023,"FRESH GRAVITY INC",0,1,1,0,54,1271,CA,"SANTA CLARA",95054
2023,"FRESH GRAVITY INC",0,0,1,0,54,1271,TX,"FLOWER MOUND",75022
2023,"FRESHFIELDS BRUCKHAUS DERINGER US LLP",0,0,3,0,54,5119,NY,"NEW YORK",10022
2023,"FREYR INC",0,0,9,0,54,2186,NJ,PRINCETON,08540
2023,"FREYSSINET INC",0,0,1,0,54,2485,VA,STERLING,20166
2023,"FRIED FRANK HARRIS SHRIVER JACOBSON LLP",0,0,2,0,54,4867,NY,"NEW YORK",10004
2023,"FRIEDE & GOLDMAN LLC DBA FRIEDE & GOLDMAN LTD",0,0,1,0,54,4782,TX,HOUSTON,77042
2023,"FRIEDMAN LLP",3,0,0,0,54,0809,NY,"NEW YORK",10006
2023,"FRIENDLY CONSULTANTS INC",8,0,13,0,54,7842,NJ,PRINCETON,08540
2023,"FRIENDLY CONSULTANTS INC",0,0,1,0,54,7842,,,
2023,"FRONTAGE LABORATORIES INC",1,1,7,0,54,7574,PA,EXTON,19341
2023,"FRONTAGE TECHNOLOGIES, INC.",2,0,0,0,54,8376,MN,ROCHESTER,55901
2023,"FRONTED ARTS",1,0,0,0,54,4952,TX,IRVING,75062
2023,"FRONTIER IT SOLUTIONS INC",1,0,0,0,54,4456,VA,ASHBURN,20148
2023,"FRONTIER IT SOLUTIONS INC",17,0,0,0,54,4456,VA,STERLING,20166
2023,"FRONTIER SCIENCE AND TECHNOLOGY RESEARCH FOUNDATION INC",0,0,1,0,54,6814,MA,BROOKLINE,02446
2023,"FRONTIER SCIENCE AND TECHNOLOGY RESEARCH FOUNDATION INC",0,0,1,0,54,6814,NY,BUFFALO,14226
2023,"FRONTIER TECHNOLOGIES LLC",0,0,3,1,54,8642,IL,NAPERVILLE,60563
2023,"FROSS ZELNICK LEHRMAN ZISSU PC",0,0,1,0,54,6281,NY,"NEW YORK",10036
2023,"FRUGAL SOLUTIONS INC",5,0,1,0,54,5779,CA,FREMONT,94536
2023,"FRUITION PARTNERS INC",0,0,1,0,54,8015,VA,ASHBURN,20147
2023,"FSI CONSULTING ENGINEERS INC DBA FSI ENGINEERS",0,0,1,0,54,7802,WA,SEATTLE,98104
2023,"FSTECK LLC",3,0,0,0,54,3413,NC,RALEIGH,27609
2023,"FTI CONSULTING SC INC",0,0,2,0,54,8710,MD,BOWIE,20715
2023,"FTI CONSULTING TECHNOLOGY LLC",0,0,1,0,54,6098,MD,BOWIE,20715
2023,"FTI LLC",0,0,8,1,54,5396,MD,BOWIE,20715
2023,"FTN ASSOCIATES LTD",0,0,1,0,54,2992,AR,"LITTLE ROCK",72211
2023,"FUBEUS INC",0,0,0,1,54,0871,TX,DALLAS,75208
2023,"FUGE TECHNOLOGIES INC",0,0,2,0,54,0600,TX,IRVING,75063
2023,"FUGEN IT SOLUTIONS INC",4,0,0,0,54,0761,NJ,PRINCETON,08540
2023,"FUGRO USA MARINE INC",0,0,2,0,54,7796,TX,HOUSTON,77081
2023,"FUJITSU NETWORK COMMUNICATIONS INC",0,0,6,0,54,4286,TX,RICHARDSON,75082
2023,"FUJITSU NORTH AMERICA INC",0,0,2,0,54,4843,,,
2023,"FUJITSU NORTH AMERICA INC",10,1,37,2,54,4843,PA,PITTSBURGH,15205
2023,"FULCRUM ANALYTICS INC",0,0,1,0,54,5575,NY,"NEW YORK",10018
2023,"FULCRUM DIGITAL INC",1,0,3,0,54,7129,NJ,"JERSEY CITY",07310
2023,"FULCRUM THERAPEUTICS INC",0,0,1,0,54,9948,MA,CAMBRIDGE,02139
2023,"FULFILLMENT IQ INC",1,0,0,0,54,8279,GA,ALPHARETTA,30009
2023,"FULGENT THERAPEUTICS LLC",0,0,1,0,54,0050,CA,"TEMPLE CITY",91780
2023,"FULL SPECTRUM SOFTWARE LLC",0,0,1,0,54,3139,MA,SOUTHBOROUGH,01772
2023,"FULLERTON ENGINEERING CONSULTANTS LLC",0,0,1,0,54,7244,IL,SCHAUMBURG,60173
2023,"FULLSTACK LABS LLC",1,0,0,0,54,2018,TX,"SAN ANTONIO",78258
2023,"FULLSTORY INC",0,0,2,0,54,7411,GA,ATLANTA,30309
2023,"FUNGIBLE INC",0,0,5,0,54,2162,CA,"SANTA CLARA",95054
2023,"FURNITURE.COM AMERICA LLC",0,0,2,0,54,5105,GA,ATLANTA,30319
2023,"FURNITURE.COM AMERICA LLC",0,0,1,0,54,5105,GA,BROOKHAVEN,30319
2023,"FURTHER LLC",1,0,0,0,54,1670,PA,"BLUE BELL",19422
2023,"FUSEGLOBAL PARTNERS INC",1,0,1,0,54,4117,CA,KENSINGTON,94707
2023,"FUSION ARCHITECTURAL INTERIOR DESIGN INC",1,0,0,0,54,9382,GA,WOODSTOCK,30189
2023,"FUSION CONSULTING INC",1,0,0,0,54,6739,TX,DALLAS,75234
2023,"FUSION CONSULTING INC",1,0,0,0,54,6739,TX,"FARMERS BRANCH",75234
2023,"FUSION GLOBAL SOLUTIONS LLC",3,0,9,0,54,9033,TX,PLANO,75074
2023,"FUSION GLOBAL TECHNOLOGIES AND SOLUTIONS INC",3,0,0,0,54,6041,TX,PLANO,75074
2023,"FUSION LABORATIES INC DBA NPACT",0,0,1,0,54,2422,TX,DALLAS,75240
2023,"FUSION LIFE SCIENCES TECHNOLOGIES",1,1,28,4,54,3618,GA,ALPHARETTA,30004
2023,"FUSION PLUS SOLUTIONS INC",0,0,2,0,54,3964,,,
2023,"FUSION PLUS SOLUTIONS INC",0,0,26,0,54,3964,NJ,EDISON,08817
2023,"FUSION SOFTWARE SOLUTIONS LLC",1,0,0,0,54,0608,CT,"SOUTH WINDSOR",06074
2023,"FUTRAN SOLUTIONS INC",1,1,0,0,54,7067,NJ,EDISON,08817
2023,"FUTRAN SOLUTIONS INC",0,0,1,0,54,7067,NJ,EDISON,08837
2023,"FUTRONICS NA CORPORATION",0,0,1,0,54,7719,CA,PASADENA,91101
2023,"FUTURE EFFECTS STUDIO LLC",0,0,1,0,54,6051,NY,"NEW YORK",10017
2023,"FUTURE GREEN DESIGN CORP DBA FUTURE GREEN STUDIO",0,0,1,0,54,5253,NY,BROOKLYN,11231
2023,"FUTURE TECHNOLOGY INVESTMENT HOLDINGS INC",0,0,1,0,54,9853,,,
2023,"FUTURE TECHNOLOGY INVESTMENT HOLDINGS INC",0,0,1,0,54,9853,CA,"EL SEGUNDO",90245
2023,"FUTUREMINDZ LLC",4,0,1,0,54,4687,NJ,PARAMUS,07652
2023,"FUTUREMINDZ LLC",0,0,1,0,54,4687,NJ,PARAMUS,07652
2023,"FUTURES ACTION NETWORK LLC",2,0,1,0,54,0239,NY,"NEW YORK",10011
2023,"FUTURETECH CONSULTANTS LLC",0,0,2,2,54,0897,GA,NORCROSS,30092
2023,"FUTURIS TECHNOLOGY SERVICES INC",1,0,0,0,54,7195,VA,ASHBURN,20147
2023,"FXCOLLABORATIVE ARCHITECTS LLP",0,0,1,0,54,3610,NY,BROOKLYN,11201
2023,"FYNBOSYS INC",1,0,3,0,54,4006,CA,SACRAMENTO,95834
2023,"FYUSION INC",0,0,3,0,54,8636,CA,"SAN FRANCISCO",94107
2023,"G&S&L HOLDINGS LLC DBA LYNN GROUP",0,0,1,0,54,8914,TX,"BAY CITY",77414
2023,"G-INFOTECH INC",9,0,0,0,54,2609,NJ,"NEW BRUNSWICK",08901
2023,"G10X INC",1,0,0,0,54,1670,CA,IRVINE,92618
2023,"G2.COM INC",1,0,0,0,54,2087,IL,CHICAGO,60606
2023,"G2O LLC",2,0,3,1,54,4572,OH,DUBLIN,43017
2023,"G2PLANET INC",0,0,1,0,54,3060,MN,MINNEAPOLIS,55413
2023,"G3 SOFT INC",0,0,8,0,54,8471,NJ,EDISON,08817
2023,"GA ENVIRONMENTAL PROTECTION DIV",1,0,0,0,54,0945,GA,ATLANTA,30334
2023,"GABBI INC",1,0,0,0,54,9145,OR,PORTLAND,97217
2023,"GADGEON SYSTEMS INC",2,0,0,0,54,3466,CA,MILPITAS,95035
2023,"GAEA GLOBAL TECHNOLOGIES INC",0,0,1,0,54,4874,CA,"SANTA CLARA",95054
2023,"GAGE MEYER ENGINEERS PC DBA EDG",0,0,1,0,54,9948,NY,"NEW YORK",10018
2023,"GAIN THEORY LLC",1,0,0,0,54,3806,NY,"NEW YORK",10007
2023,"GAINSYSTEMS INC",0,0,1,0,54,3084,IL,CHICAGO,60622
2023,"GAINWELL TECHNOLOGIES LLC",0,0,1,0,54,0177,,,
2023,"GAINWELL TECHNOLOGIES LLC",5,0,27,0,54,0177,AR,CONWAY,72034
2023,"GAINWELL TECHNOLOGIES LLC",0,0,1,0,54,0177,AR,CONWAY,72034
2023,"GAIT SOLUTIONS LLC",1,0,0,0,54,0712,NC,DURHAM,27703
2023,"GALAX-ESYSTEMS CORPORATION",10,0,12,0,54,5506,PA,PITTSBURGH,15219
2023,"GALAXE SOLUTIONS INC",2,0,24,2,54,2071,NJ,SOMERSET,08873
2023,"GALAXY I TECHNOLOGIES INC",0,0,1,0,54,4416,,,
2023,"GALAXY I TECHNOLOGIES INC",9,1,16,0,54,4416,AZ,SCOTTSDALE,85260
2023,"GALAXY INTERNATIONAL GROUP LLC",0,0,1,0,54,6863,NJ,PRINCETON,08540
2023,"GALAXY IT LLC",8,0,0,0,54,1162,TX,PLANO,75024
2023,"GALAXY SOFTWARE SOLUTIONS INC",1,0,5,1,54,1105,MI,CANTON,48187
2023,"GALAXY SOLUTIONS INC",2,0,0,0,54,0049,CA,"GRANITE BAY",95746
2023,"GALAXY US OPCO INC DBA VIALTO PARTNERS",0,0,4,0,54,3943,NY,"NEW YORK",10022
2023,"GALAXY3 CORP INC",1,0,3,0,54,6114,TN,COLLIERVILLE,38027
2023,"GALE PARTNERS LLC",0,0,1,0,54,0400,,,
2023,"GALEANO LI LEI AND VILLEGAS CPA LLC",0,0,1,0,54,7583,GA,ATLANTA,30340
2023,"GALEY SYSTEMS INC",1,0,1,0,54,9248,CO,BROOMFIELD,80020
2023,"GALLAGHER & ASSOC LLC",0,0,0,1,54,5723,DC,WASHINGTON,20002
2023,"GALLAGHER & ASSOCIATES LLC",0,0,3,0,54,5723,DC,WASHINGTON,20002
2023,"GALLEGA SOFTWARE SOLUTIONS INC",0,0,1,0,54,9887,,,
2023,"GALLEGA SOFTWARE SOLUTIONS INC",2,2,3,0,54,9887,GA,ALPHARETTA,30005
2023,"GALLEROS ROBINSON CPAS LLP",1,0,0,0,54,3553,NY,"NEW YORK",10022
2023,"GALLUP INC",1,0,3,0,54,9771,NE,OMAHA,68102
2023,"GALVANIZE THERAPEUTICS INC",0,0,1,0,54,5510,CA,"REDWOOD CITY",94065
2023,"GALY CO",0,0,1,0,54,0167,,,
2023,"GALY CO",0,0,1,0,54,0167,MA,BOSTON,02129
2023,"GALY CO",0,0,2,0,54,0167,MA,CHARLESTOWN,02129
2023,"GAMAN CONSULTING INC",2,0,0,0,54,2243,OH,"LEWIS CENTER",43035
2023,"GAME SEVEN MARKETING PRODUCTIONS",1,0,0,0,54,5536,NY,BROOKLYN,11201
2023,"GAMMA TECHNOLOGIES LLC",0,0,4,0,54,9691,IL,WESTMONT,60559
2023,"GAMUT SOURCE LLC",2,0,0,0,54,0667,TX,AUSTIN,78705
2023,"GANNETT CO INC",0,0,1,0,54,0983,VA,"MC LEAN",22107
2023,"GANNETT FLEMING ENGINEERS AND ARCHITECTS PC",0,0,2,0,54,5505,PA,"CAMP HILL",17011
2023,"GANNETT FLEMING INC",1,0,11,0,54,3591,PA,"CAMP HILL",17011
2023,"GANNU SOFTWARE INC",0,0,6,0,54,7964,IL,SCHAUMBURG,60195
2023,"GANTEC CORPORATION",1,0,0,0,54,2754,IL,SCHAUMBURG,60173
2023,"GANTEC PUBLISHING SOLUTIONS LLC",2,0,6,0,54,0141,IL,SCHAUMBURG,60173
2023,"GAR TECHNOLOGIES INC",6,0,3,0,54,1380,NJ,"MOUNT LAUREL",08054
2023,"GARDEN STATE LABORATORIES INC",0,0,1,0,54,5921,NJ,HILLSIDE,07205
2023,"GARDINER THEOBALD INC",0,0,3,0,54,5197,NY,"NEW YORK",10017
2023,"GARG AND ASSOCIATES INC",1,0,0,0,54,9720,FL,"FORT LAUDERDALE",33351
2023,"GARNIEK GROUP INC",0,0,1,0,54,4816,CA,"LOS GATOS",95030
2023,"GARRISON ARCHITECTS",0,0,1,0,54,4518,NY,BROOKLYN,11201
2023,"GARTNER INC",1,0,26,0,54,9750,CT,STAMFORD,06902
2023,"GARVER LLC",0,0,1,0,54,3400,AR,"NORTH LITTLE ROCK",72118
2023,"GARVER LLC",0,0,2,0,54,3400,AR,ROGERS,72758
2023,"GASOLINE RETAIL FACILITIES CONSULTING",0,0,1,0,54,1366,CA,"LOS ANGELES",90039
2023,"GATEHOUSE BIO INC",0,0,1,0,54,5637,MA,NATICK,01760
2023,"GATEWAY SOLUTIONS INC",13,0,8,0,54,0534,KS,"OVERLAND PARK",66213
2023,"GATHI ANALYTICS LLC",0,0,6,0,54,7978,OH,DUBLIN,43017
2023,"GATHI ANALYTICS LLC",0,0,2,0,54,7978,TX,PLANO,75024
2023,"GATHI ANALYTICS LLC",0,0,1,0,54,7978,,,
2023,"GATI TECH INC",4,0,0,0,54,5910,IL,SCHAUMBURG,60173
2023,"GATIK AI INC",0,0,2,0,54,4832,CA,"MOUNTAIN VIEW",94041
2023,"GATIX E SOLUTIONS INC",24,0,0,0,54,5524,KS,WICHITA,67202
2023,"GATOR BIO INC",1,0,0,1,54,3187,CA,"PALO ALTO",94303
2023,"GAVIN IT SOLUTIONS INC",0,1,0,0,54,7881,TX,DALLAS,75234
2023,"GAVS TECHNOLOGIES NA INC",0,0,0,1,54,9502,,,
2023,"GAVS TECHNOLOGIES NA INC",4,0,15,0,54,9502,NJ,PRINCETON,08540
2023,"GAYNER ENGINEERS CORP",0,0,1,0,54,3361,CA,"SAN FRANCISCO",94109
2023,"GB TECH INC",5,0,3,1,54,7348,DE,MIDDLETOWN,19709
2023,"GBR ARCHITECTS LLC",0,0,1,0,54,9705,VA,ALEXANDRIA,22314
2023,"GBSN INFOTECH INC",3,0,0,0,54,0127,MI,FARMINGTON,48335
2023,"GBSN INFOTECH INC",1,0,0,0,54,0127,MI,"FARMINGTON HILLS",48335
2023,"GCOM INFORMATION TECHNOLOGY INC",7,0,3,0,54,8188,MD,COLUMBIA,21044
2023,"GCOM SOFTWARE LLC",0,0,1,0,54,2922,,,
2023,"GCOM SOFTWARE LLC",0,0,8,1,54,2922,MD,COLUMBIA,21046
2023,"GD INFOTEK LLC",3,0,0,0,54,2669,VA,HERNDON,20171
2023,"GDN INFOTECH INC",2,0,3,0,54,7121,IN,INDIANAPOLIS,46241
2023,"GDN INFOTECH INC",0,0,1,0,54,7121,,,
2023,"GE DIGITAL HOLDINGS LLC",1,0,8,0,54,2376,CA,"SAN RAMON",94583
2023,"GEA SYSTEMS NORTH AMERICA LLC",0,0,1,0,54,1605,MD,COLUMBIA,21045
2023,"GEAKMINDS INC",0,0,1,0,54,3471,VA,ALDIE,20105
2023,"GEDEON ENGINEERING PC DBA GEDEON GRC CONSULTING",0,0,1,0,54,1406,NY,SYOSSET,11791
2023,"GEEKSOFT LLC",0,0,5,1,54,7757,NJ,EDISON,08817
2023,"GEERDES AND KIM LLC",0,0,2,0,54,9575,GA,ALPHARETTA,30009
2023,"GEGA IT SOLUTIONS INC",0,0,1,0,54,4627,NY,BROOKLYN,11201
2023,"GEI CONSULTANTS INC",0,0,2,0,54,8348,MA,WOBURN,01801
2023,"GELIA WELLS MOHR INC",0,0,1,0,54,4960,NY,BUFFALO,14221
2023,"GEMINI CONSULTING & SERVICES LLC",0,0,5,0,54,2481,MO,CHESTERFIELD,63017
2023,"GEMINI CONSULTING & SERVICES LLC",8,0,0,1,54,2481,MO,"SAINT LOUIS",63127
2023,"GEMINISOFT SOLUTIONS INC",1,0,0,0,54,7524,MO,CHESTERFIELD,63005
2023,"GEMINISOFT SOLUTIONS INC",8,0,7,0,54,7524,MO,"SAINT LOUIS",63141
2023,"GEMOLOGICAL APPRAISAL LABORATORY OF AMERICA INC",0,0,1,0,54,9368,NY,"NEW YORK",10036
2023,"GEMOLOGICAL INSTITUTE OF AMERICA INC",3,0,2,0,54,7687,CA,CARLSBAD,92008
2023,"GEN NINE INC",0,0,1,0,54,5302,KY,COVINGTON,41011
2023,"GENELEAP BIOTECH LLC",0,0,1,0,54,3081,MA,WOBURN,01801
2023,"GENEMED SYNTHESIS INC",0,0,1,0,54,4690,TX,"SAN ANTONIO",78249
2023,"GENEMS SYSTEMS INC",3,0,0,0,54,6954,NC,CHARLOTTE,28203
2023,"GENENIUS GENETICS",0,0,1,0,54,2379,CA,"SAN DIEGO",92121
2023,"GENENTECH INC",4,0,37,0,54,7624,CA,"SOUTH SAN FRANCISCO",94080
2023,"GENENTECH USA INC",0,0,10,0,54,8096,CA,"SOUTH SAN FRANCISCO",94080
2023,"GENER8 LLC",1,0,0,0,54,4122,CA,SUNNYVALE,94085
2023,"GENERAL ALUMINUM MFG. COMPANY",0,0,1,0,54,1582,OH,RAVENNA,44266
2023,"GENERAL DATATECH L P",0,0,0,1,54,6261,TX,DALLAS,75247
2023,"GENERAL DYNAMICS INFORMATION TECHNOLOGY INC",0,0,1,0,54,4322,,,
2023,"GENERAL DYNAMICS INFORMATION TECHNOLOGY INC",0,0,11,0,54,4322,VA,"FALLS CHURCH",22042
2023,"GENERAL ELECTRIC COMPANY",0,0,9,0,54,9340,NY,NISKAYUNA,12309
2023,"GENERAL NETWORKS CORPORATION",0,0,1,0,54,8555,CA,GLENDALE,91208
2023,"GENERAL UI LLC",0,0,1,0,54,6715,WA,SEATTLE,98103
2023,"GENERATE BIOMEDICINES INC",0,0,2,0,54,0228,MA,SOMERVILLE,02143
2023,"GENERATION BIO CO",1,0,0,0,54,1284,MA,CAMBRIDGE,02142
2023,"GENERIC SOLUTIONS INC",4,0,0,0,54,5700,TX,DALLAS,75234
2023,"GENESES TECH SOLUTIONS LLC",10,0,1,0,54,0904,AZ,TEMPE,85283
2023,"GENESIS CORP DBA GENESIS10",0,0,1,0,54,1496,,,
2023,"GENESIS CORP DBA GENESIS10",0,0,11,0,54,1496,NY,"NEW YORK",10022
2023,"GENESIS INFORMATION TECHNOLOGY",2,0,0,0,54,9915,TX,IRVING,75039
2023,"GENESIS MEDTECH USA INC",0,0,1,0,54,7859,MN,MINNEAPOLIS,55416
2023,"GENESIS MEDTECH USA INC",1,0,0,0,54,7859,MN,"SAINT LOUIS PARK",55416
2023,"GENESIS RESEARCH LLC",0,0,4,0,54,0647,NJ,HOBOKEN,07030
2023,"GENESIS SOFTWARE SOLUTIONS INC",4,0,0,0,54,5521,MI,FARMINGTON,48334
2023,"GENESIS SOFTWARE SOLUTIONS INC",2,1,0,0,54,5521,MI,"FARMINGTON HILLS",48334
2023,"GENESIS TECHSYSTEMS INC",1,0,0,0,54,7893,TX,HOUSTON,77074
2023,"GENESYS CONSULTING SERVICES INC",0,0,1,0,54,7839,NY,ALBANY,12205
2023,"GENEX SYSTEMS LLC",0,0,1,0,54,1699,VA,"NEWPORT NEWS",23606
2023,"GENIES INC",0,0,2,0,54,7846,CA,"LOS ANGELES",90066
2023,"GENISIS TECHNOLOGY SOLUTIONS INC",2,0,1,0,54,3882,NJ,HILLSBOROUGH,08844
2023,"GENISYS TECHNOLOGIES INC",5,0,1,0,54,0514,MN,MINNEAPOLIS,55447
2023,"GENISYS TECHNOLOGIES INC",2,0,0,0,54,0514,MN,PLYMOUTH,55447
2023,"GENIUS BUSINESS SOLUTIONS INC",0,0,2,0,54,9621,IL,MOLINE,61265
2023,"GENIUS MINDS LLC",2,0,2,0,54,7091,WA,TACOMA,98402
2023,"GENIUS SIS LLC",0,0,1,0,54,9391,FL,HALLANDALE,33008
2023,"GENMAB US INC",0,0,5,0,54,1084,NJ,PLAINSBORO,08536
2023,"GENOMATICA INC",0,0,2,0,54,1527,CA,"SAN DIEGO",92121
2023,"GENOME INTERNATIONAL CORPORATION",1,0,8,0,54,7371,WI,MADISON,53717
2023,"GENOMIC HEALTH INC",0,0,1,0,54,2594,CA,"REDWOOD CITY",94063
2023,"GENOSPEC INC",0,0,1,0,54,0822,TX,HOUSTON,77024
2023,"GENPACT LLC",0,0,1,0,54,8826,,,
2023,"GENPACT LLC",3,1,58,0,54,8826,NJ,"SHORT HILLS",07078
2023,"GENPACT LLC",0,0,1,0,54,8826,NJ,"SOUTH ORANGE",07079
2023,"GENPREX INC",0,0,1,0,54,2347,TX,AUSTIN,78746
2023,"GENPX INC",3,0,0,0,54,5284,TX,IRVING,75039
2023,"GENPX INC",2,0,5,0,54,5284,TX,IRVING,75062
2023,"GENSCRIPT USA INC",0,0,3,0,54,4831,NJ,PISCATAWAY,08854
2023,"GENSECURE INC",0,0,1,0,54,6979,NJ,PISCATAWAY,08854
2023,"GENSYS CORP DBA SOFTWARE RESONANCE GROUP INC",1,2,0,0,54,0549,OH,DUBLIN,43017
2023,"GENTIS SOLUTIONS, LLC.",2,0,0,0,54,6838,KY,COVINGTON,41011
2023,"GENUINEIT LLC",1,0,11,0,54,1924,TX,HOUSTON,77036
2023,"GENZYME CORPORATION",0,0,1,0,54,7163,MA,CAMBRIDGE,02141
2023,"GENZYME CORPORATION",0,0,7,0,54,7163,MA,CAMBRIDGE,02141
2023,"GEO ENGINEERING & TESTING INC",1,0,0,0,54,1187,GU,TAMUNING,96931
2023,"GEOCOMP CORPORATION",0,0,1,0,54,2414,MA,ACTON,01720
2023,"GEOCOVE INC",0,0,1,0,54,3419,NY,CHEEKTOWAGA,14225
2023,"GEODIS LOGISTICS LLC",1,0,15,0,54,8798,TN,BRENTWOOD,37027
2023,"GEODIS USA LLC",0,0,1,0,54,3430,TN,BRENTWOOD,37027
2023,"GEOMATRIX SOFTWARE SERVICES INC",4,0,4,1,54,1120,NJ,"BOUND BROOK",08805
2023,"GEOMETRIC AMERICAS INC",0,0,1,0,54,8140,,,
2023,"GEOMETRIC AMERICAS INC",7,0,7,0,54,8140,MI,TROY,48084
2023,"GEONINE INC",0,0,1,0,54,5516,MI,WIXOM,48393
2023,"GEORGIA IT INC",6,0,0,0,54,4271,GA,ALPHARETTA,30005
2023,"GEOSOILS INC",0,0,1,0,54,1493,CA,CARLSBAD,92010
2023,"GEOSYNTEC CONSULTANTS INC",0,0,3,0,54,5134,FL,"BOCA RATON",33487
2023,"GEOTECHNICAL ENGINEERING SERVICES P C",0,0,1,0,54,3124,NY,ELMSFORD,10523
2023,"GEOTECHNICAL RESOURCES INC",0,0,1,0,54,4800,OR,TIGARD,97224
2023,"GEOTEST ENGINEERING INC",0,0,1,0,54,8920,TX,HOUSTON,77036
2023,"GEP ADMINISTRATIVE SVCS INC DBA ENTERTAINMENT PARTNERS LLC",0,0,4,0,54,2325,CA,BURBANK,91505
2023,"GERBERA TECHNOLOGIES INC",1,0,0,0,54,2014,MO,ELLISVILLE,63011
2023,"GERBERA TECHNOLOGIES INC",2,0,0,0,54,2014,MO,"SAINT LOUIS",63146
2023,"GERENT LLC",4,0,2,0,54,5445,VA,HERNDON,20171
2023,"GERMAINS SEED TECHNOLOGY",0,0,1,0,54,7782,CA,GILROY,95020
2023,"GERMAN DESIGN CONSULTING INC",1,0,0,0,54,8446,CA,"LOS ANGELES",90064
2023,"GETIDA LLC FORMERLY ANYTHING YOU NEED LLC",0,0,2,0,54,9062,NJ,TEANECK,07666
2023,"GETTY IMAGES US INC",1,0,0,0,54,8819,NY,"NEW YORK",10007
2023,"GETTY IMAGES US INC",0,0,1,0,54,8819,WA,SEATTLE,98104
2023,"GEVAL6 INC",0,0,1,0,54,9608,IL,"HOFFMAN ESTATES",60169
2023,"GF55 ARCHITECTS LLP",0,0,1,0,54,2361,NY,BROOKLYN,11201
2023,"GF55 ARCHITECTS LLP",0,0,1,0,54,2361,NY,"NEW YORK",10018
2023,"GFM LLC",0,0,1,0,54,8306,MI,ROSEVILLE,48066
2023,"GG  TECH GLOBAL INC",1,0,0,0,54,2529,GA,CUMMING,30041
2023,"GGJ GROUP, LLC DBA BAKERFIELD SOLUTIONS",0,0,1,0,54,6230,IN,ZIONSVILLE,46077
2023,"GHAFARI ASSOCIATES LLC",1,0,1,0,54,0824,MI,DEARBORN,48126
2023,"GHD SERVICES INC",0,0,2,0,54,9774,TX,HOUSTON,77079
2023,"GHILOTTI CONSTRUCTION COMPANY",0,0,1,0,54,3222,CA,"SANTA ROSA",95407
2023,"GHIRARDELLI ASSOCIATES INC",0,0,1,0,54,5064,CA,OAKLAND,94612
2023,"GHOST AUTONOMY INC",0,0,2,0,54,0519,CA,"MOUNTAIN VIEW",94041
2023,"GHOST ROBOTICS",0,1,0,0,54,5142,PA,PHILADELPHIA,19146
2023,"GIANT GREEN GLOBAL LLC",0,0,1,0,54,5347,CA,CARSON,90746
2023,"GIATTINA AYCOCK ARCHITECTURE STUDIO INC",0,1,0,0,54,3327,AL,BESSEMER,35020
2023,"GIBOO INC",0,0,1,0,54,0815,NY,"NEW YORK",10010
2023,"GIBSON DUNN & CRUTCHER LLP",0,0,2,0,54,1234,CA,"LOS ANGELES",90071
2023,"GIGAFORCE INC",0,0,1,0,54,2819,CA,SUNNYVALE,94085
2023,"GIGAMON INC",0,0,5,0,54,3351,CA,"SANTA CLARA",95054
2023,"GIGNAC & ASSOCIATES LLP",0,0,1,0,54,5441,TX,"CORPUS CHRISTI",78401
2023,"GIGSOFT LABS LLC",2,0,0,0,54,5188,TX,AUSTIN,78759
2023,"GIIR AMERICA INC",0,0,1,0,54,3470,NJ,"ENGLEWOOD CLIFFS",07632
2023,"GILEAD SCIENCES INC",0,0,1,0,54,7598,,,
2023,"GILEAD SCIENCES INC",1,0,52,0,54,7598,CA,"FOSTER CITY",94404
2023,"GILEAD SCIENCES INC",0,0,21,0,54,7598,CA,"SAN MATEO",94404
2023,"GILLS PROCESS CONTROL INC",0,0,2,0,54,3708,NC,"ROCKY MOUNT",27804
2023,"GINA SOFOLA & ASSOCIATES INC",1,0,0,0,54,4293,OK,"OKLAHOMA CITY",73102
2023,"GINETECH LABS LLC",0,0,1,0,54,9676,NJ,"EAST BRUNSWICK RD",08816
2023,"GINGER IO INC",0,0,1,0,54,7415,CA,"SAN FRANCISCO",94105
2023,"GINKGO BIOWORKS INC",1,1,4,0,54,8890,MA,BOSTON,02210
2023,"GIRIKON INC",0,0,1,0,54,4370,AZ,PHOENIX,85032
2023,"GIS SURVEYORS INC",0,0,1,0,54,0306,,,
2023,"GISTIC RESEARCH INC",1,0,0,0,54,2665,AZ,TEMPE,85284
2023,"GIVAUDAN FLAVORS CORPORATION",0,0,1,0,54,8592,OH,CINCINNATI,45216
2023,"GIVEPULSE INC",0,0,1,0,54,6330,TX,AUSTIN,78751
2023,"GIVEWITH INC",0,0,1,0,54,1698,TX,AUSTIN,78701
2023,"GIVEWITH LLC",0,0,1,0,54,2610,,,
2023,"GLANSA LLC",2,0,0,0,54,6835,TX,GRAPEVINE,76051
2023,"GLASER WEIL FINK HOWARD AVCHEN SHAPIRO LLP",0,0,1,0,54,6414,CA,"LOS ANGELES",90067
2023,"GLEAN TECHNOLOGIES INC",1,1,4,0,54,5168,CA,"PALO ALTO",94306
2023,"GLENYSYS TECHNOLOGIES INC",0,0,6,1,54,7532,IL,AURORA,60504
2023,"GLICKMAN ENGINEERING ASSOCIATES PLLC",0,0,1,0,54,1480,NY,"NEW YORK",10018
2023,"GLIDEFAST CONSULTING LLC",0,0,1,0,54,0236,MA,WOBURN,01801
2023,"GLMV ARCHITECTURE INC",0,0,2,0,54,3813,KS,WICHITA,67211
2023,"GLOBAL ALLIANT INC",5,0,2,0,54,2455,MD,COLUMBIA,21045
2023,"GLOBAL APPLICATIONS SOLUTIONS LLC",3,0,0,0,54,0681,NJ,"EAST RUTHERFORD",07073
2023,"GLOBAL APPLIED BUSINESS SERVICES CORPORATION",1,0,0,0,54,8486,NC,"HOLLY SPRINGS",27540
2023,"GLOBAL APPS INC",4,0,1,0,54,2226,CA,"SANTA CLARA",95051
2023,"GLOBAL BRIDGE INFOTECH INC",0,0,1,0,54,0543,,,
2023,"GLOBAL BRIDGE INFOTECH INC",5,0,5,0,54,0543,TX,IRVING,75038
2023,"GLOBAL BUSINESS & TECHNOLOGIES ASSOCIATES INC",1,0,0,0,54,5898,TX,IRVING,75063
2023,"GLOBAL DATA MANAGEMENT INC",1,0,3,0,54,6869,NJ,WOODBRIDGE,07095
2023,"GLOBAL DATA MART INC",0,0,9,0,54,6137,NJ,"SOUTH PLAINFIELD",07080
2023,"GLOBAL DATA PUBLICATIONS INC",0,0,1,0,54,1263,NY,"NEW YORK",10017
2023,"GLOBAL DATA SOLUTIONS INC",0,0,2,0,54,4496,VA,ASHBURN,20147
2023,"GLOBAL DATA STRATEGY LTD",1,0,0,0,54,1374,CO,BOULDER,80301
2023,"GLOBAL DATA TEK INC",18,0,1,0,54,7503,NJ,PISCATAWAY,08854
2023,"GLOBAL DIGITAL MERCANTILE HOLDINGS LIMITED",0,1,0,0,54,9522,NY,"NEW YORK",10020
2023,"GLOBAL ECONOMIC ADVANTAGE INC",2,0,0,0,54,3081,IL,"ROLLING MEADOWS",60008
2023,"GLOBAL EDGE SOFTWARE INC",0,0,1,0,54,0209,CA,MILPITAS,95035
2023,"GLOBAL ENGINEERING AND MATERIALS INC",0,0,1,0,54,8123,NJ,PRINCETON,08540
2023,"GLOBAL ENTERPRISE TECH RESOURCES INC",0,0,1,0,54,2278,MI,TROY,48084
2023,"GLOBAL FINANCIAL GROUP LLC",0,0,1,0,54,0834,IN,ELKHART,46514
2023,"GLOBAL FORCE USA INC",0,0,2,0,54,9993,TX,HOUSTON,77074
2023,"GLOBAL GEOTECHNICAL CONSULTANTS LLC",0,0,2,1,54,8451,VA,WOODBRIDGE,22191
2023,"GLOBAL IMMIGRATION SYSTEMS INC",0,0,1,0,54,4694,MI,LIVONIA,48152
2023,"GLOBAL INFORMATION SERVICES INC",0,0,1,0,54,3251,FL,TALLAHASSEE,32303
2023,"GLOBAL INFORMATION TECHNOLOGY INC",1,0,2,0,54,3942,NJ,OAKLAND,07436
2023,"GLOBAL INFORMATION TECHNOLOGY INC",1,0,0,0,54,3942,NJ,"S PLAINFIELD",07080
2023,"GLOBAL INFORMATION TECHNOLOGY INC",1,0,6,0,54,3942,NJ,"SOUTH PLAINFIELD",07080
2023,"GLOBAL INFOTECH INC",0,0,4,0,54,6853,IL,SCHAUMBURG,60195
2023,"GLOBAL INFOTECH LLC",1,0,7,0,54,5668,GA,CUMMING,30041
2023,"GLOBAL INFOTECH SERVICES LLC",8,0,0,0,54,8875,FL,TAMPA,33610
2023,"GLOBAL IT ASSOCIATES LLC",1,0,0,0,54,6243,NY,"STATEN ISLAND",10314
2023,"GLOBAL IT INVESTORS INC",0,0,2,0,54,3781,NJ,"MONROE TOWNSHIP",08831
2023,"GLOBAL IT SOLUTIONS INC",0,0,1,0,54,0738,MN,MINNEAPOLIS,55423
2023,"GLOBAL IT SOLUTIONS INC",3,1,0,0,54,0738,TX,MCKINNEY,75070
2023,"GLOBAL LIVE NETWORK INC",1,0,0,0,54,6331,IL,CHICAGO,60611
2023,"GLOBAL NETWORK TECHNOLOGY INC",5,0,0,0,54,9358,VA,FAIRFAX,22030
2023,"GLOBAL PHARMATEK LLC",1,0,4,0,54,8592,NJ,EDISON,08817
2023,"GLOBAL SCIENCE AND TECHNOLOGY INC",1,0,0,0,54,1242,MD,GREENBELT,20770
2023,"GLOBAL SHOP SOLUTIONS INC",0,0,1,0,54,4835,TX,SPRING,77380
2023,"GLOBAL SOFT SYSTEMS INC",2,0,3,0,54,0155,KS,"OVERLAND PARK",66210
2023,"GLOBAL SOFT TECHNOLOGIES LLC",2,0,6,0,54,8743,FL,CLEARWATER,33755
2023,"GLOBAL SOLUTIONS GROUP INC",0,0,1,0,54,0736,MI,"OAK PARK",48237
2023,"GLOBAL SUMI TECHNOLOGIES INC",6,0,9,1,54,7461,VA,"GLEN ALLEN",23059
2023,"GLOBAL SYSTEMS INTEGRATION INC",0,0,0,1,54,7142,GA,CANTON,30114
2023,"GLOBAL SYSTEMS LLC",1,0,2,0,54,7156,TX,IRVING,75038
2023,"GLOBAL TAX MANAGEMENT INC",0,0,1,0,54,7942,PA,WAYNE,19087
2023,"GLOBAL TAX NETWORK US LLC",0,0,1,0,54,1226,MN,"MAPLE GROVE",55311
2023,"GLOBAL TECH CONSULTANCTS INC",0,0,0,1,54,3219,VA,CHANTILLY,20151
2023,"GLOBAL TECHNICAL SOFTWARE SERVICES INC",1,0,1,0,54,9267,NJ,HAMILTON,08619
2023,"GLOBAL TECHNICAL SOFTWARE SERVICES INC",5,0,2,1,54,9267,NJ,TRENTON,08619
2023,"GLOBAL TECHNOLOGY AND SERVICES INC",5,0,0,0,54,7390,CA,"SAN JOSE",95138
2023,"GLOBAL TECHNOLOGY ASSOCIATES LLC",0,0,0,1,54,8187,,,
2023,"GLOBAL TECHNOLOGY ASSOCIATES LLC",0,0,1,0,54,8187,FL,ORLANDO,32807
2023,"GLOBAL TECHNOLOGY ASSOCIATES LLC",4,0,12,0,54,8187,VA,RESTON,20191
2023,"GLOBAL TELECOM AND IT SERVICES LLC",5,0,0,0,54,0908,TX,DALLAS,75234
2023,"GLOBAL TELEMATIC SOLUTIONS LLC",1,0,0,0,54,8126,ID,MERIDIAN,83680
2023,"GLOBAL TOUCHPOINTS, INC. DUNS# 13-8058305",2,0,3,0,54,3579,CA,ROSEVILLE,95661
2023,"GLOBAL TRANSPORTATION ENGINEERING CORPORATION",1,0,1,0,54,7580,OR,PORTLAND,97204
2023,"GLOBAL TUNNELS LIMITED COMPANY DBA GLOBAL TUNNELS",1,0,0,0,54,1483,VA,"FALLS CHURCH",22046
2023,"GLOBAL VALUE ADD INC",0,1,0,0,54,5428,TX,PLANO,75024
2023,"GLOBAL VOX LLC",2,1,0,0,54,9299,VA,HERNDON,20171
2023,"GLOBAL WIRELESS SOLUTIONS INC",0,0,6,0,54,3528,VA,STERLING,20166
2023,"GLOBAL WORLDWIDE INC",1,0,0,0,54,1310,GA,ATLANTA,30305
2023,"GLOBALCARE DIALYSIS CONSULTANCY",0,0,1,0,54,3008,CA,"SIMI VALLEY",93065
2023,"GLOBALCFO LLC",3,0,3,0,54,2525,TX,PLANO,75024
2023,"GLOBALCLICK LLC",0,0,1,0,54,2328,CO,CENTENNIAL,80112
2023,"GLOBALGATE IT SOLUTIONS LLC",0,0,2,0,54,9753,VA,CHANTILLY,20151
2023,"GLOBALITY INC",0,0,1,0,54,7879,CA,"PALO ALTO",94306
2023,"GLOBALIZATION PARTNERS U S INC",0,0,0,1,54,1100,,,
2023,"GLOBALLOGIC INC",0,0,3,0,54,6789,,,
2023,"GLOBALLOGIC INC",1,1,70,0,54,6789,CA,"SAN JOSE",95110
2023,"GLOBALLOGIC INC",0,0,2,0,54,6789,CA,"SANTA CLARA",95054
2023,"GLOBALPOINT INC",0,0,1,0,54,7032,,,
2023,"GLOBALPOINT INC",11,0,6,0,54,7032,NJ,"NORTH BRUNSWICK",08902
2023,"GLOBALSYNC LLC",1,0,0,0,54,0562,CA,MILPITAS,95035
2023,"GLOBALTEK SYSTEMS LLC",2,0,6,2,54,0322,NJ,ISELIN,08830
2023,"GLOBALTEKFORCECOM INC",1,0,1,0,54,8854,VA,RESTON,20190
2023,"GLOBALVETLINK L C",0,0,1,0,54,4408,IA,AMES,50010
2023,"GLOBANT IT SERVICES CORP",1,0,6,0,54,1252,CA,"SAN FRANCISCO",94103
2023,"GLOBE 2 TECHNOLOGIES INC",1,0,4,0,54,3115,NJ,MORGANVILLE,07751
2023,"GLOBE SERVE LLC",1,0,0,0,54,7492,NJ,ROBBINSVILLE,08691
2023,"GLOBE SERVE LLC",1,0,0,0,54,7492,NJ,TRENTON,08691
2023,"GLOBE TRACKER AMERICA INC",0,0,2,0,54,1276,FL,SARASOTA,34234
2023,"GLOBELE LLC D/B/A GLOBELE ADVISORS",0,0,1,0,54,5225,CT,"NEW HAVEN",06511
2023,"GLOBEX IT SOLUTIONS INC",1,0,0,0,54,1074,NJ,PISCATAWAY,08854
2023,"GLOBEX IT SOLUTIONS INC",2,0,1,0,54,1074,NJ,"SOUTH PLAINFIELD",07080
2023,"GLOBILITY INCORPORATED",0,0,1,0,54,7166,PA,"GARNET VALLEY",19060
2023,"GLOBO LANGUAGE SOLUTIONS LLC",0,0,1,0,54,6376,PA,WYNCOTE,19095
2023,"GLOBUS IT INCORPORATED",0,0,2,0,54,6996,TX,MCKINNEY,75072
2023,"GLOSSGENIUS INC",0,0,1,0,54,7466,NY,"NEW YORK",10012
2023,"GLUZDOV COM INC DBA SPEED AND FUNCTION",0,1,0,0,54,6398,PA,PHILADELPHIA,19147
2023,"GLW SPECIALTY LLC DBA REDLEGG",0,0,1,0,54,6956,IL,"SAINT CHARLES",60174
2023,"GM INFOTECH LLC",5,0,0,0,54,2382,TX,HOUSTON,77058
2023,"GM INFOTECH LLC",1,0,0,0,54,2382,TX,FRIENDSWOOD,77546
2023,"GMA SOFT INC",3,2,1,0,54,8442,NJ,PISCATAWAY,08854
2023,"GMS MANAGEMENT SOLUTIONS USA INC",0,0,1,1,54,6152,NY,"NEW YORK",10036
2023,"GNRSYSTEMS INC",3,0,3,0,54,3202,VA,HERNDON,20170
2023,"GO SYSTEMS LLC",0,0,1,0,54,7551,KY,GEORGETOWN,40324
2023,"GO8 IT INC",1,0,3,1,54,8013,NC,CHARLOTTE,28277
2023,"GOCOOL INC",0,0,1,0,54,9559,WA,PUYALLUP,98374
2023,"GOEL & ANDERSON LLC",0,0,1,0,54,3988,VA,RESTON,20190
2023,"GOERING AND GRANATINO PA",0,0,1,0,54,1705,KS,"OVERLAND PARK",66210
2023,"GOKATECH INC",1,0,0,0,54,3894,TX,FRISCO,75036
2023,"GOKEN AMERICA LLC",0,0,24,0,54,5287,OH,DUBLIN,43017
2023,"GOLD COAST IT SOLUTIONS LLC",0,0,1,0,54,0808,VA,"MC LEAN",22102
2023,"GOLDBELT C6 LLC",0,0,1,0,54,7663,VA,CHESAPEAKE,23320
2023,"GOLDEN ENTROPY MARKETING INC D/B/A EPCVIP INC",0,0,1,0,54,8929,CA,ENCINO,91316
2023,"GOLDEN VALLEY ENGINEERING & SURVEYING INC",0,0,1,0,54,0933,CA,MERCED,95340
2023,"GOLDEN WEST CONSULTING INC",0,1,0,0,54,6207,TX,"ROUND ROCK",78665
2023,"GOLDENPEGASUS IT CONSULTING SERVICES LLC",2,0,0,0,54,6831,GA,AUSTELL,30106
2023,"GOLDER ASSOCIATES USA INC",0,0,1,0,54,9901,NY,"NEW YORK",10119
2023,"GOLDIN GROUP LLC",0,0,1,0,54,4278,MD,BETHESDA,20814
2023,"GOLDLINE TECHNOLOGIES INC",0,0,2,0,54,4407,TX,BEDFORD,76021
2023,"GOLDLINE TECHNOLOGIES INC",0,0,1,0,54,5507,TX,BEDFORD,76021
2023,"GOLDMAN EDWARDS INC",0,0,1,0,54,8821,DC,WASHINGTON,20006
2023,"GOLDMAN EDWARDS INC",0,0,1,0,54,8821,DC,WASHINGTON,20006
2023,"GOLI TECHNOLOGIES LLC",3,0,0,0,54,1667,PA,MECHANICSBURG,17050
2023,"GOMIAPP LLC",4,0,8,0,54,8193,NJ,PISCATAWAY,08854
2023,"GONAMIC SYSTEMS INC",0,0,1,0,54,9247,GA,DULUTH,30097
2023,"GONG IO INC",0,0,1,0,54,6860,CA,"SAN FRANCISCO",94105
2023,"GONZALES SERVICES LLC DBA REFUND PRO",1,0,0,0,54,3936,VA,STERLING,20164
2023,"GOOD FUTURE LLC",0,1,0,0,54,4576,DE,DOVER,19904
2023,"GOOD ONE IT SOLUTIONS INC",4,0,0,0,54,0776,AR,BENTONVILLE,72713
2023,"GOODDOLPHIN TECHNOLOGIES LLC",0,0,2,0,54,3180,CA,MILPITAS,95035
2023,"GOODEXPERT TECH LLC",1,0,0,0,54,6702,NY,"NEW YORK",10029
2023,"GOODFRIEND MAGRUDER STRUCTURE LLC",0,0,1,0,54,9034,IL,CHICAGO,60604
2023,"GOODIX TECHNOLOGY INC",0,0,1,0,54,6723,,,
2023,"GOODIX TECHNOLOGY INC",0,0,1,0,54,6723,CA,"SAN DIEGO",92121
2023,"GOODWIN PROCTER LLP",0,0,3,0,54,8465,MA,BOSTON,02210
2023,"GOODWYN MILLS & CAWOOD LLC",0,0,2,0,54,8572,AL,MONTGOMERY,36117
2023,"GOODY CLANCY & ASSOCIATES INC",0,0,1,0,54,1242,MA,BOSTON,02116
2023,"GOOGLE LLC",0,0,1,0,54,3581,CA,"MOUNTAIN VIEW",94043
2023,"GOOGLE LLC",0,0,2,0,54,3581,TX,RICHARDSON,75082
2023,"GOOGLE LLC",0,0,1,0,54,9581,CA,"MOUNTAIN VIEW",94043
2023,"GOOGLE LLC",0,0,1,0,54,6581,CA,"MOUNTAIN VIEW",94043
2023,"GOOGLE LLC",0,0,1,0,54,3581,CA,"MOUNTAIN VIEW",94043
2023,"GOOGLE LLC",0,0,1,0,54,3581,CA,"MOUNTAIN VIEW",94043
2023,"GOOGLE LLC",0,0,124,2,54,3581,,,
2023,"GOOGLE LLC",56,3,2271,29,54,3581,CA,"MOUNTAIN VIEW",94043
2023,"GOOGLE LLC",0,0,1,0,54,3581,CA,"SANTA BARBARA",93108
2023,"GOOGLE PUBLIC SECTOR LLC",0,0,1,0,54,2252,,,
2023,"GOOGLE PUBLIC SECTOR LLC",0,0,6,0,54,2252,CA,"MOUNTAIN VIEW",94043
2023,"GOOYAH TECHNOLOGIES INC",0,0,1,0,54,8846,TX,IRVING,75038
2023,GORDIAN,0,0,5,1,54,0371,SC,GREENVILLE,29615
2023,"GORDON REES SECULLY MANSUKHANI LLP",0,0,2,0,54,7026,CA,OAKLAND,94607
2023,"GORGIAS INC",0,0,1,0,54,5327,CA,"SAN FRANCISCO",94105
2023,"GOROVE/ SLADE ASSOCIATES INC",0,0,1,0,54,0286,VA,FAIRFAX,22033
2023,"GOTENNA INC",0,0,1,0,54,1472,NY,BROOKLYN,11201
2023,"GOTION INC",0,0,1,0,54,7675,,,
2023,"GOTION INC",0,0,5,0,54,7675,CA,FREMONT,94538
2023,"GOTO TECHNOLOGIES USA INC",1,0,3,0,54,6538,MA,BOSTON,02210
2023,"GOVERNFUL LLC",1,0,0,0,54,4312,MP,SAIPAN,96950
2023,"GOVERNMENT BRANDS HOLDCO INC.",0,0,2,0,54,4316,GA,ALPHARETTA,30005
2023,"GOVERNMENT SOFTWARE ASSURANCE CORP",0,0,2,0,54,2913,FL,"WINTER PARK",32789
2023,"GOVERNMENT SYSTEMS TECHNOLOGIES INC",1,0,3,0,54,8625,NJ,WHARTON,07885
2023,GOVERNMENTCIO,0,0,4,0,54,3343,DC,WASHINGTON,20001
2023,"GOVIN TECHNOLOGIES LLC",0,0,1,0,54,1423,VA,"GLEN ALLEN",23059
2023,"GOVIND DEVELOPMENT LLC",0,0,1,0,54,8585,TX,"CORPUS CHRISTI",78410
2023,"GP STRATEGIES CORPORATION",0,0,2,0,54,5774,,,
2023,"GP STRATEGIES CORPORATION",0,0,1,0,54,5774,MD,COLUMBIA,21044
2023,"GP TECHNOLOGIES LLC",0,0,1,0,54,4601,,,
2023,"GP TECHNOLOGIES LLC",1,0,24,0,54,4601,NJ,"NORTH BRUNSWICK",08902
2023,"GP TECHNOLOGIES LLC DBA IT PREMIA",0,0,1,0,54,4601,NJ,"NORTH BRUNSWICK",08902
2023,"GPS IT SOLUTIONS LLC",0,0,4,0,54,8821,AL,TUSCALOOSA,35404
2023,"GRAB TECHNOLOGY LLC",0,0,1,0,54,1681,WA,BELLEVUE,98004
2023,"GRABANGO CO",0,0,2,0,54,2622,CA,BERKELEY,94720
2023,"GRACENOTE INC A NIELSEN COMPANY",0,0,1,0,54,2662,CA,EMERYVILLE,94608
2023,"GRACENOTE INC A NIELSEN COMPANY",0,0,1,0,54,2662,NY,"NEW YORK",10011
2023,"GRADCO LLC DBA GRADIENT",0,0,2,0,54,3677,MA,BOSTON,02108
2023,"GRADIENT AI CORP",0,0,2,0,54,2918,MA,BOSTON,02210
2023,"GRADIENT EXPERIENTIAL LLC",0,0,1,0,54,7988,NY,"NEW YORK",10001
2023,"GRADIENTBASE SOLUTIONS INC",1,0,0,0,54,7120,TX,MCKINNEY,75071
2023,"GRAHAM ADAIR INC",0,0,1,0,54,1266,TX,AUSTIN,78705
2023,"GRAIL LLC",0,0,1,0,54,3636,,,
2023,"GRAIL LLC",1,0,7,0,54,3636,CA,"MENLO PARK",94025
2023,"GRAMENER INC",0,0,2,0,54,3335,NJ,PRINCETON,08540
2023,"GRAMOPHONE MEDIA INC",1,0,0,0,54,6149,NY,BROOKLYN,11221
2023,"GRAND CENTRAL NETWORKS INC",1,0,0,0,54,7245,FL,"CORAL SPRINGS",33076
2023,"GRAND VISIONARY INC D B A CURTIS SU ASSOCIATES AND CURTIS SU DESIGN",0,0,1,0,54,5596,CA,"SOUTH PASADENA",91031
2023,"GRANICUS LLC",0,0,1,0,54,1088,MN,"SAINT PAUL",55102
2023,"GRANT ENGINEERING",0,0,1,0,54,6990,NY,"NEW YORK",10038
2023,"GRANT LEADING TECHNOLOGY LLC",0,0,2,0,54,9544,MD,RIVERDALE,20737
2023,"GRANT THORNTON LLP",0,0,2,0,54,5558,,,
2023,"GRANT THORNTON LLP",1,0,0,0,54,5558,IL,CHICAGO,60101
2023,"GRANT THORNTON LLP",4,1,22,0,54,5558,IL,CHICAGO,60601
2023,"GRANTHIUM  CORPORATION",2,0,0,0,54,0229,IL,SCHAUMBURG,60173
2023,"GRAPE LAW FIRM PLLC",1,0,0,0,54,6714,NY,"NEW YORK",10018
2023,"GRAPHIANT INC",0,0,1,0,54,6493,CA,"SAN JOSE",95112
2023,"GRAVITAS TECH LLC",7,0,3,0,54,6094,KS,"OVERLAND PARK",66213
2023,"GRAVITATIONAL INC DBA TELEPORT",0,0,2,0,54,9046,CA,WALNUT,91789
2023,"GRAVITON CONSULTING SERVICES INC",0,0,4,0,54,7175,CA,SACRAMENTO,95826
2023,"GRAVITON SOLUTIONS INC",18,0,7,0,54,4934,TX,CARROLLTON,75006
2023,"GRAY ASSOCIATES INC",0,0,0,2,54,9606,MA,CONCORD,01742
2023,"GRAY ICE HIGDON PLLC",0,0,1,0,54,0476,KY,LOUISVILLE,40257
2023,"GRAYBOX LLC",0,0,1,0,54,6269,OR,PORTLAND,97214
2023,"GRAZITTI INTERACTIVE INC",0,0,1,0,54,7595,CA,"MOUNTAIN VIEW",94043
2023,"GREAT SOFTWARE LABORATORY INC",1,0,0,0,54,0750,CA,"SAN FRANCISCO",94117
2023,"GREAT SOFTWARE LABORATORY INC",12,0,0,0,54,0750,CA,"SAN JOSE",95117
2023,"GREATMINDS INFOTECH LLC",0,0,1,0,54,2777,TX,FRISCO,75036
2023,"GREEN HASSON & JANKS LLP",0,0,1,0,54,7440,CA,"LOS ANGELES",90017
2023,"GREEN INTERNATIONAL AFFILIATES INC",0,0,1,0,54,5284,MA,TEWKSBURY,01876
2023,"GREEN KEY TECHNOLOGIES INC",0,0,1,0,54,0119,NY,"NEW YORK",10010
2023,"GREEN MOUNTAIN ANIMAL LLC",0,0,1,0,54,1152,VT,MILTON,05468
2023,"GREENBERG FARROW ARCHITECTURE INC",1,0,0,0,54,6961,GA,ATLANTA,30309
2023,"GREENBERG TRAURIG LLP",0,0,1,0,54,3083,NY,"NEW YORK",10017
2023,"GREENBYTE TECHNOLOGIES LLC",0,0,1,0,54,0625,MI,FARMINGTON,48335
2023,"GREENBYTE TECHNOLOGIES LLC",0,0,7,0,54,0625,MI,"FARMINGTON HILLS",48335
2023,"GREENBYTE TECHNOLOGIES LLC",0,0,1,0,54,0625,MI,"FARMINGTON HLLLS",48335
2023,"GREENLIGHT BIOSCIENCES INC",0,0,4,0,54,2959,MA,MEDFORD,02155
2023,"GREENMAN PEDERSEN INC",0,0,3,0,54,7074,NY,BABYLON,11702
2023,"GREENSTONE BIOSCIENCES INC",2,0,0,0,54,2204,CA,"PALO ALTO",94304
2023,"GRESHAM SMITH",0,0,3,0,54,4126,TN,NASHVILLE,37201
2023,"GREY MATTER SOLUTIONS LLC",2,0,2,0,54,3004,SC,GREENVILLE,29607
2023,"GREYCELL LABS INC",0,0,10,0,54,3222,NJ,EDISON,08820
2023,"GREYCELLS TECHNOLOGIES LLC",1,0,0,0,54,9532,NJ,TRENTON,08691
2023,"GRID DYNAMICS HOLDINGS INC",3,0,1,0,54,2724,CA,"SAN RAMON",94583
2023,"GRIFOLS WORLDWIDE OPERATIONS USA INC",0,0,1,0,54,9056,CA,"LOS ANGELES",90032
2023,"GRIGORIAN & ASSOCIATES INC",0,0,1,0,54,6611,CA,ENCINO,91436
2023,"GRIMM AND PARKER ARCHITECTURE INC DBA GRIMM PARKER ARCHITECTS",0,0,1,0,54,1439,MD,BELTSVILLE,20705
2023,"GRIMSHAW ARCHITECTS PC",0,0,3,0,54,2328,NY,"NEW YORK",10014
2023,"GRIMSHAW INC",0,0,1,0,54,8279,NY,"NEW YORK",10014
2023,"GRITSTONE BIO",0,0,1,0,54,9534,CA,EMERYVILLE,94608
2023,"GRO INTELLEGENCE INC",1,0,0,0,54,6260,NY,"NEW YORK",10022
2023,"GROKSYS LLC",1,0,2,0,54,2779,GA,BUFORD,30518
2023,"GROMA LLC",1,0,0,0,54,7291,MA,BOSTON,02114
2023,"GROQ INC",0,0,1,0,54,1970,CA,"MOUNTAIN VIEW",94041
2023,"GROUNDWORKS OFFICE",0,0,1,0,54,0257,CA,BERKELEY,94710
2023,"GROUP S LLC DBA EN POWER GROUP",0,0,1,0,54,2186,NY,"WHITE PLAINS",10606
2023,"GROUPECONNECT INC",0,0,1,0,54,2302,MA,BOSTON,02109
2023,"GROUPM WORLDWIDE LLC",3,0,7,0,54,8835,NY,"NEW YORK",10007
2023,"GROUPON INC",3,0,11,0,54,3295,IL,CHICAGO,60654
2023,"GROUPSOFT US INC",0,1,0,0,54,5109,NJ,PRINCETON,08540
2023,"GROUPWISE INC",1,0,0,0,54,0043,CT,HAMDEN,06514
2023,"GROW SOFTWARES LLC",0,0,0,1,54,3627,TX,"THE COLONY",75056
2023,"GROWTH B AND M INC",1,0,0,0,54,7839,NY,FLUSHING,11354
2023,"GRP DELTA CONSULTANTS INC",0,0,1,0,54,4114,CA,IRVINE,92618
2023,"GRP SOLUTIONS INC",0,0,1,0,54,4610,,,
2023,"GRP SOLUTIONS INC",0,0,1,0,54,4610,VA,ASHBURN,20147
2023,"GRUBHUB HOLDINGS INC",0,0,23,1,54,8194,IL,CHICAGO,60602
2023,"GRUNFELD DESIDERIO LEBOWITZ SILVERMAN AND KLESTADT LLP DBA GDLASK LLP",0,0,1,0,54,4942,NY,"NEW YORK",10022
2023,"GRW ENGINEERS INC",0,0,0,1,54,5036,KY,LEXINGTON,40503
2023,"GS INTERIORS LLC DBA CLEVER BUILDERS",0,0,1,0,54,4318,NY,BROOKLYN,11219
2023,"GS SOFT INC",5,1,1,0,54,9977,CA,"SANTA CLARA",95054
2023,"GSD&M LLC",0,0,1,0,54,8134,TX,AUSTIN,78703
2023,"GSG MATERIAL TESTING DBA THE HOH GROUP",0,0,1,0,54,3526,IL,SCHAUMBURG,60173
2023,"GSI ENVIRONMENTAL INC",0,0,1,0,54,5706,TX,HOUSTON,77098
2023,"GSI ENVIRONMENTAL INC",0,0,1,0,54,5706,,,
2023,"GSK SOLUTIONS INC",0,0,1,0,54,2033,,,
2023,"GSK SOLUTIONS INC",0,0,7,0,54,2033,TX,KATY,77450
2023,"GSLV TECHNOLOGIES LLC",1,0,0,0,54,5341,GA,ALPHARETTA,30005
2023,"GSPANN TECHNOLOGIES INC",1,0,0,0,54,3014,,,
2023,"GSPANN TECHNOLOGIES INC",15,0,17,0,54,3014,CA,MILPITAS,95035
2023,"GSR TECHNOLOGIES INC",0,0,1,0,54,3233,CA,IRVINE,92606
2023,"GSRJ INFORMATION SYSTEMS INC",1,0,0,0,54,4436,NY,SCHENECTADY,12303
2023,"GSS INFOTECH CT INC",8,0,18,1,54,2821,CT,GLASTONBURY,06033
2023,"GSSR INC",0,0,1,1,54,8779,VA,CHANTILLY,20151
2023,"GSSR INC",0,0,1,0,54,9779,VA,CHANTILLY,20151
2023,"GTRANSIT SOLUTIONS LLC",0,0,1,0,54,7959,GA,CUMMING,30041
2023,"GUARDSIGHT INC",0,0,1,0,54,0248,UT,"CEDAR CITY",84720
2023,"GUDWORK INC",1,0,0,0,54,4525,CA,OAKLAND,94619
2023,"GUIDEHOUSE DIGITAL LLC",6,0,7,2,54,4785,VA,"MC LEAN",22102
2023,"GUIDEHOUSE DIGITAL LLC",0,0,1,0,54,4785,VA,MCLEAN,22102
2023,"GUIDEHOUSE INC",0,0,13,0,54,4854,VA,"MC LEAN",22102
2023,"GUIDEHOUSE INC",0,0,3,0,54,4854,VA,MCLEAN,22102
2023,"GUIDEPOINT GLOBAL LLC",1,0,3,0,54,8282,NY,"NEW YORK",10010
2023,"GUIDON DESIGN INC",0,0,1,0,54,7841,IN,INDIANAPOLIS,46202
2023,"GUILD SYSTEMS INC",1,0,2,0,54,6687,CA,NEWARK,94560
2023,"GULF INTERSTATE ENGINEERING CO",0,0,1,0,54,7676,TX,HOUSTON,77079
2023,"GUNDA CORPORATIONS LLC DBA ARDURRA",0,0,1,0,54,8859,TX,HOUSTON,77079
2023,"GUNDERSON DETTMER STOUGH VILLENUEVE FRANKLIN HACHIGIAN LLP",0,0,2,0,54,9988,CA,"REDWOOD CITY",94063
2023,"GUNNISON CONSULTING GROUP INC",0,0,1,0,54,7698,VA,FAIRFAX,22031
2023,"GUPTA EVANS & AYRES PC",0,0,1,0,54,9384,CA,"SAN DIEGO",92101
2023,"GUROBI OPTIMIZATION LLC",0,0,1,0,54,9088,OR,BEAVERTON,97008
2023,"GURU GROUP LLC",1,0,1,0,54,0228,AL,DOTHAN,36305
2023,"GURUCUL SOLUTIONS LLC",0,0,2,0,54,7173,CA,"EL SEGUNDO",90245
2023,"GURUS IT SERVICES LLC",3,0,0,0,54,8588,NJ,EDISON,08817
2023,"GUSTO INC",0,0,7,0,54,2850,CA,"SAN FRANCISCO",94107
2023,"GUTHY RENKER LLC",0,0,1,0,54,7817,CA,"EL SEGUNDO",90245
2023,"GUTIERREZ LAW FIRM IMMIGRATION INC",0,0,1,0,54,5928,TX,"SAN ANTONIO",78201
2023,"GUY NORDENSON AND ASSOCIATES LLP",0,0,1,0,54,6047,NY,"NEW YORK",10006
2023,"GVA INFOTECH INC",2,27,1,3,54,4111,VA,ASHBURN,20147
2023,"GVKTEK INC",10,0,0,0,54,5996,NC,CHARLOTTE,28262
2023,"GVN GROUP CORP DBA SHARPERTEK",0,0,0,1,54,6163,MI,PONTIAC,48341
2023,"GVPEC LLC",0,0,1,0,54,4428,FL,GAINESVILLE,32606
2023,"GW CARTER LTD",0,0,1,0,54,6691,MN,EDINA,55435
2023,"GXO LOGISTICS CORPORATE SERVICES INC",0,0,4,0,54,4859,NC,CHARLOTTE,28277
2023,"GYANSYS INC",4,0,14,0,54,8060,IN,CARMEL,46032
2023,"GYGAMINDS INC",1,0,0,0,54,5738,TX,FRISCO,75034
2023,"GZA GEOENVIRONMENTAL INC",2,0,3,0,54,3851,MA,NORWOOD,02062
2023,"H 3 TECHNOLOGIES LLC",1,0,1,0,54,7070,KY,FLORENCE,41042
2023,"H TOWN TECHNOLOGIES INC",10,0,3,0,54,0250,TX,HOUSTON,77077
2023,"H W LOCHNER INC",0,0,2,1,54,8811,IL,CHICAGO,60606
2023,"H&CO LLP",0,0,1,0,54,7769,FL,"CORAL GABLES",33134
2023,"H&M COMMUNICATIONS GROUP INC",1,0,0,0,54,5640,CA,"WEST HOLLYWOOD",90069
2023,"H2H SOLUTIONS INC",0,0,1,0,54,7578,MI,WIXOM,48393
2023,"H2O AI INC",0,0,3,0,54,0094,CA,"MOUNTAIN VIEW",94043
2023,"HAANTECH LLC",0,0,1,0,54,8807,TX,SOUTHLAKE,76092
2023,"HACKING MEDICINE INSTITUTE INC",1,0,0,0,54,3584,MA,CAMBRIDGE,02142
2023,"HADIAMONDSTAR SOFTWARE SOLUTIONS LLC",0,0,16,0,54,1131,VA,FAIRFAX,22031
2023,"HAI ROBOTICS USA INC",0,0,1,0,54,3178,,,
2023,"HAI ROBOTICS USA INC",0,0,1,0,54,3178,CA,FREMONT,94538
2023,"HALEY & ALDRICH INC",0,0,2,0,54,5689,MA,BURLINGTON,01803
2023,"HALLIBURTON ENERGY SERVICES INC",0,0,1,0,54,1280,,,
2023,"HALLIBURTON ENERGY SERVICES INC",0,0,7,0,54,1280,TX,HOUSTON,77032
2023,"HALLMARK GLOBAL TECHNOLOGIES INC",0,0,1,0,54,5104,NY,HAUPPAUGE,11788
2023,"HALLMARK GLOBAL TECHNOLOGIES INC",2,0,17,1,54,6104,NY,HAUPPAUGE,11788
2023,"HALMAR INTERNATIONAL LLC",0,0,1,0,54,0608,NY,NANUET,10954
2023,"HALO BRANDED SOLUTIONS INC",0,0,2,0,54,9520,IL,STERLING,61081
2023,"HALOY TECHNOLOGY CORPORATION DBA RESOURCE",0,0,1,0,54,2519,,,
2023,"HALOZYME INC",0,0,1,0,54,2801,CA,"SAN DIEGO",92121
2023,"HALSEY MCCORMACK AND HELMER INC DBA MANCINI DUFFY",0,0,1,0,54,2739,NY,"NEW YORK",10018
2023,"HALVIK CORP",0,0,4,0,54,7307,VA,VIENNA,22182
2023,"HAMAARA TECHNOLOGIES LLC",6,1,0,0,54,7139,CA,FREMONT,94538
2023,"HAMILTON ENTERPRISES LLC DBA FRANKLIN AND TURNER",0,0,1,0,54,7883,MD,GREENBELT,20770
2023,"HAMILTON PLACE STRATAGIES LLC",0,0,1,0,54,1604,DC,WASHINGTON,20005
2023,"HAMMEL GREEN AND ABRAHAMSON INC",0,0,2,0,54,8838,MN,MINNEAPOLIS,55401
2023,"HAMPCO SERVICES INC",0,0,1,0,54,1105,TX,BROOKSHIRE,77423
2023,"HAMSA CS LLC",2,0,0,0,54,3137,TX,PLANO,75093
2023,"HAMSITEK LLC",0,0,2,0,54,2262,VA,CHANTILLY,20151
2023,"HANA E SOLUTIONS INC",6,0,3,0,54,0402,CA,FOLSOM,95630
2023,"HANCE INCORPORATED",1,0,8,0,54,5499,NJ,PISCATAWAY,08854
2023,"HAND ENTERPRISE SOLUTIONS USA INC",0,0,1,0,54,9954,MI,"FARMINGTON HILLS",48331
2023,"HAND HELD PRODUCTS INC",1,0,1,0,54,7077,NC,CHARLOTTE,28202
2023,"HANDEL ARCHITECTS LLP",0,0,8,0,54,1546,NY,"NEW YORK",10271
2023,"HANKER SYSTEMS INC",2,0,0,0,54,6364,FL,TAMPA,33609
2023,"HANLIN MOSS YI PS",0,0,1,0,54,7034,WA,SEATTLE,98115
2023,"HANSI TECHNOLOGIES",1,0,0,0,54,3861,TX,KRUM,76249
2023,"HANU SOFTWARE SOLUTIONS INC",6,0,0,0,54,6716,NJ,PRINCETON,08540
2023,"HANUHIGH TECHNOLOGIES INC",4,0,1,0,54,4524,MO,CHESTERFIELD,63005
2023,"HAOTIAN AND ASSOCIATES INC",0,1,0,0,54,3510,NY,FLUSHING,11354
2023,"HAPPIEST MINDS TECHNOLOGIES LTD",12,0,13,0,54,0109,CA,"SAN JOSE",95110
2023,"HAPPY MONEY INC",0,0,4,0,54,9538,CA,TORRANCE,90503
2023,"HARBOR HAT INC",1,0,1,0,54,4446,NC,MORRISVILLE,27560
2023,"HARGROVE & ASSOCIATES INC",0,0,3,0,54,2530,GA,DULUTH,30097
2023,"HARLEY ELLIS DEVEREAUX CORPORATION",0,0,2,0,54,5558,CA,"LOS ANGELES",90071
2023,"HARMAN CONNECTED SERVICES INC",7,1,15,1,54,6942,WA,BELLEVUE,98007
2023,"HARMONIA HOLDINGS GROUP LLC",0,0,4,0,54,3421,VA,BLACKSBURG,24060
2023,"HARMONY HOME MEDICAL INC",1,0,0,0,54,3144,CA,"SAN DIEGO",92111
2023,"HARNESS INC",0,0,8,0,54,6251,CA,"SAN FRANCISCO",94108
2023,"HART HOWERTON PARTNERS LTD",0,0,3,0,54,2289,NY,"NEW YORK",10016
2023,"HARVARD PILGRIM HEALTH CARE INSTITUTE LLC",0,0,1,0,54,7531,,,
2023,"HARVARD PILGRIM HEALTH CARE INSTITUTE LLC",0,0,1,0,54,7531,MA,BOSTON,02215
2023,"HARVEST SOFTWARE SOLUTIONS LLC",2,0,1,0,54,8732,FL,JACKSONVILLE,32256
2023,"HARVEY NASH INC",1,0,0,0,54,7138,,,
2023,"HARVEY NASH INC",0,0,1,0,54,7138,NJ,WAYNE,07470
2023,"HARVEY NASH INC",6,4,7,0,54,7138,TN,FRANKLIN,37067
2023,"HARWARD TECHNOLOGIES LLC",1,0,5,0,54,9937,IL,HAMPSHIRE,60140
2023,"HASH AGILE TECHNOLOGIES LLC",0,0,1,0,54,3557,VA,ASHBURN,20148
2023,"HASHCODE TECHNOLOGIES INC",1,0,0,0,54,8284,FL,TAMPA,33607
2023,"HASHI SOLUTIONS LLC",0,0,4,0,54,5895,VA,HERNDON,20171
2023,"HASHICORP INC",0,0,12,0,54,0665,CA,"SAN FRANCISCO",94105
2023,"HASHMAP INC",1,0,4,1,54,6092,GA,ROSWELL,30076
2023,"HASURA INC",0,0,1,0,54,2203,CA,"SAN FRANCISCO",94105
2023,"HASURA INC",0,0,1,0,54,2203,CA,"SAN FRANCISCO",94107
2023,"HATCH ASSOCIATES CONSULTANTS INC",2,0,2,1,54,4431,PA,PITTSBURGH,15219
2023,"HATFIELD GROUP ENGINEERING AND ARCHITECTURE DPC",0,0,1,0,54,7075,NY,"NEW YORK",10013
2023,"HATTERAS PRESS INC",0,0,1,0,54,1250,NJ,EATONTOWN,07724
2023,"HAVAS HEALTH INC",0,0,1,0,54,5474,NY,"NEW YORK",10016
2023,"HAVAS MEDIA GROUP USA LLC",0,0,1,0,54,7932,NY,"NEW YORK",10013
2023,"HAWORTH MARKETING & MEDIA COMPANY",1,0,0,0,54,0876,MN,MINNEAPOLIS,55402
2023,"HAYDAN CONSULTANTS INC",0,0,1,0,54,0336,NY,ROSEDALE,11422
2023,"HAYES MANAGEMENT CONSULTING LLC",0,0,1,0,54,0280,MA,WALTHAM,02451
2023,"HAYES MANAGEMENT CONSULTING LLC",0,0,1,0,54,0280,MA,"WELLESLEY HILLS",02481
2023,"HAYNES AND BOONE LLP",0,0,1,0,54,2888,TX,DALLAS,75219
2023,"HAYNIE& COMPANY",0,0,2,0,54,5228,UT,"SALT LAKE CITY",84119
2023,"HAZELTREE FUND SERVICES INC",0,0,1,0,54,5591,NY,"NEW YORK",10001
2023,"HAZEN AND SAWYER D P C",0,0,3,0,54,4652,NY,"NEW YORK",10018
2023,"HBC ENGINEERING DBA ENGINEERING CONSULTING COMPANY",0,0,1,0,54,6061,FL,MIAMI,33172
2023,"HBM ENGINEERING GROUP LLC",0,0,1,0,54,6521,IL,HILLSIDE,60162
2023,"HBPO NORTH AMERICA INC",0,0,1,0,54,0119,MI,TROY,48098
2023,"HBR CONSULTING LLC",0,0,1,0,54,8435,IL,CHICAGO,60605
2023,"HC BECK LTD",0,0,1,0,54,1802,TX,DALLAS,75201
2023,"HCA MANAGEMENT SERVICES LP",0,0,0,1,54,8108,TN,NASHVILLE,37203
2023,"HCL AMERICA INC",3,0,30,0,54,5035,,,
2023,"HCL AMERICA INC",313,25,1063,17,54,5035,CA,SUNNYVALE,94085
2023,"HCL AMERICA INC",0,0,1,0,54,5035,CA,SUNNYVALE,94086
2023,"HCL AMERICA INC",0,0,1,0,54,5035,TX,IRVING,75063
2023,"HCL AMERICA INC",0,0,1,0,54,5032,CA,SUNNYVALE,94085
2023,"HCL AMERICA SOLUTIONS INC",0,0,1,0,54,9248,CA,SUNNYVALE,94085
2023,"HCL AMERICA SOLUTIONS INC",0,0,1,0,54,9284,,,
2023,"HCL AMERICA SOLUTIONS INC",10,0,30,2,54,9284,CA,SUNNYVALE,94085
2023,"HCL GLOBAL SYSTEMS INC",1,0,7,0,54,9337,,,
2023,"HCL GLOBAL SYSTEMS INC",0,0,2,0,54,9337,MI,"FARMINGTN HILLS",48335
2023,"HCL GLOBAL SYSTEMS INC",2,0,2,0,54,9337,MI,"FARMINGTN HLS",48335
2023,"HCL GLOBAL SYSTEMS INC",3,0,23,1,54,9337,MI,FARMINGTON,48335
2023,"HCL GLOBAL SYSTEMS INC",16,0,124,3,54,9337,MI,"FARMINGTON HILLS",48335
2023,"HCL GLOBAL SYSTEMS INC",0,0,1,0,54,9337,MI,"FARMINGTON HILS",48335
2023,"HCM SQUARE LLC",2,0,0,0,54,9391,MO,"SAINT CHARLES",63304
2023,"HCM STAFFING AND CONSULTING GROUP LLC",1,0,0,0,54,3539,NY,"NEW YORK",10022
2023,"HCO OUTDOOR PRODUCTS LLC",0,0,2,0,54,2507,GA,DULUTH,30097
2023,"HD BIOSCIENCES INC",0,0,2,0,54,2889,CA,"SAN DIEGO",92121
2023,"HD CONSULTING DBA HANZO LABS",1,0,1,0,54,8223,IL,SCHAUMBURG,60173
2023,"HD CONSULTING SERVICE LLC",0,0,1,0,54,8483,NY,"NEW YORK",10173
2023,"HD NURSING LLC",1,0,0,0,54,2257,AR,BENTON,72018
2023,"HDR ARCHITECTURE INC",1,0,5,0,54,3452,NE,OMAHA,68106
2023,"HDR ENGINEERING INC",1,0,22,4,54,0568,NE,OMAHA,68106
2023,"HDR ENGINEERING INC OF THE CAROLINAS",0,0,3,0,54,1218,NE,OMAHA,68106
2023,"HDR INC",0,0,1,0,54,3756,,,
2023,"HDR INC",0,0,2,0,54,3756,NE,OMAHA,68106
2023,"HEADSTREAM INC",0,0,2,0,54,4906,DE,WILMINGTON,19808
2023,"HEADSTREAM INC",1,0,0,0,54,4906,,,
2023,"HEADSTRONG SERVICES LLC",2,0,34,0,54,3911,NJ,"SHORT HILLS",07078
2023,"HEALTH ADVANCES LLC",1,0,0,0,54,5579,MA,NEWTON,02466
2023,"HEALTH ADVOCATE SOLUTIONS INC",1,0,1,0,54,0019,PA,"PLYMOUTH MEETING",19462
2023,"HEALTH AND COMMERCE INC",0,0,1,0,54,4977,ID,EAGLE,83616
2023,"HEALTH CATALYST INC",2,0,4,0,54,7483,UT,"SOUTH JORDAN",84095
2023,"HEALTH ONE ALLIANCE LLC",0,0,1,0,54,4837,GA,DALTON,30720
2023,"HEALTH PAYROLL SERVICES LLC",5,0,0,0,54,4517,SC,"FORT MILL",29707
2023,"HEALTH PAYROLL SERVICES LLC",1,0,0,0,54,4517,SC,"FT MILL",29707
2023,"HEALTH RESEARCH INC ROSWELL PARK D",1,0,0,0,54,2155,,,
2023,"HEALTH RESEARCH INC ROSWELL PARK D",1,0,1,0,54,2155,NY,ALBANY,12204
2023,"HEALTH RESEARCH INC ROSWELL PARK D",7,0,5,0,54,2155,NY,BUFFALO,14263
2023,"HEALTH RESEARCH INC ROSWELL PARK D",4,0,0,0,54,2155,NY,MENANDS,12204
2023,"HEALTH RESEARCH INSTITUTE",0,0,1,0,54,0533,IA,FAIRFIELD,52556
2023,"HEALTH TAP INC",0,0,1,0,54,5888,CA,SUNNYVALE,94088
2023,"HEALTHCARE LEGAL SOLUTIONS LLC",1,0,0,0,54,0494,DC,WASHINGTON,20006
2023,"HEALTHCARE PARTNERS MEDICAL GROUP PC",0,0,1,0,54,0584,MN,HOPKINS,55343
2023,"HEALTHCARE TRIANGLE INC",1,0,0,1,54,9776,CA,PLEASANTON,94588
2023,"HEALTHEDGE SOFTWARE INC",1,0,16,1,54,6970,MA,BURLINGTON,01803
2023,"HEALTHPER USA INC",4,0,0,0,54,5624,CT,HAMDEN,06518
2023,"HEALTHTRUST PURCHASING GROUP",0,0,1,0,54,8159,TN,NASHVILLE,37203
2023,"HEALTHYWAY HOME PRODUCTS INC",0,0,1,0,54,6825,NY,PULASKI,13142
2023,"HEAP INC",0,0,3,1,54,2394,CA,"SAN FRANCISCO",94104
2023,"HEART IMAGING TECHNOLOGIES LLC",0,0,1,0,54,4860,,,
2023,"HEARTBEAM INC DBA HEARTBEAM",0,0,1,0,54,1450,CA,"SANTA CLARA",95050
2023,"HEARTS & SCIENCE  LLC",1,0,0,0,54,8602,NY,"NEW YORK",10007
2023,"HEATHTECH SYSTEMS INC",1,0,0,0,54,7475,TX,IRVING,75063
2023,"HECTOR SYSTEM INC",0,0,1,0,54,4144,MD,LAUREL,20707
2023,"HECTOR SYSTEMS INC",3,0,0,0,54,8144,MD,LAUREL,20707
2023,"HEINRICH BOLL FDN DBA HEINRICH BOELL FOUNDATION",0,0,1,0,54,8529,DC,WASHINGTON,20005
2023,"HELAINA INC",0,0,1,0,54,7585,NY,"NEW YORK",10010
2023,"HELEN OF TROY NEVADA CORPORATION",0,0,3,0,54,4062,TX,"EL PASO",79912
2023,"HELENZYS INC",1,0,0,0,54,7769,NJ,ISELIN,08830
2023,"HELI CONSULTING LLC",11,0,0,0,54,0082,TX,IRVING,75062
2023,"HELIENT SYSTEMS LLC",0,0,1,0,54,4455,PA,PHILADELPHIA,19102
2023,"HELIOINFO TECH LLC",1,0,0,0,54,5388,TX,GRAPEVINE,76051
2023,"HELIOZ SOLUTIONS INC",2,0,0,0,54,4029,NY,ROCHESTER,14618
2023,"HELISHORES INC",13,0,1,0,54,1189,NJ,PISCATAWAY,08854
2023,"HELIX EMPLOYMENT LLC",0,0,1,0,54,5621,,,
2023,"HELIX EMPLOYMENT LLC",1,0,2,0,54,5621,CA,"SAN MATEO",94401
2023,"HELIX GENOMICS INC",0,0,1,0,54,7388,CA,"SAN MATEO",94401
2023,"HELLMUTH OBATA & KASSABAUM INC",0,0,10,1,54,3985,MO,"SAINT LOUIS",63102
2023,"HELLO CHINA INC",2,0,0,0,54,5754,MA,CAMBRIDGE,02140
2023,"HELLO MONDAY INC",0,0,1,0,54,0813,NY,"NEW YORK",10003
2023,"HELLOPRIVACY LLC DBA BRANDYOURSELF",1,0,0,0,54,2059,PA,LANCASTER,17601
2023,"HELM.AI INC",0,0,2,0,54,5855,CA,"MENLO PARK",94025
2023,"HELP HALF PLUS INC",0,0,1,0,54,5532,CA,"CITY OF INDUSTRY",91748
2023,"HEMISPHERE DEVELOPMENT GROUP LLC",0,0,1,0,54,7064,MA,BOSTON,02199
2023,"HEMRICK OMALLEY PLLC",0,0,1,0,54,0989,NY,"NEW YORK",10007
2023,"HENDERSON ENGINEERS INC",0,0,1,0,54,7909,KS,LENEXA,66214
2023,"HENDREN ASSOCS ARCHITECTS & PLANNERS",0,0,1,0,54,1165,MA,ALLSTON,02134
2023,"HENNEPIN HEALTHCARE RESEARCH INSTITUTE",0,0,1,0,54,7920,MN,MINNEAPOLIS,55404
2023,"HEPTAWARE TECHNOLOGIES INC",4,1,0,0,54,9399,IL,AURORA,60504
2023,"HERAA TECHNOLOGIES LLC",1,0,1,0,54,2711,NJ,ISELIN,08830
2023,"HERBERT SMITH FREEHILLS NEW YORK LLP",0,0,1,0,54,2435,NY,"NEW YORK",10017
2023,"HERMITAGE INFOTECH LLC",0,0,0,1,54,6281,NJ,PISCATAWAY,08820
2023,"HERMITAGE INFOTECH LLC",6,0,6,0,54,6281,NJ,PISCATAWAY,08854
2023,"HERSHTIK LLP",0,0,1,0,54,8181,CA,ENCINO,91436
2023,"HEWLETT PACKARD ENTERPRISE COMPANY",0,0,1,0,54,8264,TX,SPRING,77389
2023,"HEWLETT PACKARD ENTERPRISE COMPANY",0,0,4,0,54,8624,,,
2023,"HEWLETT PACKARD ENTERPRISE COMPANY",0,0,1,0,54,8624,CA,"SAN JOSE",95134
2023,"HEWLETT PACKARD ENTERPRISE COMPANY",3,0,158,5,54,8624,TX,SPRING,77389
2023,"HEXACORP LLC",1,0,4,1,54,7622,GA,CUMMING,30040
2023,"HEXAD SOLUTIONS GROUP LLC",0,0,1,0,54,9743,MS,TUPELO,38801
2023,"HEXAD SOLUTIONS GROUP LLC",0,0,1,0,54,9743,,,
2023,"HEXAR IT SOLUTIONS INC",0,0,3,0,54,5059,IL,PEORIA,61603
2023,"HEXARING INC",1,0,0,0,54,9106,IL,GRAYSLAKE,60030
2023,"HEXAWARE TECHNOLOGIES INC",0,0,3,0,54,1374,,,
2023,"HEXAWARE TECHNOLOGIES INC",91,7,174,1,54,1374,NJ,ISELIN,08830
2023,"HGE CONSULTING INC",0,0,1,0,54,4961,TX,HOUSTON,77095
2023,"HGS DIGITAL LLC",1,0,3,0,54,8656,IL,CHICAGO,60661
2023,"HHS TECHNOLOGY GROUP LLC",0,0,1,0,54,7143,FL,"FORT LAUDERDALE",33309
2023,"HI-REZ STUDIOS INC",1,0,0,0,54,7913,GA,ALPHARETTA,30022
2023,"HID GLOBAL CORPORATION",0,0,5,1,54,3965,TX,AUSTIN,78753
2023,"HIFIBIO INC",0,0,1,0,54,8249,MA,CAMBRIDGE,02139
2023,"HIGH Q INC",1,0,0,0,54,1652,VA,RESTON,20191
2023,"HIGH QUARTILE LLC",10,0,10,0,54,7241,MO,CHESTERFIELD,63005
2023,"HIGH QUARTILE LLC",0,0,1,0,54,4241,MO,CHESTERFIELD,63005
2023,"HIGH STANDARDS INC",1,0,0,0,54,0813,TX,PROSPER,75078
2023,"HIGHBROW LLC",0,0,2,0,54,9508,WA,BELLEVUE,98008
2023,"HIGHBROW TECHNOLOGY INC",0,0,2,0,54,7246,NC,CARY,27513
2023,"HIGHDATA SOFTWARE CORPORATION",3,0,7,0,54,5484,NH,SALEM,03079
2023,"HIGHMARK COMPANIES LLC",0,0,1,0,54,8009,NC,APEX,27539
2023,"HIGHRADIUS CORPORATION",0,0,1,0,54,7150,,,
2023,"HIGHRADIUS CORPORATION",0,0,7,1,54,7150,TX,HOUSTON,77079
2023,"HIGHRISE CONSULTING INC",1,0,0,0,54,5013,MD,BETHESDA,20817
2023,"HIGHSPOT INC",0,0,8,0,54,2122,WA,SEATTLE,98121
2023,"HIGHSTREET IT SOLUTIONS LLC",0,0,2,0,54,9428,MD,ROCKVILLE,20852
2023,"HIGHWAY LOSS DATA INSTITUTE",0,0,0,1,54,4200,VA,ARLINGTON,22203
2023,"HIGHWAY STUDIO LLC",0,0,1,0,54,5003,FL,MIAMI,33156
2023,"HIH INC",2,0,4,0,54,8526,IL,COLUMBIA,62236
2023,"HILABS INC",0,0,1,1,54,9968,MD,BETHESDA,20814
2023,"HILCO DILIGENCE SERVICES LLC",0,0,2,0,54,9810,IL,NORTHBROOK,60062
2023,"HILL FOLEY ROSSI AND ASSOCIATES LLC",0,0,1,0,54,5316,GA,DULUTH,30096
2023,"HILL VALLEY",1,0,0,0,54,6771,,,
2023,"HILL WEST ARCHITECTS LLP",0,0,0,1,54,7495,NY,"NEW YORK",10004
2023,"HILLMANN CONSULTING LLC",0,0,1,0,54,2684,NJ,UNION,07083
2023,"HILLSBERRY FARM LLC",1,0,0,0,54,0148,CA,"SAN FRANCISCO",94112
2023,"HILLSTONE NETWORKS CORP",0,0,1,0,54,0280,CA,"SANTA CLARA",95054
2023,"HINDSIGHT SOFTWARE SOLUTIONS INC",0,0,8,0,54,0298,TX,FRISCO,75034
2023,"HINDUJA TECH INC",12,0,13,0,54,4240,MI,NOVI,48375
2023,"HINGE INC",1,0,4,0,54,1277,NY,"NEW YORK",10014
2023,"HIPAAS INC",0,0,1,0,54,4817,CA,PLEASANTON,94588
2023,"HIQ TECHNOLOGIES LLC",2,0,0,0,54,8487,MA,HOLLISTON,01746
2023,"HIRE IT PEOPLE INC",0,0,1,0,54,7291,,,
2023,"HIRE IT PEOPLE INC",3,0,19,1,54,7291,NJ,PISCATAWAY,08854
2023,"HIRETEAMMATE INC DBA HIREEZ",1,0,14,1,54,8078,CA,"MOUNTAIN VIEW",94043
2023,"HIREZON CORPORATION DBA INTERVIEW EXCHANGE",0,0,1,0,54,8663,MA,WESTBOROUGH,01581
2023,"HITACHI SOLUTIONS AMERICA LTD HSAL",3,0,9,0,54,7998,CA,IRVINE,92618
2023,"HITACHI SOLUTIONS AMERICA LTD HSAL",0,0,1,0,54,7998,,,
2023,"HITACHI VANTARA LLC",0,0,7,0,54,8448,,,
2023,"HITACHI VANTARA LLC",5,1,65,0,54,8448,CA,"SANTA CLARA",95054
2023,"HITACHI VANTARA LLC",0,0,1,0,54,8448,MO,"LOOSE CREEK",65054
2023,"HITACHI VANTARA LLC",0,0,1,0,54,8448,MT,MELSTONE,59054
2023,"HITEC INFORMATION TECHNOLOGIES INC",1,0,1,0,54,1819,VA,HERNDON,20171
2023,"HITECH NETWORK SOLUTIONS LLC",1,0,0,0,54,4791,TX,DALLAS,75234
2023,"HITEK SYSTEMS LLC",0,0,1,0,54,6911,MD,GERMANTOWN,20874
2023,"HITPS LLC DBA HAVEN TECHNOLOGIES",0,0,1,0,54,3972,,,
2023,"HITPS LLC DBA HAVEN TECHNOLOGIES",0,0,9,0,54,3972,NY,"NEW YORK",10016
2023,"HITPS LLC DBA HAVEN TECHNOLOGIES",0,0,1,0,54,3972,NY,"WHITE PLAINS",10601
2023,"HITPS LLC DBA HAVEN TECHNOLOGIES",0,0,1,0,54,3974,NY,"NEW YORK",10016
2023,"HIVEMAPPER INC",0,0,1,1,54,4403,CA,"SAN FRANCISCO",94105
2023,"HIWORTH TECHNOLOGIES AND MGMT LLC",1,0,0,0,54,6142,TX,FRISCO,75034
2023,"HIYA INC",0,0,1,0,54,0722,WA,SEATTLE,98101
2023,"HKG LLP",0,0,1,0,54,2788,CA,PASADENA,91124
2023,"HKG LLP",0,0,1,0,54,2788,CA,PASADENA,91124
2023,"HKS INC",1,0,12,0,54,2838,TX,DALLAS,75201
2023,"HL ACQUISITION INC",0,0,1,0,54,4877,,,
2023,"HL COM INC",0,0,1,0,54,2586,TX,HOUSTON,77006
2023,"HL TAX SERVICES LLC",0,0,1,0,54,8770,PA,HARRISBURG,17111
2023,"HLM ARCHITECTS INC DBA HENSLEY LAMKIN RACHEL INC",0,0,1,0,54,7361,TX,DALLAS,75254
2023,"HMB PHARMACY MANAGEMENT LLC DBA METCARERX",0,0,1,0,54,4783,NY,BRONX,10451
2023,"HMC GROUP INC DBA HMC ARCHITECTS",0,0,1,0,54,9939,CA,ONTARIO,91764
2023,"HND SOLUTIONS LLC",1,0,0,0,54,4670,CA,"SAN FRANCISCO",94104
2023,"HNTB CORPORATION",0,0,1,0,54,3092,,,
2023,"HNTB CORPORATION",0,0,9,2,54,3092,MO,"KANSAS CITY",64105
2023,"HOCKER DESIGN GROUP INC DBA HOCKER",1,0,0,0,54,0350,TX,DALLAS,75207
2023,"HOGAN LOVELLS US LLP",0,0,2,0,54,4704,DC,WASHINGTON,20004
2023,"HOGAN TAYLOR LLP",0,0,1,0,54,3977,OK,TULSA,74114
2023,"HOGARTH CALIFORNIA LLC",0,0,3,0,54,8731,CA,SUNNYVALE,94085
2023,"HOLLADAY ENGINEERING COMPANY DBA HECO ENGINEER",0,0,1,0,54,3076,ID,PAYETTE,83661
2023,"HOLLAND KNIGHT LLP",1,0,0,0,54,3819,NY,"NEW YORK",10019
2023,"HOLLERITH IT SOLUTIONS LLC",0,0,1,0,54,7871,,,
2023,"HOLLERITH IT SOLUTIONS LLC",8,0,1,0,54,7871,TX,HOUSTON,77036
2023,"HOLMES US FORMERLY HOLMES STRUCTRES",0,0,1,0,54,0622,CA,"SAN FRANCISCO",94104
2023,"HOMEASAP LLC",0,0,1,0,54,6343,FL,JACKSONVILLE,32256
2023,"HOMECARE HOMEBASE LLC",0,0,2,0,54,8849,TX,DALLAS,75206
2023,"HOMECARE SOFTWARE SOLUTIONS LLC DBA HHAEXCHANGE",0,0,1,0,54,6664,NY,"NEW YORK",10036
2023,"HOMEE INC",0,0,1,0,54,9516,FL,TAMPA,33606
2023,"HOMEFIX CUSTOM REMODELING CORP",0,0,1,0,54,5937,MD,COLUMBIA,21045
2023,"HONDA LOGISTICS NORTH AMERICA INC",0,0,3,0,54,4349,OH,"EAST LIBERTY",43319
2023,"HONDA RESEARCH INSTITUTE USA INC",0,0,1,0,54,3217,CA,"SAN JOSE",95134
2023,"HONEYCOMB TECHNOLOGIES LTD",1,0,0,0,54,7299,OH,POWELL,43065
2023,"HONEYREY SOLUTIONS INC",1,0,0,0,54,6114,TX,MCKINNEY,75071
2023,"HONEYSYS LLC",1,0,2,0,54,7879,UT,SANDY,84070
2023,"HONEYWELL INTERNATIONAL INC",0,0,1,0,54,0560,NC,CHARLOTTE,28202
2023,"HONEYWELL INTERNATIONAL INC",1,0,0,0,54,0650,,,
2023,"HONEYWELL INTERNATIONAL INC",3,0,38,2,54,0650,NC,CHARLOTTE,28202
2023,"HONEYWELL SAFETY PRODUCTS USA INC",0,0,1,0,54,3444,NC,CHARLOTTE,28202
2023,"HONIGMAN LLP",0,0,1,0,54,7377,MI,DETROIT,48226
2023,"HONORA SOLUTIONS LLC",3,0,0,0,54,5100,OH,MASON,45040
2023,"HONORLOCK INC",1,0,0,0,54,9155,FL,"BOCA RATON",33422
2023,"HOODOO DIGITAL LLC",0,0,1,0,54,5554,UT,"SALT LAKE CITY",84111
2023,"HOPKINS MEDTECH GROUP LLC DBA HOPKINS MEDTECH COMPLIANCE",0,0,1,0,54,8956,NJ,"BASKING RIDGE",07920
2023,"HORD COPLAN MACHT INC",0,0,2,0,54,6408,MD,BALTIMORE,21202
2023,"HORIZON ADVANCED SYSTEMS INC",0,0,1,0,54,4484,NJ,ISELIN,08830
2023,"HORIZON CONSULTING INC",1,0,0,0,54,4343,NJ,PRINCETON,08540
2023,"HORIZON INDUSTRIES LIMITED",0,0,2,0,54,4291,VA,VIENNA,22182
2023,"HORIZON SOFTECH INC",0,0,10,0,54,8567,MI,TROY,48083
2023,"HORIZON SYSTEMS INC",0,0,1,0,54,7483,VA,DULLES,20166
2023,"HORIZON SYSTEMS INC",1,0,3,0,54,7483,VA,STERLING,20165
2023,"HORIZONTAL INTEGRATION INC",0,0,1,0,54,6047,MN,"SAINT LOUIS PARK",55416
2023,"HORIZONTAL INTEGRATION INC",0,0,1,0,54,6047,,,
2023,"HORIZONTAL INTEGRATION INC",0,0,1,0,54,6047,MN,MINNEAPOLIS,55416
2023,"HORKUS SOLUTIONS INC",0,0,5,0,54,1534,TX,SPRING,77380
2023,"HORTON LEES BROGDEN LIGHTING DESIGN INC",0,0,1,0,54,1278,NY,"NEW YORK",10016
2023,"HOSOKAWA YOKO AMERICA INC",0,0,1,0,54,2299,IL,"ROLLING MEADOWS",60008
2023,"HOUGH BECK & BAIRD INC",0,0,1,0,54,4647,WA,SEATTLE,98121
2023,"HOULIHAN LOKEY INC",0,0,1,0,54,0395,CA,"LOS ANGELES",90067
2023,"HOURWORK INC",0,0,1,0,54,7188,MA,CAMBRIDGE,02238
2023,"HOUZZ INC",0,0,1,0,54,3304,,,
2023,"HOUZZ INC",1,0,4,0,54,3304,CA,"PALO ALTO",94301
2023,"HOV SERVICES INC",0,0,1,0,54,4800,,,
2023,"HOVER ARCHITECTURE PC",0,0,1,0,54,5983,CO,ENGLEWOOD,80112
2023,"HOVERSTATE 2 0 INC",1,0,2,0,54,4808,CA,"WOODLAND HILLS",91367
2023,"HOVERSTATE 2 0 INC",0,0,1,0,54,4808,CA,"WOODLAND HILLS",91364
2023,"HOWARD HUGHES MEDICAL INSTITUTE HHMI",3,0,1,0,54,5717,,,
2023,"HOWARD HUGHES MEDICAL INSTITUTE HHMI",46,0,16,1,54,5717,MD,"CHEVY CHASE",20815
2023,"HOWARD HUGHES MEDICAL INSTITUTE HHMI",0,0,1,0,54,5717,VA,UPPERVILLE,20185
2023,"HP BUILDINGS LLC",1,0,0,0,54,3288,NC,CHARLOTTE,28209
2023,"HP INFOSYSTEM LLC",1,0,2,0,54,9597,NJ,EDISON,08837
2023,"HP INFOSYSTEM LLC",0,0,1,0,54,9597,NJ,RDISON,08837
2023,"HPF CONSULTANTS INC",0,0,1,0,54,0261,TX,MIDLAND,79705
2023,"HPS SOFTWARE SOLUTIONS INC",1,0,0,0,54,3972,DC,WASHINGTON,20007
2023,"HQ ACCOUNT LLC DBA BATCHSERVICE",0,0,1,0,54,8737,AZ,TEMPE,85282
2023,"HR GREEN INC",0,0,2,0,54,7178,IA,"CEDAR RAPIDS",52404
2023,"HR PATH US",0,0,2,0,54,0450,GA,ATLANTA,30338
2023,"HR PUNDITS INC",8,0,2,0,54,0470,IL,SCHAUMBURG,60173
2023,"HRB PROFESSIONAL RESOURCES LLC",2,0,18,1,54,7534,MO,"KANSAS CITY",64105
2023,"HRD INC",4,0,0,0,54,8951,MD,"GLENN DALE",20769
2023,"HRK SOLUTIONS LLC",7,0,0,0,54,3003,TX,FRISCO,75033
2023,"HRK SOLUTIONS LLC",0,0,2,0,54,3003,TX,FRISCO,75034
2023,"HRK SYSTEMS INC",1,0,0,0,54,5016,TX,DALLAS,75234
2023,"HRK SYSTEMS INC",1,1,0,0,54,5016,TX,"FARMERS BRANCH",75234
2023,"HRT CR LLC",0,0,1,0,54,2229,NY,"NEW YORK",10007
2023,"HRT RESEARCH LLC",1,0,5,0,54,1146,NY,"NEW YORK",10007
2023,"HS SOLUTIONS INC",3,0,6,0,54,6655,CA,"SAN RAMON",94583
2023,"HSA & ASSOCIATES INC",0,0,1,0,54,1783,,,
2023,"HSA & ASSOCIATES INC",0,0,1,0,54,1783,CA,"WEST COVINA",91790
2023,"HSCHOI ENTERPRISES LLC",0,0,1,0,54,4379,NY,"LONG ISLAND CITY",11101
2023,"HSK TECHNOLOGIES INC",0,0,3,0,54,2215,NJ,PISCATAWAY,08554
2023,"HSK TECHNOLOGIES INC",2,0,6,0,54,2215,NJ,PISCATAWAY,08854
2023,"HSK TECHNOLOGIES INC",0,0,1,0,54,2215,,,
2023,"HSO ENTERPRISE SOLUTIONS LLC",0,0,5,0,54,7800,NY,"NEW YORK",10118
2023,"HSPG & ASSOCIATES",0,0,1,0,54,1398,OK,"OKLAHOMA CITY",73112
2023,"HSQUARE IT SOLUTIONS INC",0,0,7,0,54,6047,FL,JACKSONVILLE,32256
2023,"HSTECHNOLOGIES LLC",4,1,7,0,54,3854,TX,PLANO,75023
2023,"HSTECHNOLOGIES LLC",0,0,1,0,54,3854,,,
2023,"HTC GLOBAL SERVICES INC",1,0,1,0,54,6583,,,
2023,"HTC GLOBAL SERVICES INC",28,0,94,2,54,6583,MI,TROY,48084
2023,"HTC GLOBAL SERVICES INC",0,0,1,0,54,6583,,,
2023,"HTC GLOBAL SERVICES INC",3,4,0,0,54,3597,DE,LEWES,19958
2023,"HTN WIRELESS INC",2,0,0,0,54,1525,CA,"LAGUNA HILLS",92653
2023,"HTS INC CONSULTANTS",0,0,1,0,54,4585,TX,HOUSTON,77091
2023,"HTTP HOLDINGS LLC DBA EL TORO",0,0,1,0,54,4813,KY,LOUISVILLE,40202
2023,"HUDSON DATA LLC",0,0,9,0,54,2861,NY,GENEVA,14456
2023,"HUDSON INSTITUTE OF PROCESS RESEARCH INCORPORATED DBA HIPR PACSOFT TECHNOLOGIES INC",2,0,1,0,54,2331,MI,"ANN ARBOR",48108
2023,"HUDSONALPHA INSTITUTE FOR BIOTECHNOLOGY",2,0,0,0,54,9317,AL,HUNTSVILLE,35806
2023,"HUE & CRY",0,0,1,0,54,0787,VA,RICHMOND,23219
2023,"HUGE LLC",0,0,3,0,54,6408,NY,BROOKLYN,11201
2023,"HUGHES SYSTIQUE PRIVATE LIMITED",2,0,3,0,54,1217,MD,ROCKVILLE,20850
2023,"HULL INFORMATION TECHNOLOGY SOLUTIONS AND SERVICES LLC",0,0,1,0,54,7843,TX,LLANO,78643
2023,"HUMAC INC",0,0,8,0,54,0650,AZ,PHOENIX,85027
2023,"HUMAN CAPITAL MANAGEMENT INSTITUTE",0,0,1,0,54,9095,CA,"REDONDO BEACH",90278
2023,"HUMAN MADE MACHINE INC",0,0,1,0,54,1843,FL,"FORT LAUDERDALE",33301
2023,"HUMAN RESOURCE AND KNOWLEDGE INC DBA HRK AMERICA",0,0,1,0,54,1957,NJ,ISELIN,08830
2023,"HUMAN RESOURCES RESEARCH ORGANIZATION",2,0,0,0,54,9310,VA,ALEXANDRIA,22314
2023,"HUMAN SERVICES RESEARCH INSTITUTE INC",0,0,0,1,54,9368,MA,CAMBRIDGE,02140
2023,"HUMANE INC",0,0,2,0,54,7854,CA,"SAN FRANCISCO",94107
2023,"HUMANETICS INNOVATIVE SOLUTIONS INC",0,0,1,0,54,1647,MI,"FARMINGTON HILLS",48335
2023,"HUMANETICS INNOVATIVE SOLUTIONS INC",0,0,2,0,54,1647,MI,"FARMINGTON HILLS",48335
2023,"HUMANS FIRST DETROIT DBA CIVILLA",0,0,2,0,54,8867,MI,DETROIT,48202
2023,"HUME AI INC",1,0,0,0,54,4746,NY,"NEW YORK",10016
2023,"HUMETIS TECHNOLOGIES INC",1,0,14,2,54,5145,NJ,KINGSTON,08528
2023,"HUMMINGBIRD TEKSYSTEMS INC",3,0,0,0,54,5648,CA,IRVINE,92618
2023,"HUMPHREYS & PARTNERS ARCHITECTS LP",0,0,1,0,54,8544,TX,DALLAS,75240
2023,"HUNGERRUSH LLC",1,0,2,0,54,6411,TX,HOUSTON,77043
2023,"HUNTER TAUBMAN NY LLP",1,0,0,0,54,7021,NY,"NEW YORK",10005
2023,"HURON CONSULTING SERVICES LLC",0,0,8,0,54,6453,IL,CHICAGO,60607
2023,"HURON CONSULTING SERVICES LLC",0,0,1,0,54,6453,,,
2023,"HURRICANE HILL DEVELOPMENT COMPANY PLLC",0,0,1,0,54,6789,NH,GREENVILLE,03048
2023,"HURRICANE LABS LLC",0,0,1,0,54,6053,OH,BEACHWOOD,44122
2023,"HUTCHINSON AND BLOODGOOD LLP",0,0,1,0,54,8589,CA,"EL CENTRO",92243
2023,"HUTKER ARCHITECTS INC",0,0,3,0,54,3622,MA,FALMOUTH,02540
2023,"HUTSON GOBBLE LLC",0,0,1,0,54,3780,MO,"SAINT LOUIS",63119
2023,"HV LAW GROUP LLC",0,1,0,0,54,9244,PA,PHILADELPHIA,19103
2023,"HVA ELECTRONICS INC",0,0,1,0,54,2830,MI,TROY,48084
2023,"HVJ NORTH TEXAS CHELLIAH CONSULTANTS INC",0,0,1,0,54,7943,TX,DALLAS,75247
2023,"HVJ S CENTRAL TEXAS M AND J INC",0,0,1,0,54,4643,TX,AUSTIN,78744
2023,"HWANG AND ASSOCIATES CPA LLC",0,0,1,0,54,7469,TX,HOUSTON,77036
2023,"HWKN ARCHITECTURE DPC",0,0,2,0,54,3250,NY,"NEW YORK",10004
2023,"HWOWZ CONCEPT INC.",0,0,1,0,54,9074,CA,"EL MONTE",91731
2023,"HYATT SHARED SERVICE CENTER LLC",0,0,1,0,54,1170,OK,MOORE,73160
2023,"HYCLOUD TECHNOLOGIES LLC",6,1,0,0,54,9946,NJ,EDISON,08820
2023,"HYDE ENGINEERING CONSULTING INC",0,0,2,0,54,2928,CO,BOULDER,80301
2023,"HYDROTECH ENVIRONMENTAL ENGINEERING GEOLOGY DPC",0,0,1,0,54,2170,NY,"NEW YORK",10001
2023,"HYLAND SOFTWARE INC",0,0,1,0,54,9247,,,
2023,"HYLAND SOFTWARE INC",0,0,2,0,54,9247,OH,WESTLAKE,44145
2023,"HYNIVA LLC",1,0,0,0,54,0447,TX,"SAN ANTONIO",78216
2023,"HYPE10 LLC",0,0,1,0,54,5576,NY,"NEW YORK",10016
2023,"HYPER LABS INC DBA HYPERSCIENCE",0,0,1,0,54,2283,NY,"NEW YORK",10007
2023,"HYPER V SOLUTIONS LLC",10,2,0,0,54,4451,SC,COLUMBIA,29201
2023,"HYPERBOLIC LABS INC",0,0,1,0,54,0493,NY,"NEW YORK",10002
2023,"HYPERFINE, INC.",0,0,1,0,54,9424,CT,GUILFORD,06437
2023,"HYPERION TECHNOLOGIES LLC",6,0,1,0,54,2999,VA,STERLING,20164
2023,"HYPHEN SOLUTIONS LLC",0,0,1,0,54,6795,TX,DALLAS,75234
2023,"HYPOSOFT SOLUTIONS INC",5,0,1,1,54,6651,VA,CHANTILLY,20151
2023,"HYPR CORP",0,0,0,1,54,4426,NY,"NEW YORK",10018
2023,"HYR GLOBAL SOURCE INC",4,0,10,0,54,7073,KS,"OVERLAND PARK",66213
2023,"HYSON INTERNATIONAL CORP",0,0,1,0,54,7585,MO,"SAINT LOUIS",63101
2023,"HYUNDAI AMERICA TECHNICAL CENTER INC",0,0,1,0,54,0894,MI,"SUPERIOR TOWNSHIP",49198
2023,"HYUNDAI AMERICA TECHNICAL CENTER INC",0,0,1,0,54,0894,MI,YPSILANTI,48198
2023,"HYUNDAI AMERICA TECHNICAL CENTER INC",0,0,1,0,54,0894,MI,"SUPERIOR TOWNSHIP",48198
2023,"I BRAIN SOLUTIONS LLC",8,3,1,1,54,7679,NJ,PISCATAWAY,08854
2023,"I DREAM SYSTEMS INC",6,0,0,0,54,3210,TX,KATY,77450
2023,"I NET SOFTWARE TECHNOLOGIES",6,0,1,0,54,9485,TX,IRVING,75063
2023,"I TECH ENTERPRISES INC",4,1,0,0,54,8925,CA,"SANTA CLARITA",91350
2023,"I&I SOFTWARE INC",2,0,4,0,54,5691,PA,BETHLEHEM,18020
2023,"I&I SOFTWARE INC",0,0,1,0,54,5691,,,
2023,"I-LINK SOLUTIONS INC",3,0,8,0,54,8440,VA,HERNDON,20170
2023,"I-SERVICES INC",1,0,1,0,54,1321,MA,WESTFORD,01886
2023,"I2 INFOTECH LLC",28,1,0,0,54,4309,TX,DALLAS,75234
2023,"I28 TECHNOLOGIES CORPORATION",0,0,1,0,54,5938,,,
2023,"I28 TECHNOLOGIES CORPORATION",1,0,13,0,54,5938,NJ,ISELIN,08830
2023,"I2C BUSINESS SOLUTIONS INC",1,0,0,0,54,8608,NJ,"SOUTH PLAINFIELD",07080
2023,"I2DATA SYSTEMS INC",0,0,3,0,54,9015,CA,"SANTA CLARA",95054
2023,"I2SOLVERS INC",0,0,3,0,54,4156,TX,DALLAS,75287
2023,"I2U SYSTEMS INC",1,1,11,0,54,5324,TX,"MISSOURI CITY",77459
2023,"I3 VERTICALS MANAGEMENT SERVICES INC",0,0,2,0,54,7828,TN,NASHVILLE,37215
2023,"I3GLOBALTECH INC",7,0,1,0,54,4706,MO,BALLWIN,63011
2023,"I3INFOTEK INC",0,0,4,0,54,1102,,,
2023,"I3INFOTEK INC",2,0,15,1,54,1102,NJ,EDISON,08837
2023,"I5 TECH INC",1,0,26,0,54,1857,NJ,EDISON,08817
2023,"I9 TECH SOLUTIONS LLC",1,0,0,0,54,1896,TX,IRVING,75062
2023,"IAI SYSTEM LLC",1,0,0,0,54,7157,TX,DALLAS,75244
2023,"IAM ROBOTICS INC",0,0,1,0,54,2095,,,
2023,"IAMBROSIA TECHNOLOGIES LLC",2,0,0,0,54,1694,TX,LEANDER,78641
2023,"IAV AUTOMOTIVE ENGINEERING INC",0,0,1,0,54,1346,MI,NORTHVILLE,48168
2023,"IB SYSTEMS INC",0,0,3,0,54,7520,MI,FARMINGTON,48335
2023,"IB SYSTEMS INC",0,0,4,0,54,7520,MI,"FARMINGTON HILLS",48335
2023,"IBA SOLUTION, LLC",0,1,0,0,54,7036,GA,LAWRENCEVILLE,30043
2023,"IBASE OF FAIRFIELD COUNTY LLC DBA QUALITEST GROUP",0,0,1,0,54,9738,,,
2023,"IBASE OF FAIRFIELD COUNTY LLC DBA QUALITEST GROUP",5,1,29,1,54,9738,NJ,BRIDGEWATER,08807
2023,"IBI GROUP A CALIFORNIA PARTNERSHIP",0,0,1,0,54,8721,CA,"LOS ANGELES",90013
2023,"IBI GROUP ARCHITECTS ENGINEERS LANDSCAPE ARCHITECTS A NEW YORK PARTNERSHIP",0,0,1,0,54,9717,NY,"NEW YORK",10003
2023,"IBI GROUP ARCHITECTS USA INC",1,0,0,0,54,4439,OR,PORTLAND,97205
2023,"IBI GROUP PROFESSIONAL SERVICES USA INC",0,0,1,0,54,2964,FL,"BOCA RATON",33487
2023,"IBIZ SOFTWARE INC",1,0,0,0,54,7467,TX,FRISCO,75035
2023,"IBLESOFT INC",0,0,1,0,54,7845,FL,MIAMI,33195
2023,"IBLESOFT INC",0,0,1,0,54,7845,FL,DORAL,33195
2023,"IBLESOFT INC",0,0,2,0,54,7845,FL,"FIRST UNION BANK",33195
2023,"IBM CORPORATION",0,0,1,0,54,2985,NC,DURHAM,27709
2023,"IBM CORPORATION",0,0,1,0,54,1885,NC,DURHAM,27709
2023,"IBM CORPORATION",3,0,32,0,54,1985,,,
2023,"IBM CORPORATION",317,9,730,14,54,1985,NC,DURHAM,27709
2023,"IBM CORPORATION",1,0,0,0,54,1985,VA,ARODA,22709
2023,"IBOTTA INC",1,0,2,0,54,6358,CO,DENVER,80202
2023,"IBRAIN TECHNOLOGIES INC",0,0,3,0,54,8010,MO,CHESTERFIELD,63005
2023,"IBRIDGE LLC",0,0,1,0,54,8722,CA,"LA HABRA",90631
2023,"IBS SOFTWARE AMERICAS INC FKA IBS SOFTWARE SERVICES AMERICAS INC",0,0,2,0,54,0280,,,
2023,"IBS SOFTWARE AMERICAS INC FKA IBS SOFTWARE SERVICES AMERICAS INC",17,11,10,0,54,0280,GA,ATLANTA,30339
2023,"IBUSINESS SOLUTION LLC",0,0,1,0,54,2472,PA,MECHANICSBURG,17050
2023,"IC CONSULT GROUP AMERICAS CORP",0,0,2,0,54,1618,GA,ATLANTA,30363
2023,"IC PRO AMERICAS INC",2,0,0,0,54,0888,TX,HOUSTON,77084
2023,"ICE DATA INDICES LLC",0,0,2,0,54,0674,GA,ATLANTA,30328
2023,"ICE MORTGAGE TECHNOLOGY INC",0,0,26,2,54,8780,CA,PLEASANTON,94588
2023,"ICE MORTGAGE TECHNOLOGY INC",0,0,3,0,54,8780,GA,ATLANTA,30328
2023,"ICENTRIS INC",1,0,0,0,54,1622,UT,"WOODS CROSS",84087
2023,"ICERTIS INC",0,0,6,0,54,0654,WA,BELLEVUE,98007
2023,"ICF INCORPORATED LLC",0,0,1,0,54,3615,,,
2023,"ICF INCORPORATED LLC",0,0,5,2,54,3615,VA,FAIRFAX,22031
2023,"ICF INCORPORATED LLC",1,0,5,0,54,3615,VA,RESTON,20190
2023,"ICF MACRO INC",0,0,1,0,54,5232,VA,RESTON,20190
2023,"ICF NEXT INC",0,0,1,0,54,0124,VA,RESTON,20190
2023,"ICF RESOURCES LLC",0,0,1,0,54,0263,VA,RESTON,20190
2023,"ICF RESOURCES LLC",1,1,1,0,54,0263,VA,FAIRFAX,22031
2023,"ICHOR MEDICAL SYSTEMS INC",0,0,1,0,54,6813,CA,"SAN DIEGO",92121
2023,"ICIMS INC",0,0,5,0,54,9840,NJ,HOLMDEL,07733
2023,"ICIVIL INC",0,0,1,0,54,0241,MD,WOODSTOCK,21163
2023,"ICLOUD COLUTIONS INC",0,0,1,0,54,5466,VA,HERNDON,20171
2023,"ICLOUD NOW LLC",1,0,0,0,54,9984,NC,MORRISVILLE,27560
2023,"ICLOUD TECHNOLOGIES CORP",6,0,5,0,54,7355,VA,STERLING,20166
2023,"ICLOUD WA LLC",14,1,0,0,54,1309,TX,PLANO,75024
2023,"ICON CLINICAL RESEARCH LLC",0,0,1,0,54,9156,PA,"BLUE BELL",19422
2023,"ICON ITGROUP",10,1,1,0,54,4234,MN,MINNEAPOLIS,55447
2023,"ICON ITGROUP",1,0,1,0,54,4234,MN,PLYMOUTH,55447
2023,"ICON LABORATORY SERVICES LLC",0,0,2,0,54,8459,PA,"BLUE BELL",19422
2023,"ICON TECHNOLOGIES INC",0,0,1,0,54,7094,GA,ALPHARETTA,30022
2023,"ICONIC INFOSYS INC",4,0,1,0,54,8957,TX,IRVING,75038
2023,"ICONMA LLC",1,0,7,0,54,9215,MI,TROY,48083
2023,"ICONNECT LC",0,0,4,0,54,8150,VA,ASHBURN,20147
2023,"ICONSOFT INC",0,0,4,0,54,3065,MA,BURLINGTON,01803
2023,"ICORE INFOTECH INC",4,1,5,0,54,2301,MD,GERMANTOWN,20874
2023,"ICORECONNECT INC",0,0,1,0,54,2867,FL,OCOEE,34761
2023,"ICRAVE LLC",0,0,0,1,54,3560,NY,"NEW YORK",10001
2023,"ICRUSH TECHNOLOGIES LLC",2,0,5,0,54,0005,IL,WESTMONT,60559
2023,"ICS GLOBAL SOFT INC",0,0,17,0,54,4608,TX,IRVING,75038
2023,"ICSA INC",0,0,3,0,54,9655,VA,ASHBURN,20147
2023,"ICUBE CONSULTANCY SERVICES INC",5,0,0,0,54,6403,FL,JACKSONVILLE,32216
2023,"ICUBE CONSULTANCY SERVICES INC",0,0,3,0,54,6403,FL,JACKSONVILLE,32256
2023,"ICUBE TECHNOLOGY INC",5,0,0,0,54,3218,AZ,MESA,85204
2023,"ICURO LLC",0,0,1,0,54,3058,CA,"SANTA CLARA",95054
2023,"ID 360 ANALYTICS",0,0,3,0,54,4743,NJ,PLAINSBORO,08536
2023,"IDA IT INC",1,0,1,0,54,9879,IL,"DOWNERS GROVE",60515
2023,"IDA SOLUTIONS INC",0,0,2,0,54,2432,IL,SCHAUMBURG,60173
2023,"IDARE LLC",1,0,0,0,54,2065,TX,HOUSTON,77092
2023,"IDATALYTICS LLC",1,0,0,0,54,8116,KS,"OVERLAND PARK",66213
2023,"IDC CONSULTING ENGINEERS INC",0,0,2,0,54,2076,CA,ANAHEIM,92805
2023,"IDCUS INC",0,0,1,0,54,8196,TX,HOUSTON,77094
2023,"IDEA EVOLVER LLC",0,0,2,0,54,4846,PA,PHILADELPHIA,19107
2023,"IDEA HELIX INC",2,0,2,0,54,9758,CA,FREMONT,94538
2023,"IDEAL CONSULT LLC",0,0,1,0,54,4845,PA,"KING OF PRUSSIA",19406
2023,"IDEAL SOURCE INC",0,0,4,0,54,0719,TX,LEWISVILLE,75067
2023,"IDEAL SOURCE INC",0,0,1,0,54,0719,TX,IRVING,75038
2023,"IDEAL SOURCE INC",3,2,1,0,54,0719,TX,IRVING,75063
2023,IDEAON,8,0,2,0,54,0360,CA,CONCORD,94520
2023,"IDEAS2IT TECHNOLOGIES LLC",0,1,0,0,54,4043,NV,"LAS VEGAS",89130
2023,"IDEAS2IT TECHNOLOGIES LLC",4,0,3,0,54,4043,TX,FRISCO,75034
2023,"IDEATE TECHNOLOGIES LLC",2,0,4,0,54,3956,OH,SOLON,44139
2023,"IDEAYA BIOSCIENCES INC",0,0,2,0,54,8251,CA,"SOUTH SAN FRANCISCO",94080
2023,"IDENTITY AND ACCESS SOLUTIONS LLC",0,0,1,0,54,4899,,,
2023,"IDENTITY AND ACCESS SOLUTIONS LLC",13,1,2,0,54,4899,VA,STERLING,20165
2023,"IDEO LP",0,0,1,0,54,2395,CA,"SAN FRANCISCO",94103
2023,"IDESIGN ENGINEERING INC",0,0,1,0,54,7462,MD,BELTSVILLE,20705
2023,"IDEXCEL INC",0,0,2,0,54,3680,,,
2023,"IDEXCEL INC",19,2,32,1,54,3680,VA,HERNDON,20170
2023,"IDEXX LABORATORIES INC",0,0,9,0,54,3723,ME,WESTBROOK,04092
2023,"IDG ARCHITECTS INC",0,0,1,0,54,3672,TX,HOUSTON,77060
2023,"IDL CONCEPTS LLC",0,0,0,1,54,5326,CA,"LOS ALTOS",94022
2023,"IDMWORKS LLC",0,0,1,0,54,1047,FL,MIAMI,33134
2023,"IDOL SOFT INC",1,0,0,0,54,4563,MA,MANSFIELD,02048
2023,"IDOLOGY INC",0,0,1,0,54,3306,GA,ATLANTA,30339
2023,"IDOO GLOBAL INC",1,0,1,0,54,2536,TX,HOUSTON,77036
2023,"IDRIBLE LLC",0,1,0,0,54,0588,TN,FRANKLIN,37064
2023,"IDRIL SERVICES CORPORATION",0,0,2,0,54,4371,GA,ALPHARETTA,30005
2023,"IDUGG SOFTWARE SOLUTIONS INC",2,0,0,0,54,8584,FL,ORLANDO,32810
2023,"IDWTEAM LLC",3,0,0,0,54,5011,GA,ALPHARETTA,30004
2023,"IEA CONSTRUCTORS LLC",0,0,1,0,54,4890,IN,INDIANAPOLIS,46278
2023,"IEA MANAGEMENT SERVICES INC",1,0,0,0,54,8745,IN,INDIANAPOLIS,46278
2023,"IFINITE SOLUTIONS LLC",0,0,2,0,54,0115,NJ,PARSIPPANY,07054
2023,"IFLEX INC",2,0,3,0,54,5555,OH,AKRON,44333
2023,"IFLEX INC",0,0,2,1,54,5555,OH,FAIRLAWN,44333
2023,"IFLOW INC",1,0,1,0,54,0159,TX,MCKINNEY,75070
2023,"IFLOWSOFT SOLUTIONS INC",2,0,12,1,54,6587,NJ,ISELIN,08830
2023,"IFS NORTH AMERICA INC",0,0,1,0,54,2200,IL,ITASCA,60143
2023,"IFUSION INC",2,0,0,0,54,4855,NJ,TRENTON,08691
2023,"IFUSION INC",1,0,0,0,54,4855,NJ,HAMILTON,08691
2023,"IGATE SOLUTIONS LLC",3,0,3,0,54,3797,TX,FRISCO,75035
2023,"IGEN SYSTEMS LLC",1,0,0,0,54,7471,NJ,"WEST WINDSOR",08550
2023,"IGET SERVICES LLC",0,0,1,0,54,4030,TX,HOUSTON,77036
2023,"IGM BIOSCIENCES INC.",1,0,1,0,54,9194,CA,"MOUNTAIN VIEW",94043
2023,"IGNITARIUM INC",3,0,4,0,54,4888,TX,AUSTIN,78750
2023,"IGNITE IPA",0,0,1,0,54,2274,NY,SAYVILLE,11782
2023,"IGNITION CREATIVE LLC",0,0,1,0,54,7937,CA,"LOS ANGELES",90017
2023,"IGPS LOGISTICS LLC",0,0,1,0,54,2335,FL,ORLANDO,32801
2023,"IGROW VIRTUAL IT SOLUTIONS INC",3,0,0,0,54,0288,TX,PLANO,75024
2023,"IGT TECHNOLOGIES INC",1,0,2,0,54,9654,TN,KNOXVILLE,37923
2023,"IH ENGINEERS PC",0,0,1,0,54,6070,NJ,PRINCETON,08540
2023,"IHEARTMEDIA MANAGEMENT SERVICES INC",0,0,1,0,54,9566,TX,"SAN ANTONIO",78258
2023,"IHERB LLC",0,0,1,0,54,7681,CA,IRVINE,92618
2023,"IHI ENERGY SOLUTIONS INC",0,0,1,0,54,6470,TX,HOUSTON,77079
2023,"IHRC INC",1,0,1,0,54,1100,GA,ATLANTA,30346
2023,"IIT JOBS INC",2,1,4,0,54,5823,CA,"SAN JOSE",95129
2023,"IKCON PHARMA INC",1,1,0,0,54,5247,NJ,"SOUTH PLAINFIELD",07080
2023,"IKCON TECHNOLOGIES INC",7,0,10,0,54,1058,NJ,"SOUTH PLAINFIELD",07080
2023,"IKNOWVATE TECHNOLOGIES INC",0,0,6,0,54,2150,MI,SOUTHFIELD,48076
2023,"IKON SOFTWARE SERVICES",0,0,1,0,54,8992,,,
2023,"IKON SOFTWARE SERVICES",1,0,0,0,54,8992,MI,"FARMINGTON HILLS",48335
2023,"IKON SYSTEMS LLC",6,0,2,0,54,3147,TX,FRISCO,75034
2023,"IKON TECH SERVICES LLC",2,0,13,0,54,0470,TX,HOUSTON,77036
2023,"IKONIC SOFT INC",2,0,0,0,54,9581,MN,"SAINT PAUL",55113
2023,"IKONIC SOFT INC",1,0,0,0,54,9591,MN,"SAINT PAUL",55113
2023,"IKONIC SOFT INC",2,0,2,0,54,9581,MN,ROSEVILLE,55113
2023,"IKONIKA CORP",1,0,0,0,54,5279,WA,FIFE,98424
2023,"IKSANA CONSULTING LLC",1,0,0,0,54,5566,NY,"NEW YORK",10011
2023,"ILANTUS SERVICES PVT LIMITED",0,0,1,0,54,,TX,PLANO,75024
2023,"ILANTUS SERVICES PVT LTD",0,0,2,0,54,7309,TX,PLANO,75024
2023,"ILANTUS TECHNOLOGIES PVT LTD",0,0,1,0,54,6721,,,
2023,"ILANTUS TECHNOLOGIES PVT LTD",1,0,0,0,54,6721,IL,SCHAUMBURG,60173
2023,"ILINESOFT LLC",3,0,1,0,54,2919,TX,"SUGAR LAND",77478
2023,"ILINK SYSTEMS INC DBA ILINK DIGITAL",1,0,17,0,54,2165,WA,BOTHELL,98021
2023,"ILJIN USA CORPORATION",0,0,1,0,54,7316,MI,NOVI,48377
2023,"ILLUMINATE TECHNOLOGIES LLC",0,0,1,0,54,0237,VA,HERNDON,20170
2023,"ILLUMIO INC",2,0,11,0,54,5620,CA,SUNNYVALE,94085
2023,"ILOGIC INC",0,0,1,0,54,2413,,,
2023,"ILOGIC INC",2,0,1,0,54,2413,NJ,HAMILTON,08619
2023,"ILOGIC INC",1,0,0,0,54,2413,NJ,TRENTON,08619
2023,"ILOGIXEDGE LLC",4,0,1,0,54,7960,VA,HERNDON,20171
2023,"IM SOLUTIONS INC",0,0,1,0,54,8037,,,
2023,"IM SOLUTIONS INC",4,0,2,0,54,8037,NJ,PLAINSBORO,08536
2023,"IMAGEWORK TECHNOLOGIES CORPORATION",0,0,1,0,54,7539,NY,"WHITE PLAINS",10601
2023,"IMAGINAG TECH LLC",0,0,1,0,54,5791,OH,CLEVELAND,44118
2023,"IMAGINAG TECH LLC",1,0,0,0,54,5791,OH,"UNIVERSITY HEIGHTS",44118
2023,"IMAGINATION THE AMERICAS INC",1,0,0,0,54,0095,NY,"NEW YORK",10001
2023,"IMAGRY INC",0,0,1,0,54,1551,CA,"SAN JOSE",95131
2023,"IMANAGE LLC",0,0,2,0,54,5084,IL,CHICAGO,60606
2023,"IMBUESYS INC",0,0,2,0,54,3539,IL,"ROLLING MEADOWS",60008
2023,"IMCS GROUP INC",1,1,12,0,54,0393,TX,IRVING,75063
2023,"IMEC USA NANOELECTRONICS DESIGN CENTER INC",1,0,0,0,54,1966,FL,KISSIMMEE,34744
2023,"IMEG CORP",0,0,1,0,54,5628,CA,PASADENA,91101
2023,"IMETRIS CORPORATION",0,0,8,1,54,0482,MI,SALINE,48176
2023,"IMG CONSULTING LLC",0,0,1,0,54,9615,CA,IRVINE,92612
2023,"IMG REBEL ADVISORY INC",0,0,1,0,54,2354,DC,WASHINGTON,20005
2023,"IMG SYSTEMS INC",6,0,5,0,54,1954,TX,PLANO,75075
2023,"IMI INFRA SOLUTIONS LLC",1,0,1,0,54,8351,FL,TAMPA,33612
2023,"IMINDS TECHNOLOGY SYSTEMS INC",4,0,6,1,54,8557,PA,PITTSBURGH,15243
2023,"IMMENSE BRAINS LLC",4,0,0,0,54,2126,CO,"COLORADO SPRINGS",80906
2023,"IMMIGRATION PROJECT INC",0,0,1,0,54,0482,IL,NORMAL,61761
2023,"IMMIPARTNER PC",0,0,1,0,54,9984,CA,"SAN FRANCISCO",94104
2023,"IMMUNEDGE INC",0,0,1,0,54,5492,,,
2023,"IMMUNEXPRESS INC",1,0,0,0,54,2493,WA,SEATTLE,98109
2023,"IMMUNITYBIO INC",1,0,1,0,54,9754,CA,"SAN DIEGO",92121
2023,"IMPACT ADVISORS LLC",0,0,1,0,54,7247,,,
2023,"IMPACT ADVISORS LLC",0,0,1,0,54,7247,IL,NAPERVILLE,60563
2023,"IMPACT7G INC",1,0,0,0,54,1748,IA,JOHNSTON,50131
2023,"IMPAQTIVE US CORP",2,0,0,0,54,9007,NJ,BRIDGEWATER,08807
2023,"IMPELLENT TECHNOLOGIES INC",0,0,1,0,54,7401,,,
2023,"IMPELLENT TECHNOLOGIES INC",0,0,1,0,54,7401,TX,IRVING,75038
2023,"IMPELSYS INC",3,0,0,0,54,6504,NY,"NEW YORK",10011
2023,"IMPERIO INC",18,2,0,0,54,9540,GA,MARIETTA,30067
2023,"IMPERVA INC",0,0,5,0,54,0133,CA,"SAN MATEO",94403
2023,"IMPETUS TECHNOLOGIES INC",1,0,4,0,54,6459,CA,"LOS GATOS",95032
2023,"IMPLAN GROUP LLC",1,0,0,0,54,8753,NC,HUNTERSVILLE,28078
2023,"IMPLEMENTATION TECHNOLOGIES CONSULTING INC",0,0,1,0,54,6389,GA,ALPHARETTA,30022
2023,"IMPLESYS CORPORATION",1,0,0,0,54,7581,GA,ATLANTA,30328
2023,"IMPLIFY INC",3,0,2,0,54,4033,DE,NEWARK,19702
2023,"IMPLIFY LLC",1,0,0,0,54,5346,GA,ALPHARETTA,30004
2023,"IMPLY DATA INC",0,0,3,0,54,7198,CA,BURLINGAME,94010
2023,"IMPOSSIBLE FOODS INC",0,0,9,0,54,6939,CA,"REDWOOD CITY",94063
2023,"IMPOSSIBLE FOODS INC",0,0,1,0,54,6939,,,
2023,"IMPRESSICE BUSINESS SOLUTIONS INC",1,0,0,0,54,3880,TX,PLANO,75024
2023,"IMPRESSION TECHNOLOGY INC",0,0,1,0,54,3575,CA,"WALNUT CREEK",94596
2023,"IMPRINT PAYMENTS INC",4,0,0,0,54,2986,NY,"NEW YORK",10003
2023,"IMPRINT PAYMENTS INC",0,0,3,0,54,2986,NY,"NEW YORK",10013
2023,"IMPRIVATA INC",1,0,3,1,54,0178,MA,WALTHAM,02451
2023,"IMR SOFT LLC",2,0,20,1,54,4854,NJ,PRINCETON,08540
2023,"IMRE LLC",0,0,1,0,54,9359,MD,TOWSON,21204
2023,"IMS GEAR VIRGINIA LLC",1,0,0,0,54,5709,VA,"VIRGINIA BEACH",23454
2023,"IMVELA CORP DBA KINGDOM SUPERCULTURES",0,0,1,0,54,0589,NY,BROOKLYN,11205
2023,"IMVT CORP",0,0,1,0,54,1299,NY,"NEW YORK",10018
2023,"IN4.OS US LLC",1,0,0,0,54,7707,VA,HERNDON,20170
2023,"INABIA SOFTWARE AND CONSULTING INC",2,0,4,1,54,2632,WA,REDMOND,98052
2023,"INAPP INC",1,0,0,0,54,7989,CA,"PALO ALTO",94303
2023,"INARI AGRICULTURE INC",0,0,1,0,54,3309,MA,CAMBRIDGE,02139
2023,"INBIZ CONCEPTS INC",2,0,4,0,54,4487,MA,NORWOOD,02062
2023,"INBOUND PARTNERS LLC",1,2,2,0,54,9603,IL,CHICAGO,60602
2023,"INC ARCHITECTURE AND DESIGN PLLC",0,0,2,0,54,7678,NY,"NEW YORK",10013
2023,"INC QUERY LLC",0,0,1,0,54,6688,IL,CHICAGO,60603
2023,"INCANDESCENT TECHNOLOGIES INC",2,0,8,0,54,5343,NY,"NEW YORK",10007
2023,"INCAPSULATE LLC",1,0,0,0,54,8801,DC,WASHINGTON,20001
2023,"INCEDO INC",0,0,4,0,54,1958,,,
2023,"INCEDO INC",0,0,1,0,54,1958,NJ,CHESTER,07930
2023,"INCEDO INC",0,0,14,0,54,1958,NJ,"FLORHAM PARK",07932
2023,"INCEDO INC",18,0,7,0,54,1958,NJ,ISELIN,08830
2023,"INCEPT DATA SOLUTIONS INC",0,0,5,0,54,2873,VA,STERLING,20166
2023,"INCEPTIO TECHNOLOGY INC",0,0,1,0,54,4962,CA,FREMONT,94538
2023,"INCLOUD LLC D B A ONTRA",0,0,1,0,54,2154,CA,"SAN FRANCISCO",94108
2023,"INCODE TECHNOLOGIES INC",0,0,1,0,54,5529,CA,"SAN FRANCISCO",94105
2023,"INCOM TECHNOLOGIES INC",0,0,1,0,54,6130,,,
2023,"INCOM TECHNOLOGIES INC",6,1,0,0,54,6130,VA,HERNDON,20170
2023,"INCORPORAN INC",3,0,3,0,54,0742,NJ,PARSIPPANY,07054
2023,"INCREDIBLE SOFTWARE SOLUTIONS LLC",3,0,0,0,54,0166,TX,RICHARDSON,75080
2023,"INCUBIT LLC",1,0,0,0,54,0765,OH,DELAWARE,43015
2023,"INDEGENE INC",9,0,5,0,54,1856,NJ,PRINCETON,08540
2023,"INDEPENDENT COMPUTER CONSULTING GROUP INC",0,0,1,0,54,8348,PA,WARMINSTER,18974
2023,"INDEPENDENT COMPUTER CONSULTING GROUP INC",0,0,1,0,54,8348,PA,WARMINSTER,18974
2023,"INDEPENDENT PROJECT ANALYSIS INC",0,0,1,0,54,5030,VA,ASHBURN,20147
2023,"INDEPTH ENGINEERING SOLUTIONS LLC",1,0,11,0,54,8169,MI,TROY,48083
2023,"INDEX ANALYTICS LLC",0,0,3,0,54,4115,MD,BALTIMORE,21224
2023,"INDEX ANALYTICS LLC",0,0,4,0,54,4115,MD,"WINDSOR MILL",21244
2023,"INDEX ENGINES INC",0,0,2,0,54,4992,NJ,HOLMDEL,07733
2023,"INDIANA BIOSCIENCES RESEARCH INSTITUTE INC",3,0,1,0,54,2271,IN,INDIANAPOLIS,46202
2023,"INDIC SOLUTIONS INC",0,0,1,0,54,8797,VA,CHANTILLY,20152
2023,"INDIGO AG INC",0,0,5,0,54,1206,MA,CHARLESTOWN,02129
2023,"INDIGO BEAM LLC",0,0,1,0,54,7186,,,
2023,"INDIGO BEAM LLC",0,0,3,0,54,7186,TX,HOUSTON,77042
2023,"INDIUM SOFTWARE INC",1,0,0,0,54,1243,CA,CUPERTINO,95014
2023,"INDOTRONIX INTERNATIONAL CORPORATION",0,0,1,0,54,4254,ME,ROCHESTER,04606
2023,"INDOTRONIX INTERNATIONAL CORPORATION",6,0,17,0,54,4254,NY,ROCHESTER,14606
2023,"INDRA SOLUTIONS LLC",0,0,1,0,54,6599,CA,"SAN RAMON",94583
2023,"INDSOFT INC",0,0,6,1,54,3488,IL,NAPERVILLE,60563
2023,"INDU LLC DBA INTIGROW",6,0,2,0,54,4288,GA,DULUTH,30097
2023,"INDUKURI INFORMATION SERVICES INC",1,0,0,0,54,0547,TN,GOODLETTSVILLE,37072
2023,"INDUR IT SOLUTIONS INC",3,0,0,0,54,4322,TX,PLANO,75024
2023,"INDUS BUSINESS SOLUTIONS, INC",2,0,0,0,54,6193,FL,"WINTER GARDEN",34787
2023,"INDUS GROUP INC",4,0,1,0,54,1901,VA,HERNDON,20170
2023,"INDUS GROUP INC",2,1,14,0,54,4043,NJ,HACKENSACK,07601
2023,"INDUS USA INC",4,0,6,0,54,8830,TX,HOUSTON,77084
2023,"INDUS USA INC",0,0,1,0,54,8830,TX,HOUSTON,77084
2023,"INDUS VALLEY CONSULTANTS INC",0,0,1,0,54,6691,,,
2023,"INDUS VALLEY CONSULTANTS INC",0,0,4,0,54,6691,OH,MIAMISBURG,45342
2023,"INDUSTRIAL ALLY",0,0,1,0,54,0605,MO,CHESTERFIELD,63017
2023,"INDUSTRIAL ECONOMICS INCORPORATED",0,0,1,0,54,5625,MA,CAMBRIDGE,02140
2023,"INDUSTRIAL NEST INC",0,0,1,0,54,0811,CA,"SAN FRANCISCO",94110
2023,INECTA,0,0,1,0,54,9705,,,
2023,"INERTIA SYSTEMS INC",0,0,1,0,54,3445,CA,"CHULA VISTA",91910
2023,"INETFRAME TECHNOLOGIES LLC",1,0,1,0,54,4477,TX,FRISCO,75033
2023,"INFER SOLUTIONS, INC.",1,0,0,0,54,9000,NJ,PRINCETON,08540
2023,"INFERMOVE TECHNOLOGIES INC",1,0,0,0,54,4129,CA,"SANTA CLARA",95051
2023,"INFI IT LLC",2,1,0,0,54,3777,PA,LANGHORNE,19047
2023,"INFI USA INC",0,0,1,0,54,1723,IL,CHICAGO,60607
2023,"INFINIA ML INC",0,1,0,0,54,3164,NC,DURHAM,27703
2023,"INFINICS INC",1,0,0,0,54,9969,NC,CHARLOTTE,28262
2023,"INFINIGLOBE LLC",0,0,3,0,54,5374,CA,"NEWPORT BEACH",92660
2023,"INFINITE COMPUTER SOLUTIONS INC",46,1,85,2,54,6223,MD,ROCKVILLE,20852
2023,"INFINITE COMPUTER SOLUTIONS INC",0,0,2,0,54,6223,,,
2023,"INFINITE COMPUTING SYSTEMS INC",0,0,1,0,54,2799,IA,"CEDAR RAPIDS",52401
2023,"INFINITE CONVERGENCE SOLUTIONS INC",0,0,1,0,54,9762,MD,ROCKVILLE,20852
2023,"INFINITE MASS INC",0,0,1,0,54,1611,WA,SEATTLE,98122
2023,"INFINITE SOLUTIONS INC",1,0,0,0,54,8859,CA,ROSEVILLE,95661
2023,"INFINITE SPECTRUM SOLUTIONS INC",0,0,1,0,54,2357,CA,CARLSBAD,92008
2023,"INFINITUS SYSTEMS INC",1,0,7,0,54,4433,CA,"SAN FRANCISCO",94107
2023,"INFINITY TECH GROUP INC",3,0,5,0,54,6254,NJ,PARAMUS,07652
2023,"INFIVERSE SYSTEMS LLC",5,0,0,0,54,4822,TX,HOUSTON,77074
2023,"INFLAMMATIX INC",0,0,2,0,54,7509,CA,"REDWOOD CITY",94065
2023,"INFLAMMATIX INC",0,0,1,0,54,7509,CA,SUNNYVALE,94085
2023,"INFLUUR CORPORATION",0,0,1,0,54,7629,FL,MIAMI,33131
2023,"INFO JUNCTION LLC",1,0,1,0,54,3241,NY,NEWBURGH,12550
2023,"INFO KEYS INC",1,0,11,0,54,6576,TX,IRVING,75063
2023,"INFO LABS INC",0,0,3,0,54,3337,VA,HERNDON,20170
2023,"INFO LABS INC",0,2,2,0,54,3337,VA,HERNDON,20171
2023,"INFO SERVICES LLC",1,0,7,0,54,8303,MI,LIVONIA,48152
2023,"INFO TECH RESEARCH GROUP INC",0,0,1,0,54,2071,NV,"LAS VEGAS",89169
2023,"INFO WAY SOLUTIONS LLC",0,0,1,0,54,4823,,,
2023,"INFO WAY SOLUTIONS LLC",2,0,5,0,54,4823,CA,FREMONT,94538
2023,"INFOBAHN SOFTWORLD INC",0,0,1,0,54,3897,CA,"SAN JOSE",95131
2023,"INFOBIZ SYSTEMS LLC",3,0,5,0,54,8666,MI,TROY,48084
2023,"INFOBIZ VERONICA RIOS PRESIDENT",0,0,1,0,54,9768,CA,TRACY,95377
2023,"INFOBLOX INC",0,0,5,1,54,2867,WA,TACOMA,98402
2023,"INFOBUILDERS INC",0,0,1,0,54,1076,TX,IRVING,75062
2023,"INFOBUILDERS INC",1,0,1,0,54,1076,TX,"THE COLONY",75056
2023,"INFOCEPTS LLC",0,0,1,0,54,5390,,,
2023,"INFOCEPTS LLC",5,0,9,0,54,5390,VA,"MC LEAN",22102
2023,"INFOCEPTS LLC",1,0,1,0,54,5390,VA,MCLEAN,22102
2023,"INFOCONS INC",6,0,0,0,54,0845,PA,EXTON,19341
2023,"INFODAT INTERNATIONAL INC",4,0,4,0,54,5374,TX,HOUSTON,77042
2023,"INFODEED INC",0,0,1,0,54,3409,TX,PLANO,75023
2023,"INFODRIVE SYSTEMS INC",0,0,13,0,54,1918,AL,TUSCALOOSA,35404
2023,"INFODYANIMIX SOFTWARE SOLUTIONS LL",1,0,0,0,54,4074,VA,ASHBURN,20148
2023,"INFOEXCEL INC",1,0,0,0,54,2558,NC,DURHAM,27713
2023,"INFOGAIN CORPORATION",0,0,1,0,54,0773,,,
2023,"INFOGAIN CORPORATION",14,0,27,2,54,0773,CA,"LOS GATOS",95032
2023,"INFOGEN LABS INC",0,0,1,0,54,5399,CA,VALENCIA,91355
2023,"INFOGEN SOFTWARE SOLUTIONS INC",6,0,0,0,54,8837,VA,HERNDON,20171
2023,"INFOGLAD LLC",1,0,0,0,54,5210,MI,LIVONIA,48150
2023,"INFOGLAD LLC",1,0,0,0,54,5210,MI,LIVONIA,48154
2023,"INFOGLEN LLC",0,0,1,0,54,2197,CA,"SAN JOSE",95112
2023,"INFOGRAVITY LLC",3,0,6,0,54,5512,VA,MANASSAS,20109
2023,"INFOJINI INC",0,0,3,0,54,4920,MD,COLUMBIA,21046
2023,"INFOLANCE INC",2,1,0,0,54,8614,TX,PLANO,75093
2023,"INFOLOB SOLUTIONS INC",13,0,5,0,54,0756,TX,IRVING,75039
2023,"INFOLOGITECH INC",2,0,2,0,54,5163,NJ,PRINCETON,08540
2023,"INFOMAGNUS LLC",1,0,0,0,54,6146,CA,"HUNTINGTON BEACH",92649
2023,"INFOMATICS CORP",1,0,1,0,54,1794,VA,DULLES,20166
2023,"INFOMATICS CORP",3,0,6,0,54,1794,VA,STERLING,20166
2023,"INFOMATICS INC",6,0,16,2,54,9036,MI,"FARMINGTON HILLS",48334
2023,"INFOMATICS INC",0,0,1,0,54,9036,MI,"FARMINGTN HLS",48334
2023,"INFOMATICS INC",13,1,2,0,54,9036,MI,FARMINGTON,48334
2023,"INFOMATICS TECHNOLOGIES INC",2,0,7,0,54,1843,MI,FARMINGTON,48335
2023,"INFOMEDIA GROUP INC DBA CARENET HEALTHCARE SERVICES",0,0,2,0,54,9286,TX,"SAN ANTONIO",78230
2023,"INFOMERICA INC",2,0,7,0,54,5138,NC,CARY,27513
2023,"INFOMETRY INC",2,0,0,0,54,2720,CA,FREMONT,94538
2023,"INFONERO INC",11,0,5,0,54,4461,ND,FARGO,58102
2023,"INFONET TECHNOLOGIES LLC",8,0,2,0,54,6259,MI,WIXOM,48393
2023,"INFOR US LLC",6,0,17,1,54,9219,GA,ALPHARETTA,30004
2023,"INFOR US LLC",0,0,0,1,54,9219,RI,NARRAGANSETT,02882
2023,"INFORMATIC TECHNOLOGIES INC",2,0,0,0,54,7483,NJ,"NORTH BRUNSWICK",08902
2023,"INFORMATICA LLC",1,0,32,0,54,3710,CA,"REDWOOD CITY",94063
2023,"INFORMATION DATA SYSTEMS INC",1,0,0,0,54,8919,MI,TROY,48098
2023,"INFORMATION RESOURCE GROUP INC",0,0,3,0,54,0297,MO,"JEFFERSON CITY",65109
2023,"INFORMATION RESOURCES INC IRI",0,0,1,0,54,7987,IL,CHICAGO,60601
2023,"INFORMATION RESOURCES INC IRI",0,0,2,0,54,7987,,,
2023,"INFORMATION RESOURCES INC IRI",0,0,10,0,54,7987,IL,CHICAGO,60601
2023,"INFORMATION TECHNOLOGY AND INNOVATION FOUNDATION",0,0,1,0,54,3497,DC,WASHINGTON,20001
2023,"INFORMATION TECHNOLOGY MANAGEMENT CONSULTING INC",13,0,1,1,54,8020,NJ,PARSIPPANY,07054
2023,"INFOSEMANTICS INC",0,0,2,0,54,8887,TX,"FLOWER MOUND",75028
2023,"INFOSENSEGLOBAL INC",0,0,1,0,54,1185,MA,WESTBOROUGH,01581
2023,"INFOSHARE SYSTEMS INC",5,0,17,0,54,1500,CA,"MISSION VIEJO",92691
2023,"INFOSMART SYSTEMS INC",0,0,1,0,54,6239,TX,FRISCO,75034
2023,"INFOSMART TECHNOLOGIES INC",3,0,5,0,54,5695,GA,SUWANEE,30024
2023,"INFOSOFT SOLUTIONS LLC",0,0,1,0,54,6774,NJ,"WEST WINDSOR",08550
2023,"INFOSPAN INC",0,1,0,0,54,0877,VA,"FALLS CHURCH",22043
2023,"INFOSPAN INC",0,0,1,0,54,0877,,,
2023,"INFOSPEED SERVICES INC",1,0,0,0,54,7997,CA,FREMONT,94538
2023,"INFOSTRETCH CORPORATION",0,0,1,0,54,1362,CA,"SANTA CLARA",95054
2023,"INFOSTRETCH CORPORATION",12,0,33,4,54,1362,CA,"SANTA CLARA",95054
2023,"INFOSUN TECHNOLOGY LLC",1,0,1,0,54,9288,FL,SARASOTA,34236
2023,"INFOSWIFT CORP DBA PACIFIC CORE SOLUTIONS",2,0,1,0,54,9738,CA,IRVINE,92618
2023,"INFOSYS BPM LIMITED",13,1,10,1,54,0854,TX,RICHARDSON,75082
2023,"INFOSYS LIMITED",728,37,2553,45,54,0235,TX,RICHARDSON,75082
2023,"INFOSYS LIMITED",0,0,1,0,54,0235,TX,RICHARDSON,75082
2023,"INFOSYS LIMITED",0,0,1,0,54,0235,TX,RICHARDSON,75085
2023,"INFOSYS LIMITED",0,0,2,0,54,0235,TX,RICHARDSON,75082
2023,"INFOSYS LIMITED",1,0,0,0,54,0235,TX,RICHARSDON,75082
2023,"INFOSYS LIMITED",0,0,1,0,54,0235,TX,RICHARDSON,75082
2023,"INFOSYS LIMITED",0,0,1,0,54,9235,TX,RICHARDSON,75082
2023,"INFOSYS LIMITED",2,0,122,0,54,0235,,,
2023,"INFOSYS LIMITED",0,0,2,0,54,0235,TX,RICHARDSON,75082
2023,"INFOSYS LIMITED",1,1,0,0,54,0235,TX,FRISCO,75033
2023,"INFOSYS LIMITED",0,0,1,0,54,0235,,,
2023,"INFOSYS LIMITED",0,0,1,0,54,0235,TX,RICHARDSON,75080
2023,"INFOSYS MCCAMISH SYSTEMS LLC",0,0,1,0,54,4547,TX,RICHARDSON,75082
2023,"INFOSYS MCCAMISH SYSTEMS LLC",0,0,2,0,54,4577,GA,ATLANTA,30339
2023,"INFOSYS MCCAMISH SYSTEMS LLC",0,0,2,0,54,4577,TX,RICHARDSON,75082
2023,"INFOSYS PUBLIC SERVICES",0,0,2,0,54,2707,TX,RICHARDSON,75082
2023,"INFOSYTECH SOLUTIONS INC",2,0,2,0,54,0751,LA,RUSTON,71270
2023,"INFOTECH PRISM LLC DBA CIRRUSLABS",19,13,8,0,54,3248,GA,ALPHARETTA,30022
2023,"INFOTECH SPECTRUM INC",3,0,2,1,54,2697,CA,"SANTA CLARA",95050
2023,"INFOTEK GROUPS INC",2,0,4,0,54,9621,NC,DURHAM,27713
2023,"INFOTRAN ENGINEERS ARCHITECTS PC",1,0,13,0,54,3133,NJ,"EAST ORANGE",07018
2023,"INFOTREE GLOBAL SOLUTIONS CORP",0,0,2,0,54,3247,MI,PLYMOUTH,48170
2023,"INFOTREND INC",0,0,1,0,54,7938,MD,"COLLEGE PARK",20742
2023,"INFOTRON SOLUTIONS LLC",0,1,0,0,54,1755,NV,RENO,89501
2023,"INFOUNITE INC",2,1,0,0,54,2859,MI,"MOUNT CLEMENS",48043
2023,"INFOVILLE INC",0,0,1,0,54,0417,,,
2023,"INFOVILLE INC",6,2,9,0,54,0417,NJ,"BELLE MEAD",08502
2023,"INFOVISION INC",0,0,1,0,54,4700,,,
2023,"INFOVISION INC",5,0,14,0,54,4700,TX,RICHARDSON,75081
2023,"INFOVITY INC",0,0,4,0,54,1363,CA,"SAN MATEO",94402
2023,"INFOWAVE SYSTEMS INC",5,0,12,0,54,1238,CT,"ROCKY HILL",06067
2023,INFOWAYS,2,0,1,0,54,2620,PA,LANGHORNE,19047
2023,"INFOWEB SYSTEMS INC",1,0,4,0,54,4536,IA,DUBUQUE,52002
2023,"INFOYUGA TECHNOLOGIES INC",1,0,1,0,54,7515,PA,CORAOPOLIS,15108
2023,"INFOZEAL SOLUTIONS INC",7,1,1,0,54,1661,TX,CARROLLTON,75006
2023,"INFRAPOD TECHNOLOGIES INC",0,0,1,0,54,3016,TX,IRVING,75038
2023,"INFRASTRUCTURE CONSULTING ENGINEERING PLLC",1,0,0,0,54,5330,SC,"WEST COLUMBIA",29169
2023,"INFRASTRUCTURE ENGINEERING INCORPORATED",0,0,1,0,54,7342,IL,CHICAGO,60606
2023,"INFRATECH ENGINEERS & INNOVATORS LLC",0,0,1,0,54,1901,TX,HOUSTON,77042
2023,"INFRATEK SOLUTIONS INC",0,0,2,0,54,0049,PA,"NEW HOPE",18938
2023,"INFRONT X LLC",0,0,1,0,54,4968,NY,"NEW YORK",10018
2023,"INFUSEMEDIA INC",2,0,0,0,54,2880,FL,"BOCA RATON",33431
2023,"INFYLOGY CORP",1,0,2,0,54,0228,TX,RICHARDSON,75081
2023,"INFYSHINE INC",15,0,4,1,54,3460,MI,"GRAND RAPIDS",49546
2023,"INGENERO INC",0,0,2,0,54,0556,TX,HOUSTON,77027
2023,"INGENICS CORPORATION",0,0,1,0,54,5257,SC,GREENVILLE,29615
2023,"INGENIOUS HEADS LLC",0,0,5,0,54,6740,VA,STERLING,20165
2023,"INGENWORKS LLC",1,0,0,0,54,6323,NJ,PRINCETON,08540
2023,"INGEVITY CORPORATION",0,0,1,0,54,7764,,,
2023,"INGRAIN SYSTEMS INC",6,0,1,0,54,9355,TX,FRISCO,75035
2023,"INGRAM MICRO INC",0,0,13,0,54,4402,CA,IRVINE,92612
2023,"INGRESS IT SOLUTIONS LLC",1,0,0,0,54,5039,VA,FAIRFAX,22033
2023,"INHERENT TECHNOLOGIES LLC",0,0,1,0,54,0629,AZ,CHANDLER,85226
2023,"INHERENT TECHNOLOGIES LLC",0,0,1,0,54,0629,TX,"LIVE OAK",78233
2023,"INITECH GLOBAL LLC",0,0,2,0,54,9982,MI,"GRAND RAPIDS",49546
2023,"INITIATIVE MEDIA LLC",0,0,1,0,54,6911,NY,"NEW YORK",10001
2023,"INIVATA INC",0,0,1,0,54,9784,NC,DURHAM,27709
2023,"INLINE AUTOMATION GROUP LLC DBA INLINE ENGINEERS",0,0,1,0,54,6495,KY,LOUISVILLE,40223
2023,"INLINE AUTOMATION GROUP LLC DBA INLINE ENGINEERS",0,0,1,0,54,6495,OH,MASON,45040
2023,"INMAN GROUP LLC",0,0,1,0,54,4520,FL,TALLAHASSEE,32312
2023,"INMAR GOVERNMENT SERVICES LLC",0,0,1,0,54,2330,NC,"WINSTON SALEM",27101
2023,"INMAR INC",0,0,5,0,54,9300,NC,"WINSTON SALEM",27101
2023,"INMAR RX SOLUTIONS INC",0,0,1,0,54,6480,NC,"WINSTON SALEM",27101
2023,"INMARKET MEDIA LLC",0,0,1,0,54,0544,,,
2023,"INMARKET MEDIA LLC",0,0,2,0,54,0544,CA,"CULVER CITY",90232
2023,"INMARKET MEDIA LLC",0,0,3,0,54,0544,TX,AUSTIN,78701
2023,"INMATA SOLUTIONS INC",1,0,0,0,54,3132,CA,PLEASANTON,94566
2023,"INMYSHOW USA INC",1,0,0,0,54,1369,CA,HAYWARD,94541
2023,"INNIVE INC",1,0,2,0,54,5781,FL,TAMPA,33637
2023,"INNIVE INC",0,0,1,0,54,5781,TX,PLANO,75024
2023,"INNOACTIVE GROUP",0,0,1,0,54,2870,CA,"SAN FRANCISCO",94105
2023,"INNOCORE SOLUTIONS INC",1,0,4,0,54,7682,TX,IRVING,75063
2023,"INNOFLEXION TECHNOLOGIES INC",1,0,0,0,54,9849,CA,CUPERTINO,95014
2023,"INNOMETHODS CORPORATION",0,0,2,0,54,6119,CA,DUBLIN,94568
2023,"INNOMINDS SOFTWARE INC",9,0,10,0,54,6629,CA,"SAN JOSE",95131
2023,"INNOPEAK TECHNOLOGY INC",0,0,2,0,54,9305,CA,"PALO ALTO",94303
2023,"INNOPEAK TECHNOLOGY INC",0,0,1,0,54,9305,,,
2023,"INNOPHASE INC",0,0,2,0,54,7579,CA,"SAN DIEGO",92121
2023,"INNOPHASE IOT INC",1,0,2,0,54,1114,CA,"SAN DIEGO",92121
2023,"INNOVA CONSULTING LLC",0,0,2,0,54,9448,KS,"OVERLAND PARK",66213
2023,"INNOVA SOLUTIONS INC",17,1,12,0,54,4791,GA,DULUTH,30096
2023,"INNOVATECH SOLUTIONS INC",0,0,1,0,54,6223,NJ,"MONTGOMERY TWP",08502
2023,"INNOVATECH SOLUTIONS INC",1,0,2,1,54,6223,NJ,"BELLE MEAD",08502
2023,"INNOVATECH SOLUTIONS INC",2,0,1,0,54,6223,NJ,MONTGOMERY,08502
2023,"INNOVATECLIN SOLUTIONS INC",1,0,0,0,54,1609,NJ,SOMERSET,08873
2023,"INNOVATEU LLC",0,0,2,0,54,6816,NV,RENO,89519
2023,"INNOVATION IT TECH",0,1,1,0,54,9985,WA,BOTHELL,98011
2023,"INNOVATIONS DESIGN GROUP INC",0,1,0,0,54,9806,FL,ORLANDO,32803
2023,"INNOVATIONS FOR POVERTY ACTION",1,0,0,0,54,0068,,,
2023,"INNOVATIS TECHNOLOGIES INC",0,0,1,0,54,9103,VA,FAIRFAX,22030
2023,"INNOVATIVE ADVOCATE GROUP INC",0,0,1,0,54,3562,NJ,"RED BANK",07701
2023,"INNOVATIVE CONSULTING INC",1,0,0,0,54,1087,OR,PORTLAND,97229
2023,"INNOVATIVE CONSULTING SOLUTIONS LL",12,1,17,0,54,4137,IL,SCHAUMBURG,60195
2023,"INNOVATIVE EDGE TECHNOLOGY CONSULTANCY SERVICES",2,3,0,0,54,1520,WA,BOTHELL,98021
2023,"INNOVATIVE ENGINEERING SYSTEMS INC",0,0,1,0,54,3805,CA,BAKERSFIELD,93311
2023,"INNOVATIVE INFORMATION TECHNOLOGIES INC",0,0,1,0,54,7523,,,
2023,"INNOVATIVE INFORMATION TECHNOLOGIES INC",5,0,1,0,54,7523,NJ,PRINCETON,08540
2023,"INNOVATIVE INTELLIGENT SOLUTIONS LLC",2,0,10,0,54,7587,TX,FRISCO,75035
2023,"INNOVATIVE IT SOLUTIONS INC",0,0,1,0,54,0742,PA,BETHLEHEM,18017
2023,"INNOVATIVE LEGAL SERVICES P C",1,0,0,0,54,0781,CA,"LOS ANGELES",90071
2023,"INNOVATIVE MANAGEMENT SOLUTIONS INC",0,0,1,0,54,6955,TX,PLANO,75024
2023,"INNOVATIVE PROJECT SOLUTIONS INC",0,0,1,0,54,5014,CA,"SAN FRANCISCO",94111
2023,"INNOVATIVE SOFTWARE SERVICES INC",1,0,3,0,54,1708,OH,DUBLIN,43017
2023,"INNOVATIVE SYSTEMS GROUP INC",0,0,1,0,54,5159,IL,"GLEN ELLYN",60137
2023,INNOVECTURE,1,0,0,0,54,7061,,,
2023,INNOVECTURE,1,0,1,0,54,7061,UT,"SOUTH JORDAN",84095
2023,"INNOVEE CONSULTING LLC",2,0,1,0,54,7661,NY,"NEW YORK",10105
2023,"INNOVER GLOBAL INC",3,1,1,0,54,5365,WY,CHEYENNE,82001
2023,"INNOVISE TECHNOLOGY INC",1,0,0,0,54,0470,TX,IRVING,75039
2023,"INNOVISION LLC",0,0,1,0,54,6915,OH,DAYTON,45459
2023,"INNOVIT USA INC",3,0,1,0,54,0262,PA,LANGHORNE,19047
2023,"INNOVO COMMERCE LLC",0,0,2,0,54,0252,CA,IRVINE,92618
2023,"INNOWAVE TECHNOLOGIES LLC",1,0,0,0,54,0036,VA,FAIRFAX,22030
2023,"INNOWI INC",0,0,2,0,54,5058,CA,"SANTA CLARA",95054
2023,"INNOWORLD INFORMATION TECHNOLOGIES LLC",1,0,0,0,54,7185,FL,TALLAHASSEE,32312
2023,"INOBICS LLC",0,0,2,0,54,6387,PA,PAOLI,19301
2023,"INOVAARE CORPORATION",1,0,0,0,54,5479,CA,MILPITAS,95035
2023,"INOVALON INC",0,0,1,0,54,7974,MD,BOWIE,20716
2023,"INOVALON INC",1,0,28,3,54,7974,MD,BOWIE,20716
2023,"INOVISION SOFTWARE SOLUTIONS INC",0,0,1,0,54,6110,MI,CHESTERFIELD,48051
2023,"INPHER INC",0,0,1,0,54,0381,NY,"NEW YORK",10010
2023,"INPROCESS INC",0,0,2,0,54,1099,NY,BABYLON,11702
2023,"INRIKA INC",0,0,2,0,54,2566,,,
2023,"INRIKA INC",2,1,16,0,54,2566,NJ,"MONMOUTH JUNCTION",08852
2023,"INSIGHT GLOBAL LLC",0,0,7,0,54,5560,GA,ATLANTA,30346
2023,"INSIGHT HOSPITALITY INC",2,0,0,0,54,1071,NJ,"SOUTH PLAINFIELD",07080
2023,"INSIGHT INTELLI INC",1,0,3,1,54,0221,NC,CHARLOTTE,28262
2023,"INSITRO INC",0,0,3,0,54,5443,CA,"SOUTH SAN FRANCISCO",94080
2023,"INSMED INC",0,0,6,0,54,2729,NJ,BRIDGEWATER,08807
2023,"INSOURCETECH LLC",1,0,0,0,54,8223,CT,WESTPORT,06880
2023,"INSPIRA ENTERPRISE INC",1,0,0,0,54,8293,CA,FREMONT,94538
2023,"INSPIRA ENTERPRISE INC",3,0,0,0,54,8293,TX,ROANOKE,76262
2023,"INSPIRA ENTERPRISE INC",7,0,0,0,54,8293,TX,WESTLAKE,76262
2023,"INSPIRAGE LLC",3,0,17,0,54,8993,WA,BELLEVUE,98004
2023,"INSPIRIT AI INC",1,0,0,0,54,9731,CA,"PALO ALTO",94301
2023,"INSPIRIX TECHNOLOGIES LLC",1,1,8,0,54,1405,MO,"SAINT PETERS",63376
2023,"INSPIRIX TECHNOLOGIES LLC",0,1,0,0,54,1405,MO,"ST PETERS",63376
2023,"INSPUR USA INC",0,0,2,0,54,5176,WA,BELLEVUE,98007
2023,"INSTABASE INC",0,0,1,0,54,1215,CA,"MENLO PARK",94025
2023,"INSTABUG INC",0,0,1,0,54,5691,CA,"SAN FRANCISCO",94111
2023,"INSTITUTE FOR ADVANCED STUDY",1,0,0,0,54,4988,NJ,PRINCETON,08540
2023,"INSTITUTE FOR CANCER RESEARCH DBA RESEARCH INSTITUTE OF FOX CHASE CANCER CENTER",2,0,1,0,54,6135,PA,PHILADELPHIA,19122
2023,"INSTITUTE FOR CHILD SUCCESS INC",0,0,1,0,54,4900,SC,GREENVILLE,29601
2023,"INSTITUTE FOR ENVIRONMENTAL HEALTH INC",0,0,1,0,54,5433,WA,SEATTLE,98155
2023,"INSTITUTE FOR FUTURE INTELLIGENCE INC",1,0,0,0,54,3592,MA,NATICK,01760
2023,"INSTITUTE FOR IN VITRO SCIENCES INC",0,0,1,0,54,9668,MD,GAITHERSBURG,20878
2023,"INSTITUTE FOR PROTEIN INNOVATION INC",0,0,1,0,54,0208,,,
2023,"INSTITUTE FOR SYSTEMS BIOLOGY",2,0,4,0,54,3593,WA,SEATTLE,98109
2023,"INSTITUTE OF APPLIED ACTUARIAL SCIENCE",1,0,0,0,54,5722,CA,"LAGUNA NIGUEL",92677
2023,"INSTITUTE OF GAS TECHNOLOGY D/B/A GAS TECHNOLOGY INSTITUTE",3,0,0,0,54,0137,IL,"DES PLAINES",60018
2023,"INSTITUTE OF INFORMATION TECHNOLOGY INC",0,0,1,0,54,4215,TX,MAGNOLIA,77354
2023,"INSTRUMENTAL INC",0,0,1,0,54,5075,CA,"PALO ALTO",94304
2023,"INSTRUMENTAL SERVICES INC DBA INRHYTHM",0,0,1,0,54,9140,NY,"NEW YORK",10038
2023,"INSURANCE SERVICES OFFICE INC",0,1,16,1,54,1412,NJ,"JERSEY CITY",07310
2023,"INSURANCE SERVICES OFFICE INC",0,0,1,0,54,1412,UT,LEHI,84043
2023,"INSURITY LLC",0,0,2,0,54,1334,CT,HARTFORD,06106
2023,"INSYCOM INC",0,0,3,0,54,9627,MA,WALTHAM,02453
2023,"INSYNC INC DBA INSYNC",0,0,1,0,54,3432,CA,"REDWOOD CITY",94065
2023,"INSYS GROUP INC",1,0,1,0,54,0463,NY,"NEW YORK",10020
2023,"INSYS GROUP INC",0,0,1,0,54,0463,,,
2023,"INTALENT LLC",8,0,4,0,54,7476,TX,PLANO,75074
2023,"INTECA IT SOLUTIONS LLC",1,1,3,0,54,5194,NC,CHARLOTTE,28262
2023,"INTEGER TELECOM SERVICES INC",1,0,0,0,54,8768,TX,PLANO,75093
2023,"INTEGRAL AD SCIENCE INC",0,0,2,0,54,2959,NY,"NEW YORK",10007
2023,"INTEGRAL AD SCIENCE INC",1,0,0,0,54,2959,NY,"NEW YORK",10014
2023,"INTEGRAL AD SCIENCE INC",0,0,2,0,54,2959,NY,"NEW YORK",10017
2023,"INTEGRAL MOLECULAR INC",1,0,0,0,54,1965,PA,PHILADELPHIA,19104
2023,"INTEGRAL TECHNOLOGY SOLUTIONS INC",0,0,1,0,54,1043,NY,"NEW YORK",10011
2023,"INTEGRATED DECISIONS AND SYSTEMS INC",0,0,1,0,54,1330,MN,BLOOMINGTON,55437
2023,"INTEGRATED DECISIONS AND SYSTEMS INC",0,0,1,0,54,1330,MN,MINNEAPOLIS,55437
2023,"INTEGRATED DESIGN GROUP",0,0,1,0,54,2097,NY,"YORKTOWN HEIGHTS",10598
2023,"INTEGRATED ENERGY CONCEPTS ENGINEERING PC",0,0,0,1,54,3635,NY,ROCHESTER,14623
2023,"INTEGRATED ENVIRONMENTAL SOLUTIONS LTD",0,0,1,0,54,8412,GA,ATLANTA,30307
2023,"INTEGRATED GLAZTECH INC",0,0,1,0,54,4443,NY,"NEW YORK",10036
2023,"INTEGRATED HEALTH GROUP",0,0,0,2,54,6665,MN,ROSEVILLE,55113
2023,"INTEGRATED IT SYSTEMS INC",1,1,0,0,54,6446,TX,PLANO,75024
2023,"INTEGRATED MANAGED CARE SYSTEMS LLC",0,0,1,0,54,0865,MO,"CAPE GIRARDEAU",63701
2023,"INTEGRATED MANAGEMENT SYSTEMS INC",1,0,0,0,54,7881,MI,"ANN ARBOR",48108
2023,"INTEGRATED SCIENCE AND TECHNOLOGY INC",0,0,0,1,54,8188,GA,CARTERSVILLE,30120
2023,"INTEGRATED TECHNOLOGY STRATEGIES INC",0,0,1,0,54,5899,NJ,"CHERRY HILL",08002
2023,"INTEGRATED TECHNOLOGY STRATEGIES INC",0,0,7,0,54,5899,NJ,"CHERRY HILL",08003
2023,"INTEGRATION DEVELOPER NETWORK LLC DBA RAMSONS GROUP",3,0,6,0,54,2860,OH,SOLON,44139
2023,"INTEGRATOUCH LLC",1,0,0,0,54,8325,OH,RICHFIELD,44286
2023,"INTEGRICHAIN INC",0,0,4,0,54,7446,PA,PHILADELPHIA,19103
2023,"INTEGRITY STRUCTURAL CORPORATION",0,0,1,0,54,3553,TX,HOUSTON,77070
2023,"INTEGRUS ARCHITECTURE PS",0,0,1,0,54,3931,WA,SPOKANE,99201
2023,"INTEK GROUP LLC",0,1,0,0,54,7413,MI,JACKSON,49201
2023,"INTEL CORPORATION",0,0,1,0,54,2743,CA,"SANTA CLARA",95054
2023,"INTEL GRIDS INC",0,0,1,0,54,1743,CA,PLEASANTON,94588
2023,"INTELETECH GLOBAL INC",1,0,0,0,54,4291,FL,"ALTAMONTE SPRINGS",32714
2023,"INTELI PLATFORMS INC",1,0,2,0,54,2085,NJ,"W WINDSOR TOWNSHIP",08550
2023,"INTELI PLATFORMS INC",0,0,4,0,54,2085,NJ,"WEST WINDSOR TWP",08550
2023,"INTELI PLATFORMS INC",0,0,1,0,54,2085,NJ,"WEST WINDOR TOWNSHIP",08550
2023,"INTELI PLATFORMS INC",0,0,1,0,54,2085,NJ,"WEST WINDSDOR TWP",08550
2023,"INTELI PLATFORMS INC",0,0,1,0,54,2085,NJ,"WEST WINDSON  TWP",08550
2023,"INTELI PLATFORMS INC",0,0,1,0,54,2085,NJ,"WEST WINDSOR TOWNSHI",08550
2023,"INTELI PLATFORMS INC",2,0,6,0,54,2085,NJ,"WEST WINDSOR TOWNSHI",08550
2023,"INTELI PLATFORMS INC",0,0,10,1,54,2085,NJ,"PRINCETON JUNCTION",08550
2023,"INTELI PLATFORMS INC",0,0,1,0,54,2085,NJ,"WEST WINDSOR TOWNSHI",08850
2023,"INTELIBLUE LLC",0,0,4,0,54,1652,AR,"LITTLE ROCK",72201
2023,"INTELIBS INC",0,0,1,0,54,4242,NY,"STONY BROOK",11794
2023,"INTELIROUTE TECHNOLOGIES LLC",0,0,21,0,54,5190,IA,URBANDALE,50322
2023,"INTELIZIGN SOLUTIONS LLC",0,0,1,0,54,0023,,,
2023,"INTELIZIGN SOLUTIONS LLC",1,0,2,0,54,0023,MI,YPSILANTI,48197
2023,"INTELLATIV INC",6,0,10,0,54,6338,FL,"SAINT PETERSBURG",33702
2023,"INTELLATIV INC",1,0,0,0,54,6338,FL,"ST PETERSBURG",33702
2023,"INTELLECT BUSINESS SOLUTIONS LLC",0,0,1,0,54,2088,,,
2023,"INTELLECT BUSINESS SOLUTIONS LLC",1,0,0,0,54,2088,TX,IRVING,75067
2023,"INTELLECT BUSINESS SOLUTIONS LLC",4,1,5,0,54,2088,TX,LEWISVILLE,75067
2023,"INTELLECT DESIGN ARENA INC",0,0,1,0,54,6906,NJ,PISCATAWAY,08854
2023,"INTELLECT IT LLC",1,0,0,0,54,0651,CA,FOLSOM,95630
2023,"INTELLECT SOLUTIONS LLC",0,0,1,0,54,5589,VA,ALEXANDRIA,22312
2023,"INTELLECT TECHNOLOGIES INC",0,0,1,0,54,5902,NJ,"MONMOUTH JUNCTION",08852
2023,"INTELLECTFACES INC",1,0,0,0,54,2223,VA,ASHBURN,20148
2023,"INTELLECTT INC",0,0,1,0,54,5925,NJ,ISELINE,08830
2023,"INTELLECTT INC",0,0,1,0,54,5924,NJ,ISELIN,08830
2023,"INTELLECTT INC",0,0,4,0,54,5925,,,
2023,"INTELLECTT INC",22,5,92,1,54,5925,NJ,ISELIN,08830
2023,"INTELLECTUAL PROPERTY LAW GROUP LLP",0,0,1,0,54,0144,CA,"SAN JOSE",95126
2023,"INTELLI ERP SOFTWARE LLC",0,0,1,0,54,2653,FL,"LAKE MARY",32746
2023,"INTELLI INFOTECH INC",1,0,0,0,54,8613,CA,DUBLIN,94568
2023,"INTELLI INFOTECH INC",6,0,0,0,54,8613,CA,PLEASANTON,94583
2023,"INTELLI INFOTECH INC",1,1,0,0,54,8613,CA,"SAN RAMON",94583
2023,"INTELLIA THERAPEUTICS",2,0,7,0,54,5571,MA,CAMBRIDGE,02139
2023,"INTELLIBEE INC",4,0,9,0,54,8456,MI,DETROIT,48243
2023,"INTELLIBEE INC",1,0,1,0,54,8456,MI,FARMINGTON,48336
2023,"INTELLICEPT INCORPORATION",2,0,0,0,54,0169,NJ,EDISON,08820
2023,"INTELLICO LLC DBA INTELLICO",1,1,0,0,54,0277,CA,MILPITAS,95035
2023,"INTELLIGAIA LLC",0,0,1,0,54,8209,DE,WILMINGTON,19808
2023,"INTELLIGENCE COMMONS LLC",0,1,0,0,54,2607,NY,HICKSVILLE,11801
2023,"INTELLIGENT AUTOMATION TECHNOLOGY INC",1,0,0,0,54,8417,CA,"SANTA CLARA",95050
2023,"INTELLIGENT PLATFORMS LLC",0,0,1,0,54,3332,TX,"ROUND ROCK",78681
2023,"INTELLIGRATED HEADQUARTERS LLC",0,0,2,0,54,1653,NC,CHARLOTTE,28202
2023,"INTELLIGRATED SERVICES LLC",0,0,1,0,54,6859,NJ,"MORRIS PLAINS",07950
2023,"INTELLIGRATED SERVICES LLC",0,0,1,0,54,6859,,,
2023,"INTELLIGRATED SERVICES LLC",0,0,1,0,54,6859,NC,CHARLOTTE,07950
2023,"INTELLIGRATED SERVICES LLC",0,0,5,0,54,6859,NC,CHARLOTTE,28202
2023,"INTELLIGRATED SOFTWARE LLC",0,0,1,0,54,6720,NC,CHARLOTTE,28202
2023,"INTELLIGRATED SYSTEMS LLC",0,0,4,0,54,5356,NC,CHARLOTTE,28202
2023,"INTELLIGRATED SYSTEMS LLC",0,0,2,0,54,7210,NC,CHARLOTTE,28202
2023,"INTELLIGROUP USA LTD",5,0,1,0,54,6376,TX,IRVING,75062
2023,"INTELLILINK TECHNOLOGIES INC",0,0,1,0,54,1702,,,
2023,"INTELLILINK TECHNOLOGIES INC",2,0,7,0,54,1702,NJ,PRINCETON,08540
2023,"INTELLINUM INC",0,0,1,0,54,1926,TX,DALLAS,75204
2023,"INTELLIOZ LLC",1,0,0,0,54,8438,TX,MCKINNEY,75072
2023,"INTELLIPATH SYSTEMS LLC",0,0,1,0,54,9783,CA,"RANCHO CUCAMONGA",91730
2023,"INTELLIPRISE LLC",0,2,0,0,54,7942,GA,ATLANTA,30319
2023,"INTELLIPRO GROUP INC",0,0,1,0,54,9764,,,
2023,"INTELLIPRO GROUP INC",1,0,6,0,54,9764,CA,"SANTA CLARA",95054
2023,"INTELLISAVVY LLC",3,0,0,0,54,6259,TX,IRVING,75038
2023,"INTELLISOFT SYSTEMS LLC",3,1,8,0,54,1660,GA,ALPHARETTA,30022
2023,"INTELLISOFT TECHNOLOGIES INC",0,0,1,0,54,3554,,,
2023,"INTELLISOFT TECHNOLOGIES INC",2,0,5,0,54,3554,TX,IRVING,75038
2023,"INTELLISOFT TECHNOLOGIES INC",4,1,0,0,54,0110,VA,FAIRFAX,22030
2023,"INTELLISWIFT SOFTWARE INC",7,0,11,0,54,9003,CA,NEWARK,94560
2023,"INTELLITASK LLC",1,0,0,0,54,7888,TX,RICHARDSON,75081
2023,"INTELLITEK INC",1,0,0,0,54,1911,VA,STERLING,20166
2023,"INTELLIZANT LLC",2,0,1,0,54,2456,VA,HERNDON,20171
2023,"INTELLSLICK TECHNOLOGIES INC",1,0,0,0,54,0783,OH,SPRINGBORO,45066
2023,"INTELLYK INC",0,0,1,0,54,4018,,,
2023,"INTELLYK INC",3,0,13,0,54,4018,NJ,PISCATAWAY,08854
2023,"INTELLYTIX INC",0,0,1,0,54,6699,GA,ALPHARETTA,30004
2023,"INTELSAT US LLC",0,0,1,0,54,7698,VA,"MC LEAN",22102
2023,"INTELYCARE INC",0,0,1,0,54,9929,MA,QUINCY,02169
2023,"INTENSIFY TECHNOLOGIES INC.",2,0,0,0,54,6945,TX,FRISCO,75033
2023,"INTENT DESIGN LTD",1,0,0,0,54,0992,MI,FARMINGTON,48335
2023,"INTENT DESIGN LTD",1,0,5,1,54,0992,MI,"FARMINGTON HILLS",48335
2023,"INTENT HQ AMERICAS INC",0,0,1,0,54,7670,NY,"NEW YORK",10013
2023,"INTEPROS INCORPORATED",0,0,3,0,54,8942,MA,LEXINGTON,02421
2023,"INTERACTION DEVELOPMENT CORPORATION",1,0,0,0,54,2313,IL,"GERMANTOWN HILLS",61548
2023,"INTERACTION DEVELOPMENT CORPORATION",1,0,0,0,54,2313,IL,METAMORA,61548
2023,"INTERACTIVE ENGINEERING CORPORATIO",0,0,1,0,54,0051,OH,MEDINA,44256
2023,"INTERAS D/B/A INTERAS LABS",0,0,3,0,54,0571,CA,LIVERMORE,94550
2023,"INTERCOM AMERICAS USA LLC DBA THE JEFFREY GROUP LLC",1,0,0,0,54,2320,FL,MIAMI,33131
2023,"INTERCOM INC",0,0,1,0,54,3192,CA,"SAN FRANCISCO",94105
2023,"INTERDEFENSE INC",0,0,1,0,54,4643,VA,ASHBURN,20147
2023,"INTERGLOBE IT LLC",0,0,1,0,54,,TX,IRVING,75039
2023,"INTERGRAPH CORPORATION",0,0,1,0,54,3222,,,
2023,"INTERGRAPH CORPORATION",0,0,9,0,54,3222,AL,MADISON,35758
2023,"INTERIOR LOGIC GROUP DBA INTERIOR SPECIALISTS",0,0,1,0,54,,CA,IRVINE,92618
2023,"INTERIOR SPECIALISTS INC",0,0,1,0,54,,CA,IRVINE,92618
2023,"INTERLINK TRANSPORT TECHNOLOGIES INC DBA MSC TECHNOLOGY NORTH AMERICA",0,0,1,0,54,4998,NJ,WARREN,07059
2023,"INTERNATION INFO TECH INC DBA NATIONAL COMPUTER SYSTEMS",0,0,1,0,54,4729,NJ,PISCATAWAY,08854
2023,"INTERNATIONAL BUDGET PARTNERSHIP",0,0,1,0,54,5547,DC,WASHINGTON,20002
2023,"INTERNATIONAL BUSINESS TECHNOLOGIES INC",7,0,3,0,54,0359,IL,AURORA,60504
2023,"INTERNATIONAL FRUIT GENETICS LLC",0,0,2,0,54,6252,CA,BAKERSFIELD,93312
2023,"INTERNATIONAL RESEARCH AND EXCHANGES BOARD INC",0,0,2,0,54,7809,DC,WASHINGTON,20005
2023,"INTERNATIONAL SOFTWARE SYSTEMS INC",0,0,6,0,54,5109,MD,GREENBELT,20770
2023,"INTERNATIONAL SOLUTIONS GROUP INC",5,0,6,0,54,2140,VA,HERNDON,20170
2023,"INTERNATIONAL SOS ASSISTANCE INC",0,0,3,0,54,1877,PA,"FEASTERVILLE TREVOSE",19053
2023,"INTERNATIONAL SOS ASSISTANCE INC",0,0,2,0,54,1877,PA,TREVOSE,19053
2023,"INTERNATIONAL SYSTEMS TECHNOLOGIES INC",3,0,4,0,54,2081,NJ,CRANBURY,08512
2023,"INTERNATIONAL TECHNEGROUP INC",1,0,0,0,54,3451,OH,MILFORD,45150
2023,"INTERNATIONAL TECHNOLOGIES PRO LLC DBA IQ TECH PROS",0,0,0,1,54,7009,TX,HOUSTON,77056
2023,"INTERNATIONAL TECHNOLOGY SOLUTIONS INC",6,0,10,0,54,5143,NJ,SKILLMAN,08558
2023,"INTERNET CORP FOR ASSIGNED NAMES AND NUMBERS ICANN",0,0,2,0,54,2218,CA,"PLAYA VISTA",90094
2023,"INTERNET TRUCKSTOP LLC",0,0,13,0,54,4075,ID,"NEW PLYMOUTH",83655
2023,"INTERON IT SOLUTIONS LLC",0,0,1,0,54,3278,VA,ALDIE,20105
2023,"INTERPRET, LLC",0,0,1,0,54,4232,TX,PLANO,75093
2023,"INTERPRETING SERVICES INTERNATIONAL LLC",0,0,1,0,54,1167,CA,GLENDALE,91203
2023,"INTERPRETIVE SOFTWARE PRODUCTS INC",0,0,1,0,54,3532,TX,HOUSTON,77077
2023,"INTERRA INFORMATION TECHNOLOGIES INC",0,0,5,0,54,4170,CA,"SAN JOSE",95110
2023,"INTERRA SYSTEMS INC",0,0,1,0,54,0316,CA,CUPERTINO,95014
2023,"INTERREL CONSULTING PARTNERS LTD DBA ARGANOINTERREL",1,0,2,0,54,7761,TX,PLANO,75093
2023,"INTERSCRIPTS INC",0,1,0,0,54,6665,VA,CHANTILLY,20151
2023,"INTERSHOP COMMUNICATIONS INC",0,0,2,0,54,6619,IL,CHICAGO,60604
2023,"INTERSYSTEMS CORPORATION",3,0,1,0,54,9026,MA,CAMBRIDGE,02142
2023,"INTERTECH SYSTEMS LLC DBA CONTATA SOLUTIONS",1,1,0,0,54,3831,MN,MINNEAPOLIS,55402
2023,"INTERTEK TESTING SERVICES NA INC",0,0,4,0,54,8365,NY,CORTLAND,13045
2023,"INTERTEK TESTING SVCS PHILIPPINES INC DBA INTERTEK TESTING SVCS GUAM",2,0,0,0,54,2433,GU,TAMUNING,96931
2023,"INTERTEK USA INC",0,0,1,1,54,3433,NY,CORTLAND,13045
2023,"INTERVET INC DBA MERCK ANIMAL HEALTH",0,0,6,0,54,9108,NJ,KENILWORTH,07033
2023,"INTERVISTAS CONSULTING USA LLC",0,0,2,0,54,0769,DC,WASHINGTON,20036
2023,"INTIGNO INC",1,0,0,0,54,2844,VA,FAIRFAX,22030
2023,"INTL AIDS VACCINE INITIATIVE INC",1,0,1,0,54,0223,NY,"NEW YORK",10004
2023,"INTL COMPUTER SCIENCE INST",1,0,1,0,54,4996,CA,BERKELEY,94704
2023,"INTL COUNCIL ON CLEAN TRANSPORTATION",0,0,1,0,54,6690,DC,WASHINGTON,20005
2023,"INTL INFORMATION TECHNOLOGY TEAM INC",1,0,1,0,54,6257,NJ,"RED BANK",07701
2023,"INTONE NETWORKS INC DBA INTONE",3,0,31,1,54,9838,NJ,ISELIN,08830
2023,"INTONE NETWORKS INC DBA INTONE",0,0,4,0,54,9838,,,
2023,"INTRADO CORPORATION",0,0,3,0,54,7362,NE,OMAHA,68154
2023,"INTRAEDGE INC",1,0,0,0,54,4547,,,
2023,"INTRAEDGE INC",8,1,26,1,54,4547,AZ,CHANDLER,85226
2023,"INTRAEDGE INC",0,0,1,0,54,4547,AZ,PHOENIX,85050
2023,"INTRAFI NETWORK LLC",0,0,1,0,54,9574,VA,ARLINGTON,22209
2023,"INTRALINKS INC",0,0,10,0,54,9047,MA,WALTHAM,02451
2023,"INTRALINKS INC",0,0,1,0,54,9047,,,
2023,"INTRALOT INC",0,0,1,0,54,6402,GA,DULUTH,30097
2023,"INTRINSIC INNOVATION LLC",0,0,5,0,54,0354,CA,"MOUNTAIN VIEW",94043
2023,"INTRINSIQ SPECIALTY SOLUTIONS INC",0,0,2,0,54,5285,PA,CONSHOHOCKEN,19428
2023,"INTROLLIGENT INC",2,0,3,0,54,7580,CA,SACRAMENTO,95815
2023,"INTUIT INC",5,0,248,2,54,4661,CA,"MOUNTAIN VIEW",94043
2023,"INTUIT INC",0,0,1,0,54,7661,CA,"MOUNTAIN VIEW",94043
2023,"INTUIT INC",0,0,10,0,54,4661,,,
2023,"INTUITES LLC",3,2,4,0,54,6508,GA,ALPHARETTA,30022
2023,"INTUITES LLC",1,0,0,0,54,6508,GA,"JOHNS CREEK",30022
2023,"INTUNE SYSTEMS INC",0,0,3,0,54,3903,TX,CARROLLTON,75007
2023,"INTUPOINT INC DBA POINTEL",2,1,1,0,54,0228,NJ,EDISON,08820
2023,"INTUS CARE INC",1,0,0,0,54,3030,RI,PROVIDENCE,02903
2023,"INUIX LLC",1,0,0,0,54,9160,WA,BELLEVUE,98007
2023,"INVEA THERAPEUTICS INC",0,0,1,0,54,8325,,,
2023,"INVENCES INC",9,0,5,0,54,1898,TX,CARROLLTON,75007
2023,"INVENIO DIGITAL INC",0,0,1,0,54,0658,NY,"NEW YORK",10018
2023,"INVENTORY AND ADMINISTRATIVE SOFTWARE INC",1,0,0,0,54,3684,CA,"SAN DIEGO",92154
2023,"INVENTORY LOCATOR SERVICES INC",0,0,2,0,54,3505,TN,CORDOVA,38018
2023,"INVENTSOFT LLC",3,0,0,0,54,8112,TX,"LIBERTY HILL",78642
2023,"INVENTURE CAPITAL CORP D/B/A TALA",0,0,1,0,54,3746,CA,"SANTA MONICA",90401
2023,"INVENTURUS KNOWLEDGE SOLUTIONS INC",1,0,0,0,54,0291,IL,"BURR RIDGE",60527
2023,"INVERSELOGIX LLC",1,1,2,1,54,8766,FL,JACKSONVILLE,32246
2023,"INVESTCLOUD INC",0,0,1,0,54,2640,CA,"W HOLLYWOOD",90069
2023,"INVESTCLOUD INC",0,0,3,0,54,2640,CA,"WEST HOLLYWOOD",90069
2023,"INVICKTUS INC",0,0,7,0,54,3969,IL,ITASCA,60143
2023,"INVICRO LLC",1,0,1,0,54,4955,MA,"NEEDHAM HEIGHTS",02494
2023,"INVICTUS INFOTECH LLC",0,0,1,0,54,9586,,,
2023,"INVICTUS INFOTECH LLC",7,2,3,0,54,9586,NJ,ISELIN,08830
2023,"INVINCIBLE TECH SYSTEMS INC",0,0,5,0,54,1993,AR,BENTONVILLE,72712
2023,"INVINCIBLE TECH SYSTEMS INC",0,0,2,0,54,1993,AR,BENTONVILLE,72713
2023,"INVISIBLE AI INC",0,0,2,0,54,4481,CA,"PALO ALTO",94301
2023,"INVISIONAPP INC",0,0,1,0,54,7535,NY,"NEW YORK",10010
2023,"INVISORS LLC",1,0,0,0,54,2954,GA,ATLANTA,30361
2023,"INVITAE CORPORATION",0,0,7,0,54,1898,CA,"SAN FRANCISCO",94103
2023,"INVO-HEALTHCARE ASSOCIATES LLC",0,0,1,0,54,5173,PA,DOYLESTOWN,18901
2023,"INVOKE CONSULTING USA LLC",0,0,1,0,54,3043,NY,"NEW YORK",10016
2023,"INVOLGIXS INC",1,0,14,0,54,4216,TX,"CEDAR PARK",78613
2023,"INVOLGIXS INC",0,0,1,0,54,4216,,,
2023,"INVOTECK INC",0,0,3,0,54,7329,NJ,JAMESBURG,08831
2023,"INVOTECK INC",0,0,1,0,54,7329,NJ,"MONROE TOWNSHIP",08831
2023,"IOASIZ INC",1,0,9,0,54,0253,NJ,PISCATAWAY,08854
2023,"IOLAP INC",0,0,2,0,54,3743,TX,FRISCO,75034
2023,"IOMEGA TECHNOLOGIES INC",0,0,1,0,54,0840,NJ,"SOUTH PLAINFIELD",07080
2023,"ION GEOPHYSICAL CORPORATION",1,0,0,0,54,6646,TX,HOUSTON,77268
2023,"IONIC TECHNOLOGIES LLC",0,0,1,0,54,4007,TX,HOUSTON,77036
2023,"IOP SYSTEMS INC",0,0,1,0,54,5398,CA,"SAN FRANCISCO",94105
2023,"IOTA BIOSCIENCES INC",1,0,5,0,54,2678,CA,ALAMEDA,94501
2023,"IOTECHA CORP",1,0,0,0,54,0822,NJ,CRANBURY,08512
2023,"IOTICS CORPORATION LLC",2,0,1,0,54,2777,TX,PLANO,75074
2023,"IOTICS CORPORATION LLC",0,0,1,0,54,2777,TX,PLANO,75074
2023,"IOTICS CORPORATION LLC",0,0,1,0,54,2777,,,
2023,"IOVANCE BIOTHERAPEUTICS INC",0,0,3,0,54,4381,CA,"SAN CARLOS",94070
2023,"IP HEIGHTS LLC",0,0,2,0,54,1051,,,
2023,"IP HEIGHTS LLC",2,1,13,3,54,1051,NJ,EDISON,08817
2023,"IP INFUSION INC",1,0,0,0,54,6481,CA,"SANTA CLARA",95054
2023,"IP VIDEO MARKET INFO, INC.",1,0,0,0,54,0066,PA,BETHLEHEM,18020
2023,"IPC GLOBAL SERVICES",0,0,1,0,54,,GA,ALPHARETTA,30005
2023,"IPC SYSTEMS INC",0,0,1,0,54,3566,,,
2023,"IPC SYSTEMS INC",0,0,2,0,54,3566,NJ,"JERSEY CITY",07302
2023,"IPG DXTRA INC DBA WEBER SHANDWICK",0,0,1,0,54,2668,NY,"NEW YORK",10022
2023,"IPG GIS US INC",0,0,1,0,54,7475,NJ,"JERSEY CITY",07302
2023,"IPG HEALTH LLC DBA SOLVED",0,0,4,0,54,2206,NY,"NEW YORK",10001
2023,"IPIPELINE INC",0,0,3,0,54,6185,PA,EXTON,19341
2023,"IPIVOT LLC",3,0,11,0,54,6610,NJ,DAYTON,08810
2023,"IPLANNER INC",0,0,1,0,54,2992,TX,DALLAS,75240
2023,"IPOLARITY LLC",0,0,0,1,54,2032,,,
2023,"IPOLARITY LLC",4,0,16,0,54,2032,NJ,PISCATAWAY,08854
2023,"IPPSYS LLC",0,0,1,0,54,7706,LA,MADISONVILLE,70447
2023,"IPROMOTEU.COM INC",0,0,1,0,54,7134,MA,WAYLAND,01778
2023,"IPROSPECT.COM INC",0,0,1,0,54,5653,MA,BOSTON,02110
2023,"IPSOS MMA INC",0,0,1,0,54,3377,CT,NORWALK,06851
2023,"IPSS CORP",1,0,0,0,54,6906,NJ,PRINCETON,08540
2023,"IPURPLE LABS INC",1,0,0,1,54,2030,CA,"AGOURA HILLS",91301
2023,"IQ SPECTRA INC",0,0,9,0,54,2296,MI,"FARMINGTON HILLS",48335
2023,"IQ SPECTRA INC",0,0,1,0,54,2296,MI,"FARMINGTN HLS",48335
2023,"IQ SPECTRA INC",0,0,1,0,54,2296,MI,FARMINGTON,48335
2023,"IQ SYSTEMS INC",5,0,3,0,54,5755,NY,MELVILLE,11747
2023,"IQGEO AMERICA INC",0,0,1,1,54,6270,CO,DENVER,80202
2023,"IQHECTOR LLC",0,0,2,0,54,1024,TX,PLANO,75023
2023,"IQLOGG INC",0,0,1,0,54,7513,VA,ASHBURN,20147
2023,"IQUADRA INFORMATION SERVICES LLC",6,1,2,0,54,2772,GA,MARIETTA,30064
2023,"IQUANTM TECHNOLOGIES INC",1,0,0,0,54,1468,TX,PLANO,75023
2023,"IQUBETECHNOLOGIES INC",2,0,7,0,54,7809,NJ,PISCATAWAY,08854
2023,"IQUBETECHNOLOGIES INC",1,0,4,1,54,7809,NJ,"PISCATAWAY TOWNSHIP",08854
2023,"IQUEST SOLUTIONS CORP",5,0,1,0,54,8685,TX,PLANO,75024
2023,"IQVIA INC",0,0,1,0,54,6026,,,
2023,"IQVIA INC",1,0,55,1,54,6026,NC,DURHAM,27703
2023,"IR DYNAMICS LLC",0,0,1,0,54,9794,NM,ALBUQUERQUE,87109
2023,"IR VOLT LLC",0,0,1,0,54,1359,FL,"FORT LAUDERDALE",33301
2023,"IRARITY LLC",3,0,0,0,54,7601,NC,DURHAM,27703
2023,"IRIE TECHNOLOGIES LLC",9,1,0,0,54,1315,TX,MCKINNEY,75070
2023,"IRIS INFOTECH INC",1,0,3,0,54,9598,FL,JACKSONVILLE,32216
2023,"IRIS SOFT SOLUTIONS CORPORATION",2,0,0,0,54,4416,NJ,"OLD BRIDGE",08857
2023,"IRIS SOFTWARE INC",0,0,1,0,54,4909,,,
2023,"IRIS SOFTWARE INC",9,0,66,1,54,4909,NJ,EDISON,08817
2023,"IRISNDT INC",0,0,2,0,54,5477,TX,HOUSTON,77048
2023,"IROBOT CORPORATION",0,0,1,0,54,9335,,,
2023,"IROBOT CORPORATION",1,0,3,0,54,9335,MA,BEDFORD,01730
2023,"IRON BOW TECHNOLOGIES LLC",0,0,2,0,54,5129,VA,HERNDON,20171
2023,"IRON MOUNTAIN INFORMATION MANAGEMENT LLC",0,0,2,0,54,8590,,,
2023,"IRON MOUNTAIN INFORMATION MANAGEMENT LLC",0,0,8,0,54,8590,MA,BOSTON,02110
2023,"IRON SYSTEMS INC",0,0,1,0,54,4557,CA,FREMONT,94539
2023,"IRONCLAD INC",1,0,1,0,54,3307,CA,"SAN FRANCISCO",94105
2023,"IRONSOURCE USA INC",1,0,0,0,54,8144,CA,"SAN FRANCISCO",94107
2023,"ISANI CONSULTANTS L P",0,0,3,0,54,2296,TX,HOUSTON,77042
2023,"ISAPPHIRE SOLUTIONS LLC",1,1,1,0,54,6239,MI,"SOUTH LYON",48178
2023,"ISE INC",0,0,1,0,54,7849,AZ,PHOENIX,85044
2023,"ISE LABS INC",0,0,1,0,54,0579,CA,FREMONT,94538
2023,"ISEATZ INC",0,0,1,0,54,1698,LA,"NEW ORLEANS",70130
2023,"ISEE INC",0,0,1,0,54,2602,MA,CAMBRIDGE,02139
2023,"ISF, INC.",0,0,1,0,54,1607,FL,JACKSONVILLE,32246
2023,"ISHIFT CORP",0,0,1,0,54,1306,,,
2023,"ISHIFT CORP",0,0,1,0,54,1306,CA,FREMONT,94538
2023,"ISHIFT CORP",0,0,1,0,54,1306,PA,"KING OF PRUSSIA",19406
2023,"ISITE TECHNOLOGIES INC",2,0,7,0,54,1774,NJ,CRANBURY,08512
2023,"ISITE TECHNOLOGIES INC",3,0,14,0,54,1774,NJ,"EAST WINDSOR",08512
2023,"ISLAND PEER REVIEW ORGANIZATION INC",0,0,0,1,54,2689,NY,"LAKE SUCCESS",11042
2023,"ISLAND PEER REVIEW ORGANIZATION INC",0,0,2,0,54,2689,NY,"NEW HYDE PARK",11042
2023,"ISOFT SOLUTION LLC",1,0,0,0,54,,VA,ALEXANDRIA,22310
2023,"ISOFTECH INC",1,0,4,0,54,2544,VA,CHANTILLY,20151
2023,"ISOLVE TECHNOLOGY INC",1,0,0,0,54,5620,VA,ASHBURN,20147
2023,"ISOLVE TECHNOLOGY INC",5,0,14,0,54,5620,VA,HERNDON,20170
2023,"ISOLVERS INC",4,0,2,0,54,0310,FL,CLEARWATER,33765
2023,"ISOTEK LABORATORIES LLC",0,0,1,0,54,7911,OK,"OKLAHOMA CITY",73127
2023,"ISPACE INC",1,0,10,0,54,8151,NJ,PRINCETON,08540
2023,"ISPACE INC",13,1,5,0,54,3855,CA,"EL SEGUNDO",90245
2023,"ISPERO LLC",1,0,0,0,54,8639,IL,"ARLINGTON HTS",60004
2023,"ISPERO LLC",6,0,1,1,54,8639,IL,"ARLINGTON HEIGHTS",60004
2023,"ISPOT TV INC",0,0,4,0,54,6521,WA,BELLEVUE,98008
2023,"ISQUAREINFO LLC",4,0,1,0,54,2135,NJ,HACKENSACK,07601
2023,"ISR INFO WAY INC",0,0,8,0,54,0529,WI,MADISON,53719
2023,"ISSAM TINA SOLUTIONS INC",0,0,1,0,54,6211,GA,ROSWELL,30075
2023,"ISTEER INC",6,0,0,0,54,4152,TX,FRISCO,75033
2023,"ISTHMUS ENGINEERING INC",0,0,1,0,54,7206,MN,"SAINT PAUL",55101
2023,"ISTI SOLUTIONS INC",2,0,0,0,54,7345,CA,NEWARK,94560
2023,"ISTREAM INFOTECH INC",0,0,2,0,54,6071,VA,ASHBURN,20147
2023,"ISTREAM SOLUTIONS INC",0,0,1,0,54,9055,,,
2023,"ISTREAM SOLUTIONS INC",0,0,14,0,54,9055,VA,ASHBURN,20147
2023,"IT ADVANZ LLC",2,0,2,0,54,3857,TX,RICHARDSON,75080
2023,"IT AMERICA INC",2,0,40,2,54,8768,NJ,EDISON,08817
2023,"IT AMERICA INC",0,0,1,0,54,8768,NJ,EDISON,08818
2023,"IT AMERICA INC",0,0,1,0,54,8768,NJ,EDISON,08817
2023,"IT APPS LLC",4,0,0,0,54,2584,TX,IRVING,75062
2023,"IT AUTOMATION LLC",0,0,1,0,54,8367,,,
2023,"IT BUSINESS MANAGEMENT SOLUTIONS INC",3,0,1,0,54,2038,NJ,EDISON,08817
2023,"IT CATS LLC DBA INFOWAY SOFTWARE",7,1,13,1,54,1107,NJ,SAYREVILLE,08872
2023,"IT CATS LLC DBA INFOWAY SOFTWARE",0,0,1,0,54,1107,,,
2023,"IT CONVERGENCE INC",2,0,0,0,54,3757,TX,IRVING,75062
2023,"IT CORPZ INC",1,0,1,0,54,6377,NJ,ISELIN,08830
2023,"IT CRATS INC",0,0,4,0,54,8989,TX,DALLAS,75252
2023,"IT DIVISION INC DBA APEIRO TECHNOLOGIES",0,0,2,0,54,8325,,,
2023,"IT DIVISION INC DBA APEIRO TECHNOLOGIES",1,0,7,0,54,8325,CA,IRVINE,92618
2023,"IT EBUSINESS CONSULTING SERVICES INC",0,0,6,0,54,9627,NY,MELVILLE,11747
2023,"IT ECHELON CORPORATION",0,0,2,0,54,0495,NJ,PRINCETON,08540
2023,"IT EXCEL LLC",1,0,0,0,54,3264,NH,NASHUA,03062
2023,"IT FACE INC",0,0,4,0,54,9900,TX,IRVING,75038
2023,"IT GATEWAY LLC",0,0,1,0,54,8197,NJ,PISCATAWAY,08854
2023,"IT HOPPERS INC",1,0,0,0,54,0812,OK,"OKLAHOMA CITY",73116
2023,"IT HUB INC",1,0,3,0,54,9102,NJ,"LAWRENCE TOWNSHIP",08648
2023,"IT IDEOLOGY LLC",0,0,6,0,54,7498,NJ,CRANBURY,08512
2023,"IT KEYSOURCE INC",1,1,9,0,54,4892,NC,CHARLOTTE,28277
2023,"IT LABS INC",0,0,1,0,54,0969,,,
2023,"IT LABS INC",0,0,1,0,54,0969,MD,GERMANTOWN,20874
2023,"IT LABS INC",0,0,1,0,54,0969,MD,GERMANTOWN,20876
2023,"IT LOOKING GLASS LLC",0,0,1,0,54,9222,MO,WENTZVILLE,63385
2023,"IT MINDS LLC",1,0,0,0,54,3981,,,
2023,"IT MINDS LLC",8,0,2,1,54,3981,VA,ASHBURN,20147
2023,"IT NEST SERVICES INC",1,8,0,0,54,7461,TX,PROSPER,75078
2023,"IT OBJECTS LLC",0,0,1,0,54,4982,VA,HERNDON,20170
2023,"IT OPENDOORS LLC",4,0,0,0,54,7701,TX,PLANO,75024
2023,"IT PANDITS INC",0,0,1,0,54,,VA,LEESBURG,20176
2023,"IT PEOPLE CORPORATION",1,0,4,0,54,6451,NC,MORRISVILLE,27560
2023,"IT PREMIA GROUP INC",7,1,2,0,54,7229,NJ,"NORTH BRUNSWICK",08902
2023,"IT RESONANCE INC",0,0,1,0,54,9151,IL,NAPERVILLE,60540
2023,"IT RESOURCES INC",0,0,2,0,54,3691,,,
2023,"IT RESOURCES INC",1,0,32,1,54,3691,DE,NEWARK,19713
2023,"IT RYSOURCES INC",0,0,2,0,54,9617,MI,"FARMINGTON HILLS",48335
2023,"IT RYSOURCES INC",0,0,2,0,54,9617,MI,FARMINGTONHILLS,48335
2023,"IT RYSOURCES INC",0,0,1,0,54,9617,,,
2023,"IT RYSOURCES INC",1,0,0,0,54,9617,MI,"FARMINGTN HLS",48335
2023,"IT SHOULDERS, INC.",2,0,0,0,54,2340,CA,"SAN JOSE",95131
2023,"IT SOFT USA INC DBA ENG USA",0,0,2,0,54,2852,IL,CHICAGO,60603
2023,"IT SPIN INC",2,0,2,0,54,4069,TX,FRISCO,75035
2023,"IT TRAILBLAZERS LLC",2,0,4,0,54,9382,NJ,ISELIN,08830
2023,"IT TRAILBLAZERS LLC",0,0,14,0,54,9382,NJ,EDISON,08837
2023,"IT TRANSFORMERS INC D/B/A METAMOR SYSTEMS",0,0,0,1,54,8860,IN,CARMEL,46032
2023,"IT VERTEX INC",7,0,1,0,54,7615,DC,WASHINGTON,20006
2023,"IT VISION GROUP",0,0,1,0,54,9518,TX,IRVING,75038
2023,"IT VISION INC",0,0,1,0,54,5195,NC,CARY,27513
2023,"IT WORKFORCE INC",9,0,4,0,54,8598,IN,INDIANAPOLIS,46204
2023,"IT8 USA CORPORATION",1,0,0,0,54,9745,TX,AUSTIN,78737
2023,"ITAGROUP INC",0,0,1,0,54,0370,IA,"WEST DES MOINES",50266
2023,"ITALLIANZ INC",0,1,2,0,54,0337,VA,"DUNN LORING",22027
2023,"ITAPSYS SOFTWARE SOLUTIONS INC",5,0,1,0,54,3145,MI,"SPRING ARBOR",49283
2023,"ITARKS INC",2,0,0,0,54,2553,CT,FARMINGTON,06032
2023,"ITBUILD SOLUTIONS LLC",1,0,0,0,54,7843,TX,"FLOWER MOUND",75028
2023,"ITC INFOTECH USA INC",18,1,29,0,54,9723,NJ,PARAMUS,07652
2023,"ITC INFOTECH USA INC",1,0,1,0,54,9723,,,
2023,"ITC SOFTWARE SOLUTIONS GROUP LLC",1,0,0,0,54,9191,CA,"SANTA ANA",92707
2023,"ITCAPS LLC",0,0,1,0,54,9946,,,
2023,"ITCAPS LLC",6,0,3,0,54,9946,NJ,PARLIN,08859
2023,"ITCONNECTUS INC",0,0,1,0,54,7570,NJ,EDISON,08817
2023,"ITCONSULTING SERVICES INC",4,0,1,0,54,4912,PA,"FAIRLESS HILLS",19030
2023,"ITDR INC",1,0,0,0,54,3566,VA,HERNDON,20171
2023,"ITEANS AMERICA LLC",1,0,2,0,54,9248,NJ,"CHERRY HILL",08002
2023,"ITECH AMERICA INC",20,0,1,0,54,4784,DE,WILMINGTON,19808
2023,"ITECH CONSULTING PARTNERS LLC",0,0,1,0,54,3476,NJ,NEWARK,07102
2023,"ITECH SOLUTIONS INC",0,0,1,0,54,4922,CT,FARMINGTON,06032
2023,"ITECH US INC",0,0,35,0,54,3754,VT,"SOUTH BURLINGTON",05403
2023,"ITECH US INC",0,0,1,0,54,3754,VT,"SOUTH BURLINGTON",05403
2023,"ITECH US INC",0,0,1,0,54,3754,,,
2023,"ITECH US INC",0,0,3,0,54,3754,VT,"S BURLINGTON",05403
2023,"ITECHMATICS INC",2,0,0,0,54,7463,CA,"SANTA ANA",92703
2023,"ITECHSTACK INC",1,0,1,0,54,5476,,,
2023,"ITECHSTACK INC",5,0,8,1,54,5476,NJ,"NORTH BRUNSWICK",08902
2023,"ITECHSTACK INC",1,0,0,0,54,5479,NJ,"NORTH BRUNSWICK",08902
2023,"ITEK PEOPLE INC",0,0,1,0,54,3947,MI,"FARMINGTON HILLS",48334
2023,"ITEK PEOPLE INC",0,0,1,0,54,3947,TX,AUSTIN,78750
2023,"ITEK SOFTWARE LLC",0,0,1,0,54,3390,,,
2023,"ITEK SOFTWARE LLC",0,0,3,0,54,3390,VA,HENRICO,23228
2023,"ITEK SOFTWARE LLC",0,3,2,0,54,3390,VA,RICHMOND,23228
2023,"ITERABLE INC",0,0,1,1,54,9594,CA,"SAN FRANCISCO",94105
2023,"ITERATIVE SCOPES INC",0,0,4,0,54,4043,MA,CAMBRIDGE,02138
2023,"ITERIA US",1,0,1,0,54,6370,WY,CHEYENNE,82001
2023,"ITERIA- US",1,0,0,0,54,,WY,CHEYENNE,82001
2023,"ITG TECHNOLOGIES INC",5,0,9,2,54,3134,TX,HOUSTON,77099
2023,"ITGEEKS INC",0,0,1,0,54,4247,NJ,PISCATAWAY,08854
2023,"ITHAKA HARBORS INC",0,0,6,0,54,7105,NY,"NEW YORK",10006
2023,"ITHUB INC",1,0,0,0,54,6333,VA,LEESBURG,20176
2023,"ITIYAM LLC",0,0,3,0,54,8201,VA,ASHBURN,20147
2023,"ITLOGICA INC",0,0,1,0,54,7452,GA,NORCROSS,30092
2023,"ITM PARTNERS LTD",0,0,1,0,54,8191,TX,SCHERTZ,78154
2023,"ITN HOLDINGS LLC",0,0,1,0,54,6050,NY,"NEW YORK",10017
2023,"ITON INC",2,0,0,0,54,3445,NY,"NEW YORK",10016
2023,"ITORIZON INC",0,0,1,0,54,0495,GA,MARIETTA,30067
2023,"ITPROFOUND INC",0,0,3,0,54,3205,MN,"INVER GROVE HEIGHTS",55076
2023,"ITPROFOUND INC",2,0,1,0,54,3205,MN,"SAINT PAUL",55125
2023,"ITPROFOUND INC",6,0,0,0,54,3205,MN,WOODBURY,55125
2023,"ITRADIANT SOLUTIONS, INC.",1,0,0,0,54,6861,DE,NEWARK,19702
2023,"ITRENDING SOLUTIONS LLC",3,0,0,0,54,1687,FL,TAMPA,33614
2023,"ITS ANALYTICS INC",0,0,1,0,54,3649,,,
2023,"ITS ANALYTICS INC",1,0,2,0,54,3649,NJ,SKILLMAN,08558
2023,"ITSMELLO INC.",1,0,0,0,54,1783,NJ,EDISON,08820
2023,"ITSPURS INC",0,0,15,0,54,4126,NJ,"SOUTH PLAINFIELD",07080
2023,"ITSTAC, LLC",2,0,0,0,54,5740,VA,ASHBURN,20147
2023,"ITSUTRA INC",1,2,1,0,54,5117,TX,IRVING,75062
2023,"ITSYNTAX INC",0,0,1,0,54,0594,,,
2023,"ITSYNTAX INC",3,0,8,0,54,0594,VA,STERLING,20164
2023,"ITTDIGITAL LLC",1,0,0,0,54,3696,NJ,"NORTH BRUNSWICK",08902
2023,"ITTECHNICA INC",1,0,8,0,54,0582,TX,IRVING,75038
2023,"ITTSTAR CONSULTING LLC",3,0,2,0,54,7362,GA,ALPHARETTA,30022
2023,"ITVISION360 INC",7,0,2,0,54,0021,TX,IRVING,75063
2023,"ITVISION360 INC",0,0,1,0,54,0021,TX,PLANO,75075
2023,"ITVORKS INC",2,0,6,0,54,0525,NJ,PRINCETON,08540
2023,"IVANHOE ELECTRIC INC",1,0,0,0,54,3823,AZ,"CASA GRANDE",85122
2023,"IVEN INC",4,1,1,0,54,9910,CA,BELMONT,94002
2023,"IVERIC BIO INC",0,0,1,0,54,5347,NJ,PARSIPPANY,07054
2023,"IVI FOUNDATION INC",1,0,0,0,54,7857,VA,ALEXANDRIA,22314
2023,"IVOYANT LLC",1,0,0,0,54,1756,GA,ATLANTA,30346
2023,"IVY ENERGY INC",1,0,0,0,54,6025,CA,"SAN DIEGO",92101
2023,"IVY TECH SOLUTIONS INC",0,0,1,0,54,2736,IL,"ARLINGTON HEIGHTS",60004
2023,"IVYNOVA SOLUTIONS INC",1,0,0,0,54,8443,NJ,"NORTH BRUNSWICK",08902
2023,"IWMS AMERICAS LLC",0,0,1,0,54,3623,MN,"PRIOR LAKE",55372
2023,"IWORLD TRANSLATIONS 26, LLC",0,0,1,0,54,6187,OR,PORTLAND,97211
2023,"IZEAL INC",7,1,5,0,54,7611,VA,STERLING,20165
2023,"IZIEL HEALTHCARE INC",1,0,0,0,54,8526,MN,MINNEAPOLIS,55401
2023,"J ARTHUR GREENFIELD & CO LLP",0,0,1,0,54,8809,CA,"LOS ANGELES",90024
2023,"J CRAIG VENTER INSTITUTE INC",1,0,0,0,54,2938,CA,"LA JOLLA",92037
2023,"J CUBE LLC",2,0,0,0,54,9956,VA,CENTREVILLE,20120
2023,"J FRANKL C MALLEA Y STERN ASSOCIATES",1,0,0,0,54,9867,NY,BROOKLYN,11241
2023,"J KNIPPER AND COMPANY INC",0,0,1,0,54,5742,NJ,LAKEWOOD,08701
2023,"J M IT GROUP INC",2,0,0,0,54,0302,TX,IRVING,75062
2023,"J M TRIPPON & CO PC",0,0,1,0,54,4193,TX,HOUSTON,77024
2023,"J R MILLER & ASSOCIATES INC",0,0,1,0,54,0222,CA,BREA,92821
2023,"J STAR RESEARCH INC",0,0,1,0,54,6758,,,
2023,"J STAR RESEARCH INC",0,0,2,0,54,6758,NJ,"SOUTH PLAINFIELD",07080
2023,"JACK HENRY & ASSOCIATES INC",0,0,8,0,54,8385,MO,MONETT,65708
2023,"JACKPOCKET INC",0,0,1,0,54,3302,NY,"NEW YORK",10036
2023,"JACKSON HEWITT TECHNOLOGY SERVICES LLC",0,0,1,0,54,2409,FL,SARASOTA,34232
2023,"JACKSON LEWIS PC",0,0,1,0,54,2389,NY,"WHITE PLAINS",10601
2023,"JACOB JUDAH LLC",1,0,1,0,54,8216,TX,RICHARDSON,75080
2023,"JACOBI MOTORS LLC",0,0,1,0,54,2241,TX,WEBSTER,77598
2023,"JACOBS ASSOCIATES INC",0,0,1,0,54,1792,WA,SEATTLE,98104
2023,"JACOBS TECHNOLOGY INC",0,0,1,1,54,0412,VA,HERNDON,20171
2023,"JAD & ASSOCIATES LLC",1,1,1,0,54,8185,CA,"LOS ANGELES",90017
2023,"JADE GLOBAL INC",4,0,7,0,54,0920,CA,"SAN JOSE",95110
2023,"JAEB CENTER FOR HEALTH RESEARCH FOUNDATION INC",0,0,1,0,54,7624,FL,TAMPA,33647
2023,"JAGO LINK INC",1,0,0,0,54,1347,PA,"BALA CYNWYD",19004
2023,"JAM CITY INC",1,0,2,0,54,5808,CA,"CULVER CITY",90232
2023,"JAMES CORNER FIELD OPERATIONS LLC DBA FIELD OPERATIONS",1,0,1,0,54,6128,NY,"NEW YORK",10018
2023,"JAMES G JOHNSON CPA PC",1,0,0,0,54,4611,TX,"FORT WORTH",76110
2023,"JAMES WEE ACCOUNTANCY CORPORATION",0,0,1,0,54,9569,CA,"LOS ANGELES",90010
2023,"JAMES Y LEE & CO ACCOUNTANCY CORPORATION",0,0,1,0,54,7295,CA,IRVINE,92606
2023,"JAMF SOFTWARE LLC",0,0,1,0,54,6814,MN,MINNEAPOLIS,55401
2023,"JANG COMPANY ACCOUNTANCY CORPORATION",1,0,0,0,54,2494,CA,"LA MIRADA",90638
2023,"JANOVA SOLUTIONS INC",0,0,1,0,54,8484,VA,VIENNA,22182
2023,"JANSSEN RESEARCH DEVELOPMENT LLC",0,0,1,0,54,4195,,,
2023,"JANSSEN RESEARCH DEVELOPMENT LLC",1,0,12,0,54,4195,NJ,"NEW BRUNSWICK",08933
2023,"JANUARY, INC.",1,0,0,0,54,5809,CA,"MENLO PARK",94025
2023,"JAPAN INTL TRANSPORT & TOURISM INSTITUTE USA",1,0,0,0,54,5871,DC,WASHINGTON,20036
2023,"JARAAM & CO LLC",0,1,0,0,54,5799,CA,FRESNO,93126
2023,"JARMEL KIZEL ARCHITECTS AND ENGINEERS INC",0,0,1,0,54,0953,NJ,LIVINGSTON,07039
2023,"JAROS BAUM AND BOLLES CONSULTING ENGINEERS LLP",0,0,2,0,54,4150,NY,"NEW YORK",10005
2023,"JARVANTECH INC",0,0,1,0,54,8519,TX,SPRING,77380
2023,"JASMIN INFOTECH INC.",1,0,0,0,54,1041,CA,"SAN JOSE",95131
2023,"JASPER AI INC",0,0,3,0,54,9757,TX,AUSTIN,78746
2023,"JAVANTECH INC",11,0,0,0,54,9645,NC,GREENSBORO,27410
2023,"JAVELIN DIRECT INC",1,0,0,0,54,2471,TX,IRVING,75063
2023,"JAVEN TECHNOLOGIES INC",1,0,4,1,54,6482,MN,BLOOMINGTON,55425
2023,"JAVEN TECHNOLOGIES INC",0,0,3,1,54,6482,MN,MINNEAPOLIS,55425
2023,"JAWOOD BUSINESS PROCESS SOLUTIONS LLC",0,0,1,0,54,0158,NJ,"SHORT HILLS",07078
2023,"JAYCON SYSTEMS LLC",1,0,0,0,54,0330,FL,ORLANDO,32809
2023,"JAYDU LLC",1,0,1,0,54,0196,GA,ALPHARETTA,30005
2023,"JAYES TECH LLC",2,0,0,0,54,9774,WA,KIRKLAND,98034
2023,"JAYSTAR GROUP INC",0,0,1,0,54,9776,CT,NORWALK,06854
2023,"JBI LTD",0,0,1,0,54,5617,TX,COPPELL,75019
2023,"JC TEC SOLUTIONS LLC",1,0,0,0,54,9664,SC,"MOUNT PLEASANT",29466
2023,"JCJ BUSINESS CORP INC",0,0,1,0,54,0963,CT,HARTFORD,06106
2023,"JD LOGISTICS UNITED STATES CO",0,0,1,0,54,2591,CA,FONTANA,92337
2023,"JD SOFTWARE INC",0,0,1,0,54,2526,MA,SALEM,01970
2023,"JDC CONSULTING SOLUTIONS LLC DBA JDC GROUP",0,0,1,0,54,9145,GA,ATLANTA,30328
2023,"JDM SYSTEMS CONSULTANTS INC",0,0,1,0,54,8834,MI,"FARMINGTON HILLS",48334
2023,"JDX STUDIO LLC D B A DE YAN",1,0,0,0,54,8757,NY,"NEW YORK",10012
2023,"JEAN MARTIN INC",9,0,5,0,54,0763,NY,"NEW YORK",10016
2023,"JECHO LABORATORIES INC",0,0,1,0,54,1816,MD,FREDERICK,21704
2023,"JEDI ARK CORP",1,0,0,0,54,1714,NY,ALBANY,12203
2023,"JEEVAN TECHNOLOGIES INC",20,0,1,0,54,7895,TN,BRENTWOOD,37027
2023,"JEEZNY SOURCING LLC",0,0,1,0,54,4055,MD,BALTIMORE,21202
2023,"JEFF ELLIS MANAGEMENT LLC",0,0,1,0,54,7437,FL,MAITLAND,32751
2023,"JEFFERSON SCIENCE ASSOCIATES LLC",3,0,1,0,54,4952,VA,"NEWPORT NEWS",23606
2023,"JEFFREY BEERS INTERNATIONAL LLC",0,0,1,0,54,2414,NY,"NEW YORK",10105
2023,"JELEC USA INC",0,0,1,0,54,4629,TX,HOUSTON,77084
2023,"JENFORCE LLC",1,0,0,0,54,5754,TX,MCKINNEY,75070
2023,"JENNER BLOCK LLP",1,0,0,0,54,2554,IL,CHICAGO,60654
2023,"JENSEN HUGHES INC",0,0,2,0,54,9515,MD,BALTIMORE,21227
2023,"JENSEN HUGHES INC",0,0,2,0,54,9515,MD,HALETHORPE,21227
2023,"JENZABAR INC",0,0,1,0,54,0740,NY,WESTBURY,11590
2023,"JERSEY TECHNOLOGY PARTNERS INC",0,0,1,0,54,7115,NJ,"EAST BRUNSWICK",08816
2023,"JESSICA C YIM CPA",0,0,1,0,54,3670,CA,"HACIENDA HEIGHTS",91745
2023,"JET BRIDGE LLC",0,0,1,0,54,9109,MI,NOVI,48375
2023,"JETHMALANI NALLASETH PLLC",0,0,3,0,54,0340,NY,"NEW YORK",10004
2023,"JFK M CONSULTING GROUP",0,0,1,0,54,6715,NY,"NEW YORK",10018
2023,"JFROG INC",0,0,4,0,54,4916,CA,SUNNYVALE,94089
2023,"JG NEUKOMM ARCHITECTURE PLLC",0,0,1,0,54,8962,NY,"NEW YORK",10005
2023,"JH BIOTECH INC",1,0,0,0,54,2517,CA,VENTURA,93003
2023,"JIA GLOBAL LLC",0,0,1,0,54,2299,MI,ADA,49301
2023,"JIKA INC DBA SKIO",0,0,1,0,54,5784,CA,"SAN FRANCISCO",94114
2023,"JIMEI IMPORT & EXPORT TRADING COMPANY INC",1,0,0,0,54,1321,CA,"WOODLAND HILLS",91367
2023,"JINS TECH CORPORATION  DBA KWICKPOS",0,0,1,1,54,7868,TX,SPRING,77379
2023,"JIREH SOLUTIONS LLC",0,0,1,0,54,7064,GA,ALPHARETTA,30009
2023,"JIREH SOLUTIONS LLC",0,0,1,0,54,7064,,,
2023,"JITX INC",1,0,3,0,54,5891,CA,BERKELEY,94710
2023,"JIVA INFOTECH INC",2,0,0,0,54,3846,NJ,ISELIN,08830
2023,"JIVOX CORPORATION",0,0,1,0,54,2406,CA,"SAN MATEO",94404
2023,"JJ TECH SYSTEMS INC",0,0,1,0,54,7062,GA,ALPHARETTA,30009
2023,"JK TECH US INC",3,0,0,1,54,5542,NY,"NEW YORK",10020
2023,"JK TECH US INC.",1,0,0,0,54,,NY,"NEW YORK",10020
2023,"JKG SOLUTIONS INC",1,0,0,0,54,3253,VA,ALDIE,20105
2023,"JKV INTERNATIONAL LLC",4,0,2,0,54,3860,GA,ATLANTA,30345
2023,"JM INFORMATION SYSTEMS LLC",1,0,0,0,54,8292,NJ,EDISON,08817
2023,"JND INC",0,0,1,0,54,9060,TX,CARROLLTON,75006
2023,"JNE CONSULTING AND ENGINEERING DELAWARE P A",0,0,1,0,54,5430,PA,PITTSBURGH,15238
2023,"JNIT TECHNOLOGIES INC",0,0,18,0,54,1256,NJ,PARLIN,08859
2023,"JNIT TECHNOLOGIES INC",0,0,1,0,54,1256,,,
2023,"JNJ SOLUTIONS INC.",0,0,2,0,54,8885,CA,"GOLD RIVER",95670
2023,"JO CHICAGO LLC",1,0,0,0,54,1674,IL,CHICAGO,60654
2023,"JO PALMA PARTNERS CORPORATION",0,0,1,0,54,2362,IL,CHICAGO,60607
2023,"JOADEM CORPORATION",3,0,0,0,54,6511,NY,"WEST HEMPSTEAD",11552
2023,"JOB AIRE GROUP INC",0,0,1,0,54,2285,AZ,TUCSON,85741
2023,"JOBLOGIC X CORPORATION",0,0,1,0,54,4025,TX,PLANO,75075
2023,"JOBOX INC",0,0,1,0,54,6870,FL,MIAMI,33180
2023,"JOBVITE INC",0,0,1,0,54,2812,IN,INDIANAPOLIS,46202
2023,"JOBVITE INC",1,0,0,0,54,2812,IN,INDIANAPOLIS,46204
2023,"JOE ASHTON 13 PROPERTY LLC DBA 434 ANIMAL HOSPITAL OF LONGWOOD",0,0,1,0,54,6834,FL,LONGWOOD,32750
2023,"JOHANNES LEONARDO LLC",0,0,1,0,54,0713,NY,"NEW YORK",10006
2023,"JOHN DAVENPORT ENGINEERING INC DBA DAVENPORT",0,0,1,0,54,2123,NC,"WINSTON SALEM",27101
2023,"JOHN F COGGIN CPA PLLC",0,0,1,0,54,4172,TX,PEARLAND,77581
2023,"JOHN LABIB STRUCTURAL ENGINEERS LLP",0,0,3,0,54,6446,CA,"EL SEGUNDO",90245
2023,"JOHN NASTASI ARCHITECTS",0,0,1,0,54,6426,NJ,HOBOKEN,07030
2023,"JOHN TESLA INC",0,0,1,0,54,7611,TX,DALLAS,75243
2023,"JOHN W WELDON CPA",0,0,2,0,54,1218,CA,"LOS ANGELES",90066
2023,"JOHNS HOPKINS UNIVERSITY APPLIED PHYSICS LABORATORY",3,0,1,0,54,5111,MD,LAUREL,20723
2023,"JOHNSON & SEKIN LLC",1,0,0,0,54,4473,TX,DALLAS,75202
2023,"JOHNSON JOHNSON CONSUMER INC",0,0,2,0,54,9908,NJ,"NEW BRUNSWICK",08933
2023,"JOHNSON JOHNSON SERVICES INC",0,0,1,0,54,3696,,,
2023,"JOHNSON JOHNSON SERVICES INC",0,0,11,2,54,3696,NJ,"NEW BRUNSWICK",08933
2023,"JOHNSON OSHAN LAW PLLC",0,0,1,0,54,3139,NY,"NEW YORK",10013
2023,JOLTTEK,1,0,0,0,54,0102,DE,NEWARK,19702
2023,"JON GRAVES ARCHITECTS & PLANNERS PLLC",1,0,0,0,54,7548,WA,TACOMA,98402
2023,"JONA INC",0,0,1,0,54,5400,CT,DARIEN,06820
2023,"JONAS COLLECTIONS AND RECOVERY INC",0,0,2,0,54,6909,VA,FAIRFAX,22030
2023,"JONATHAN LEVI ARCHITECTS LLC",1,0,0,0,54,0007,MA,BOSTON,02116
2023,"JONES MARESCA & MCELWANEY P A",0,0,1,0,54,3933,MD,COLUMBIA,21044
2023,"JOSEPH SCARPA CPA PC",0,0,1,0,54,2449,NY,FARMINGDALE,11735
2023,"JOSEPH SPIERER ARCHITECTS INC",1,0,0,0,54,2396,CA,"REDONDO BEACH",90277
2023,"JOSH PROS LLC",2,0,1,0,54,3750,GA,ALPHARETTA,30022
2023,"JOSH PROS LLC",4,0,0,0,54,3750,GA,"JOHNS CREEK",30022
2023,"JOUNCE THERAPEUTICS INC",0,0,1,1,54,0634,MA,CAMBRIDGE,02139
2023,"JOURNEY CORPORATE HOLDINGS LLC",0,0,4,0,54,5224,NY,"NEW YORK",10001
2023,"JOURNEYBLAZERS LLC",0,0,1,0,54,3451,VA,MANASSAS,20109
2023,"JOYN BIO LLC",1,0,0,0,54,2147,MA,BOSTON,02210
2023,"JPC LOGISTICS LLC DBA JPCL ENGINEERING LLC",0,0,2,0,54,7772,NJ,HILLSBOROUGH,08844
2023,"JPS TECH SOLUTIONS LLC",3,1,0,0,54,0518,NC,MORRISVILLE,27560
2023,"JQ ENGINEERING LLP",0,0,1,0,54,6474,TX,DALLAS,75207
2023,"JRI AMERICA INC",0,0,16,0,54,8768,NY,"NEW YORK",10172
2023,"JS HELD LLC",0,0,1,0,54,1463,NY,"NEW YORK",10043
2023,"JSAT AUTOMATION INC",0,0,1,0,54,4189,,,
2023,"JSM CONSULTING INC",1,0,7,0,54,0191,NJ,CRANBURY,08512
2023,"JSMN INTERNATIONAL INC",0,0,2,0,54,2698,NJ,"JERSEY CITY",07306
2023,"JUAN MONTOYA DESIGN CORP",0,1,0,0,54,5703,NY,"NEW YORK",10022
2023,"JUBU CORP",0,0,1,0,54,5349,TX,GRAPEVINE,76051
2023,"JUDGE TECHNICAL SERVICES INC",0,0,2,0,54,2921,PA,WAYNE,19087
2023,"JUDLAU CONTRACTING INC",0,0,1,0,54,1940,NY,"COLLEGE POINT",11354
2023,"JUJI INC",0,0,1,0,54,8920,CA,SARATOGA,95070
2023,"JULI LLC",0,0,1,0,54,7774,CA,WALNUT,91789
2023,"JULIAN WEBER ARCHITECTURE AND DESIGN LLC",0,0,1,0,54,3969,WA,SEATTLE,98144
2023,"JUMIO CORP",0,0,1,0,54,8998,CA,"PALO ALTO",94306
2023,"JUMP 450 MEDIA LLC",1,0,0,0,54,9035,NY,"NEW YORK",10007
2023,"JUN ZHOU CPA LTD",1,0,0,0,54,2870,,,
2023,"JUN ZHOU CPA LTD",0,0,1,0,54,2870,IL,CHICAGO,60611
2023,"JUNO THERAPEUTICS INC",0,0,3,1,54,6275,WA,SEATTLE,98109
2023,"JUPITER CONSULTING SERVICES LLC",1,0,0,0,54,5999,MO,BALLWIN,63021
2023,"JUPITER IT SERVICES",6,0,0,0,54,1634,GA,ALPHARETTA,30004
2023,JUSTERNET,0,0,1,0,54,5356,IL,NAPERVILLE,60563
2023,"JUSTICE RESOURCE INSTITUTE INC",3,0,0,0,54,6357,MA,NEEDHAM,02494
2023,"JUSTICE RESOURCE INSTITUTE INC",1,0,0,0,54,6357,MA,"NEEDHAM HEIGHTS",02494
2023,"JUSTWORKS INC",1,0,5,0,54,0469,NY,"NEW YORK",10041
2023,"JVION INC",0,0,2,0,54,2523,GA,SUWANEE,30024
2023,"JVR SYSTEMS INC",0,0,1,0,54,5562,TX,PLANO,75024
2023,"JVR TECH LLC",0,0,1,0,54,2182,FL,"FORT LAUDERDALE",33351
2023,"JZ STRUCTURAL CONSULTING INC",0,0,1,0,54,5897,VA,CHANTILLY,20152
2023,"K A ENGINEERING CONSULTING PC",0,1,4,1,54,8138,NY,"WHITE PLAINS",10601
2023,"K ANAND CORPORATION",0,0,1,0,54,9845,TX,AUSTIN,78729
2023,"K L GATES LLP",0,0,1,0,54,1018,PA,PITTSBURGH,15222
2023,"K LOGISTICS CORP",1,0,0,0,54,6933,NJ,"E RUTHERFORD",07073
2023,"K SOURCE INC",0,0,1,0,54,9936,,,
2023,"K SOURCE INC",0,0,3,0,54,9936,TX,FRISCO,75035
2023,"K-MAKIN TECHNOLOGIES INC",3,0,2,0,54,5762,VA,ASHBURN,20148
2023,"K1X INC",0,0,1,0,54,2428,IL,CHICAGO,60618
2023,"K3 INNOVATIONS INC",1,0,2,0,54,8934,NJ,PLAINSBORO,08536
2023,"K3 TECHNOLOGIES INC",1,0,0,0,54,1089,TX,AUSTIN,78734
2023,"K3 TECHNOLOGIES INC",5,0,0,0,54,1089,TX,LAKEWAY,78734
2023,"K9 SYS INC",4,0,2,0,54,3002,OH,COLUMBUS,43220
2023,"KAAR TECHNOLOGIES INC",29,12,2,0,54,3354,TX,DALLAS,75244
2023,"KADSTECH INC",0,0,1,0,54,8068,PA,MECHANICSBURG,17050
2023,"KAFFCO COMPANY INC",0,0,1,0,54,2257,NY,"NEW YORK",10013
2023,"KAGOOL INC",2,0,0,0,54,0101,IL,CHICAGO,60606
2023,"KAINERGY CONSULTING",1,0,0,0,54,,TX,FRISCO,75033
2023,"KAIRAS TECH LLC",1,0,0,0,54,4138,TX,FRISCO,75035
2023,"KAIROS TECHNOLOGIES INC",2,0,8,0,54,7511,TX,IRVING,75039
2023,"KAIZEN ANALYTIX LLC",0,0,1,0,54,7580,,,
2023,"KAIZEN ANALYTIX LLC",0,0,2,0,54,7580,GA,ATLANTA,30346
2023,"KAIZEN ITECH LLC",1,0,2,0,54,2097,TX,PLANO,75024
2023,"KAIZEN SOFTWARE SYSTEMS INC",3,0,0,0,54,3992,NC,CHARLOTTE,28277
2023,"KAIZEN TECHNOLOGIES INC",5,0,14,1,54,1566,NJ,EDISON,08820
2023,"KAL ARCHITECTS INC",0,0,1,0,54,3403,CA,IRVINE,92618
2023,"KALEIDOSCOPE INNOVATION AND PRODUCT DESIGN",0,0,1,0,54,0905,OH,CINCINNATI,45241
2023,"KALL ACCOUNTANCY CORPORATION",0,0,1,0,54,0367,CA,"WEST COVINA",91791
2023,"KALLA CONSULTING SERVICES LLC",2,0,0,0,54,1930,TX,LIVINGSTON,77399
2023,"KALTECH CONSULTING INC",0,0,1,0,54,9125,,,
2023,"KALTECH CONSULTING INC",1,0,1,0,54,9125,TX,IRVING,75039
2023,"KALUNGI INC",1,0,0,0,54,8775,WA,SEATTLE,98104
2023,"KALVEN TECHNOLOGIES INC",3,0,7,0,54,2926,IL,SCHAUMBURG,60173
2023,"KALVI CONSULTING SERVICES",0,0,1,0,54,4498,WA,REDMOND,98052
2023,"KAMJOO X ASSOCIATES APC",0,0,0,1,54,5472,CA,"LOS ANGELES",90025
2023,"KAMSKY ASSOCIATES INC",0,0,1,0,54,0291,NY,"NEW YORK",10065
2023,"KANAP SYSTEMS LLC",0,0,2,0,54,9393,,,
2023,"KANAP SYSTEMS LLC",0,0,3,0,54,9393,IA,WDM,50266
2023,"KANAP SYSTEMS LLC",5,0,20,0,54,9393,IA,"WEST DES MOINES",50266
2023,"KANI SOLUTIONS INC",1,0,2,0,54,0350,NJ,PRINCETON,08540
2023,"KANINI SOFTWARE SOLUTIONS INC",0,0,0,1,54,3632,TN,NASHVILLE,37214
2023,"KANOR SYSTEMS INC",2,0,0,0,54,7250,VA,CENTREVILLE,20120
2023,"KANSHE DAYALU ENTERPRISES INC",0,0,2,0,54,6579,TX,KATY,77449
2023,"KANTAR LLC",0,0,4,0,54,4059,CT,NORWALK,06851
2023,"KANTAR LLC",0,0,2,0,54,4059,IL,LISLE,60532
2023,"KANTAR LLC",0,0,1,0,54,4059,NY,"NEW YORK",10007
2023,"KAO LAW FIRM LLC",1,0,0,0,54,7418,PA,PHILADELPHIA,19107
2023,"KAPO INDUSTRIAL CONSTRUCTION INC",0,0,1,0,54,3919,,,
2023,"KAPSCH TRAFFICCOM USA INC",0,0,1,0,54,7836,DC,WASHINGTON,20097
2023,"KAPSTONE TECHNOLOGIES LLC",1,0,6,0,54,3595,NJ,SOMERSET,08873
2023,"KAPUR AND ASSOCIATES INC",0,0,1,0,54,0448,WI,MILWAUKEE,53217
2023,"KARDIN SYSTEMS INC",0,0,1,0,54,7246,WA,SNOQUALMIE,98065
2023,"KARGO GLOBAL LLC",0,0,1,0,54,1498,NY,"NEW YORK",10003
2023,"KARGO TECHNOLOGIES CORP",0,0,1,0,54,1620,CA,"SAN FRANCISCO",94103
2023,"KARIKARI AND ASSOCIATES PC",0,0,1,0,54,1813,NY,"NEW YORK",10002
2023,"KARLVILLE DEVELOPMENT LLC",0,0,1,0,54,9770,FL,MIAMI,33142
2023,"KARSUN SOLUTIONS LLC",0,0,4,0,54,6440,VA,HERNDON,20170
2023,"KARUNA THERAPEUTICS INC",0,0,1,0,54,5902,,,
2023,"KARUNA THERAPEUTICS INC",0,0,3,0,54,5902,MA,BOSTON,02110
2023,"KARV IT SOLUTIONS LLC",3,0,0,0,54,3130,TX,HOUSTON,77060
2023,"KARWELL TECHNOLOGIIES INC",0,0,15,0,54,8234,NJ,"SOUTH PLAINFIELD",07080
2023,"KARYO E SYSTEMS INC",0,0,1,0,54,3950,,,
2023,"KARYO E SYSTEMS INC",1,0,1,0,54,3950,VA,ASHBURN,20148
2023,"KARYOPHARM THERAPEUTICS INC",0,0,1,0,54,1704,MA,"NEWTON CENTER",02459
2023,"KASEYA US LLC",2,0,0,0,54,2543,FL,MIAMI,33131
2023,"KASMO INC",2,1,2,0,54,8413,TX,PLANO,75074
2023,"KASTECH SOLUTIONS LLC",7,0,23,0,54,5325,TX,HOUSTON,77036
2023,"KASTECH SOLUTIONS LLC",1,0,0,0,54,5325,,,
2023,"KATALYST HEALTHCARES LIFE SCIENCES INC",2,1,8,2,54,9781,NJ,"SOUTH PLAINFIELD",07080
2023,"KATALYST INVESTMENT MANAGEMENT LP",0,0,1,0,54,8053,GA,ATLANTA,30328
2023,"KATANA GRAPH INC",0,0,1,0,54,3848,TX,AUSTIN,78705
2023,"KATPRO TECHNOLOGIES INC",1,0,0,0,54,0860,FL,TAMPA,33619
2023,"KATTEN MUCHIN ROSENMAN LLP",0,0,2,0,54,6532,IL,CHICAGO,60661
2023,"KATUR SOLVE CORPORATION",1,0,0,0,54,3584,WI,WATERLOO,53594
2023,"KATZABOSCHWINDESHEIM&FREEDMANPC DBA KATZABOSCH",0,0,1,0,54,3788,MD,"LUTHERVILLE TIMONIUM",21093
2023,"KAUFMAN ROSSIN & CO A PROFESSIONAL ASSOCIATION",0,0,1,0,54,8353,FL,MIAMI,33133
2023,"KAURUM TECHNOLOGIES LLC",1,0,1,0,54,5806,TX,DALLAS,75254
2023,"KAVAYAH SOLUTIONS INC",0,0,4,0,54,0367,NJ,PRINCETON,08540
2023,"KAVI ASSOCIATES LLC DBA KAVI GLOBAL LLC",1,0,1,0,54,2875,IL,BARRINGTON,60010
2023,"KAVURI SOLUTIONS INC",2,0,0,0,54,0118,TX,PROSPER,75078
2023,"KAYAK SOFTWARE CORPORATION",0,0,1,0,54,0460,,,
2023,"KAYAK SOFTWARE CORPORATION",0,0,2,0,54,0460,CT,STAMFORD,06902
2023,"KAYTECH INFORMATION SOLUTIONS INC",3,0,1,0,54,1415,NJ,MATAWAN,07747
2023,"KBC ADVANCED TECHNOLOGIES INC",0,0,1,0,54,3890,TX,HOUSTON,77094
2023,"KBF CPAS LLP",0,0,6,0,54,0164,CA,IRVINE,92618
2023,"KBI BIOPHARMA INC",1,0,0,0,54,8312,CO,BROOMFIELD,80021
2023,"KBI BIOPHARMA INC",0,0,7,0,54,8312,NC,DURHAM,27704
2023,"KBR TECHNICAL SERVICES INC",0,0,1,0,54,6774,TX,HOUSTON,77002
2023,"KBR TECHNICAL SERVICES INC",0,0,6,0,54,4055,TX,HOUSTON,77002
2023,"KBR WYLE SERVICES LLC",5,0,6,0,54,1907,TX,HOUSTON,77002
2023,"KBS SOLUTIONS LLC",1,0,0,0,54,4455,TX,IRVING,75038
2023,"KBTS TECHNOLOGIES INC",2,0,6,0,54,2748,MI,NOVI,48375
2023,"KBX TECHNOLOGY SOLUTIONS LLC",0,0,2,0,54,3218,KS,WICHITA,67220
2023,"KC SOL TECH INC",0,0,1,0,54,2718,AL,AUBURN,36830
2023,"KC SYNERGY SOLUTIONS INC",3,1,0,0,54,4959,TX,IRVING,75039
2023,"KCM TECHNICAL INC",2,0,0,0,54,2363,MI,TROY,48083
2023,"KCOE ISOM LLP",0,0,3,0,54,7703,KS,SALINA,67401
2023,"KDEX GLOBAL LLC",3,0,0,0,54,7436,NC,DURHAM,27709
2023,"KDM ENGINEERING LLC",0,0,1,0,54,4097,IL,CHICAGO,60642
2023,"KDSD STOCKTON INC DBA ANIMAL CARE CLINIC STOCKTON",0,0,1,0,54,6291,CA,STOCKTON,95207
2023,"KEANE SOFT INC",0,0,1,0,54,2059,,,
2023,"KEANE SOFT INC",0,0,5,0,54,2059,NJ,MONROE,08831
2023,"KECK GRADUATE INSTITUTE OF APPLIED LIFE SCIENCES",1,0,0,0,54,5327,CA,CLAREMONT,91711
2023,"KEE TECHNOLOGIES GROUP INC",8,1,0,0,54,8131,AR,BENTONVILLE,72712
2023,"KEEBO INC",1,0,0,0,54,3910,CA,BAKERSFIELD,93308
2023,"KEEN INFO TEK INC",2,0,7,0,54,7086,SC,COLUMBIA,29223
2023,"KEEPER TAX INC",0,0,1,0,54,4168,CA,"SAN FRANCISCO",94102
2023,"KEERTHAN IT SOLUTIONS INC",3,0,2,0,54,2027,FL,JACKSONVILLE,32217
2023,"KELCO CONSTRUCTION INC",0,0,1,0,54,8841,NY,HAUPPAUGE,11788
2023,"KELLTON TECH INC",1,0,6,1,54,4835,NJ,PRINCETON,08540
2023,"KELLTON TECH SOLUTIONS INC",8,0,1,0,54,3633,NJ,PRINCETON,08540
2023,"KEMIN INDUSTRIES INC",0,0,1,0,54,6654,IA,"DES MOINES",50317
2023,"KEN SYSTEMS INC",2,0,1,0,54,6641,VA,HERNDON,20171
2023,"KEN TECHNOLOGIES INC",27,1,0,0,54,7538,TX,HURST,76053
2023,"KENALL INC",0,0,1,0,54,9392,TX,HOUSTON,77036
2023,"KENEXIS CONSULTING CORPORATION",0,0,1,0,54,8783,OH,"UPPER ARLINGTON",43221
2023,"KENNEDY INTERNATIONAL SOFTWARE INC",1,0,5,0,54,5534,NJ,METUCHEN,08840
2023,"KENNEDY JENKS CONSTULTANTS INC",0,0,1,0,54,7007,CA,"SAN FRANCISCO",94111
2023,"KENSINGTON INFORMATION GROUP INC",17,0,5,0,54,5956,NJ,EDISON,08837
2023,"KENSIUM SOLUTIONS LLC",1,0,0,0,54,4655,IL,CHICAGO,60606
2023,"KENT ENGINEERINGS & CONSTRUCTORS INC",0,0,1,0,54,4218,TX,HOUSTON,77094
2023,"KENT HOUSTON OFFSHORE ENGINEERING LLC",1,0,0,0,54,3609,TX,HOUSTON,77094
2023,"KENTIK TECHNOLOGIES INC",1,0,0,0,54,3347,CA,"SAN FRANCISCO",94104
2023,"KENTUCKY INTERACTIVE LLC",0,0,1,0,54,4189,KS,"OVERLAND PARK",66210
2023,"KENWAY CONSULTING LLC",0,0,2,0,54,2357,IL,CHICAGO,60602
2023,"KEPLER CANNON LLC",0,0,1,0,54,3935,NY,"NEW YORK",10004
2023,"KEROS THERAPEUTICS INC",0,0,1,0,54,3868,MA,LEXINGTON,02421
2023,"KESHAV CONSULTING SOLUTIONS LLC",0,0,1,0,54,2378,,,
2023,"KESHAV CONSULTING SOLUTIONS LLC",0,0,5,1,54,2378,GA,ALPHARETTA,30005
2023,"KESSLER FOUNDATION",1,0,0,0,54,2134,NJ,"EAST HANOVER",07936
2023,"KESTE LLC DBA ARGANOKESTE",1,0,4,0,54,7804,TX,PLANO,75093
2023,"KET SOFTWARE SERVICES LLC",2,0,0,0,54,8579,OH,COLUMBUS,43085
2023,"KET SOFTWARE SERVICES LLC",2,0,1,0,54,8579,OH,WORTHINGTON,43085
2023,"KET SYSTEMS LLC",4,0,2,0,54,6389,GA,CUMMING,30041
2023,"KETOS INC",0,0,2,0,54,8052,CA,MILPITAS,95035
2023,"KETTLE SOLUTIONS LLC",1,0,1,0,54,7258,NY,"NEW YORK",10007
2023,"KEVADIYA INC",1,0,0,0,54,6905,MI,PONTIAC,48342
2023,"KEVIN KERVENG TUNG PC",0,0,3,0,54,6008,NY,FLUSHING,11354
2023,"KEY BUSINESS SOLUTIONS INC",4,1,1,0,54,6494,CA,SACRAMENTO,95834
2023,"KEY CUBE CONSULTING LLC",0,1,0,0,54,4957,IN,INDIANAPOLIS,46241
2023,"KEY ENVIRONMENTAL INC",0,0,1,0,54,8570,PA,CARNEGIE,15106
2023,"KEY MANAGEMENT GROUP INC",0,0,1,0,54,9953,NY,JERICHO,11753
2023,"KEYFACTOR INC",0,0,1,0,54,7627,OH,INDEPENDENCE,44131
2023,"KEYLOGIC SYSTEMS",1,0,0,0,54,4837,WV,MORGANTOWN,26505
2023,"KEYMARK INC",0,0,1,0,54,3419,SC,LIBERTY,29657
2023,"KEYME LLC",0,0,4,0,54,9207,NJ,"JERSEY CITY",07302
2023,"KEYMOUZ TECHNOLOGIES INC",6,0,4,0,54,6219,TX,HOUSTON,77040
2023,"KEYPHASE INC",5,0,0,0,54,3805,CA,"MOUNTAIN HOUSE",95391
2023,"KEYPHASE INC",5,0,3,0,54,3805,CA,TRACY,95391
2023,"KEYPIXEL SOFTWARE SOLUTIONS LLC",0,0,2,0,54,9621,,,
2023,"KEYPIXEL SOFTWARE SOLUTIONS LLC",2,0,8,0,54,9621,NJ,PARLIN,08859
2023,"KEYPRESS GROUP PC",0,0,1,0,54,4796,NJ,MANASQUAN,08736
2023,"KEYSTONE CYBER PROTECTION LLC",0,0,1,0,54,4001,NJ,LAKEWOOD,08701
2023,"KEYSTONE PEER REVIEW ORGANIZATION INC",0,0,1,0,54,8176,PA,HARRISBURG,17111
2023,"KEYSTONE STRATEGY LLC",1,0,2,0,54,8207,MA,BOSTON,02116
2023,"KEYSTONE TECHNOLOGY PARTNERS INC",0,0,2,0,54,2160,TX,HOUSTON,77036
2023,"KEYU TECH LLC",2,0,0,0,54,2859,CA,FREMONT,94538
2023,"KFORCE INC",0,0,13,0,54,4661,,,
2023,"KFORCE INC",5,1,153,18,54,4661,FL,TAMPA,33605
2023,"KFORCE INC",8,0,74,3,54,4661,FL,TAMPA,33607
2023,"KGATE TECHNOLOGIES INC",0,0,1,0,54,7011,,,
2023,"KGATE TECHNOLOGIES INC",4,0,6,0,54,7011,TX,HOUSTON,77074
2023,"KGS TECHNOLOGY GROUP INC",0,0,1,0,54,7067,GA,ALPHARETTA,30009
2023,"KHAN SLAYER AND KISTLER CPA LLC",1,0,0,0,54,8091,AZ,SCOTTSDALE,85260
2023,"KHAYAINFOTECH LLC",1,0,1,0,54,7678,NJ,SOMERSET,08873
2023,"KHOJ INFORMATION TECHNOLOGY INC",1,0,3,0,54,3140,NJ,RAMSEY,07446
2023,"KHP SOLUTIONS INC",0,0,1,0,54,1653,TX,PLANO,75024
2023,"KHYAATI SOFT LLC",0,0,1,0,54,3486,TX,IRVING,75039
2023,"KIAN CORPORATION",4,0,3,1,54,9409,CA,TRACY,95376
2023,"KICKSTARTER PBC",0,0,1,0,54,8334,NY,BROOKLYN,11231
2023,"KIK IT INC",1,0,1,0,54,6345,NJ,MAHWAH,07495
2023,"KILE PARK REED AND HOUTTEMAN PLLC",0,0,1,0,54,8901,VA,FAIRFAX,22033
2023,"KILOWATT ENGINEERING INC",0,0,1,0,54,1883,CA,OAKLAND,94612
2023,"KILPATRICK TOWNSEND & STOCKTON LLP",0,0,2,0,54,1774,GA,ATLANTA,30309
2023,"KIM SEYBERT INC",0,0,1,0,54,6005,,,
2023,"KIM SONG & ASSOCIATES PLLC",0,1,0,0,54,7953,NY,"NEW YORK",10001
2023,"KIMBALL TECH INC",1,0,0,0,54,9817,TX,SOUTHLAKE,76092
2023,"KIMBALL TECH INC",2,0,0,0,54,9817,TX,SOUTHLAKE,76092
2023,"KIMBERLY CLARK USA LLC",0,0,9,0,54,6742,WI,NEENAH,54956
2023,"KIMLEY-HORN AND ASSOCIATES INC",0,0,5,0,54,5615,NC,RALEIGH,27601
2023,"KIMMEL BOGRETTE ARCHITECTURE SITE INC",1,0,0,0,54,7359,PA,"BLUE BELL",19422
2023,"KIMPPER LTD",1,0,0,0,54,5773,NY,"NEW YORK",10016
2023,"KINAXIS CORP",1,0,0,0,54,0818,TX,IRVING,75039
2023,"KINAXIS CORP",0,0,3,0,54,0818,IL,CHICAGO,60611
2023,KINDER4RESCUE,1,0,0,0,54,4461,CA,"LOS ANGELES",91601
2023,"KINECTRA LLC",0,0,2,0,54,6537,,,
2023,"KINECTRA LLC",0,0,3,0,54,6537,SC,"ROCK HILL",29732
2023,"KINESSO LLC",0,0,1,1,54,7075,NY,"NEW YORK",10001
2023,"KINETICAI INC",1,0,1,0,54,8447,TX,SPRING,77380
2023,"KING & SPALDING LLP",1,0,0,0,54,0153,GA,ATLANTA,30309
2023,"KING & WOOD MALLESONS LLP",0,0,1,0,54,6538,CA,"MENLO PARK",94025
2023,"KING AUTOMATION INC",0,0,1,0,54,3027,SC,ROEBUCK,29376
2023,"KINGFA SCIENCE TECHNOLOGY USA INC",0,0,1,0,54,3466,MI,CANTON,48188
2023,"KINGLAND SYSTEMS LLC",0,0,1,0,54,6894,IA,"CLEAR LAKE",50428
2023,"KINGSLEY GATE PARTNERS",0,0,1,0,54,9115,MA,CANTON,02021
2023,"KINGSMEN SOFTWARE LLC",0,0,1,0,54,5316,NC,CHARLOTTE,28206
2023,"KINN CONSULTING INC",0,0,1,0,54,6079,NJ,"MONROE TOWNSHIP",08831
2023,"KINTENT INC",0,0,1,0,54,8940,MA,ARLINGTON,02474
2023,"KIP INFORMATION TECHNOLOGIES INC",0,0,2,0,54,9008,IL,"ARLINGTON HEIGHTS",60004
2023,"KIRA CARE INC",0,0,1,0,54,6719,CA,"SAN FRANCISCO",94158
2023,"KIRANAM TECHNOLOGIES INC",0,0,3,0,54,7664,TX,COPPELL,75019
2023,"KIRKLAND ELLIS LLP",0,0,4,0,54,6630,NY,"NEW YORK",10022
2023,"KIRKLAND'S INC",0,0,1,0,54,7151,TN,BRENTWOOD,37027
2023,"KIRKSEY ARCHITECTS INC",0,0,1,0,54,4173,TX,HOUSTON,77024
2023,"KIRTON MCCONKIE PC",1,0,0,0,54,5296,UT,"SALT LAKE CITY",84111
2023,"KIT LEUNG CPA",0,0,1,0,54,8539,CA,ALHAMBRA,91801
2023,"KIT PROFESSIONALS INC",0,0,1,0,54,4455,TX,HOUSTON,77042
2023,"KITE PHARMA INC",0,0,8,0,54,4986,CA,"FOSTER CITY",94404
2023,"KITE PHARMA INC",0,0,4,0,54,4986,CA,"SAN MATEO",94404
2023,"KITE PHARMA INC",0,0,1,0,54,4986,,,
2023,"KITESTRING CONSULTING INC DBA KITESTRING TECHNICAL SERVICES INC",0,0,2,0,54,7472,,,
2023,"KITESTRING CONSULTING INC DBA KITESTRING TECHNICAL SERVICES INC",1,0,6,1,54,7472,AR,BENTONVILLE,72712
2023,"KITKOOL GROUP LLC",1,0,0,0,54,9482,TX,FULSHEAR,77441
2023,"KITMAN LABS INC",1,0,0,0,54,3798,CA,"MENLO PARK",94025
2023,"KITTELSON & ASSOCIATES INC",0,0,3,0,54,4447,OR,PORTLAND,97204
2023,"KIVYO INC",1,0,0,0,54,4138,TX,"ROUND ROCK",78664
2023,"KJ INFO LLC",5,0,4,0,54,5648,NJ,HOBOKEN,07030
2023,"KK ASSOCIATES LLC",3,0,1,0,54,2239,TX,MCKINNEY,75070
2023,"KK TECHNOLOGIES LLC",1,0,1,0,54,1034,CA,"GOLD RIVER",95670
2023,"KKM CPA ASSOCIATES PLLC",0,0,1,0,54,1426,NY,"GARDEN CITY",11530
2023,"KKR CAPSTONE AMERICAS LLC",0,0,1,0,54,4287,NY,"NEW YORK",10001
2023,"KL CPA ASSOCATES LLC",0,0,1,0,54,3806,NJ,"FORT LEE",07024
2023,"KLAVIYO INC",1,0,0,0,54,9964,MA,BOSTON,02110
2023,"KLAXONTECH INC",4,0,0,0,54,7604,NY,"NEW YORK",10005
2023,"KLC CONSULTING INC",0,0,3,1,54,2647,FL,TALLAHASSEE,32309
2023,"KLEARNOW CORPORATION",1,0,2,0,54,6723,CA,"SANTA CLARA",95054
2023,"KLEIN & BABBITT LLC",0,0,1,0,54,0419,CT,AVON,06001
2023,"KLEIN FERTILITY LAW APC",0,0,1,0,54,9601,CA,"SAN DIEGO",92101
2023,"KLEINFELDER INC",0,0,1,0,54,2513,,,
2023,"KLEINFELDER INC",0,0,3,1,54,2513,CA,"SAN DIEGO",92101
2023,"KLICHS LLP",0,0,2,0,54,8003,NJ,"ENGLEWOOD CLIFFS",07632
2023,"KLICK OASIS SYSTEMS INC",5,0,1,0,54,8285,TX,GRAPEVINE,76051
2023,"KLICK USA INC",0,0,0,1,54,7490,NY,"NEW YORK",10018
2023,KLNTEK,2,0,0,0,54,4233,CA,ARCADIA,91006
2023,"KLOUD9 LLC",3,0,0,0,54,5962,NY,"NEW YORK",10007
2023,"KLOUDHIVE LLC",2,0,1,0,54,1144,NY,"CLIFTON PARK",12065
2023,"KLOUTIX SOLUTIONS LLC",1,0,0,0,54,6760,TX,IRVING,75039
2023,"KMA 7 OF VA LC D/B/A CHRISTOPHER A ENRIGHT CPA",1,0,0,0,54,0008,VA,HENRICO,23229
2023,"KMINDS LLC",1,0,0,0,54,5941,TX,HOUSTON,77057
2023,"KMK CONSULTING INC",0,0,9,1,54,7210,NJ,MORRISTOWN,07960
2023,"KMM TECHNOLOGIES INC",2,0,2,0,54,5962,MD,ROCKVILLE,20850
2023,"KN TECH SOLUTIONS LLC",1,0,1,0,54,0205,PA,DUBLIN,18917
2023,"KNACK NY INC",1,0,1,0,54,4266,CA,"LA JOLLA",92037
2023,"KNACK SYSTEMS LLC",0,0,3,0,54,7820,NJ,WOODBRIDGE,07095
2023,"KNACKSOFT LLC",0,0,1,0,54,6371,WA,REDMOND,98052
2023,"KNAV P A",1,0,2,0,54,1082,GA,ATLANTA,30328
2023,"KNIGHT INFOTECH LLC",1,0,0,0,54,3086,CA,FREMONT,94538
2023,"KNIGHT INFOTECH LLC",2,0,0,0,54,3086,KY,LOUISVILLE,40291
2023,KNIT,0,0,1,0,54,2535,NV,"LAS VEGAS",89128
2023,"KNOTT SOLUTIONS LLC",1,0,0,0,54,7946,CA,TUSTIN,92780
2023,"KNOVIQ IT SOLUTIONS LLC",7,4,0,0,54,9019,NY,LEVITTOWN,11756
2023,"KNOWLEDGE BUILDERS INC",1,0,0,0,54,7365,NY,ALBANY,12203
2023,"KNOWN GLOBAL LLC",0,0,2,0,54,6059,NY,"NEW YORK",10018
2023,"KO & YUN LLP D B A JH & ASSOCIATES",0,0,1,0,54,9613,GA,DULUTH,30096
2023,"KOCH CAPABILITIES LLC",0,0,1,0,54,0729,KS,WICHITA,67220
2023,"KODDI INC",0,0,1,0,54,0609,TX,"FORT WORTH",76107
2023,"KODEM LAW FIRM PLLC",0,0,1,0,54,5143,TX,IRVING,75062
2023,"KODER LABS LLC DBA KODERLABS LLC",0,0,1,0,54,6623,TX,SOUTHLAKE,76092
2023,"KODERZLAB INC",1,0,0,0,54,2279,NJ,EDISON,08830
2023,"KODEVA LLC",0,0,1,0,54,2569,VA,ASHBURN,20147
2023,"KODIAK ROBOTICS INC",2,0,0,0,54,6710,CA,"MOUNTAIN VIEW",94043
2023,"KOFAX INC",0,0,3,0,54,4967,CA,IRVINE,92618
2023,"KOGNITIV INC",0,0,1,0,54,3887,MA,"NEWTON CENTER",02459
2023,"KOGNITOS INC",0,0,1,0,54,4675,,,
2023,"KOH YOUNG AMERICA INC",0,0,1,0,54,5981,CA,"SAN DIEGO",92127
2023,"KOHN PEDERSEN FOX ASSOCIATES PC",1,1,12,1,54,2504,NY,"NEW YORK",10036
2023,"KOHN PEDERSEN FOX ASSOCIATES PC",0,0,1,0,54,2504,NY,"NEW YORK",10035
2023,"KOLLASOFT INC",0,0,18,0,54,2918,NJ,MIDDLESEX,08846
2023,"KOLON TISSUEGENE IN",0,0,1,0,54,6904,MD,ROCKVILLE,20850
2023,"KOLVAN CORPORATION",1,0,0,0,54,2466,TX,LEWISVILLE,75056
2023,"KOLVAN CORPORATION",1,0,0,0,54,2466,TX,"THE COLONY",75056
2023,"KOMMFORCE SOLUTIONS INC",2,0,0,0,54,5132,TX,COPPELL,75019
2023,"KOMODO HEALTH INC",0,0,2,0,54,5446,CA,"SAN FRANCISCO",94107
2023,"KOMODO TECHNOLOGIES LLC",0,1,0,0,54,5748,MA,DORCHESTER,02125
2023,"KOMPUTER PLUS PERIPHERALS INC",2,0,0,0,54,0259,TX,HOUSTON,77099
2023,"KONBIZ INC",0,0,1,0,54,6959,GA,ATLANTA,30328
2023,"KONDURU CONSULTING SERVICES",0,0,0,1,54,5828,TX,PROSPER,75078
2023,"KONDURU CONSULTING SERVICES",0,0,1,0,54,5828,,,
2023,"KONDURU CONSULTING SERVICES",7,0,0,0,54,5828,TX,FRISCO,75035
2023,"KONG INC",0,0,2,0,54,9818,CA,"SAN FRANCISCO",94105
2023,"KONIAG MANAGEMENT SOLUTIONS LLC",2,0,0,0,54,0525,VA,CHANTILLY,20151
2023,"KONKASOFT LLC DBA SOFTIKON",0,1,0,0,54,4777,WA,BELLEVUE,98007
2023,"KOO CHOW CO LLP",0,0,1,0,54,7571,CA,"LOS ANGELES",90012
2023,"KORBER PHARMA SOFTWARE INC F K A WERUM IT SOLUTIONS AMERICA INC",1,0,1,0,54,1251,NJ,PARSIPPANY,07054
2023,"KORBER SUPPLY CHAIN US INC",0,0,5,0,54,7300,MN,MINNEAPOLIS,55437
2023,"KORCOMPTENZ INC",0,0,1,0,54,2862,NJ,PARSIPPANY,07054
2023,"KOREIN TILLERY PC",0,0,1,0,54,2804,MO,"SAINT LOUIS",63101
2023,"KORN FERRY US",0,0,2,0,54,8903,CA,"LOS ANGELES",90067
2023,"KOVAN TECHNOLOGY SOLUTIONS LLC",3,0,2,0,54,2645,TX,HOUSTON,77077
2023,"KP FINANCIAL SOLUTIONS INC",1,0,0,0,54,3316,CA,"SAN JOSE",95131
2023,"KP IT SOLUTIONS LLC",0,0,3,0,54,8619,TX,AUSTIN,78759
2023,"KP IT SOLUTIONS LLC",0,0,1,0,54,8619,,,
2023,"KP SERVICES US LLC",1,0,0,0,54,3803,CA,"SAN DIEGO",92101
2023,"KPG99 INC",1,0,0,0,54,7174,NJ,TRENTON,08619
2023,"KPI DATA SYS INC",0,0,1,0,54,0808,TX,DALLAS,75248
2023,"KPI PARTNERS INC",0,0,3,0,54,4236,CA,NEWARK,94560
2023,"KPIT TECHNOLOGIES INC",0,0,1,0,54,8402,MI,NOVI,48375
2023,"KPIT TECHNOLOGIES INC",25,0,60,0,54,4802,MI,NOVI,48375
2023,"KPK SYSTEMS INC",1,0,0,0,54,1441,CA,CERRITOS,90703
2023,"KPK TECHNOLOGIES INC",1,0,3,0,54,2963,MI,WIXOM,48393
2023,"KPMG LLP",0,0,1,0,54,5207,TX,DALLAS,75201
2023,"KPMG LLP",0,0,5,0,54,5207,,,
2023,"KPMG LLP",0,0,1,0,54,5207,IL,CHICAGO,60605
2023,"KPMG LLP",1,0,0,0,54,5207,OH,CINCINNATI,45201
2023,"KPMG LLP",19,1,156,6,54,5207,TX,DALLAS,75201
2023,"KPS IT GROUP INC",1,0,0,0,54,4006,TX,HOUSTON,77036
2023,"KPTECH LLC",3,0,0,0,54,4039,GA,ATLANTA,30360
2023,"KR ELIXIR INC",2,0,1,0,54,8547,GA,ALPHARETTA,30005
2023,"KR3 INFORMATION SYSTEMS INC",1,0,2,0,54,8018,GA,ATLANTA,30341
2023,"KRASAN CONSULTING SERVICES INC",0,0,2,0,54,3603,IL,LISLE,60532
2023,"KRASAN CONSULTING SERVICES INC",0,0,1,0,54,3603,IL,CHICAGO,60604
2023,"KRDL USA INC",7,0,0,0,54,9242,IL,LINCOLNSHIRE,60069
2023,"KREATSOFT LLC",0,0,1,0,54,1459,MI,LIVONIA,48154
2023,"KREEYAA LLC",3,0,0,0,54,2136,CA,"SAN RAMON",94583
2023,"KREIT CHIU CPA LLP",1,0,0,0,54,7042,NY,"NEW YORK",10017
2023,"KRG SYSTEMS LLC",0,0,1,0,54,5395,,,
2023,"KRIDDHA TECHNOLOGIES INC",0,0,7,0,54,9270,GA,ALPHARETTA,30022
2023,"KRISH INFO TECH INC",0,0,3,0,54,9637,PA,CORAOPOLIS,15108
2023,"KRISH SERVICES GROUP INC",1,0,0,0,54,0580,OH,BRECKSVILLE,44141
2023,"KRITI INFOSYSTEMS INC",3,11,0,0,54,2040,TX,FRISCO,75034
2023,"KRONOS BIO INC",0,0,1,0,54,,CA,"SAN MATEO",94402
2023,"KRONOS INCORPORATED",0,0,9,0,54,0942,MA,LOWELL,01851
2023,"KRONSYS INC",0,0,4,0,54,6657,NC,RALEIGH,27615
2023,"KRYPT INC",0,0,2,0,54,3285,CA,"SAN JOSE",95128
2023,"KS ENGINEERS PC",1,0,0,0,54,1410,NJ,NEWARK,07102
2023,"KSAP TECHNOLOGIES INC",0,0,2,0,54,8145,GA,ALPHARETTA,30022
2023,"KSAPEX LLC",1,0,0,0,54,8479,VA,"FALLS CHURCH",22046
2023,"KSB INFOTECH INC",1,0,0,0,54,8297,NJ,PISCATAWAY,08854
2023,"KSOFT SYSTEMS INC",1,0,3,0,54,6342,NJ,MARLBORO,07746
2023,"KSQ THERAPEUTICS INC",0,0,1,0,54,3820,MA,LEXINGTON,02421
2023,"KSQ THERAPEUTICS INC",0,0,1,0,54,3820,,,
2023,"KSQUARE SOLUTIONS INC",0,0,1,0,54,6939,TX,IRVING,75039
2023,"KSQURE LLC",1,0,0,0,54,7666,NJ,"RIVER EDGE",07661
2023,"KSS USA LLC",0,0,1,0,54,7404,NJ,PRINCETON,08540
2023,"KTECH PRODUCTS LLC",6,0,0,0,54,3041,TX,EULESS,76040
2023,"KUBE CLOUDS INC",1,1,0,0,54,8004,NC,CARY,27513
2023,"KUBE IT INC",0,0,1,0,54,8619,GA,CUMMING,30041
2023,"KUEBIKO INC",2,0,1,0,54,7570,TX,EULESS,76040
2023,"KUKA U S HOLDINGS COMPANY LLC",0,0,1,0,54,9835,MI,"STERLING HEIGHTS",48312
2023,"KUMARAN SYSTEMS INC",0,0,1,0,54,5672,CA,"MENLO PARK",94025
2023,"KUNAI INC.",0,0,2,0,54,1867,CA,DANVILLE,94506
2023,"KUNOSOLTECH LLC",15,0,0,0,54,9579,NJ,PRINCETON,08540
2023,"KUNOSOLTECH LLC",1,0,0,0,54,9579,NJ,PISCATAWAY,08854
2023,"KUO & ASSOCIATES INC",0,0,2,0,54,8670,TX,HOUSTON,77042
2023,"KURTOSIS TECHNOLOGIES INC",0,0,1,0,54,7043,OH,STOW,44224
2023,"KURUKURU INC",0,0,2,0,54,9805,MA,QUINCY,02169
2023,"KVELL SYSTEMS LLC",3,0,0,0,54,0965,IL,PALATINE,60074
2023,"KW MARKETING CORP",0,0,1,0,54,9165,NY,"NEW YORK",10001
2023,"KYMERA THERAPEUTICS INC",0,0,1,0,54,2166,MA,WATERTOWN,02472
2023,KYNDRYL,0,0,6,0,54,2761,NY,ARMONK,10504
2023,"KYORYOUNA INC",3,0,0,0,54,5472,CA,IRVINE,92612
2023,"KYRA SOLUTIONS INC",1,0,3,0,54,8373,FL,LAKELAND,33813
2023,"KYROS SOFTWARE SOLUTIONS LLC",4,0,0,0,54,1691,GA,CUMMING,30041
2023,"KYTE SYSTEMS INC DBA KYTE",0,0,1,0,54,7339,CA,"SAN FRANCISCO",94104
2023,"KYULUX NORTH AMERICA INC",1,0,0,0,54,3410,MA,BOSTON,02109
2023,"KYYBA INC",0,1,0,0,54,6497,MI,"FARMINGTN HLS",48334
2023,"KYYBA INC",0,0,4,0,54,6497,MI,FARMINGTON,48334
2023,"KYYBA INC",1,0,18,1,54,6497,MI,"FARMINGTON HILLS",48334
2023,"KYYBA TECH INC DBA CREATUS INC",1,0,0,0,54,1290,MI,"FARMINGTN HILLS",48334
2023,"KYYBA TECH INC DBA CREATUS INC",0,0,1,0,54,1290,MI,"FARMINGTN HLS",48334
2023,"KYYBA TECH INC DBA CREATUS INC",1,0,1,0,54,1290,MI,FARMINGTON,48334
2023,"KYYBA TECH INC DBA CREATUS INC",3,1,1,0,54,1290,MI,"FARMINGTON HILLS",48334
2023,"L A FUESS PARTNERS INC",0,0,1,0,54,6101,TX,DALLAS,75219
2023,"L E K CONSULTING LLC",2,0,5,0,54,3799,MA,BOSTON,02109
2023,"L L LOW ASSOCIATES INC",0,0,1,0,54,0984,IN,"SOUTH BEND",46615
2023,"L SOFT CORPORATION",2,0,0,0,54,8337,MI,NOVI,48374
2023,"L T TECH SOLUTIONS INC",20,0,0,0,54,2967,IL,NORTHBROOK,60062
2023,"L T TECHNOLOGY SERVICES LTD",34,0,234,2,54,1591,NJ,EDISON,08817
2023,"L T TECHNOLOGY SERVICES LTD",0,0,1,0,54,1594,NJ,EDISON,08817
2023,"L T TECHNOLOGY SERVICES LTD",0,0,1,0,54,1891,NJ,EDISON,08817
2023,"L T TECHNOLOGY SERVICES LTD",0,0,1,0,54,1591,NJ,EDISON,08817
2023,"L T TECHNOLOGY SERVICES LTD",1,0,6,0,54,1591,,,
2023,"LA JOLLA INSTITUTE FOR IMMUNOLOGY",3,0,1,0,54,8688,CA,"LA JOLLA",92037
2023,"LA SIERRA PLANNING GROUP",0,0,1,0,54,3885,NM,"ANGEL FIRE",87710
2023,"LAASIM TECHS LLC",0,0,1,0,54,1440,CT,STAMFORD,06905
2023,"LAB49 INC",0,0,1,0,54,7050,NY,"NEW YORK",10105
2023,"LABCORP DRUG DEVELOPMENT INC",0,0,2,0,54,5977,,,
2023,"LABCORP DRUG DEVELOPMENT INC",0,0,4,0,54,5977,NJ,PRINCETON,08540
2023,"LABCORP ENDPOINT CLINICAL INC",0,0,2,0,54,7837,MA,WAKEFIELD,01880
2023,"LABELLA ASSOCIATES DPC",0,0,1,0,54,5731,,,
2023,"LABELLA ASSOCIATES DPC",0,0,2,1,54,5731,NY,ROCHESTER,14614
2023,"LABO INC",1,0,0,0,54,4812,WA,WASHOUGAL,98671
2023,"LABTEST LLC",0,0,1,0,54,3993,MO,"SAINT LOUIS",63123
2023,"LABVANTAGE SOLUTIONS INC",0,0,1,0,54,3484,NJ,SOMERSET,08873
2023,"LACEWORK INC",1,0,2,0,54,2554,CA,ALVISO,95002
2023,"LACEWORK INC",1,0,10,0,54,2554,CA,"MOUNTAIN VIEW",94040
2023,"LACEWORK INC",1,0,0,0,54,2554,CA,"SAN JOSE",95002
2023,"LACKI & COMPANY LLC",0,0,1,0,54,2938,MD,"CHEVY CHASE",20815
2023,"LAIKA INC",1,0,0,0,54,0351,NY,"NEW YORK",10001
2023,"LAK SOFTWARE SOLUTIONS INC",0,0,1,0,54,5535,NJ,PRINCETON,08540
2023,"LAKARYA LLC",1,0,0,0,54,4213,VA,LEESBURG,20175
2023,"LAKHANPAL VEIN FOUNDATION INC",1,0,0,0,54,9568,MD,GREENBELT,20770
2023,"LAKHI INFORMATION TECHNOLOGIES INC",12,0,2,0,54,6018,TX,FRISCO,75034
2023,"LAKHI INFORMATION TECHNOLOGIES INC",1,0,0,0,54,6018,TX,FRISCO,75035
2023,"LAKON INC",2,0,0,0,54,9142,PA,ALLENTOWN,18106
2023,"LAKSAN TECHNOLOGIES LLC",4,0,3,0,54,5312,NJ,METUCHEN,08840
2023,"LAM PARTNERS INC",1,0,1,0,54,7761,MA,CAMBRIDGE,02140
2023,"LAMBDA SOFTWARE SERVICES LLC",1,1,0,0,54,2153,GA,ALPHARETTA,30009
2023,"LAMBDA TECH SOLUTIONS LLC",1,0,0,0,54,8746,NM,ALBUQUERQUE,87110
2023,"LAMBDANETS INC",0,0,2,3,54,8088,OH,COLUMBUS,43221
2023,"LAMBDANETS INC",0,0,1,0,54,8088,,,
2023,"LAMBDANETS SERVICES LLC",0,0,3,2,54,4408,OH,COLUMBUS,43221
2023,"LAMBDANETS SERVICES LLC",0,0,3,2,54,4408,OH,"LEWIS CENTER",43035
2023,"LAMI GRUBB MANAGEMENT SERVICES INC",0,0,1,0,54,7569,PA,PITTSBURGH,15219
2023,"LANCESOFT INC",1,0,8,0,54,4095,VA,HERNDON,20171
2023,"LANCO GLOBAL SYSTEMS INC",0,0,2,0,54,5541,TX,IRVING,75038
2023,"LANDDESIGN INC",0,0,1,0,54,2942,NC,CHARLOTTE,28202
2023,"LANDING AI US CORP",0,0,1,0,54,8290,CA,"PALO ALTO",94306
2023,"LANDMARK GRAPHICS CORPORATION",0,0,2,0,54,8938,TX,HOUSTON,77032
2023,"LANDMARK TITLE SERVICES INC",0,0,1,0,54,6109,,,
2023,"LANDOR FITCH LLC",0,0,1,0,54,3909,NY,"NEW YORK",10010
2023,"LANDRY DESIGN GROUP, INC.",0,0,2,0,54,0087,CA,"LOS ANGELES",90025
2023,"LANG ARCHITECTURE LLC",0,0,1,0,54,1627,NY,"NEW YORK",10007
2023,"LANGAN ENGINEERING AND ENVIRONMENTAL SERVICES INC",0,0,4,1,54,7382,NJ,PARSIPPANY,07054
2023,"LANGAN ENGINEERING ENVIRONMENTAL SURVEYING LANDSCAPE ARCHITECTURE AND GEOLOGY DPC",1,0,7,0,54,4493,NJ,PARSIPPANY,07054
2023,"LANGE STRUCTURAL GROUP LLC",0,0,1,0,54,7164,NE,LINCOLN,68506
2023,"LANKENAU INSTITUTE FOR MEDICAL RESEARCH",3,0,0,0,54,5659,PA,WYNNEWOOD,19096
2023,"LANSHENG NEW YORK INC",0,1,0,0,54,2312,NY,"NEW YORK",10004
2023,"LANVERA LTD",0,0,2,0,54,5748,TX,COPPELL,75019
2023,"LAREDO LABS INC",0,0,1,0,54,2150,CA,"SAN JOSE",95113
2023,"LARES IT SOLUTIONS INC",0,0,2,0,54,8608,MD,GERMANTOWN,20876
2023,"LARGETON INC",0,0,2,0,54,3132,VA,HERNDON,20170
2023,"LARGETON INC",0,1,0,0,54,3132,VA,HERNDON,20171
2023,"LARK TECHNOLOGIES INC",0,0,1,1,54,3237,CA,"MOUNTAIN VIEW",94040
2023,"LARKEN ASSOCIATES LP",0,0,1,0,54,5790,NJ,BRANCHBURG,08876
2023,"LARSON DARBY INC",1,0,0,0,54,7316,IL,ROCKFORD,61108
2023,"LAS CUMBRES OBSERVATORY GLOBAL TELESCOPE NETWORK",1,0,0,0,54,1278,CA,GOLETA,93117
2023,"LASAI TECHNOLOGIES LLC DBA DIGITECH LABS",13,1,8,0,54,5773,WA,REDMOND,98052
2023,"LAST CHANCE MANUFACTURING LLC",1,0,0,0,54,1639,UT,"SALT LAKE CITY",84107
2023,"LAST9 INC",0,0,1,0,54,9687,CA,"SAN FRANCISCO",94107
2023,"LATENTAI INC",1,0,0,0,54,6980,CA,"MENLO PARK",94025
2023,"LATENTVIEW ANALYTICS CORPORATION",2,0,18,0,54,8254,NJ,PRINCETON,08540
2023,"LATENTVIEW ANALYTICS CORPORATION",0,0,1,0,54,8254,,,
2023,"LATHAM AND WATKINS LLP",0,0,5,0,54,8373,NY,"NEW YORK",10020
2023,"LATHAM BIOPHARM GROUP LLC",0,0,1,0,54,2742,MD,ELKRIDGE,21075
2023,"LATHIA INVESTMENTS LLC  DBA LITECH SOLUTION",1,0,0,0,54,,PA,PITTSBURGH,15220
2023,"LATHIA INVESTMENTS, LLC",1,0,0,0,54,4411,PA,PITTSBURGH,15220
2023,"LATITUDE AI LLC",0,0,1,0,54,0676,PA,PITTSBURGH,15222
2023,"LATITUDE LLC",0,0,1,0,54,2870,TN,FRANKLIN,37067
2023,"LATITUDE THIRTY SIX INC",0,0,1,0,54,1281,,,
2023,"LATITUDE THIRTY SIX INC",0,0,6,0,54,1281,TN,FRANKLIN,37067
2023,"LAUFSED LLC",0,0,1,0,54,6828,NY,"LONG ISLAND CITY",11101
2023,"LAUNCH IT CORP",0,0,7,0,54,5307,IA,URBANDALE,50322
2023,"LAURIA CRISCLONE NETWORKS INC DBA LCN CONSULTING INC",0,0,1,0,54,7082,NJ,"WEST CALDWELL",07006
2023,"LAVENDER LANDSCAPE DESIGN CO LLC",0,0,1,0,54,3366,AZ,TEMPE,85282
2023,"LAVSUN TECHNOLOGIES INC",0,0,3,0,54,8789,TX,PROSPER,75078
2023,"LAW OFFICE OF ANDREA J. FERRARA D/B/A FERRARA LAW OFFICE",1,0,0,0,54,4634,MI,ROSEVILLE,48066
2023,"LAW OFFICE OF ANIL JETHMALANI PLLC",1,0,0,0,54,5683,NY,"NEW YORK",10004
2023,"LAW OFFICE OF JEREMY D MORLEY",0,0,1,0,54,7744,NY,"NEW YORK",10169
2023,"LAW OFFICE OF ROBERT B JOBE",0,0,1,0,54,4872,CA,"SAN FRANCISCO",94104
2023,"LAW OFFICE OF XIAOMIN HU P C",0,0,1,0,54,8524,CA,IRVINE,92612
2023,"LAW OFFICES OF ANDREW PARK PC",0,1,0,0,54,0834,NY,"NEW YORK",10123
2023,"LAW OFFICES OF BARRY COHEN PLLC",1,0,0,0,54,4329,NY,"NEW YORK",10001
2023,"LAW OFFICES OF BINDU SANJEEVKUMAR PC",1,0,0,0,54,5115,NY,"NEW YORK",10018
2023,"LAW OFFICES OF CHEN AND ASSOCIATES PC",0,0,1,0,54,2788,NY,FLUSHING,11354
2023,"LAW OFFICES OF DAVID Z SU",1,0,0,0,54,9860,CA,"WEST COVINA",91791
2023,"LAW OFFICES OF KIM ASSOCIATES PC",0,0,1,0,54,1128,NY,FLUSHING,11358
2023,"LAW OFFICES OF LORCAN SHANNON PC",0,0,1,0,54,5646,NY,"NEW YORK",10016
2023,"LAW OFFICES OF PETER MCNULTY DBA MCNULTY LAW FIRM",0,0,1,0,54,6263,CA,"LOS ANGELES",90049
2023,"LAW OFFICES OF RAKESH MEHROTRA INC",0,0,2,0,54,0369,VA,RESTON,20191
2023,"LAW OFFICES OF REUBEN YEROUSHALAMI A PROF. CORP",0,0,1,0,54,2514,CA,"BEVERLY HILLS",90212
2023,"LAW OFFICES OF SHENGJIN YANG",0,0,1,0,54,8108,NY,FLUSHING,11354
2023,"LAW OFFICES OF SUSHEELA VERMA",0,0,1,0,54,5095,NJ,ISELIN,08830
2023,"LAWFARE INSTITUTE",0,0,1,0,54,7640,DC,WASHINGTON,20016
2023,"LAWFULLY INC",2,0,1,0,54,9003,NJ,"FORT LEE",07024
2023,"LAWRENCE BERKELEY NATIONAL LAB",37,0,40,1,54,1741,CA,BERKELEY,94720
2023,"LAWRENCE LIVERMORE NATIONAL SECURITY LLC",18,0,16,0,54,4386,CA,LIVERMORE,94550
2023,"LAYER 3 COMMUNICATIONS LLC",0,0,1,0,54,2188,GA,NORCROSS,30093
2023,"LAYERX TECHNOLOGIES INC",0,0,1,0,54,6648,NY,"NEW YORK",10003
2023,"LAZARUS KARP EHRLICH MCCOURT LLP",0,0,1,0,54,2401,NY,"NEW YORK",10001
2023,"LBMC PC",0,0,2,0,54,9757,TN,BRENTWOOD,37027
2023,"LCG CONSULTING",0,0,1,0,54,0342,CA,"LOS ALTOS",94022
2023,"LCG INC",0,0,1,0,54,5862,,,
2023,"LCG INC",0,0,2,0,54,5862,MD,ROCKVILLE,20852
2023,"LCS TECHNOLOGIES INC",0,0,1,0,54,7154,CA,SACRAMENTO,95825
2023,"LEAD EXPOSURE ELIMINATION PROJECT INC",1,0,0,0,54,6729,,,
2023,"LEAD IT CORPORATION",2,0,9,1,54,3227,IL,SPRINGFIELD,62704
2023,"LEADER MUTUAL FREIGHT SYSTEM DALLAS INC",0,0,1,0,54,3744,TX,RICHARDSON,75081
2023,"LEADFUSION INC",0,0,1,0,54,7752,CA,"SAN DIEGO",92191
2023,"LEADING CHANGE INC",0,0,0,1,54,7677,WI,MADISON,53704
2023,"LEADING EDGE SOLUTIONS LLC",4,0,0,0,54,2750,NJ,"EAST BRUNSWICK",08816
2023,"LEADING TECH SOLUTIONS LLC",1,0,1,0,54,9175,IA,"WEST DES MOINES",50266
2023,"LEADING TORCH LLC",0,0,1,0,54,0458,TX,PLANO,75024
2023,"LEAF GROUP LTD",0,0,3,0,54,1239,CA,"SANTA MONICA",90404
2023,"LEAF LOGISTICS INC",0,0,1,0,54,1972,,,
2023,"LEAGUE CORP",0,0,1,0,54,9143,IL,CHICAGO,60654
2023,"LEAN IT SOLUTIONS LLP",1,0,0,0,54,7611,NJ,"NEW BRUNSWICK",08901
2023,"LEANIX INC",1,0,1,0,54,6836,MA,WATERTOWN,02472
2023,"LEANSWIFT SOLUTIONS INC",0,0,2,0,54,0401,FL,"COCOA BEACH",32931
2023,"LEAP THERAPEUTICS INC",0,0,1,0,54,2575,MA,CAMBRIDGE,02141
2023,"LEAPFROG POWER INC",0,0,1,0,54,1118,CA,"SAN FRANCISCO",94111
2023,"LEARNABLE INC",1,0,0,0,54,3031,MA,BOSTON,02135
2023,"LEARNABLE INC",0,0,1,0,54,3031,MA,BURLINGTON,01803
2023,"LEARNBEYOND CONSULTING LLC",4,0,10,0,54,3710,NJ,PISCATAWAY,08854
2023,"LEARNINGMATE SOLUTIONS INC",3,0,0,0,54,1333,NJ,PRINCETON,08540
2023,"LEARNSOFT TECHNOLOGY GROUP INC",0,0,1,0,54,1396,CA,"SAN DIEGO",92121
2023,"LECTRONIX, INC.",1,0,0,0,54,6748,MI,LANSING,48911
2023,"LEDGERHUB INC",2,1,0,0,54,2490,NJ,BRIDGEWATER,08807
2023,"LEE ENGINEERING LLC",0,0,1,0,54,0156,TX,DALLAS,75234
2023,"LEELA CONSULTANCY LLC",2,0,1,0,54,8083,NC,CARY,27519
2023,"LEEPFROG TECHNOLOGIES INC",0,0,1,0,54,2334,IA,CORALVILLE,52241
2023,"LEGAL SERVICES NYC",0,0,1,0,54,0199,NY,"NEW YORK",10013
2023,"LEGALZOOM COM INC",0,0,10,0,54,2856,CA,GLENDALE,91203
2023,"LEGALZOOM COM INC",0,0,1,0,54,2856,TX,AUSTIN,78704
2023,"LEGEND BIOTECH",1,0,0,0,54,8234,NJ,PISCATAWAY,08854
2023,"LEGEND BIOTECH",0,0,1,0,54,8234,NJ,SOMERSET,08873
2023,"LEGEND SOLUTIONS LLC",0,0,2,0,54,9181,FL,TAMPA,33617
2023,"LEGION TECHNOLOGIES INC",0,0,3,0,54,9787,CA,"PALO ALTO",94306
2023,"LEHMAN SMITH AND MCLEISH PLLC",0,0,1,0,54,1766,DC,WASHINGTON,20007
2023,"LEIDOS ENGINEERING LLC",0,0,1,0,54,9855,,,
2023,"LEIDOS ENGINEERING LLC",0,0,1,0,54,9855,VA,RESTON,20190
2023,"LEIDOS INC",0,0,2,0,54,0868,,,
2023,"LEIDOS INC",5,0,19,0,54,0868,VA,RESTON,20190
2023,"LEMKO CORPORATION",0,0,1,0,54,3123,IL,SCHAUMBURG,60173
2023,"LEMON VISION AGENCY",1,0,0,0,54,1925,CA,"SAN GABRIEL",91775
2023,"LENDEM SOLUTIONS LLC",0,0,2,0,54,4128,TX,PLANO,75024
2023,"LENDINGPOINT LLC",0,0,1,0,54,7765,GA,KENNESAW,30144
2023,"LENDKEY TECHNOLOGIES INC",0,0,1,0,54,7115,NY,"NEW YORK",10001
2023,"LENMAR CONSULTING INC",2,0,2,0,54,2894,NJ,"JERSEY CITY",07311
2023,"LENORA SYSTEMS INC",7,0,4,0,54,4892,WA,REDMOND,98052
2023,"LENOVO GLOBAL TECHNOLOGY UNITED STATES INC",0,0,11,1,54,5564,NC,MORRISVILLE,27560
2023,"LEO BURNETT COMPANY INC",0,0,1,0,54,6910,IL,CHICAGO,60601
2023,"LEO PROJECTS CORPORATION",0,0,1,1,54,9503,IL,BLOOMINGTON,61704
2023,"LEOSOFT SOLUTIONS LLC",2,0,0,0,54,9601,TX,CYPRESS,77429
2023,"LEOTHUNDRA TECHNOLOGIES LLC",0,0,0,1,54,6703,CA,CYPRESS,90630
2023,"LEPRO IT LLC",0,0,1,0,54,3429,CA,MILPITAS,95035
2023,"LER TECHFORCE LLC",0,0,20,2,54,9176,IN,COLUMBUS,47203
2023,"LER TECHFORCE LLC",0,0,1,0,54,9175,IN,COLUMBUS,47203
2023,"LER TECHFORCE LLC",0,0,1,1,54,9176,,,
2023,"LERA CONSULTING STRUCTURAL ENGINEERS RLLP",0,0,2,0,54,7972,NY,"NEW YORK",10005
2023,"LERMAN SWEENEY AND COMPANY LLP",0,0,1,0,54,9848,IL,SKOKIE,60077
2023,"LEROSH INC",1,0,0,0,54,0933,NY,"NEW YORK",10166
2023,"LERPAL INC",3,0,0,0,54,6415,NY,"NEW YORK",10166
2023,"LESSARD DESIGN INC",0,0,1,0,54,1568,VA,VIENNA,22182
2023,"LETHYA GROUP INC",6,0,0,0,54,4104,NY,HICKSVILLE,11801
2023,"LETS AMERICA INC",0,0,1,0,54,6638,AZ,CHANDLER,85226
2023,"LETS LOVE LIVE HELP LLC",2,0,1,0,54,9947,CO,DENVER,80202
2023,"LEUNG LOUIE IP & CO LLP",0,0,1,0,54,1682,CA,"SAN FRANCISCO",94132
2023,"LEVEL ACCESS INC",0,0,1,0,54,5704,VA,VIENNA,22182
2023,"LEVERAGE TECHNOLOGIES INC",0,0,6,0,54,6611,PA,MECHANICSBURG,17055
2023,"LEVERAGEN INC",0,0,1,0,54,8797,MA,WORCESTER,01605
2023,"LEVI AND KORSINSKY LLP",0,0,1,0,54,5259,NY,"NEW YORK",10006
2023,"LEVIATHAN SECURITY GROUP INC",0,1,0,0,54,7705,WA,SEATTLE,98134
2023,"LEWIS & LLEWELLYN LLP",0,0,1,0,54,8980,CA,"SAN FRANCISCO",94111
2023,"LEWIS BRISBOIS BISGAARD AND SMITH LLP",0,0,1,1,54,0522,CA,"LOS ANGELES",90071
2023,"LEWISVILLE NORTH ANIMAL CLINIC PC",1,0,0,0,54,1027,TX,LEWISVILLE,75057
2023,"LEX CELL TX LLC DBA INTAC SOLUTIONS",0,0,1,0,54,9123,TX,"FARMERS BRANCH",75244
2023,"LEX NIMBLE SOLUTIONS INC",0,0,1,0,54,6615,IL,SCHAUMBURG,60173
2023,"LEX NIMBLE SOLUTIONS INC",0,0,1,0,54,6615,,,
2023,"LEX NIMBLE SOLUTIONS INC",2,0,25,0,54,6615,IL,SCHAUMBURG,60173
2023,"LEXEO THERAPEUTICS INC",1,0,0,0,54,2572,NY,"NEW YORK",10010
2023,"LEXINGTON WELLNESS HOLDINGS INC D B A COACHCARE",0,0,1,0,54,1384,NY,"NEW YORK",10017
2023,"LEXISNEXIS COPLOGIC SOLUTIONS INC",0,0,1,0,54,5068,GA,ALPHARETTA,30005
2023,"LEXITAS PHARMA SERVICES INC",0,0,1,0,54,4982,NC,DURHAM,27701
2023,"LEXONE SOLUTIONS LLC",3,2,0,0,54,1858,SC,COLUMBIA,29201
2023,"LEXTANT CORPORATION",0,0,1,0,54,2945,OH,COLUMBUS,43215
2023,"LFB USA INC",0,0,1,0,54,4456,MA,FRAMINGHAM,01702
2023,"LG CNS AMERICA INC",0,0,1,0,54,8418,NJ,"ENGLEWOOD CLIFFS",07632
2023,"LGC GLOBAL INC",0,0,3,0,54,1769,MI,DETROIT,48202
2023,"LGL TECHNOLOGIES LLC",5,0,8,0,54,0270,TX,SPRING,77380
2023,"LHP DATA ANALYTIC SOLUTIONS, LLC D/B/A DATA ANALYTIC SOLUTIONS",0,0,2,0,54,0634,IN,COLUMBUS,47203
2023,"LHP ENGINEERING SOLUTIONS LLC",2,0,1,0,54,8634,IN,COLUMBUS,47203
2023,"LI ARCHITECT ASSOCIATE PLLC",1,0,0,0,54,6827,NY,FLUSHING,11354
2023,"LIAKAS LAW PC",0,0,1,0,54,2007,NY,"NEW YORK",10006
2023,"LIAZON CORPORATION",0,0,1,0,54,4151,NY,"NEW YORK",10281
2023,"LIAZON CORPORATION",0,0,1,0,54,4151,NY,"NEW YORK",10282
2023,"LIB N LEO LLC",0,0,2,0,54,2320,PA,ALLENTOWN,18106
2023,"LIBELLE LLC",0,0,2,0,54,0453,GA,ATLANTA,30339
2023,"LIBERTINE CLOTHING COMPANY",0,0,1,0,54,5106,CA,"LOS ANGELES",90038
2023,"LIBERTY LAW FIRM",0,0,1,0,54,3313,,,
2023,"LIBERTY PHARMA INC",0,0,2,0,54,8559,MO,LIBERTY,64068
2023,"LIBREUM INTERNATIONAL LLC",0,0,1,0,54,2798,GA,ATLANTA,30326
2023,"LIBSYS INC",0,0,1,0,54,6465,IL,NAPERVILLE,60563
2023,"LIEBER INSTITUTE INC D/B/A THE LIEBER INSTITUTE FOR BRAIN DEVELOPMENT",3,0,0,0,54,0883,MD,BALTIMORE,21205
2023,"LIETZ DEVELOPMENT, INC.",0,1,0,0,54,4647,FL,TAMPA,33634
2023,"LIGHTBEAM AI INC",0,0,1,0,54,4065,CA,"PALO ALTO",94301
2023,"LIGHTBEAM HEALTH SOLUTIONS INC",0,0,1,0,54,2226,TN,MEMPHIS,38119
2023,"LIGHTBEAM HEALTH SOLUTIONS INC",1,0,3,0,54,2226,TX,IRVING,75039
2023,"LIGHTELLIGENCE INC",0,0,2,0,54,2053,MA,BOSTON,02108
2023,"LIGHTGUIDE INC FORMERLY KNOWN AS OPS SOLUTIONS LLC",0,0,1,0,54,4286,MI,WIXOM,48393
2023,"LIGHTHEART SANDERS AND ASSOCIATES INC",0,0,2,0,54,9251,MS,MADISON,39110
2023,"LIGHTING WORKSHOP INC",0,0,1,0,54,9117,NY,BROOKLYN,11201
2023,"LIGHTSWITCH SF INC",1,0,0,0,54,2857,CA,SAUSALITO,94965
2023,"LIGHTVOX STUDIO PLLC",1,0,0,0,54,5883,AZ,PHOENIX,85018
2023,"LIGHTWELL INC AN ELIASSEN GROUP LLC COMPANY",0,0,2,1,54,6899,OH,DUBLIN,43017
2023,"LIGHTWELL INC AN ELIASSEN GROUP LLC COMPANY",0,0,1,0,54,6899,OH,DUBLIN,43016
2023,"LIIMRASOFT SOLUTIONS LLC",2,0,0,0,54,0964,TX,PLANO,75024
2023,"LIKEMINDS CONSULTING INC",0,0,1,0,54,6121,NJ,PISCATAWAY,08854
2023,"LILAC SOLUTIONS INC",0,0,1,0,54,6618,CA,OAKLAND,94607
2023,"LILAX TECHNOLOGIES INC",5,0,2,0,54,5321,MI,"ANN ARBOR",48108
2023,"LILEE TECHNOLOGY INC",1,0,0,0,54,1264,CA,"SAN JOSE",95134
2023,"LILLI TECHNOLOGY",0,0,1,0,54,4236,TX,PLANO,75024
2023,"LILLI TECHNOLOGY LLC",8,0,14,0,54,4238,TX,PLANO,75024
2023,"LILLI TECHNOLOGY LLC",0,0,1,0,54,4238,TX,PLANO,75093
2023,"LILT INC",0,0,0,1,54,2617,CA,EMERYVILLE,94608
2023,"LIM LAW  P A",1,0,0,0,54,8248,FL,MAITLAND,32751
2023,"LIMBACH COMPANY LLC",0,0,1,0,54,2725,PA,WARRENDALE,15086
2023,"LIMINEX INC DBA GOGUARDIAN",0,0,2,0,54,6763,CA,"EL SEGUNDO",90245
2023,"LIMINEX INC DBA GOGUARDIAN",0,0,1,0,54,6763,,,
2023,"LIMSONS IT SERVICES LLC",3,0,3,0,54,4458,CA,"LOS ANGELES",90013
2023,"LIN CONSULTING INC",0,0,1,0,54,6716,CA,"DIAMOND BAR",91789
2023,"LIN ENGINEERING LTD",0,0,1,0,54,4976,IL,SPRINGFIELD,62711
2023,"LINA T RAMEY & ASSOCIATES INC",0,0,1,0,54,4147,TX,DALLAS,75234
2023,"LINC GLOBAL INC",0,0,1,0,54,3365,CA,"SANTA CLARA",95054
2023,"LINCUS INC",0,0,2,0,54,2198,AZ,TEMPE,85284
2023,"LINEAR LABS INC",0,0,1,0,54,1821,TX,"FORT WORTH",76137
2023,"LINK DESIGN GROUP LLC",1,0,0,0,54,2328,WA,KIRKLAND,98033
2023,"LINK LAB",1,0,0,0,54,6088,AZ,PHOENIX,85016
2023,"LINK TECHLLC DBA LINK TECHNOLOGIES",1,0,0,0,54,0468,NV,"LAS VEGAS",89134
2023,"LINK TRANSLATIONS INC",0,0,1,0,54,9160,NY,"NEW YORK",10128
2023,"LINKAGE DESIGN LLC",0,0,2,0,54,6267,MI,"ROYAL OAK",48067
2023,"LINKLATERS LLP",0,0,4,0,54,3177,NY,"NEW YORK",10104
2023,"LINKPRO TECHNOLOGIES INC",0,0,2,1,54,4646,TX,IRVING,75038
2023,"LINKTREE INC",0,0,1,0,54,7080,,,
2023,"LINKWELL SOLUTIONS INC",0,0,1,0,54,2283,,,
2023,"LINKWELL SOLUTIONS INC",1,0,6,0,54,2283,TX,RICHARDSON,75081
2023,"LINX ACQUISITIONS LLC",0,0,1,0,54,7807,OR,MERLIN,97532
2023,"LINXON US LLC",0,0,1,0,54,8093,,,
2023,"LION RE SOURCES INC",0,0,1,0,54,1007,NY,"NEW YORK",10014
2023,"LIONS LAW PC",0,0,1,0,54,7587,MA,"NEWTON CENTER",02459
2023,"LIQUE ENGINEERS LLC DBA LIQUE ENGINEERS",0,0,1,0,54,0839,TX,"SAN ANTONIO",78212
2023,"LIRIK INC",0,0,1,0,54,6334,CA,MILPITAS,95035
2023,"LIRIO LLC",0,0,2,0,54,9920,TN,KNOXVILLE,37923
2023,"LISU L TAN CO LTD",0,0,1,0,54,5607,IL,NAPERVILLE,60563
2023,"LITMUS7 SYSTEMS CONSULTING INC",0,0,1,0,54,4721,,,
2023,"LITMUS7 SYSTEMS CONSULTING INC",7,0,13,0,54,4721,CA,"SAN FRANCISCO",94111
2023,"LITRINIUM INC",0,0,1,0,54,6875,CA,"MISSION VIEJO",92691
2023,"LIU ASSOCIATES PC",1,0,0,0,54,0581,GA,ROSWELL,30076
2023,"LIVABLE STREETS TRANSPORTATION ALLIANCE OF BOSTON INC",0,0,1,0,54,1222,MA,CAMBRIDGE,02139
2023,"LIVEINTENT INC",0,0,2,0,54,3536,NY,"NEW YORK",10007
2023,LIVEMINDZ,5,1,4,0,54,5693,TX,DALLAS,75234
2023,LIVEMINDZ,1,0,1,0,54,5693,TX,"FARMERS BRANCH",75234
2023,LIVEMINDZ,1,0,0,0,54,5693,TX,IRVING,75062
2023,"LIVEPERSON INC",0,0,10,0,54,1628,NY,"NEW YORK",10018
2023,"LIVERAMP INC",0,0,4,0,54,8396,CA,"SAN FRANCISCO",94104
2023,"LIVERMORE SOFTWARE TECHNOLOGY LLC",0,1,0,0,54,1785,CA,LIVERMORE,94551
2023,"LIVEVOX INC",0,0,2,0,54,1544,CA,"SAN FRANCISCO",94111
2023,"LIVINGSTON FALLS INC",0,0,1,0,54,8366,IL,NAPERVILLE,60563
2023,"LKIS TECHNOLOGIES INC",0,0,1,0,54,2448,IL,NAPERVILLE,60564
2023,"LLOYD'S REGISTER NORTH AMERICA INC",0,0,0,1,54,7353,TX,HOUSTON,77077
2023,"LLX SOLUTIONS LLC",0,0,1,0,54,9726,,,
2023,"LLX SOLUTIONS LLC",1,0,4,0,54,9726,MA,WALTHAM,02451
2023,"LM DESIGN  & ASSOCIATES INC",0,0,1,0,54,1324,CA,LAWNDALE,90260
2023,"LMK INFOTECH",0,0,3,0,54,0083,CA,DUBLIN,94568
2023,"LMN ARCHITECTS LLP",0,0,1,0,54,1766,WA,SEATTLE,98104
2023,"LMW ENGINEERING GROUP LLC",2,0,0,0,54,4045,NJ,LINDEN,07036
2023,"LOAD & ROAD INC",0,0,1,0,54,2770,MA,"BABSON PARK",02481
2023,LOADSMART,1,0,0,0,54,6074,IL,CHICAGO,60604
2023,"LOCALLY COMPACT INC",0,0,1,0,54,3782,CA,BERKELEY,94704
2023,"LOCOMATION INC",0,0,1,0,54,4290,PA,PITTSBURGH,15201
2023,"LODESTAR SYSTEMS INC",1,0,0,0,54,9659,TX,"SUGAR LAND",77478
2023,"LOEB LOEB LLP",1,0,0,0,54,0806,NY,"NEW YORK",10154
2023,"LOGEXSOFT INC",1,0,0,0,54,0233,VA,RICHMOND,23236
2023,"LOGGING IN COM LLC",0,0,1,0,54,1135,MI,"FARMINGTON HILLS",48335
2023,"LOGIC EXPLORER LLC",5,0,0,0,54,5902,NC,CARY,27519
2023,"LOGIC HOUSE LTD",0,0,3,0,54,2075,CA,INDIO,92201
2023,"LOGIC INFORMATION SYSTEMS INC",0,0,2,0,54,2770,MN,BLOOMINGTON,55435
2023,"LOGIC INFORMATION SYSTEMS INC",1,0,1,0,54,2770,MN,MINNEAPOLIS,55435
2023,"LOGIC LOOPS LLC",0,0,1,0,54,1590,,,
2023,"LOGIC LOOPS LLC",7,0,6,0,54,1590,GA,ALPHARETTA,30005
2023,"LOGIC PLANET CS INC",0,0,2,0,54,4527,CA,TUSTIN,92780
2023,"LOGIC PLANET INC",0,0,22,0,54,1556,NJ,PRINCETON,08540
2023,"LOGIC PLANET INC",0,0,1,0,54,1556,,,
2023,"LOGIC QUANTUM LLC",0,0,1,0,54,9057,MI,PLYMOUTH,48170
2023,"LOGIC SOFT INC",1,0,2,0,54,4320,OH,DUBLIN,43017
2023,"LOGIC SOLUTIONS INC",0,0,1,0,54,0684,MI,PLYMOUTH,48170
2023,"LOGIC20 20 INC",0,0,1,0,54,9994,WA,SEATTLE,98134
2023,"LOGICAL PARADIGM LLC",0,0,1,0,54,0144,,,
2023,"LOGICALIS INC",1,0,3,0,54,0122,MI,"BLOOMFIELD HILLS",48302
2023,"LOGICATECH INC",0,0,2,0,54,6885,VA,HENRICO,23233
2023,"LOGICATECH INC",0,0,1,0,54,6885,VA,RICHMOND,23233
2023,"LOGICERA INC",1,1,2,0,54,4139,TX,"ROUND ROCK",78664
2023,"LOGICPRO STYSTEMS, INC.",0,0,1,0,54,4081,NJ,PRINCETON,08540
2023,"LOGICPROG INC",0,0,1,0,54,6120,GA,ATLANTA,30346
2023,"LOGICQUE INC",1,0,3,1,54,0274,MI,CANTON,48187
2023,"LOGICUBE INC",0,0,1,0,54,6701,CA,CHATSWORTH,91311
2023,"LOGINEXT SOLUTIONS INC",1,0,0,0,54,8043,NJ,"JERSEY CITY",07310
2023,"LOGINSOFT CONSULTING LLC",0,0,1,0,54,9133,,,
2023,"LOGINSOFT CONSULTING LLC",1,0,0,0,54,9133,VA,CHANTILLY,20151
2023,"LOGISOFT TECHNOLOGIES INC",8,1,1,0,54,3175,NJ,"SOUTH PLAINFIELD",07080
2023,"LOGISOFT TECHNOLOGIES INC",1,0,0,0,54,3175,,,
2023,"LOGISOFT TECHNOLOGIES INC",1,0,0,0,54,3175,NJ,"S PLAINFIELD",07080
2023,"LOGISOLVE LLC",1,0,0,0,54,3738,MN,OAKDALE,55128
2023,"LOGISTIC SOLUTIONS INC",9,1,4,0,54,1689,NJ,PISCATAWAY,08854
2023,"LOGISTICS PLUS INC",0,0,1,0,54,0188,PA,ERIE,16501
2023,"LOGISTICSOS INC",0,0,1,0,54,3337,CA,ONTARIO,91764
2023,"LOGITECH INC",0,0,17,1,54,0519,CA,NEWARK,94560
2023,"LOGIX GURU LLC",0,0,2,0,54,7608,PA,MURRYSVILLE,15668
2023,"LOGIXAL INC",5,0,3,0,54,3441,NJ,CRANFORD,07016
2023,"LOGIXHUB LLC",0,0,1,0,54,7964,TX,IRVING,75062
2023,"LOGIXTECH SOLUTIONS LLC",0,0,1,0,54,8219,NJ,EDISON,08837
2023,"LOGOS GLOBALTECH LLC",0,0,1,0,54,4939,,,
2023,"LOGOS GLOBALTECH LLC",0,0,3,0,54,4939,CA,"WALNUT CREEK",94598
2023,"LOMBACH FACILITY SERVICES LLC",0,0,1,0,54,2730,PA,WARRENDALE,15086
2023,"LONDON COMPUTER SYSTEMS INC",0,0,2,0,54,5519,OH,CINCINNATI,45249
2023,"LONDON ECONOMICS INTERNATIONAL LLC",0,0,1,0,54,4420,,,
2023,"LONE TREE ANIMAL HOSPITAL INC DBA LONE TREE ANIMAL CARE",1,0,0,0,54,2781,CA,BRENTWOOD,94513
2023,"LONE WOLF TECHNOLOGIES",0,0,2,0,54,5594,TX,DALLAS,75201
2023,"LONESTAR EDUCATION AND RESEARCH NETWORK",0,0,1,0,54,0691,TX,LUBBOCK,79490
2023,"LONG FINCH TECHNOLOGIES LLC",1,0,4,0,54,6312,NJ,EDISON,08820
2023,"LONG FINCH TECHNOLOGIES LLC",1,0,0,0,54,6312,NJ,HILLSBOROUGH,08844
2023,"LOOKING GLASS FACTORY INC",0,0,1,0,54,4202,NY,BROOKLYN,11222
2023,"LOOP BELL TECH INC",1,0,0,0,54,3053,MI,FARMINGTON,48335
2023,"LORD ABBETT CO LLC",0,0,3,0,54,0131,NJ,"JERSEY CITY",07302
2023,"LORHAN CORPORATION INC",2,1,15,0,54,6130,NJ,MIDDLESEX,08846
2023,"LORSHI SYSTEMS LLC",0,1,7,0,54,8340,VA,HERNDON,20170
2023,"LORSHI SYSTEMS LLC",0,0,1,0,54,8340,,,
2023,"LORSHI SYSTEMS LLC",0,0,5,0,54,8340,VA,ALDIE,20105
2023,"LORSIV TECHNOLOGIES INC",0,0,2,0,54,6476,IL,LISLE,60532
2023,"LORVEN BPM TECHNOLOGIES LLC",0,1,1,1,54,3282,IL,LISLE,60532
2023,"LORVEN GROUP INC",20,2,0,0,54,5405,NC,CHARLOTTE,28277
2023,"LORVEN SOFT INC",1,0,0,0,54,8431,TX,MCKINNEY,75070
2023,"LORVEN TECHNOLOGIES INC",2,0,2,1,54,5895,NJ,PLAINSBORO,08536
2023,"LORVEN TECHSERVICES LLC",1,0,0,0,54,6761,TX,FRISCO,75034
2023,"LORVENK TECHNOLOGIES LLC",0,0,1,0,54,0257,,,
2023,"LORVENK TECHNOLOGIES LLC",3,0,3,0,54,0257,VA,"GLEN ALLEN",23059
2023,"LORVENK TECHNOLOGIES LLC",1,0,0,1,54,0257,VA,"GLEN ALLEN",23060
2023,"LORVIN TECHNOLOGIES INC",3,0,5,0,54,1466,NJ,WOODBRIDGE,07095
2023,"LOTAME SOLUTIONS INC",0,0,1,0,54,8422,MD,COLUMBIA,21045
2023,"LOTUS AUTOMATION USA INC DBA LOTUSWORKS INC",0,1,0,0,54,5301,MA,MEDFORD,02155
2023,"LOTUSDATA LLP",1,0,5,0,54,0030,NJ,PRINCETON,08540
2023,"LOTUSFLARE INC",0,0,2,0,54,9433,CA,"SANTA CLARA",95054
2023,"LOTUSUSA INC",1,0,0,0,54,3686,CA,"LOS ANGELES",90071
2023,"LOU PENNING LANDSCAPES INC",0,0,1,0,54,7100,CA,NAPA,94559
2023,"LOUIS K MCLEAN ASSOCIATES ENGINEERS SURVEYORS PC",0,0,1,0,54,7189,NY,BROOKHAVEN,11719
2023,"LOVELACE BIOMEDICAL RESEARCH INSTITUTE",2,0,0,0,54,0669,NM,ALBUQUERQUE,87108
2023,"LOWELL OBSERVATORY",1,0,0,0,54,8918,AZ,FLAGSTAFF,86001
2023,"LOWEY DANNENBERG PC",0,0,1,0,54,4171,NY,"WHITE PLAINS",10601
2023,"LOWNY ARCHITECTS INC",0,0,1,0,54,7736,CA,OAKLAND,94612
2023,"LOYAL PAW PC",0,0,1,0,54,3328,NY,BOHEMIA,11716
2023,"LPA INC",2,0,0,0,54,3579,CA,IRVINE,92617
2023,"LRQA INC",1,0,1,0,54,7574,TX,HOUSTON,77077
2023,"LRS PROGRAM DELIVERY INC",1,0,0,0,54,8216,CA,"SAN PEDRO",90732
2023,"LS DIRECT MARKETING CO INC",0,0,1,0,54,4270,NY,SUFFERN,10901
2023,"LS SOLUTIONS INC",2,0,29,0,54,6334,NJ,PRINCETON,08540
2023,"LSA ASSOCIATES INC",0,0,1,0,54,1614,CA,IRVINE,92614
2023,"LSC INVESTMENT LLC",1,0,0,0,54,8498,FL,MIAMI,33130
2023,"LSPEDIA INC",0,0,1,0,54,6850,MI,"WEST BLOOMFIELD",48322
2023,"LSW ENGINEERS ARIZONA INC",0,0,1,0,54,3957,AZ,PHOENIX,85021
2023,"LT TECHNOLOGY SERVICES LLC",0,0,1,0,54,0223,,,
2023,"LT TECHNOLOGY SERVICES LLC",3,0,13,0,54,0223,NJ,EDISON,08817
2023,"LTA GALACTIC INC",0,0,1,0,54,9123,,,
2023,"LTA GALACTIC INC",0,0,1,0,54,9123,OH,AKRON,44306
2023,"LTIMINDTREE LIMITED",225,1,585,7,54,4303,NJ,EDISON,08817
2023,"LTIMINDTREE LIMITED",7,0,14,0,54,4303,,,
2023,"LTIMINDTREE LIMITED",0,0,1,0,54,4303,FL,LUTZ,33559
2023,"LUCENCE HEALTH INC",0,0,1,1,54,5154,CA,"PALO ALTO",94303
2023,"LUCENT IT SOLUTIONS LLC",0,0,1,0,54,0384,TX,"SUGAR LAND",77479
2023,"LUCENT SYSTEMS INC",0,0,1,0,54,3207,TX,PLANO,75024
2023,"LUCEY CORPORATION DBA LM GLOBAL PARTNERS",0,0,1,0,54,4763,,,
2023,"LUCEY CORPORATION DBA LM GLOBAL PARTNERS",0,0,1,0,54,4763,FL,"SAINT PETERSBURG",33713
2023,"LUCID CONSULTING LLC",0,0,1,0,54,4970,WA,BELLINGHAM,98225
2023,"LUCID HOLDINGS INC",0,0,2,0,54,8992,LA,"NEW ORLEANS",70130
2023,"LUCID INFOSYSTEMS LLC",1,0,0,0,54,3300,CA,"SANTA CLARA",95051
2023,"LUCID SIGHT INC",0,0,1,0,54,4365,CA,"EL SEGUNDO",90245
2023,"LUCID SOFTWARE INC",0,0,3,0,54,7100,UT,"SOUTH JORDAN",84095
2023,"LUCID TECHNOLOGIES INC",0,0,6,0,54,8207,TX,IRVING,75063
2023,"LUCID TECHNOLOGIES LLC",0,0,1,0,54,6587,NJ,"WEST WINDSOR",08550
2023,"LUCIDUS SOLUTIONS LLC",0,0,1,0,54,8701,MD,BALTIMORE,21209
2023,"LUCIDUS SOLUTIONS LLC",1,0,2,0,54,8701,MD,PIKESVILLE,21208
2023,"LUCIDWORKS INC",0,0,2,0,54,5583,CA,"SAN FRANCISCO",94104
2023,"LUDI INC",0,0,1,0,54,8069,TN,NASHVILLE,37215
2023,"LUMA HEALTH INC",0,0,1,0,54,0012,CA,"SAN MATEO",94401
2023,"LUMA LABS INC",0,0,2,0,54,1475,CA,"PALO ALTO",94304
2023,"LUMEN ARCHITECTURE PLLC",0,0,1,0,54,6737,NY,"NEW YORK",10003
2023,"LUMENDATA INC",0,0,2,0,54,3689,CA,"SAN JOSE",95113
2023,"LUMENTUM OPERATIONS LLC",0,0,3,1,54,4837,CA,"SAN JOSE",95131
2023,"LUMERA INC",5,0,0,0,54,1082,TX,FRISCO,75035
2023,"LUMESIS INC",0,0,1,0,54,6435,CT,STAMFORD,06901
2023,"LUMEVITY LLC",0,0,1,0,54,4274,PA,PITTSBURGH,15222
2023,"LUMI MINDS INC",1,0,0,0,54,9034,IL,NAPERVILLE,60564
2023,"LUMI MINDS INC",3,0,0,0,54,9034,IL,NAPERVILLE,60540
2023,"LUMINA INDUSTRIES INC",0,0,0,1,54,3641,CA,"SAN FRANCISCO",94105
2023,"LUMINAR TECHNOLOGIES INC",0,0,12,0,54,5924,FL,ORLANDO,32826
2023,"LUMINEX CORPORATION",0,0,3,1,54,7608,TX,AUSTIN,78727
2023,"LUMINOVA INFOTECH LLC",0,0,1,0,54,1918,TX,MCKINNEY,75070
2023,"LUMIUM DESIGN INC",1,0,0,0,54,1538,CA,"SAN JOSE",95129
2023,"LUMMUS TECHNOLOGY LLC",1,0,1,0,54,9425,TX,HOUSTON,77086
2023,"LUNDQUIST INSTITUTE FOR BIOMEDICAL INNOVATION AT HARBOR UCLA MEDICAL CTR",1,0,1,0,54,8184,CA,TORRANCE,90502
2023,"LUO CPA PLLC",1,0,0,0,54,9865,NY,"NEW YORK",10018
2023,"LUSSO INC",1,0,0,0,54,0526,CA,"SAN JOSE",95131
2023,"LUSSOTECH LLC",1,0,3,0,54,4964,VA,STERLING,20164
2023,"LUVNCARE ANIMAL CLINIC INC",1,0,0,0,54,7125,IL,AURORA,60504
2023,"LUX INTERACTIVE LLC",0,0,1,0,54,4211,MI,TROY,48084
2023,"LUXE CHICAGO CORP",1,0,0,0,54,5142,IL,CHICAGO,60603
2023,"LUXE SOFTWARE INC",0,0,1,0,54,4489,NY,"NEW YORK",10016
2023,"LUXOFT USA INC",0,0,2,0,54,2613,,,
2023,"LUXOFT USA INC",1,0,11,0,54,2613,NY,"NEW YORK",10020
2023,"LUXY TECHNOLOGIES INC DBA LUXY INC",0,0,2,0,54,2163,CT,SHELTON,06484
2023,"LUZON TECHNOLOGIES INC",2,0,1,0,54,7524,VA,FAIRFAX,22030
2023,"LVIS CORPORATION",0,0,2,0,54,7860,CA,"PALO ALTO",94303
2023,"LYFT INC",0,0,1,0,54,9830,,,
2023,"LYFT INC",0,0,1,0,54,9830,CA,"DALY CITY",94017
2023,"LYFT INC",0,0,1,0,54,9830,CA,"SAN DIEGO",92101
2023,"LYFT INC",4,2,92,4,54,9830,CA,"SAN FRANCISCO",94107
2023,"LYKAN BIOSCIENCE HOLDINGS LLC",0,0,2,0,54,7671,MA,HOPKINTON,01748
2023,"LYNX ANALYTICS INC",0,0,1,0,54,4904,NY,"NEW YORK",10004
2023,"LYNXTECH GROUP LLC",1,0,3,1,54,7071,VA,HERNDON,20170
2023,"LYTE TECHNOLOGIES INC",1,0,0,0,54,3996,CA,"MOUNTAIN VIEW",94040
2023,"LYTEN INC",0,0,1,0,54,0990,CA,"SAN JOSE",95134
2023,"LYVE TECH LLC",1,0,5,1,54,2628,OH,MASON,45040
2023,"LYVE TECH LLC",0,0,1,0,54,3628,OH,MASON,45040
2023,"LZ MANAGEMENT GROUP LLC",0,0,1,0,54,5449,CA,"COSTA MESA",92626
2023,"M ARTHUR GENSLER JR & ASSOCIATES INC",2,0,9,1,54,3305,CA,"SAN FRANCISCO",94105
2023,"M BOOTH AND ASSOCIATES LLC",0,0,1,0,54,4986,NY,"NEW YORK",10017
2023,"M J ENGINEERING PC",0,0,2,0,54,4495,NY,"NEW HYDE PARK",11040
2023,"M LUDVIK ENGINEERING PC",1,0,0,0,54,0231,NY,BROOKLYN,11201
2023,"M S CONSULTING LLC",2,0,1,0,54,6563,WV,MORGANTOWN,26505
2023,"M&R CONSULTANTS CORPORATION",0,0,4,0,54,2890,MA,BILLERICA,01821
2023,"M2 RESOURCES INC DBA BLUESTAR TECHNOLOGY SOLUTIONS",0,0,1,0,54,,NJ,VOORHEES,08043
2023,"M3 GLOBAL INC",22,0,1,0,54,0451,TX,PLANO,75024
2023,"M3 MEDIA GROUP INC DBA M3 HEALTH",0,0,1,0,54,2766,PA,LANSDALE,19446
2023,"M3BI LLC",0,0,1,0,54,6003,,,
2023,"M3BI LLC",1,0,8,0,54,6003,AZ,SCOTTSDALE,85255
2023,"M3TER US SERVICES INC",0,0,1,0,54,0733,TX,HUMBLE,77338
2023,"M9 CONSULTING INC",1,0,8,0,54,4382,TX,"CEDAR PARK",78613
2023,"MAANTIC INC",1,0,10,0,54,9636,CA,SUNNYVALE,94086
2023,MAARK,0,1,0,0,54,6207,MA,BOSTON,02129
2023,MAARK,1,0,1,0,54,6207,MA,CHARLESTOWN,02129
2023,"MAAYEE INC",5,0,4,0,54,7762,GA,SUWANEE,30024
2023,"MACA PAYMENTS INC",0,0,1,0,54,9677,NY,"NEW YORK",10019
2023,MACANNIE,0,0,1,0,54,0624,MD,POTOMAC,20854
2023,"MACH B TECHNOLOGIES INC",1,0,1,0,54,5319,TX,IRVING,75038
2023,"MACHFU INC",0,0,1,0,54,6201,MD,ROCKVILLE,20850
2023,"MACHINE INTELLIGENCE RESEARCH INSTITUTE",1,0,1,0,54,5917,CA,BERKELEY,94704
2023,"MACHINE INTELLIGENCE TECHNOLOGIES LLC",0,0,1,0,54,9643,,,
2023,"MACHINE INTELLIGENCE TECHNOLOGIES LLC",1,0,0,0,54,9643,NE,"MC COOK",69001
2023,"MACHINE INTELLIGENCE TECHNOLOGIES LLC",0,0,1,0,54,9643,NE,MCCOOK,69001
2023,"MACHINE LEARNING TECHNOLOGIES LLC",0,0,2,0,54,4054,NE,"GRAND ISLAND",68801
2023,"MACHINIFY INC",0,0,2,0,54,0204,CA,"PALO ALTO",94301
2023,"MACHINT SOLUTIONS LLC",4,0,0,0,54,7826,IL,NAPERVILLE,60563
2023,"MACIAS GINI & O CONNELL LLP",0,0,7,0,54,0457,CA,"LOS ANGELES",90067
2023,"MACIAS GINI & O CONNELL LLP",0,0,3,0,54,0457,CA,SACRAMENTO,95814
2023,"MACKENZIE ENGINEERING INC",0,0,1,0,54,3937,OR,PORTLAND,97214
2023,"MACKIN CONSULTANCY LLC",0,0,3,0,54,5130,NC,RUTHERFORDTON,28139
2023,"MACONIT INC",0,0,1,0,54,4560,VA,RICHMOND,23225
2023,"MACRO EYES INC",1,0,0,0,54,8552,NY,"NEW YORK",10007
2023,"MACROSOFT INC",1,1,15,0,54,0043,NJ,PARSIPPANY,07054
2023,"MACROSPECT INC",0,0,2,0,54,1841,TX,IRVING,75038
2023,"MAD MIND STUDIOS INC",0,0,1,0,54,5661,CA,"BEVERLY HILLS",90211
2023,"MADAGONI LLC",4,0,0,0,54,4740,NJ,TRENTON,08611
2023,"MADDISOFT LLC",0,0,1,0,54,5606,,,
2023,"MADDISOFT LLC",0,0,3,1,54,5606,TX,HOUSTON,77042
2023,"MADDOG TECHNOLOGY LLC",0,0,1,0,54,9855,MI,BIRMINGHAM,48009
2023,"MADIBA INC",0,0,1,0,54,4852,CA,IRVINE,92618
2023,"MADISON VETERINARY SPECIALISTS SC",0,0,1,0,54,1697,WI,MADISON,53713
2023,"MADKUDU INC",0,0,1,0,54,4672,CA,SUNNYVALE,94085
2023,"MAESTRO TECHNOLOGIES INC",1,0,2,0,54,3091,NJ,TRENTON,08608
2023,"MAG SPECIALTIES INC",0,0,1,0,54,1811,CO,DENVER,80210
2023,"MAGANTI IT RESOURCES LLC",4,0,3,0,54,1541,CT,NAUGATUCK,06770
2023,"MAGANTI IT RESOURCES LLC",0,0,1,0,54,1541,CT,WATERBURY,06702
2023,"MAGENTA THERAPEUTICS INC",0,0,5,0,54,4163,MA,CAMBRIDGE,02139
2023,"MAGIC LEAP INC",0,0,4,0,54,3237,FL,PLANTATION,33322
2023,"MAGIC LEAP INC",1,0,10,0,54,3237,FL,"FORT LAUDERDALE",33322
2023,"MAGIC LEAP INC",0,0,1,0,54,3237,FL,PLANTATION,33313
2023,"MAGIC SOFTWARE INC",0,1,0,0,54,9869,NY,"NEW YORK",10036
2023,"MAGNA INFOTECH LTD",0,0,2,0,54,5056,KS,"OVERLAND PARK",66210
2023,"MAGNAMUS INC",1,0,0,0,54,8426,TX,DALLAS,75039
2023,"MAGNIFY TECHNOLOGIES INC",0,0,1,0,54,6606,OR,BEND,97703
2023,"MAGNIT CORPORATION FKA PRO CORPORATION",0,0,1,0,54,2248,NY,BETHPAGE,11714
2023,"MAGNIT CORPORATION FKA PRO CORPORATION",0,0,1,0,54,2248,CA,FOLSOM,95630
2023,"MAGNIT LLC",1,0,2,0,54,9651,CA,FOLSOM,95630
2023,"MAGNITE INC",1,0,1,0,54,1738,,,
2023,"MAGNITE INC",0,0,2,0,54,1738,CA,"LOS ANGELES",90045
2023,"MAGNIX USA INC",0,0,1,0,54,9687,WA,EVERETT,98203
2023,"MAGNUM EQUITY HOLDINGS INC",6,0,0,0,54,6401,TX,IRVING,75062
2023,"MAGNUM OPUS IT INC",3,0,1,0,54,6523,GA,ATLANTA,30350
2023,"MAGNUSSON KLEMENCIC ASSOCIATES INC",0,0,2,0,54,1758,WA,SEATTLE,98101
2023,"MAGTECH CONSULTING AND SOLUTIONS DEVELOPMENT CORPORATION",0,0,4,0,54,8739,NJ,HAMMONTON,08037
2023,"MAGTECH CONSULTING AND SOLUTIONS DEVELOPMENT CORPORATION",2,0,2,0,54,8739,NJ,MANVILLE,08835
2023,"MAHANTECH CORPORATION",0,0,3,0,54,5567,WV,CHARLESTON,25301
2023,"MAHAUGHA LLC",11,1,11,0,54,7683,NJ,CRANBURY,08512
2023,"MAHAYUGAM INC",3,0,0,0,54,6397,MD,COLUMBIA,21046
2023,"MAHIGAMING LLC",1,0,0,0,54,6748,FL,"DEERFIELD BEACH",33441
2023,"MAHSA KHANBABAI DBA KHANBABAI IMMIGRATION LAW",1,0,0,0,54,2359,MA,"NORTH EASTON",02356
2023,"MAIA STRATEGY GROUP",0,0,0,1,54,3281,NH,MANCHESTER,03101
2023,"MAINFRAME GROUP INC",1,0,0,0,54,6794,UT,LEHI,84043
2023,"MAINSPRING ENERGY INC",1,0,1,0,54,0529,CA,"MENLO PARK",94025
2023,"MAINTAINX INC",1,0,0,0,54,4982,CA,"SAN FRANCISCO",94107
2023,MAJESCO,1,0,17,0,54,9142,NJ,MORRISTOWN,07960
2023,MAJESCO,0,0,1,0,54,9142,,,
2023,"MAJESTIC IT SERVICES INC",6,0,6,0,54,3561,FL,"BOCA RATON",33487
2023,"MAJORKEY TECHNOLOGIES INC",0,0,1,0,54,8153,IL,"OAKBROOK TERRACE",60181
2023,"MAK TECHNOLOGIES LLC",10,0,2,0,54,7134,OH,SPRINGBORO,45066
2023,"MAKE ARCHITECTURE",1,0,0,0,54,7780,CA,"LOS ANGELES",90031
2023,"MAKE LLC",1,0,0,0,54,4215,MN,MINNEAPOLIS,55402
2023,"MAKESENSE INC",2,0,0,0,54,5967,TX,ALLEN,75013
2023,"MAKONIS INC",1,0,0,0,54,3829,NC,CHARLOTTE,28226
2023,"MAKOSI AUDIT AND TAX SERVICES LLC",1,0,0,0,54,4236,NY,"NEW YORK",10001
2023,"MAKRO TECHNOLOGIES INC",2,0,0,0,54,8554,NJ,PRINCETON,08540
2023,"MALHOTRA AND PATEL LLC",0,0,1,0,54,3871,NJ,HOLMDEL,07733
2023,"MALHOTRA AND PATEL LLC",1,0,0,0,54,3871,NY,HOLMDEL,07733
2023,"MALITZLAW INC",0,0,1,0,54,6514,CA,IRVINE,92618
2023,"MALLA SYSTEMS INC DBA EFULGENT",6,0,2,2,54,8894,AZ,GLENDALE,85308
2023,"MALLOY LAW OFFICES LLC",0,0,1,0,54,2798,MD,BETHESDA,20814
2023,"MALONEBAILEY LLP",0,0,1,1,54,8568,TX,HOUSTON,77042
2023,"MALVI SYSTEMS LLC",1,0,0,0,54,4234,NJ,CRANBURY,08512
2023,"MALVI SYSTEMS LLC",0,1,0,0,54,4234,NJ,"EAST WINDSOR",08512
2023,"MAMMOTH BIOSCIENCES INC",0,0,1,0,54,9487,CA,BRISBANE,94005
2023,"MAMSYS CONSULTING SERVICES LTD",5,0,0,0,54,5085,OH,SOLON,44139
2023,"MANAGE MY DREAM LLC",2,0,0,0,54,8558,NJ,"PRINCETON JUNCTION",08550
2023,"MANAGED HEALTH CARE ASSOCIATES INC",0,0,1,0,54,3187,NJ,"FLORHAM PARK",07932
2023,"MANAGEMENT SCIENCE ASSOCIATES INC",0,0,4,0,54,6415,PA,PITTSBURGH,15206
2023,"MANAGEMENT SYSTEMS INTERNATIONAL INC",0,0,1,0,54,5041,VA,ARLINGTON,22202
2023,"MANAGNI SYSTEMS",0,0,0,1,54,9219,TX,FRISCO,75035
2023,"MANASI INFORMATION TECHNOLOGIES INC",2,0,7,0,54,1193,NJ,CRANBURY,08512
2023,"MANDARICH LAW GROUP LLP",0,0,1,0,54,2910,IL,CHICAGO,60661
2023,"MANDO TECHNOLOGIES INC",0,0,1,0,54,8950,TX,AUSTIN,78731
2023,"MANGAN INC",0,0,2,0,54,9093,CA,"LONG BEACH",90810
2023,"MANGO CONCEPT LLC",0,0,1,0,54,8218,NY,"NEW YORK",10005
2023,"MANGO TECHNOLOGIES INC D B A CLICKUP",0,0,6,0,54,0374,CA,"SAN DIEGO",92101
2023,"MANHATTAN ASSOCIATES INC",1,0,44,4,54,3424,GA,ATLANTA,30339
2023,"MANHATTAN MULTICULTURAL COUNSELING INC",1,0,0,0,54,8643,NY,"NEW YORK",10065
2023,"MANJU SOFTWARE SOLUTIONS INC DBA TRU CLOUD TECHNOLOGIES INC",9,0,0,0,54,6450,TX,MCKINNEY,75070
2023,"MANN CONSULTING LLC",1,0,0,0,54,7600,CA,"SAN FRANCISCO",94105
2023,"MANOS USA LLC DBA MACPRACTICE",0,0,1,0,54,7255,NE,LINCOLN,68508
2023,"MANPOWER GROUP GLOBAL INC",0,0,1,0,54,8293,WI,MILWAUKEE,53212
2023,"MANSAI CORPORATION",3,0,0,0,54,3329,MD,GREENBELT,20770
2023,"MANTHAN SYSTEMS INC",1,0,2,0,54,7705,CA,"SAN FRANCISCO",94105
2023,"MANTLE UNITED STATES LLC",0,0,1,0,54,8618,NY,"NEW YORK",10007
2023,"MANTRA BIO INC",0,0,1,0,54,5491,CA,"SOUTH SAN FRANCISCO",94080
2023,"MANTRA TELECOM INC",1,0,2,0,54,1172,TX,IRVING,75063
2023,"MANUTEK INC",2,0,1,0,54,9083,MI,CANTON,48187
2023,"MAPBOX INC",1,0,2,0,54,2659,DC,WASHINGTON,20005
2023,"MAPBOX INC",0,0,1,0,54,2659,,,
2023,"MAPP DIGITAL US LLC",0,0,1,0,54,1880,CA,"SAN DIEGO",92122
2023,"MAQ L L C DBA MAQ SOFTWARE",0,0,3,0,54,5025,WA,REDMOND,98052
2023,"MARATHONSOFT LLC",0,0,1,0,54,2909,MA,HOPKINTON,01748
2023,"MARBLE INC",0,0,1,0,54,4019,NE,LINCOLN,68508
2023,"MARCH FIRST SYSTEMS LLC",0,0,1,0,54,9377,CA,"SAN RAMON",94583
2023,"MARCHETTO HIGGINS STIEVE PC",0,0,1,0,54,2563,NJ,HOBOKEN,07030
2023,"MARCHEX INC",0,0,1,1,54,4038,WA,SEATTLE,98101
2023,"MARCUM ASIA CPAS LLP",0,0,9,0,54,6076,NY,"NEW YORK",10001
2023,"MARCUM LLP",0,0,8,0,54,6323,NY,"NEW YORK",10017
2023,"MARGIN5 SOLUTIONS INC",0,0,5,1,54,8397,NJ,METUCHEN,08840
2023,MARGINPOINT,0,0,1,0,54,4194,CA,"LAGUNA HILLS",92653
2023,"MARGULIES PERRUZZI ARCHITECTS INC",0,0,1,0,54,6762,MA,BOSTON,02210
2023,"MARIEKE CONSULTING INC",0,0,1,0,54,6695,VA,ARLINGTON,22207
2023,"MARIN USA INC",0,0,1,0,54,3197,TX,HOUSTON,77098
2023,"MARITZ CONSULTING GROUP DBA LEDELSEA",1,0,2,0,54,9297,MN,HOPKINS,55343
2023,"MARITZ CONSULTING GROUP DBA LEDELSEA",8,0,2,0,54,9297,MN,MINNETONKA,55343
2023,"MARIZYME INC",0,0,1,0,54,4863,FL,JUPITER,33458
2023,"MARK CAVAGNERO ASSOCIATES",0,0,1,0,54,9730,CA,"SAN FRANCISCO",94111
2023,"MARK III SYSTEMS INC",0,0,1,0,54,4797,TX,HOUSTON,77063
2023,"MARK INFOTECH INC",3,0,0,0,54,9065,NJ,"E BRUNSWICK",08816
2023,"MARK INFOTECH INC",5,0,8,1,54,9065,NJ,"EAST BRUNSWICK",08816
2023,"MARK MAGRANN ASSOCIATES INC",0,0,1,0,54,2541,NJ,"MOUNT LAUREL",08054
2023,"MARK TECHNOLOGIES INC",1,0,1,0,54,7634,TX,DALLAS,75234
2023,"MARKET AMERICA INC",0,0,1,0,54,4094,,,
2023,"MARKET AMERICA INC",0,0,2,0,54,4094,NC,GREENSBORO,27409
2023,"MARKET LEADER GROUP INC",0,0,1,0,54,1724,WA,BELLEVUE,98006
2023,"MARKET RESOURCE PARTNERS LLC",0,0,1,0,54,4173,PA,PHILADELPHIA,19103
2023,"MARKETAXESS CORPORATION",0,0,1,0,54,9492,,,
2023,"MARKETAXESS CORPORATION",0,0,3,1,54,9492,NY,"NEW YORK",10001
2023,"MARKETCAST LLC",0,0,1,0,54,6314,CA,"CULVER CITY",90232
2023,"MARKETCAST LLC",0,0,1,0,54,6314,CA,"LOS ANGELES",90036
2023,"MARKETING ASSOCIATES LLC DBA ONEMAGNIFY",1,0,7,0,54,5841,MI,DETROIT,48226
2023,"MARKETING CARD TECHNOLOGY LLC",0,0,1,0,54,5797,IL,"DOWNERS GROVE",60515
2023,"MARKETING EVOLUTION INC",0,0,1,0,54,0791,NY,"NEW YORK",10022
2023,"MARKING SERVICES INC",0,0,1,0,54,4928,WI,MILWAUKEE,53224
2023,"MARLABS LLC",1,0,0,0,54,6287,,,
2023,"MARLABS LLC",14,2,56,3,54,6287,NJ,PISCATAWAY,08854
2023,"MARLIN  ENGINEERING INC",0,0,1,0,54,9601,FL,HOMESTEAD,33033
2023,"MARQUEE TECHNOLOGY SOLUTIONS INC",1,0,3,0,54,7730,MI,TROY,48084
2023,"MARS IT CORP D B A MARS SOLUTIONS GROUP",0,0,1,0,54,3571,,,
2023,"MARS IT CORP D B A MARS SOLUTIONS GROUP",0,0,2,0,54,3571,WI,WAUKESHA,53186
2023,"MARS PARTNERS INC",3,0,2,0,54,7254,NJ,COLONIA,07067
2023,"MARS TECH SOLUTIONS LLC",2,0,0,0,54,9298,NJ,EDISON,08820
2023,"MARSH PMK INTERNATIONAL LLC",1,0,0,0,54,6942,TX,RICHARDSON,75081
2023,"MARSHALL CONSULTING GROUP LLC",0,0,1,0,54,7813,VA,WARRENTON,20186
2023,"MARSHALL ENVIRONMENTAL MANAGEMENT INC",1,0,0,0,54,7423,OK,"OKLAHOMA CITY",73117
2023,"MARSHALL TECHNOLOGIES INC",3,0,0,0,54,8518,TN,MEMPHIS,38134
2023,"MARSHALL TECHNOLOGIES INC",1,1,0,0,54,8518,TN,MEMPHIS,38137
2023,"MARSHALL UNIVERSITY RESEARCH CORP",1,0,0,0,54,3361,WV,HUNTINGTON,25755
2023,"MARSOL TRADING LLC",0,0,1,0,54,2187,TX,HOUSTON,77095
2023,"MARTIN BRUDNIZKI DESIGN STUIDIO LLC",0,0,1,0,54,1891,NY,"NEW YORK",10001
2023,"MARTIN BRUDNIZKI DESIGN STUIDIO LLC",0,0,1,0,54,1891,NY,"NEW YORK",10018
2023,"MARTIN HOPP ARCHITECT PLLC",1,0,0,0,54,4710,NY,"NEW YORK",10010
2023,"MARTIN KOBUS INC",0,1,0,0,54,8048,CA,SAUSALITO,94965
2023,"MARTINEZ MOORE ENGINEERS LLC",0,0,1,0,54,5280,TX,HOUSTON,77010
2023,"MARUCCO STODDARD FERENVACH & WALSH INC",0,0,1,0,54,9208,IL,SPRINGFIELD,62704
2023,"MARUTEE ENGINEERING SERVICES LLC",1,0,0,0,54,2107,MI,"ROYAL OAK",48073
2023,"MARUTHI TECHNOLOGIES INC DBA ANBLICKS",0,0,2,0,54,4059,,,
2023,"MARUTHI TECHNOLOGIES INC DBA ANBLICKS",3,0,12,0,54,4059,TX,DALLAS,75254
2023,"MARVEL ARCHITECTS LANDSCAPE ARCHITECTS URBAN DEISGNERS PLLC",0,0,1,0,54,6439,NY,"NEW YORK",10013
2023,"MARVEL TECH GROUP INC",0,0,0,1,54,3885,NC,DURHAM,27703
2023,"MARVEL TECHNOLOGIES INC",7,0,3,0,54,4966,MI,SOUTHFIELD,48034
2023,"MARVEL TECHNOLOGY SOLUTIONS INC",3,0,3,0,54,4605,MI,NOVI,48375
2023,"MARVELOUS TECHNOLOGIES INC",20,0,5,0,54,7036,IL,GURNEE,60031
2023,"MARVELTECH CONSULTING SERVICES INC",4,0,0,0,54,6418,MI,NOVI,48375
2023,"MARYADA TECHNOLOGY GROUP",1,0,0,0,54,2589,NJ,"SOUTH PLAINFIELD",07080
2023,"MAS IT LABS LLC",1,1,2,0,54,5633,TX,"THE COLONY",75056
2023,"MASHWORK INC",0,0,1,0,54,8131,NY,"NEW YORK",10004
2023,"MASS DESIGN GROUP LTD",0,0,1,0,54,9704,,,
2023,"MASSA MULTIMEDIA ARCHITECTURE PC",1,0,0,0,54,5706,NJ,NEPTUNE,07753
2023,"MASTECH DIGITAL ALLIANCES INC A MASTECH DIGITAL INC COMPANY",0,0,1,0,54,5729,PA,CORAOPOLIS,15108
2023,"MASTECH DIGITAL ALLIANCES INC A MASTECH DIGITAL INC COMPANY",0,0,1,0,54,5729,PA,"MOON TOWNSHIP",15108
2023,"MASTECH DIGITAL CONSULTING INC A MASTECH DIGITAL INC COMPANY",0,0,2,0,54,9670,PA,CORAOPOLIS,15108
2023,"MASTECH DIGITAL INFOTECH INC A MESTECH DIGITAL INC COMPANY",0,0,2,0,54,9797,PA,CORAOPOLIS,15108
2023,"MASTECH DIGITAL RESOURCING INC A MASTECH DIGITAL INC COMPANY",0,0,2,0,54,2385,,,
2023,"MASTECH DIGITAL RESOURCING INC A MASTECH DIGITAL INC COMPANY",0,0,1,0,54,2385,PA,CORAOPOLIS,15108
2023,"MASTECH DIGITAL SERVICES INC A MASTECH DIGITAL INC COMPANY",0,0,1,0,54,9310,PA,CORAOPOLIS,15108
2023,"MASTECH DIGITAL SOLUTIONS INC A MASTECH DIGITAL INC COMPANY",0,0,2,0,54,2641,PA,"MOON TOWNSHIP",15108
2023,"MASTECH DIGITAL TECHNOLOGIES INC A MASTECH DIGITAL INC COMPANY",1,0,5,0,54,3382,,,
2023,"MASTECH DIGITAL TECHNOLOGIES INC A MASTECH DIGITAL INC COMPANY",8,0,102,6,54,3382,PA,CORAOPOLIS,15108
2023,"MASTECH DIGITAL TECHNOLOGIES INC A MASTECH DIGITAL INC COMPANY",4,0,25,0,54,3382,PA,"MOON TOWNSHIP",15108
2023,"MASTER COMPLIANCE INC",4,0,6,3,54,1951,TX,IRVING,75063
2023,"MASTER COMPLIANCE INC",0,0,1,0,54,1951,,,
2023,"MASTER INFORMATIX SYSTEMS INC",0,0,1,0,54,0214,VA,STERLING,20164
2023,"MASTER MINDS CONSULTING SERVICES LLC",0,0,1,0,54,1352,TX,HOUSTON,77074
2023,"MASTEREX TECHNOLOGIES INC",1,0,0,0,54,5322,NJ,CRANBURY,08512
2023,"MASTRO SERVICES INC",1,0,1,0,54,9997,TX,PLANO,75074
2023,"MASUDA FUNAI EIFERT MITCHELL LTD",0,0,1,0,54,4537,IL,CHICAGO,60601
2023,"MASY SYSTEMS INC",0,0,2,0,54,2339,MA,PEPPERELL,01463
2023,"MATCH GROUP LLC",0,0,1,0,54,8183,,,
2023,"MATCH GROUP LLC",4,0,17,0,54,8183,TX,DALLAS,75231
2023,"MATERIAL HOLDINGS LLC",1,0,1,0,54,8286,CA,"LOS ANGELES",90067
2023,"MATERIAL TECHNOLOGIES CORPORATION DBA MATERIAL BANK",0,0,1,0,54,1762,FL,"BOCA RATON",33431
2023,"MATERIALS RESOURCES LLC",1,0,0,0,54,5298,OH,DAYTON,45440
2023,"MATHA INC",4,1,0,0,54,2717,VA,HERNDON,20171
2023,"MATHEMATICA INC",0,0,4,1,54,2296,NJ,PRINCETON,08540
2023,"MATICA BIOTECHNOLOGY",0,0,3,0,54,5639,TX,"COLLEGE STATION",77845
2023,"MATONEE INC D/B/A APTOS LABS",0,0,1,0,54,8539,CA,"MOUNTAIN VIEW",94043
2023,"MATONEE INC D/B/A APTOS LABS",0,0,5,0,54,8539,CA,"PALO ALTO",94301
2023,"MATRIX DESIGN GROUP INC",0,0,1,0,54,5767,CO,"COLORADO SPRINGS",80920
2023,"MATRIX PRECISE INC",0,0,4,0,54,5941,CA,"LOS ALTOS",94022
2023,"MATRIX STRUCTURAL ENGINEERS INC",0,0,1,0,54,9010,TX,HOUSTON,77056
2023,"MATTE FINISH LLC DBA MATTE PROJECTS",0,0,1,0,54,6461,NY,"NEW YORK",10012
2023,"MAVEN CLINIC CO",0,0,1,0,54,7423,NY,"NEW YORK",10013
2023,"MAVEN COMPANIES INC",25,1,7,0,54,6696,CO,"COLORADO SPRINGS",80903
2023,"MAVEN INC",2,0,0,0,54,7622,VA,LEESBURG,20176
2023,"MAVEN WAVE PARTNERS LLC",4,0,5,0,54,8308,IL,CHICAGO,60606
2023,"MAVENIR NETWORKS INC",0,0,3,0,54,6528,TX,RICHARDSON,75081
2023,"MAVENIR SYSTEMS INC",0,0,1,0,54,9105,,,
2023,"MAVENIR SYSTEMS INC",1,0,6,0,54,9105,TX,RICHARDSON,75081
2023,"MAVENSOFT TECHNOLOGIES LLC",0,0,3,0,54,8828,OR,BEAVERTON,97006
2023,"MAVERIC NXT INC",36,2,3,0,54,5020,NJ,PRINCETON,08540
2023,"MAVERICK APPLIED SCIENCE INC",0,0,1,0,54,9217,FL,PALMETTO,34221
2023,"MAVERICK QUANTUM INC MAVQ",0,0,2,0,54,4054,TX,FRISCO,75034
2023,"MAVIN TECHNOLOGIES INC",9,5,1,0,54,5466,MD,GAITHERSBURG,20879
2023,"MAVIRIK SOLUTIONS LLC",1,0,2,0,54,1002,FL,TAMPA,33602
2023,"MAVIYA INC",1,0,0,0,54,9060,MI,TROY,48084
2023,"MAX J SMITH AND ASSOCIATES PC DBA MJSA ARCHITECTS PC",1,0,0,0,54,4936,UT,"SALT LAKE CTY",84101
2023,"MAX PLANCK FLORIDA CORPORATION D/B/A MAX PLANCK FLORIDA INSTITUTE FOR NEUROSCIENCE",3,0,0,0,54,7502,FL,JUPITER,33458
2023,"MAXARY LLC",4,0,3,0,54,1784,VA,LEESBURG,20176
2023,"MAXDECISIONS  LLC",0,0,1,0,54,3800,TX,RICHARDSON,75080
2023,"MAXEOM INC",1,0,0,0,54,1649,GA,SUWANEE,30024
2023,"MAXIL TECHNOLOGY SOLUTIONS INC",1,0,0,0,54,3823,,,
2023,"MAXIL TECHNOLOGY SOLUTIONS INC",14,1,0,0,54,3823,IL,"OAK BROOK",60523
2023,"MAXIMA CONSULTING INC",5,0,4,0,54,9119,MA,BEDFORD,01730
2023,"MAXIMUS INC",0,0,1,0,54,0588,VA,MCLEAN,22102
2023,"MAXIMUS INC",0,0,2,0,54,0588,,,
2023,"MAXIMUS INC",0,0,6,1,54,0588,VA,"MC LEAN",22102
2023,"MAXINE Z MAGRI CPA PLC",0,0,1,0,54,0587,VA,HARRISONBURG,22801
2023,"MAXIS CLINICAL SCIENCES LLC",0,0,1,0,54,0728,NJ,EDISON,08837
2023,"MAXISIT INC",1,0,4,0,54,9041,NJ,EDISON,08837
2023,"MAXNET TECHNOLOGIES LLC",1,0,0,0,54,7237,NJ,HACKENSACK,07601
2023,"MAXOTECH SOLUTIONS LLC",1,0,0,0,54,9454,TX,IRVING,75039
2023,"MAXOTECH SOLUTIONS LLC",10,0,7,1,54,9454,TX,SOUTHLAKE,76092
2023,"MAXPEP LLC",4,1,2,0,54,4936,GA,ALPHARETTA,30022
2023,"MAXPRO INC",1,0,2,0,54,1326,MI,"FARMINGTON HILLS",48334
2023,"MAXPRO INC",1,0,0,0,54,1326,MI,FENWICK,48834
2023,"MAXSOFT IT LLC",0,0,1,0,54,2545,TX,FRISCO,75035
2023,"MAY CONSTRUCTION GROUP INC",0,0,1,0,54,1912,NY,PLAINVIEW,11354
2023,"MAY S TAX AND BUSINESS SERVICES",0,0,1,0,54,7350,CA,CUPERTINO,95014
2023,"MAYACHITRA INC",1,0,0,0,54,3645,CA,"SANTA BARBARA",93111
2023,"MAYER BROWN LLP",0,0,4,0,54,7220,DC,WASHINGTON,20006
2023,"MAYER BROWN LLP",1,0,0,0,54,7220,NY,"NEW YORK",10020
2023,"MAYUKTHA IT SOLUTIONS INC",10,1,0,0,54,1955,FL,"FORT LAUDERDALE",33317
2023,"MAYUKTHA IT SOLUTIONS INC",1,0,0,0,54,1955,FL,PLANTATION,33317
2023,"MAZ DESIGN LLC",1,0,0,0,54,9104,NJ,LAKEWOOD,08701
2023,"MAZARS USA LLP",0,0,1,0,54,9550,NY,"NEW YORK",10020
2023,"MAZE CONSULTING LLC",0,0,1,0,54,8236,NY,"NEW YORK",10003
2023,"MB IT ASSOCIATES LLC",1,0,1,0,54,9051,NJ,PARSIPPANY,07054
2023,"MB3 INC",0,0,0,1,54,9939,LA,METAIRIE,70002
2023,"MBH ARCHITECTS INC",0,0,2,0,54,4650,CA,ALAMEDA,94501
2023,"MC DEAN INC",0,0,1,0,54,1614,VA,"MC LEAN",22102
2023,"MC GROUP OF COMPANIES LLC",3,0,0,0,54,5116,WA,BOTHELL,98012
2023,"MCACONNECT LLC",1,0,0,0,54,0228,CO,DENVER,80237
2023,"MCCALLA RAYMER LEIBERT PIERCE LLC",0,0,2,0,54,5201,GA,ROSWELL,30076
2023,"MCCLOUD GROUP",0,0,1,0,54,6781,NJ,"JERSEY CITY",07302
2023,"MCCONNELL & JONES LLP",0,0,1,0,54,8832,TX,HOUSTON,77081
2023,"MCCULLOCH ENGLAND ASSOCIATES",0,0,1,0,54,6108,NC,CHARLOTTE,28204
2023,"MCDERMOTT INC",2,0,1,0,54,1356,TX,HOUSTON,77079
2023,"MCDERMOTT WILL EMERY LLP",0,0,1,0,54,3176,IL,CHICAGO,60606
2023,"MCFADYEN CONSULTING GROUP INC",0,0,1,0,54,6037,VA,VIENNA,22182
2023,"MCG ENERGY SOLUTIONS LLC",0,0,1,0,54,1496,MN,MINNEAPOLIS,55402
2023,"MCG HEALTH LLC",0,0,1,0,54,4821,WA,SEATTLE,98104
2023,"MCG MANAGEMENT INC DBA CHANG AND ASSOCIATES TAX AND FINANCIAL PROFESSIONALS",0,0,1,0,54,2262,CA,BERKELEY,94705
2023,"MCGI TEC INC",1,0,0,0,54,6060,,,
2023,"MCGUIRE GROUP ARCHITECTS PC",0,0,1,0,54,9133,NY,MELVILLE,11747
2023,"MCHUGH ENGINEERING GROUP LLC",0,0,1,0,54,0383,IL,CHICAGO,60616
2023,"MCKESSON CORPORATION",0,0,3,0,54,7296,,,
2023,"MCKESSON CORPORATION",1,1,44,6,54,7296,TX,IRVING,75039
2023,"MCKIM & CREED INC",0,0,1,0,54,6769,NC,WILMINGTON,28401
2023,"MCKING CONSULTING CORPORATION",1,0,0,0,54,6067,VA,FAIRFAX,22031
2023,"MCKINSEY COMPANY INC UNITED STATES",19,3,113,1,54,6161,NY,"NEW YORK",10017
2023,"MCKINSEY COMPANY INC UNITED STATES",0,0,1,0,54,6161,NY,"NEW YORK",10017
2023,"MCKINSEY COMPANY INC UNITED STATES",1,0,5,0,54,6161,,,
2023,"MCKINSOL CONSULTING INC",3,0,3,0,54,0190,NJ,EDISON,08820
2023,"MCLAREN TECHNICAL SERVICES INC",0,0,2,0,54,9183,NJ,"WOODCLIFF LAKE",07677
2023,"MCMAHON ASSOCIATES INC",0,1,0,0,54,2387,PA,"FORT WASHINGTON",19034
2023,"MCS AUTOMATION",0,0,2,0,54,4018,NJ,"WALL TOWNSHIP",07727
2023,"MD & ASSOCIATES LLP",0,0,1,0,54,2059,TX,HOUSTON,77074
2023,"MDC ASSOCIATES INC",0,0,1,0,54,0110,MA,BEVERLY,01915
2023,"MEAD AND HUNT INC",0,0,1,0,54,3822,WI,MIDDLETON,53562
2023,"MECHANICAL ENERGY SOLUTIONS, LLC",1,0,1,0,54,6009,NY,"LONG ISLAND CITY",11101
2023,"MED-STRATEGIES INC DBA BRANSON MANAGEMENT GROUP IN NEVADA",0,0,1,0,54,0367,VA,ASHBURN,20147
2023,"MEDABOME INC",0,0,1,0,54,5803,CA,FREMONT,94538
2023,"MEDALLIA INC",0,0,10,0,54,8353,CA,PLEASANTON,94588
2023,"MEDALLIA INC",0,0,1,0,54,8353,,,
2023,"MEDALOGIX LLC",0,0,1,0,54,9450,TN,NASHVILLE,37219
2023,"MEDCOMPS CORPORATION",0,0,1,0,54,2412,IL,SPRINGFIELD,62701
2023,MEDCRYPT,1,0,0,0,54,3575,CA,"SOLANA BEACH",92075
2023,"MEDHA GLOBAL SERVICES LLC",1,0,0,0,54,7871,MI,FARMINGTON,48335
2023,"MEDHA TECHNOLOGIES LLC",0,0,1,0,54,7374,GA,ALPHARETTA,30004
2023,"MEDHOST SERVICES INC",0,0,3,0,54,7970,TN,FRANKLIN,37067
2023,"MEDIA TEK USA INC",0,0,1,0,54,5775,CA,"SAN JOSE",95134
2023,"MEDIAAGILITY INC",6,0,0,0,54,7701,NJ,PRINCETON,08540
2023,"MEDIACOM WORLDWIDE LLC",1,0,7,1,54,6189,NY,"NEW YORK",10007
2023,"MEDIALAB AI INC",0,0,1,0,54,1411,CA,"SANTA MONICA",90401
2023,"MEDIAMATH INC",0,0,4,0,54,1297,NY,"NEW YORK",10007
2023,"MEDIATEK NORTH AMERICA INC",0,0,1,0,54,8091,CA,"SAN JOSE",95134
2023,"MEDIATEK USA INC",0,0,1,0,54,4775,,,
2023,"MEDIATEK USA INC",3,0,15,1,54,4775,CA,"SAN JOSE",95134
2023,"MEDIAVEST WORLDWIDE INC",0,0,1,0,54,5816,NY,"NEW YORK",10014
2023,"MEDICAGO USA INC",0,0,2,0,54,4801,NC,DURHAM,27713
2023,"MEDICAL ASSET MANAGEMENT INC",0,0,2,0,54,6119,GA,ATLANTA,30326
2023,"MEDICAL MANAGEMENT INTERNATIONAL INC",1,0,3,0,54,2244,WA,VANCOUVER,98683
2023,"MEDIDATA SOLUTIONS INC",0,0,1,0,54,6508,,,
2023,"MEDIDATA SOLUTIONS INC",0,0,25,1,54,6508,RI,JOHNSTON,02919
2023,"MEDIMPACT HEALTHCARE SYSTEMS INC",0,0,1,0,54,7651,CA,"SAN DIEGO",92131
2023,"MEDISOLV INC",0,0,1,0,54,5642,MD,COLUMBIA,21044
2023,"MEDLYTIX LLC",0,1,0,0,54,3054,GA,ROSWELL,30076
2023,"MEDPACE INC",1,0,5,0,54,3627,OH,CINCINNATI,45227
2023,"MEDRA INC",1,0,0,0,54,1048,CA,"SAN FRANCISCO",94104
2023,"MEDRIO INC",0,0,1,0,54,5783,CA,"SAN FRANCISCO",94104
2023,"MEDSTAR HEALTH RESEARCH INSTITUTE INC",0,0,2,0,54,6274,MD,HYATTSVILLE,20782
2023,"MEDUSIND INC",0,0,1,0,54,4960,FL,MIAMI,33126
2023,"MEDUVI LLC",0,0,1,0,54,4209,MA,SOMERVILLE,02145
2023,"MEDVISION INC",0,0,1,0,54,0222,IL,"ARLINGTON HEIGHTS",60004
2023,"MEGA CREDIT BOOST",1,0,0,0,54,9330,CA,ONTARIO,91761
2023,"MEGAN SOFT INC",0,0,2,0,54,5366,,,
2023,"MEGAN SOFT INC",3,0,7,1,54,5366,MI,LIVONIA,48152
2023,"MEGAN SOFT VA INC",2,0,1,0,54,1054,VA,STERLING,20166
2023,"MEGATRENDZ MEDIA USA INC",2,0,0,0,54,4822,NJ,EDISON,08837
2023,"MEGHAZ INC",6,0,12,1,54,3251,TX,HOUSTON,77036
2023,"MEI PARTNERS LLC",0,0,1,0,54,8302,FL,"WINTER PARK",32792
2023,"MEJENTA SYSTEMS INC",0,0,2,0,54,8168,,,
2023,"MEJENTA SYSTEMS INC",13,0,1,0,54,8168,MI,SOUTHFIELD,48076
2023,"MEKANISM INC",0,0,1,0,54,0155,CA,"SAN FRANCISCO",94111
2023,"MELLANOX TECHNOLOGIES INC",0,0,2,0,54,6739,CA,SUNNYVALE,94085
2023,"MELLOW SOFT INC",1,0,2,0,54,1621,TX,"SAN ANTONIO",78257
2023,"MENDEL HEALTH INC",0,0,1,0,54,3988,CA,"SAN JOSE",95113
2023,"MENG LAW GROUP PC",0,0,1,0,54,8927,CA,COVINA,91723
2023,"MENSCHFORCE LLC",0,1,1,0,54,5381,AR,BENTONVILLE,72712
2023,"MENSCHFORCE LLC",0,1,0,0,54,5381,VA,"GLEN ALLEN",23058
2023,"MENSCHFORCE LLC",3,0,0,0,54,5381,WY,SHERIDAN,82801
2023,"MENTEN AL INC",1,0,0,0,54,6862,CA,"SAN FRANCISCO",94111
2023,"MENTORUS GLOBAL LLC",1,0,1,0,54,2007,MD,"SEVERNA PARK",21146
2023,"MENTOUR CORPORATION",0,0,3,0,54,6077,NJ,EDISON,08817
2023,"MENUSIFU INC",2,1,2,0,54,7505,NY,"NEW YORK",10002
2023,"MENZO TECHNOLOGIES CORP",2,0,0,0,54,6476,NJ,SOMERSET,08873
2023,"MEP DESIGNS INC",0,0,1,0,54,9026,VA,MANASSAS,20109
2023,"MERATIVE US LP",0,0,3,0,54,0661,,,
2023,"MERATIVE US LP",0,0,3,0,54,0661,MI,"ANN ARBOR",48108
2023,"MERCEDES BENZ RESEARCH & DEVELOPMENT NORTH AMERICA INC",0,0,10,0,54,3058,CA,SUNNYVALE,94085
2023,"MERCK RESEARCH LABORATORIES MASSACHUSETTS LLC",0,0,2,0,54,3214,NJ,KENILWORTH,07033
2023,"MERCK SHARP DOHME LLC",0,0,1,0,54,1880,,,
2023,"MERCK SHARP DOHME LLC",0,0,23,0,54,1880,NJ,KENILWORTH,07033
2023,"MERCURY HEALTHCARE INC",0,0,3,0,54,3449,CO,DENVER,80202
2023,"MERCURY SYSTEMS INC",0,0,1,0,54,1391,MA,ANDOVER,01810
2023,"MERCURY SYSTEMS INC",2,0,8,2,54,7703,NJ,PRINCETON,08540
2023,"MERCURY TECHNOLOGIES INC",0,0,1,0,54,7284,CA,"SAN FRANCISCO",94105
2023,"MERGE HEALTHCARE SOLUTIONS INC",0,0,1,0,54,8411,MA,BRIGHTON,02135
2023,"MERGEN IT LLC",0,0,1,0,54,1398,,,
2023,"MERGEN IT LLC",4,0,1,0,54,1398,TX,HOUSTON,77058
2023,"MERICAN INC",7,0,1,0,54,3824,MD,COLUMBIA,21045
2023,"MERIDIAM INFRASTRUCTURE NORTH AMERICA CORPORATION",0,0,1,0,54,8822,NY,"NEW YORK",10158
2023,"MERIDIAM SERVICES USA LLC",0,0,1,0,54,6640,NY,"NEW YORK",10158
2023,"MERIDIAN COOPERATIVE INC FORMERLY KNOWN AS SOUTHEASTERN DATA COOPERATIVE",1,0,1,0,54,7418,GA,ATLANTA,30338
2023,"MERIDIAN SOFTWARE SOLUTIONS INC",0,0,2,1,54,5152,GA,NORCROSS,30092
2023,"MERIDIAN SOFTWARE SOLUTIONS INC",2,0,0,0,54,5152,KY,"BOWLING GREEN",42104
2023,"MERIDIAN TECHNOLOGIES INC",1,0,1,1,54,6709,MI,"FARMINGTON HILLS",48335
2023,"MERIDIAN TECHNOLOGY SOLUTIONS INC",1,0,1,0,54,8390,IL,"OAK BROOK",60523
2023,"MERIDIAN TECHNOLOGY SOLUTIONS INC",0,0,1,0,54,8390,IL,OAKBROOK,60523
2023,"MERIDIANLINK INC",0,0,2,0,54,9406,CA,"COSTA MESA",92626
2023,"MERIDIANSOFT INC",1,0,0,0,54,5751,,,
2023,"MERIDIANSOFT INC",4,0,5,0,54,5751,OH,"LEWIS CENTER",43035
2023,"MERIT AMERICAN TECHNOLOGIES INC",0,0,2,0,54,4317,,,
2023,"MERIT AMERICAN TECHNOLOGIES INC",5,0,1,0,54,4317,TX,IRVING,75062
2023,"MERIT INFOTECH INC",1,0,0,0,54,8852,TX,PROSPER,75078
2023,"MERIT SI TECHNOLOGIES LLC DBA MERIT CONTROLS",0,0,2,0,54,1719,NJ,SOMERVILLE,08876
2023,"MERITEK INC",0,0,1,0,54,5657,NJ,LAWRENCEVILLE,08648
2023,"MERITIOUS SERVICES INC",2,0,10,0,54,4087,TX,PLANO,75023
2023,"MERITONE ENGINEERING AND IT SOLUTI",0,1,0,0,54,6709,MI,NOVI,48375
2023,"MERITORE TECHNOLOGIES LLC",11,0,1,0,54,2722,VA,ASHBURN,20147
2023,"MERKLE INC",0,0,1,0,54,5229,MD,COLUMBIA,21046
2023,"MERKLE INC",1,0,9,1,54,5299,MD,COLUMBIA,21046
2023,"MERRY ELECTRONICS U S A CO LTD",0,0,1,0,54,0542,CA,MILPITAS,95035
2023,"MERZ ASSOCIATES PC",0,0,1,0,54,8433,IL,"OAK PARK",60302
2023,"MESA ASSOCIATES INC",0,0,1,0,54,9698,TN,CHATTANOOGA,37402
2023,"MESCADA LLC",2,0,0,0,54,2187,IL,KANKAKEE,60901
2023,"MESHARE INC",0,0,1,0,54,6181,IL,CHAMPAIGN,61822
2023,"MESONS TECHNOLOGIES LLC",40,8,0,0,54,9675,FL,JACKSONVILLE,32258
2023,"MESSAGEBIRD USA INC DBA SPARKPOST",0,0,3,0,54,1432,MD,COLUMBIA,21046
2023,"META INFO SOLUTIONS INC",1,0,0,0,54,1731,VA,HERNDON,20171
2023,"META SOFT INC",0,0,1,0,54,8866,GA,ROSWELL,30075
2023,"METAGENOMI CO",0,0,1,0,54,9017,CA,EMERYVILLE,94608
2023,"METAHORIZON INC",1,0,5,1,54,7186,TX,IRVING,75038
2023,"METALOR TECHNOLOGIES USA CORPORATION",0,0,1,0,54,7422,MA,"NORTH ATTLEBORO",02761
2023,"METANOIA SOLUTIONS INC",3,1,2,0,54,6582,VA,HERNDON,20171
2023,"METAPROUSA LLC",0,0,1,0,54,0971,OK,ARDMORE,73401
2023,"METAS SOLUTIONS LLC",0,0,1,0,54,8407,GA,ATLANTA,30312
2023,"METASENSE INC",0,0,2,0,54,3053,NJ,"WEST BERLIN",08091
2023,"METASOFTTECH SOLUTIONS LLC",3,0,11,0,54,7714,AZ,CHANDLER,85224
2023,"METER INC",0,0,1,0,54,9034,,,
2023,"METHID INC",0,0,2,0,54,1501,CA,"SAN FRANCISCO",94123
2023,"METHODICA TECHNOLOGIES LLC",0,0,1,0,54,8333,,,
2023,"METHODICA TECHNOLOGIES LLC",11,0,9,0,54,8333,MI,TROY,48084
2023,"METIER ENTERPRISE LLC",0,0,1,0,54,2916,NJ,"NEW BRUNSWICK",08901
2023,"METIS STRATEGY LLC",0,0,1,0,54,9904,MD,"CHEVY CHASE",20815
2023,"METMOX LLC",1,0,1,0,54,8482,IL,SCHAUMBURG,60173
2023,"METRIC X LLC",0,0,1,0,54,5835,MI,"ROCHESTER HILLS",48307
2023,"METRICSTREAM INC",0,0,1,0,54,6265,CA,"SAN JOSE",95002
2023,"METRIX IT SOLUTIONS INC",2,0,23,1,54,7325,NC,CHARLOTTE,28277
2023,"METRIXLAB US INC",0,0,1,0,54,1565,NJ,CHATHAM,07928
2023,"METRO ARCHITECTURE PARTNERSHIP INC",1,0,0,0,54,1704,FL,ORLANDO,32819
2023,"METRO CONSULTING ASSOCIATES LLC",0,0,1,0,54,1262,MI,PLYMOUTH,48170
2023,"METTLE SOLUTIONS LLC",1,0,0,0,54,6158,MD,COLUMBIA,21044
2023,"METTLER-TOLEDO AUTOCHEM INC.",0,0,1,0,54,5021,MD,COLUMBIA,21046
2023,"MEYER BORGMAN AND JOHNSON INC",0,0,1,0,54,8528,MN,MINNEAPOLIS,55402
2023,"MFG SOLUTIONS INC DBA NEXTERN INC",0,0,1,0,54,8959,MN,"WHITE BEAR LAKE",55110
2023,"MFOUR MOBILE RESEARCH",0,0,1,1,54,4014,CA,IRVINE,92612
2023,"MFXCHANGE US, INC.",1,0,0,0,54,8234,NJ,"MORRIS PLAINS",07950
2023,"MG CLOUD TECHNOLOGIES LLC",1,0,2,0,54,5997,IL,SCHAUMBURG,60173
2023,"MG LLC D B A TRANZACT",0,0,1,0,54,8611,NY,"NEW YORK",10281
2023,"MGM SYSTEMS INC",1,0,1,0,54,9500,GA,SUWANEE,30024
2023,"MH SUB I LLC DBA INTERNET BRANDS INC",0,0,1,0,54,9063,,,
2023,"MH SUB I LLC DBA INTERNET BRANDS INC",0,0,6,0,54,9063,CA,"EL SEGUNDO",90245
2023,"MHG ARCHITECTS PC",0,0,1,0,54,2840,NY,"NEW YORK",10016
2023,"MHK - MEDHOK INC",0,0,6,0,54,2656,FL,TAMPA,33607
2023,"MHK TECH INC",2,0,2,0,54,1559,TX,HOUSTON,77070
2023,"MI OFICINA INCOME TAX INC",1,0,0,0,54,7511,CA,"RANCHO CUCAMONGA",91730
2023,"MI SOFTECH INC",6,0,16,0,54,9075,TN,COLLIERVILLE,38017
2023,"MI9 INC DBA MI9 RETAIL",0,0,1,0,54,0216,FL,MIAMI,33181
2023,"MICAN TECHNOLOGIES INC",1,1,26,1,54,6198,DE,BEAR,19701
2023,"MICASA GLOBAL INC",0,0,2,0,54,0191,TX,FRISCO,75033
2023,"MICHAEL A YU,CPA INC",0,0,1,0,54,2649,CA,"SAN JOSE",95112
2023,"MICHAEL ALLEN COMPANY LLC",0,0,1,0,54,2623,CT,DARIEN,06820
2023,"MICHAEL BAKER INTERNATIONAL INC",0,0,10,2,54,8638,PA,PITTSBURGH,15219
2023,"MICHAEL KORS USA INC",0,0,1,0,54,5964,,,
2023,"MICHAEL KORS USA INC",0,0,3,0,54,5964,NY,"NEW YORK",10036
2023,"MICHAEL O SHAUGHNESSY CONSTRUCTION INC",0,0,1,0,54,3043,CA,"SAN FRANCISCO",94103
2023,"MICHAEL PAGE INTERNATIONAL INC",0,0,1,0,54,0985,CT,STAMFORD,06901
2023,"MICHELMAN & ROBINSON LLP",0,0,1,0,54,5761,CA,"LOS ANGELES",90024
2023,"MICHIGAN DIAGNOSTICS LLC",0,0,1,0,54,8009,MI,"ROYAL OAK",48073
2023,"MICRO FOCUS LLC",1,0,6,0,54,6088,CA,"SANTA CLARA",95054
2023,"MICRO MERCHANT SYSTEMS INC",0,0,2,0,54,5440,NY,SYOSSET,11791
2023,"MICRO PRECISION CALIBRATION INC",0,0,1,0,54,7695,CA,"GRASS VALLEY",95949
2023,"MICRO SOLUTIONS LLC",0,0,1,0,54,7988,FL,TAMPA,33617
2023,"MICROBIOLOGIQUE INC",0,0,0,1,54,5008,WA,SEATTLE,98155
2023,"MICROBIOME HEALTH RESEARCH INST INC DBA OPENBIOME",0,0,1,0,54,1862,MA,CAMBRIDGE,02140
2023,"MICRODESK INC",0,0,2,0,54,8199,NH,NASHUA,03062
2023,"MICROEXCEL INC",7,0,2,0,54,5205,NJ,"GLEN RIDGE",07028
2023,"MICROINFO INC",0,0,1,0,54,4034,,,
2023,"MICROINFO INC",2,0,15,0,54,4034,TX,CARROLLTON,75007
2023,"MICROINFO IT INC",0,0,1,0,54,4897,,,
2023,"MICROINFO IT INC",0,0,2,0,54,4897,TX,CARROLLTON,75007
2023,"MICROLAND LIMITED",14,1,5,0,54,0626,CA,"SAN JOSE",95110
2023,"MICROSTRATEGY INCORPORATED",0,0,2,0,54,3571,VA,"TYSONS CORNER",22182
2023,"MICROSTRATEGY INCORPORATED",0,1,6,0,54,3571,VA,VIENNA,22182
2023,"MICROSTRATEGY SERVICES CORPORATION",0,0,2,0,54,5356,VA,VIENNA,22182
2023,"MICROTECH SYSTEMS LLC",0,0,1,0,54,1978,CT,FARMINGTON,06032
2023,"MID ATLANTIC LOGISTIC SERVICES LLC",1,0,0,0,54,3106,TX,HASLET,76052
2023,"MIDREX TECHNOLOGIES INC",0,0,1,0,54,1274,NC,CHARLOTTE,28208
2023,"MIDSTREAM AND TERMINAL SERVICES LLC",1,0,1,0,54,6317,TX,CYPRESS,77433
2023,"MIDSTREAM AND TERMINAL SERVICES LLC",0,0,1,0,54,6317,TX,HOUSTON,77063
2023,"MIDSYS INC",4,0,1,0,54,0983,AZ,SCOTTSDALE,85255
2023,"MIDWEST GLOBAL SOLUTIONS LLC",2,0,0,0,54,0588,NE,OMAHA,68102
2023,"MIG CONSULTING LLC",0,0,1,0,54,2898,DE,WILMINGTON,19808
2023,"MIGHTY SOFTWARE INC.",0,0,1,0,54,1324,CA,"PALO ALTO",94301
2023,"MIGHTYHIVE INC D/B/A MEDIA MONKS",0,0,1,0,54,2713,CA,"SAN FRANCISCO",94104
2023,"MIHIR CONSULTING LLC",1,0,0,0,54,6415,,,
2023,"MIIT SOLUTIONS INC",0,0,1,0,54,2141,MI,OKEMOS,48864
2023,"MIKYOUNG KIM DESIGN, LLC",1,0,0,0,54,1980,MA,ALLSTON,02134
2023,"MILBANK LLP",0,0,2,0,54,3689,NY,"NEW YORK",10001
2023,"MILBRANDT ARCHITECTS INC P S",0,0,1,0,54,5816,WA,KIRKLAND,98033
2023,"MILESTONE CONSTRUCTION GROUP LLC",0,0,1,0,54,4851,CA,"LOS GATOS",95030
2023,"MILESTONE CONSULTING GROUP INC",1,0,0,0,54,2105,FL,DAVIE,33330
2023,"MILESTONE INTERACTIVE USA INC",0,0,1,0,54,1656,WA,SEATTLE,98103
2023,"MILESTONE STAFFING LLC",1,1,2,0,54,8617,TX,PLANO,75024
2023,"MILHOUSE ENGINEERING AND CONSTRUCTION INC",0,0,1,0,54,8621,IL,CHICAGO,60604
2023,"MILLENNIUM GLOBAL TECHNOLOGIES LLC",1,0,1,0,54,7872,TN,MEMPHIS,38120
2023,"MILLENNIUM INFO TECH INC",5,0,7,2,54,2068,NJ,PRINCETON,08540
2023,"MILLENNIUM INFO TECH INC",2,0,0,0,54,2068,NJ,PLAINSBORO,08536
2023,"MILLENNIUM SOFTTECH INC",2,0,0,0,54,6617,NJ,PISCATAWAY,08854
2023,"MILLENNIUM SOFTWARE CONSULTING LLC",0,0,1,0,54,9159,VA,CHARLOTTESVILLE,22901
2023,"MILLENNIUM SOFTWARE INC",0,0,30,0,54,6472,MI,SOUTHFIELD,48075
2023,"MILLER & ASSOCIATES CPAS PA",0,0,2,0,54,8545,DE,WILMINGTON,19808
2023,"MILLER AND COMPANY LLP",0,0,1,0,54,0728,NY,WHITESTONE,11357
2023,"MILLETECH SYSTEMS INC",2,1,1,0,54,5467,GA,ALPHARETTA,30005
2023,"MILLIMAN INC",0,0,2,0,54,5641,WA,SEATTLE,98101
2023,"MILLSTEIN & ASSO DBA MILLSTEIN FELLNER LLP",0,0,0,1,54,2915,CA,"SAN FRANCISCO",94105
2023,"MILO KLEINBERG DESIGN ASSOCIATES INC",0,0,1,0,54,5981,NY,"NEW YORK",10010
2023,"MIMECAST NORTH AMERICA INC",0,0,2,0,54,1633,MA,LEXINGTON,02421
2023,"MIND TECH INC",1,0,0,0,54,5115,TX,FRISCO,75034
2023,"MIND TECH INC",8,0,4,0,54,5113,TX,FRISCO,75034
2023,"MIND TECH INC",0,0,2,0,54,5113,TX,HOUSTON,77099
2023,"MINDBOARD INC",0,0,4,0,54,9774,VA,STERLING,20166
2023,"MINDBODY INC",0,0,4,0,54,8451,CA,"SAN LUIS OBISPO",93401
2023,"MINDCAVE LLC",1,0,0,0,54,5845,DE,CLAYMONT,19703
2023,"MINDCENTRUM INC DBA ADVISE IT SOLUTIONS",0,0,1,0,54,6123,CA,"MORENO VALLEY",92555
2023,"MINDEDGE SOLUTIONS INC",1,0,0,0,54,8018,GA,CUMMING,30041
2023,"MINDEX TECHNOLOGIES INC",0,0,9,0,54,8084,NY,ROCHESTER,14607
2023,"MINDFORE INC",2,0,2,0,54,1037,TX,HOUSTON,77024
2023,"MINDLANCE INC",2,0,7,0,54,8948,NJ,UNION,07083
2023,"MINDPROS INC",0,0,1,0,54,6526,MD,BALTIMORE,21244
2023,"MINDPROS INC",1,0,2,0,54,6526,MD,"WINDSOR MILL",21244
2023,"MINDQ INC",1,0,0,0,54,7605,MA,"EAST WALPOLE",02032
2023,"MINDQ INC",1,0,1,0,54,7605,MA,NORWOOD,02062
2023,"MINDQUEST TECHNOLOGY SOLUTIONS LLC",10,1,18,0,54,3517,AZ,PHOENIX,85027
2023,"MINDQUEST TECHNOLOGY SOLUTIONS LLC",0,1,0,0,54,3517,AZ,PHOENIX,85027
2023,"MINDSET CONSULTING LLC",0,0,1,0,54,0778,MN,MINNEAPOLIS,55401
2023,"MINDSHARE USA LLC",0,0,1,0,54,1251,NY,"NEW YORK",10007
2023,"MINDSHIRE CONSULTING LLC",2,0,1,0,54,4772,OH,CINCINNATI,45242
2023,"MINDSTRONG INC",0,0,1,1,54,1291,CA,"MENLO PARK",94025
2023,"MINDSYS INC",5,1,3,0,54,9069,NJ,CRANBURY,08512
2023,"MINDTECH SOLUTIONS INC",1,0,1,1,54,0426,CA,CERRITOS,90703
2023,"MINDTECK INC",0,0,5,0,54,8616,FL,NAPLES,34103
2023,"MINDTREE LIMITED",118,2,137,0,54,5091,NJ,WARREN,07059
2023,"MINDWORLD LLC",0,0,1,0,54,6723,MD,ELKRIDGE,21075
2023,"MINDZCAPE SOLUTIONS LLC",1,0,0,0,54,3708,TX,KATY,77494
2023,"MINDZONE IT SOLUTIONS LLC",4,0,0,0,54,1983,IA,WAUKEE,50263
2023,"MINE VISION SYSTEMS INC",0,0,1,0,54,8240,PA,PITTSBURGH,15206
2023,"MINERAL EARTH SCIENCES LLC",0,0,6,0,54,0846,CA,"MOUNTAIN VIEW",94043
2023,"MINERALTREE INC",1,0,1,0,54,6448,MA,BOSTON,02110
2023,"MINISOFT TECHNOLOGIES LLC",6,0,10,0,54,2925,TX,HOUSTON,77036
2023,"MINNEAPOLIS HEART INSTITUTE FOUNDATION",2,0,0,0,54,6406,MN,MINNEAPOLIS,55407
2023,"MINTEX TECH INC",4,1,2,0,54,3549,NJ,EDISON,08817
2023,"MINTH NORTH AMERICA INC",0,0,1,0,54,1385,MI,WIXOM,48393
2023,"MINUSCULE TECHNOLOGIES LLC",4,0,0,0,54,5703,TX,KATY,77494
2023,"MIO IT SOLUTIONS LLC",1,0,0,0,54,0117,TX,AUBREY,76227
2023,"MIO PARTNERS INC",0,0,2,0,54,6816,NY,"NEW YORK",10111
2023,"MIQ DIGITAL USA INC",0,0,1,0,54,5166,NY,"NEW YORK",10016
2023,"MIRACLE SOFTWARE SYSTEMS INC",9,1,60,2,54,6847,MI,NOVI,48374
2023,"MIRACLE SOFTWARE SYSTEMS INC",0,0,5,0,54,6847,,,
2023,"MIRACLES TEK LLC",0,0,1,0,54,4349,WI,MILWAUKEE,53220
2023,"MIRAFRA INC",3,0,7,0,54,6662,TX,HOUSTON,77057
2023,"MIRAGE SOFTWARE INC DBA BOURNTEC SOLUTIONS",6,0,4,0,54,8095,IL,SCHAUMBURG,60173
2023,"MIRAI SOLUTIONS INC",1,0,0,0,54,1393,TX,PLANO,75024
2023,"MIRANI BAGDAI THAKKAR ASSOCIATES LLC",0,0,1,0,54,6200,NJ,FAIRFIELD,07004
2023,"MIRANTIS INC",0,0,1,0,54,5086,CA,CAMPBELL,95008
2023,"MIRATI THERAPEUTICS INC",1,0,3,0,54,3615,CA,"SAN DIEGO",92121
2023,"MIRION TECHNOLOGIES CANBERRA INC",0,0,1,0,54,7256,TX,CARROLLTON,75006
2023,"MIRRA TECH LLC",1,0,1,0,54,2653,FL,"SPRING HILL",34606
2023,"MIRRA TECH LLC",0,0,1,0,54,2653,FL,"SPRING HILL",34608
2023,"MIS ENTERPRISE LLC",1,0,0,0,54,6335,NJ,"LITTLE FALLS",07424
2023,"MISA IMPORTS INC",0,0,1,0,54,3816,TX,DALLAS,75235
2023,"MISSION BIO, INC.",0,0,1,0,54,3741,CA,"SOUTH SAN FRANCISCO",94080
2023,"MISTRAL SOLUTIONS INC",0,0,2,0,54,2285,CA,FREMONT,94538
2023,"MITAJA CORPORATION",2,0,0,0,54,2372,MD,FULTON,20759
2023,"MITCHELL GIURGOLA ARCHITECTS LLP",0,0,1,0,54,0080,NY,"NEW YORK",10036
2023,"MITCHELL INTERNATIONAL INC",0,0,1,0,54,5101,CA,"SAN DIEGO",92122
2023,"MITCHELL INTERNATIONAL INC",0,0,8,0,54,5101,CA,"SAN DIEGO",92124
2023,"MITCHELL MARTIN INC",3,0,60,1,54,1013,NY,"NEW YORK",10018
2023,"MITCHELL TITUS LLP",0,0,2,0,54,1641,NY,"NEW YORK",10005
2023,"MITEC SOLUTIONS INC",0,0,1,0,54,0889,MI,WESTLAND,48185
2023,"MITECS INC",4,0,3,0,54,8301,MI,"EAST LANSING",48823
2023,"MITEK SYSTEMS INC",0,0,1,0,54,8827,CA,"SAN DIEGO",92101
2023,"MITRA CAPITAL GROUP LLC DBA JUPITER TECHNOLOGIES",1,0,2,0,54,3995,GA,CUMMING,30041
2023,"MITSOGO INC",0,0,1,0,54,3936,CA,"SAN FRANCISCO",94111
2023,"MIXPANEL INC",0,0,5,0,54,1379,CA,"SAN FRANCISCO",94111
2023,"MIYAMOTO INTERNATIONAL INC",0,0,1,0,54,2151,CA,"WEST SACRAMENTO",95691
2023,"MIZ TECH SOLUTIONS LLC",0,0,3,0,54,2173,TX,PLANO,75024
2023,"MIZE INC",0,0,1,0,54,0410,FL,TAMPA,33647
2023,"MIZE INC",0,0,1,0,54,0410,FL,"TEMPLE TERRACE",33637
2023,"MIZUHO AMERICAS SERVICES LLC",0,0,1,0,54,0578,NY,"NEW YORK",10020
2023,"MJH HEALTHCARE HOLDINGS LLC",0,0,1,0,54,4945,NJ,CRANBURY,08512
2023,"MJM AMERICA INC",2,0,1,0,54,8933,MI,CANTON,48188
2023,"MKK EXPRESS INC",0,0,1,0,54,3238,CA,POMONA,91768
2023,"MKS VISION GROUP INC",1,0,0,0,54,5244,KY,LOUISVILLE,40241
2023,"MM INFO SOLUTIONS INC",0,1,3,0,54,6626,NH,NASHUA,03062
2023,"MML CONSULTING LLC",9,0,0,0,54,1535,NJ,BRIDGEWATER,08807
2023,"MMR RESEARCH WORLDWIDE INC",0,0,1,0,54,8273,NY,"NEW YORK",10001
2023,"MMS HOLDING INC",0,0,2,1,54,6367,MI,CANTON,48187
2023,"MNEMONIC SOLUTIONS LLC",2,0,0,0,54,8767,OK,EDMOND,73012
2023,"MNK INFOTECH INC",0,0,1,0,54,8200,TX,IRVING,75038
2023,"MOAVIATE LLC",0,0,1,0,54,0951,CA,"LONG BEACH",90806
2023,"MOBICA US INC",1,0,0,0,54,8774,WA,BELLEVUE,98006
2023,"MOBILE APPS ENTERPRISES LLC DBA ENHANCE IT",2,0,0,0,54,8362,GA,ATLANTA,30339
2023,"MOBILE FRONTIERS LLC",0,0,1,0,54,5445,VA,"MC LEAN",22102
2023,"MOBILE HEARTBEAT LLC",1,0,3,0,54,8257,MA,WALTHAM,02453
2023,"MOBILE INTEGRATION WORKGROUP INC",2,0,2,0,54,0923,WA,REDMOND,98052
2023,"MOBILE PROGRAMMING LLC",25,3,15,4,54,5855,CA,"AGOURA HILLS",91301
2023,"MOBILENET SERVICES INC",1,0,2,0,54,9176,CA,IRVINE,92618
2023,"MOBILEUM INC",0,0,1,0,54,7417,,,
2023,"MOBILEUM INC",0,0,1,0,54,7417,CA,CUPERTINO,95014
2023,"MOBILEYE INC",0,0,1,0,54,1127,NY,"NEW YORK",10018
2023,"MOBILITYWARE INC",0,0,4,0,54,4736,CA,IRVINE,92602
2023,"MOBILIZE LLC",1,0,0,0,54,9445,TX,HOUSTON,77031
2023,"MOBILTECH GLOBAL SERVICES LLC",2,0,0,0,54,9450,TX,"FORT WORTH",76137
2023,"MOBIQUITY INC",0,0,1,0,54,7858,,,
2023,"MOBIQUITY INC",0,0,2,0,54,7858,PA,WAYNE,19087
2023,"MOBIREY LLC",6,0,2,0,54,3834,NJ,CRANBURY,08512
2023,"MOBISOFT INFOTECH LLC",1,0,0,0,54,0104,TX,HOUSTON,77057
2023,"MOBIVEIL INC",1,0,1,1,54,3880,CA,MILPITAS,95035
2023,"MOBIVEIL INC",0,0,1,0,54,2977,CA,MILPITAS,95035
2023,"MOBIVITY INC",0,0,1,0,54,9515,AZ,CHANDLER,85226
2023,"MOBOLUTIONS LLC",3,2,0,0,54,9400,TX,PLANO,75024
2023,"MOCAP NYC, LLC",1,0,0,0,54,2007,NJ,"UNION CITY",07087
2023,"MOD WORLDWIDE",0,0,1,0,54,0342,PA,PHILADELPHIA,19107
2023,"MODARO LLC",0,0,1,0,54,9761,NY,"NEW YORK",10013
2023,"MODE ANALYTICS INC",0,0,1,0,54,4061,CA,"SAN FRANCISCO",94103
2023,"MODEC INTERNATIONAL INC",0,0,2,2,54,2988,TX,HOUSTON,77094
2023,"MODEL N INC",0,0,1,0,54,8806,,,
2023,"MODEL N INC",1,0,9,0,54,8806,CA,"SAN MATEO",94404
2023,"MODELER IT SOLUTIONS INC",1,0,0,0,54,9681,TX,COPPELL,75019
2023,"MODELITHICS INC",0,0,1,0,54,1098,FL,TAMPA,33612
2023,"MODELON LN",0,0,0,1,54,3267,CT,GLASTONBURY,06033
2023,"MODERN DECLARATION DBA DAUN CURRY DESIGN STUDIO",0,0,1,0,54,3448,NY,"NEW YORK",10012
2023,"MODERN MEADOW INC",0,0,1,0,54,7254,NJ,NUTLEY,07110
2023,"MODERNA SERVICES INC",0,0,13,0,54,0641,MA,CAMBRIDGE,02139
2023,"MODERNATX INC",0,0,17,0,54,6313,MA,CAMBRIDGE,02139
2023,"MODIS E&T LLC",0,0,1,0,54,4225,FL,JACKSONVILLE,32246
2023,"MODIS E&T LLC",1,0,4,0,54,4225,FL,JACKSONVILLE,32256
2023,"MODJESKI AND MASTERS INC",0,0,2,0,54,8914,PA,MECHANICSBURG,17050
2023,"MODULAR INC",0,0,1,0,54,9626,CA,"PALO ALTO",94301
2023,"MODULAR MINING SYSTEMS INC",0,0,1,0,54,9307,AZ,TUCSON,85706
2023,"MODULAR SOFTWARE CONSULTING LLC",2,0,1,0,54,6374,NJ,"MOUNT LAUREL",08054
2023,"MODULART INC",0,0,1,0,54,6802,CA,"SAN DIEGO",92121
2023,"MODULEQ INC",0,0,0,1,54,3005,CA,CUPERTINO,95014
2023,"MOED DE ARMAS AND SHANNON ARCHITECTS PC DBA MDEAS ARCHITECTS",1,0,0,0,54,3447,NY,"NEW YORK",10004
2023,"MOEMENT INC",0,0,1,0,54,1349,CA,"LOS ANGELES",90094
2023,"MOEWY & SCHOENFELD, LLC",0,0,1,0,54,1140,IL,LINCOLNSHIRE,60069
2023,"MOFFATT AND NICHOL",0,0,4,0,54,1343,CA,"LONG BEACH",90808
2023,"MOJO SOLUTIONS AND SERVICES MSS LLC",8,0,3,1,54,1692,CA,"SANTA ANA",92701
2023,"MOKSA TECHNOLOGIES INC",2,0,0,0,54,7414,NJ,"E BRUNSWICK",08816
2023,"MOKSA TECHNOLOGIES INC",2,0,0,1,54,7414,NJ,"EAST BRUNSWICK",08816
2023,"MOKSHAA LLC",0,0,1,0,54,9527,WA,ISSAQUAH,98027
2023,"MOKXA TECHNOLOGIES LLC",0,0,1,0,54,6042,MD,COLUMBIA,21046
2023,"MOLABS MEDIA LLC",3,2,0,0,54,6142,TX,DALLAS,75234
2023,"MOLATHATI TECHNOLOGY SOLUTIONS LLC",0,0,1,0,54,7878,,,
2023,"MOLECULAR EPIDEMIOLOGY INC",0,0,1,0,54,9869,WA,"LAKE FOREST PARK",98155
2023,"MOLECULAR TEMPLATES OPCO INC",0,0,1,0,54,6035,TX,AUSTIN,78729
2023,"MOLECULAR VISTA INC",0,0,1,0,54,3821,CA,"SAN JOSE",95119
2023,"MOLINA TECHNOLOGIES LLC",4,0,3,0,54,7281,VA,HERNDON,20171
2023,"MOLOCO INC",0,0,11,0,54,9499,CA,"REDWOOD CITY",94063
2023,"MOMENTUM CONSULTING CORPORATION",0,0,2,0,54,6180,FL,HIALEAH,33016
2023,"MOMENTUM ENGINEERING CORP",0,0,1,0,54,5160,CA,TORRANCE,90503
2023,"MONARCH INFOTECH SERVICES LLC",5,0,0,0,54,4449,GA,DULUTH,30096
2023,"MONELL CHEMICAL SENSES CENTER",2,0,0,0,54,0897,PA,PHILADELPHIA,19104
2023,"MONOGRAM ORTHOPAEDICS INC",0,0,1,0,54,9540,TX,AUSTIN,78744
2023,"MONTAI HEALTH INC",0,0,1,0,54,8153,MA,CAMBRIDGE,02142
2023,"MONTE CARLO DATA INC",0,0,1,0,54,1622,CA,"SAN FRANCISCO",94104
2023,"MONTE ROSA THERAPEUTICS INC",0,0,1,0,54,6197,MA,BOSTON,02210
2023,"MONTERA INC DBA FORTA",0,0,1,0,54,4608,CA,"SAN FRANCISCO",94104
2023,"MONTEREY BAY AQUARIUM RESEARCH INSTITUTE MBARI",1,0,0,0,54,0580,CA,"MOSS LANDING",95039
2023,"MONTICELLO CONSULTING GROUP INC",0,0,2,0,54,1017,VA,HENRICO,23228
2023,"MONTRAN CORPORATION",0,0,1,0,54,4991,NY,"NEW YORK",10017
2023,"MONTY L CAIN PC",1,0,0,0,54,8293,OK,"OKLAHOMA CITY",73159
2023,"MOODY PLLC DBA MOODY GRAHAM",0,0,1,0,54,2611,DC,WASHINGTON,20002
2023,"MOODYS NORTH WEST CONSULTING LLC",0,0,1,0,54,2751,WA,SAMMAMISH,98075
2023,"MOOKO MEDIA LLC",0,0,1,0,54,3274,CA,"EL SEGUNDO",90245
2023,"MOONITSOLUTIONS INC",3,0,1,0,54,0901,TX,PLANO,75074
2023,"MOORE INFOTECH INC",13,3,1,0,54,1546,TN,MEMPHIS,38120
2023,"MOORE LAW FIRM PLLC",0,0,1,0,54,9444,AZ,TUCSON,85712
2023,"MORAVIA IT LLC",0,0,2,0,54,4816,CA,"THOUSAND OAKS",91360
2023,"MOREBACK CPA LLC",0,0,1,0,54,5644,IL,CHICAGO,60616
2023,"MORGAN GICK MCBEATH & ASSOCIATES",0,0,1,0,54,1567,VA,"FALLS CHURCH",22046
2023,"MORGAN LEWIS & BOCKIUS LLP",0,0,1,0,54,1050,DC,WASHINGTON,20004
2023,"MORGANFRANKLIN LLC",0,0,1,0,54,1161,VA,"MC LEAN",22102
2023,"MORINE TECHNOLOGIES",0,1,0,0,54,1005,WA,BELLEVUE,98007
2023,"MORLOGIC INC",1,0,4,0,54,5874,MI,"ANN ARBOR",48104
2023,"MORNING BREW",1,0,0,0,54,0438,NY,"NEW YORK",10011
2023,"MORPH TECHNOLOGIES INC",0,0,1,0,54,7523,CA,"PALO ALTO",94303
2023,"MORPHOSIS ARCHITECTS",0,0,1,0,54,2888,CA,"CULVER CITY",90232
2023,"MORRIS AND WILLNER PARTNERS",0,0,1,0,54,0949,,,
2023,"MORRISON & FOERSTER LLP",1,0,6,0,54,7210,CA,"SAN FRANCISCO",94105
2023,"MORS TECHNOLOGIES INC",1,0,0,0,54,5968,TX,"FARMERS BRANCH",75234
2023,"MORTGAGE INDUSTRY ADVISORY CORPORATION",0,0,1,0,54,9023,NY,"NEW YORK",10175
2023,"MORTGAGE MANAGEMENT SOLUTIONS LLC",0,0,2,0,54,3048,GA,ATLANTA,30305
2023,"MOSAIC MATERIALS INC",0,0,1,0,54,3827,CA,ALAMEDA,94501
2023,"MOSAIC PARADIGM LAW GROUP PC",0,0,1,0,54,5611,TX,HOUSTON,77042
2023,"MOSCHIP TECHNOLOGY, USA",2,0,0,0,54,9973,CA,"SANTA CLARA",95054
2023,"MOSS ADAMS LLP",1,0,9,0,54,9318,WA,SEATTLE,98104
2023,"MOTHER INDUSTRIES LLC",0,0,1,0,54,3558,NY,BROOKLYN,11215
2023,"MOTHERSON TECHNOLOGY SERVICES USA LIMITED",1,0,2,0,54,3943,IL,SCHAUMBURG,60173
2023,"MOTIONAL AD INC",2,0,27,0,54,2152,MA,BOSTON,02210
2023,"MOTIONICS LLC",0,0,1,0,54,0754,TX,AUSTIN,78757
2023,"MOTIV POWER SYSTEMS INC",0,0,1,0,54,8892,,,
2023,"MOTIV POWER SYSTEMS INC",0,0,1,0,54,8892,CA,"FOSTER CITY",94404
2023,"MOTIVITY LABS INC",4,1,3,0,54,3665,TX,IRVING,75039
2023,"MOTT CORPORATION",0,0,1,0,54,1455,CT,FARMINGTON,06032
2023,"MOTT MACDONALD GROUP INC",0,0,8,0,54,9761,CA,"SAN RAMON",94583
2023,"MOTUS LLC",0,0,2,1,54,7191,MA,BOSTON,02108
2023,"MOUNTAIN IT SOLUTIONS LLC",1,1,1,0,54,1953,TX,MCKINNEY,75070
2023,"MOURI TECH LLC",0,0,1,0,54,7305,,,
2023,"MOURI TECH LLC",38,0,14,0,54,7305,TX,IRVING,75039
2023,"MOVEWORKS INC",0,0,4,0,54,4050,CA,"MOUNTAIN VIEW",94041
2023,"MOXIE IT SOLUTIONS INC",4,0,1,0,54,1939,VA,ASHBURN,20147
2023,"MOXIE SYSTEMS INC",4,1,2,0,54,8876,PA,EXTON,19341
2023,"MOYO ENGINEERING LTD",1,0,0,0,54,4869,CO,DENVER,80202
2023,"MOZILLA CORPORATION",0,0,1,0,54,6186,,,
2023,"MOZZA FOODS",0,0,1,0,54,6897,CA,"LOS ANGELES",90033
2023,"MP ENGINEERS AND ARCHITECTS P C",0,0,3,0,54,3798,NY,"NEW YORK",10006
2023,"MP ENGINEERS AND ARCHITECTS P C",0,0,1,0,54,3798,,,
2023,"MP ENGINEERS P C",0,0,1,0,54,5607,NJ,PRINCETON,08540
2023,"MP INFOTECH CORP",0,0,5,0,54,1425,NJ,PRINCETON,08540
2023,"MPFP LANDSCAPE ARCHITECT PLLC",0,0,1,0,54,4512,NY,"NEW YORK",10271
2023,"MPHASIS CORPORATION",0,0,10,0,54,9720,,,
2023,"MPHASIS CORPORATION",34,2,384,1,54,9720,NY,"NEW YORK",10010
2023,"MPHASIS CORPORATION",0,0,2,0,54,9720,NY,"NEW YORK",10016
2023,"MPHASIS CORPORATION",0,0,1,0,54,9720,NY,"NEW YORK",10018
2023,"MPHASIS CORPORATION",0,0,1,0,54,9720,NY,"NEW YORK",10010
2023,"MPHASIS CORPORATION",0,0,1,0,54,9720,NY,"NEW YORK",10010
2023,"MPHASIS CORPORATION",0,0,1,0,54,9720,NY,"NEW YORK",10010
2023,"MPOWER LOGIC INC",0,0,4,0,54,3851,NJ,PISCATAWAY,08854
2023,"MPP ENGINEERS LLC",0,0,1,0,54,1220,NJ,"MONMOUTH JUNCTION",08852
2023,"MPR SYSTEMS LLC",1,0,0,0,54,2526,CA,"GRANADA HILLS",91344
2023,"MPULSE MOBILE INC",0,0,1,0,54,3761,,,
2023,"MPULSE MOBILE INC",1,0,1,0,54,3761,CA,ENCINO,91436
2023,"MRE CONSULTING LTD",1,0,0,0,54,3209,TX,HOUSTON,77098
2023,"MRL SAN FRANCISCO LLC",0,0,1,0,54,9169,,,
2023,"MRL SAN FRANCISCO LLC",0,0,2,0,54,9169,NJ,KENILWORTH,07033
2023,"MRO CORPORATION",0,0,1,0,54,1910,,,
2023,"MROADS LLC",1,0,1,0,54,0199,TX,PLANO,75024
2023,"MRP LLC D B A I T IGNITE",0,0,2,0,54,9420,TX,AUSTIN,78754
2023,"MS INFO TECH LLC",1,0,0,0,54,6988,TX,DENTON,76201
2023,"MSAB INC",0,0,1,0,54,1059,VA,ARLINGTON,22202
2023,"MSAII LLC",3,0,0,0,54,5995,OH,POWELL,43065
2023,"MSF GLOBAL SOLUTIONS LLC",0,0,1,0,54,6320,LA,"NEW ORLEANS",70113
2023,"MSG GLOBAL SOLUTIONS INC",0,0,1,0,54,5555,NJ,PRINCETON,08540
2023,"MSHANA GROUP LLC DBA ARIESPRO",0,0,1,0,54,5718,TX,"SUGAR LAND",77479
2023,"MSIT SYSTEMS INC",0,0,1,0,54,4853,,,
2023,"MSIT SYSTEMS INC",2,1,0,1,54,4853,TX,RICHARDSON,75081
2023,"MSKV TECHNOLOGIES INC",3,0,2,1,54,5415,TX,KATY,77494
2023,"MSP CONCEPTS INC",1,0,0,0,54,6464,TX,FRISCO,75035
2023,"MSQUARE TECHNOLOGIES INC",1,0,0,0,54,6626,PA,MALVERN,19355
2023,"MSRCOSMOS LLC",8,0,2,0,54,5148,CA,STOCKTON,95207
2023,"MSYS INC",0,0,2,0,54,2003,DC,WASHINGTON,20036
2023,"MSYS TECHNOLOGIES LLC",0,0,0,1,54,6658,GA,ALPHARETTA,30005
2023,"MT TAM INNOVATIONS LLC",1,0,0,0,54,2041,VA,HERNDON,20170
2023,"MTHEORY CONSULTING GROUP LLC",0,0,1,0,54,4239,CA,"LOS ANGELES",90045
2023,"MTR IT SOLUTIONS INC",3,0,0,0,54,3268,FL,JACKSONVILLE,32207
2023,"MTSS GROUP INC",0,0,4,0,54,7167,NJ,PISCATAWAY,08854
2023,"MTTN INC AKA MOUNTAIN DIGITAL INC AKA MOUNTAIN INC",0,0,2,0,54,1839,TX,AUSTIN,78768
2023,"MTX GROUP INC",0,0,1,0,54,8973,,,
2023,"MTX GROUP INC",0,0,7,0,54,8973,TX,FRISCO,75034
2023,"MU HEALTHIT INC",3,0,0,0,54,0900,NJ,SOMERSET,08873
2023,"MUDRASYS INC",4,0,0,0,54,1893,CA,PLEASANTON,94588
2023,"MUENGINEERS INC",0,0,1,0,54,0871,FL,"OAKLAND PARK",33334
2023,"MUFSON HOWE HUNTER AND COMPANY LLC",0,0,1,0,54,7107,PA,PHILADELPHIA,19103
2023,"MUJIN CORP",0,0,1,0,54,8672,GA,ATLANTA,30350
2023,"MUKE GROUP INC",0,0,1,0,54,6284,,,
2023,"MUKE GROUP INC",1,0,3,0,54,6284,NJ,PARSIPPANY,07054
2023,"MULLER MULLER LTD",0,0,1,0,54,2558,IL,CHICAGO,60642
2023,"MULTI STATE TAX ACCOUNTING INC",0,0,1,0,54,6984,NY,"EAST SETAUKET",11733
2023,"MULTIEDGE INC",1,0,6,0,54,4221,TX,IRVING,75039
2023,"MULTINET INTERNATIONAL INC",0,0,0,1,54,0927,NY,"NEW YORK",10010
2023,"MULTISTUDIO INC",0,0,1,0,54,0359,MO,"KANSAS CITY",64111
2023,"MULTIVISION LLC",0,0,4,1,54,1666,VA,RESTON,20190
2023,"MUNDELL AND ASSOCIATES INC",0,0,1,0,54,5332,IN,INDIANAPOLIS,46219
2023,"MUNICIPAL TESTING LABORATORIES INC",0,0,1,0,54,4867,NY,HAUPPAUGE,11788
2023,"MUNRO ASSOCIATES INC",0,0,1,0,54,6422,MI,"AUBURN HILLS",48326
2023,"MUREX NORTH AMERICA INC",0,0,1,0,54,6574,,,
2023,"MUREX NORTH AMERICA INC",1,0,0,0,54,6574,NY,"NEW YORK",10019
2023,"MURIGENICS INC",0,0,1,0,54,5006,CA,VALLEJO,94592
2023,"MURTHA CULLINA LLP",0,0,1,0,54,6015,CT,HARTFORD,06103
2023,"MUSTACHE LLC",0,0,1,0,54,8817,NY,BROOKLYN,11201
2023,"MUSTACHE LLC",0,0,1,0,54,8817,IL,CHICAGO,60606
2023,"MUTEX SYSTEMS INC",2,0,7,0,54,2985,NJ,"SOUTH PLAINFIELD",07080
2023,"MUTINY HQ CORPORATION DBA MUTINY",0,0,1,0,54,3812,CA,"SAN FRANCISCO",94110
2023,"MVATION WORLDWIDE INC",0,0,1,0,54,0107,NY,"GLEN COVE",11542
2023,"MVE PARTNERS INC",0,0,1,0,54,6582,CA,IRVINE,92614
2023,"MVK TECHNOLOGIES INC",0,1,0,0,54,6545,TX,AUSTIN,78732
2023,"MVK TECHNOLOGIES INC",2,0,0,0,54,6545,TX,AUSTIN,78741
2023,"MVP CONSULTING PLUS INC",0,0,1,0,54,0234,NY,ALBANY,12205
2023,"MVS INC",1,0,0,0,54,7400,IN,INDIANAPOLIS,46234
2023,"MWES LLC",3,0,0,0,54,4602,WY,SHERIDAN,82801
2023,"MWH CONSTRUCTORS INC",0,0,1,0,54,2056,CO,BROOMFIELD,80021
2023,"MWIDM INC",0,0,2,0,54,7918,PA,WYNNEWOOD,19096
2023,"MX TECHNOLOGIES INC DBA MX",1,0,3,0,54,7054,UT,LEHI,84043
2023,"MY SUPPLY CHAIN GROUP LLC",0,0,1,0,54,9106,,,
2023,"MY SUPPLY CHAIN GROUP LLC",2,0,10,0,54,9106,AL,BIRMINGHAM,35242
2023,"MY TECHNOLOGY GEEKS",1,0,0,0,54,9619,WA,KENT,98031
2023,"MY3TECH INC",2,0,5,0,54,4283,SD,PIERRE,57501
2023,"MYAPPSHUB LLC",2,0,3,0,54,9352,NH,NASHUA,03062
2023,"MYCASE INC",0,0,2,0,54,3582,CA,"SAN DIEGO",92123
2023,"MYCASE INC",0,0,1,0,54,3582,,,
2023,"MYELOID THERAPEUTICS INC",0,0,1,0,54,6556,,,
2023,"MYERS HOLUM INC",0,0,1,0,54,0482,NY,"NEW YORK",10023
2023,"MYGO CONSULTING INC",8,1,16,0,54,4192,IL,NAPERVILLE,60563
2023,"MYOKARDIA INC",0,0,1,0,54,0552,CA,BRISBANE,94005
2023,"MYPAVE LLC",0,0,1,0,54,2200,MN,WAYZATA,55391
2023,"MYRON YANG AND CO LLC",0,0,1,0,54,7694,NY,FLUSHING,11354
2023,"MYSAPGROUP INC",1,0,1,0,54,9286,TX,IRVING,75039
2023,"MYSTEN LABS INC",0,0,1,0,54,9083,CA,"PALO ALTO",94301
2023,"MYSTUDIO LLC",0,1,0,0,54,1973,MA,CAMBRIDGE,02140
2023,"MYTHRI CONSULTING LLC",12,0,23,0,54,8404,TX,FRISCO,75034
2023,"MYTI INC",1,0,0,0,54,0573,FL,"BOCA RATON",33431
2023,"MYTRA INC",0,0,1,0,54,6014,CA,"SOUTH SAN FRANCISCO",94080
2023,"MYVEST CORPORATION",0,0,2,0,54,2011,CA,"SAN FRANCISCO",94111
2023,"N C MACARIO & ASSO INC",0,0,1,0,54,7938,GU,HAGATNA,96932
2023,"N FOLKS",1,0,0,0,54,2891,WA,BELLEVUE,98007
2023,"N GINEERS LLC",0,0,1,0,54,8441,GA,SUWANEE,30024
2023,"N-ALGO SOLUTIONS LLC",2,0,0,0,54,4138,VA,STERLING,20166
2023,"N1 SOLUTIONS LLC",1,0,0,0,54,1269,,,
2023,"N1 SOLUTIONS LLC",1,0,0,0,54,1269,TX,DALLAS,75244
2023,"N2 SERVICES INC",2,0,5,0,54,6545,FL,JACKSONVILLE,32258
2023,"N2FORCE TECHNOLOGIES INC",5,1,4,0,54,5423,IL,NAPERVILLE,60563
2023,"N2N SERVICES INC",0,0,2,0,54,6922,GA,DULUTH,30097
2023,"N3TWORK STUDIOS INC",0,0,1,0,54,1859,CA,"SAN FRANCISCO",94115
2023,"N9 IT SOLUTIONS INC",0,0,1,0,54,5572,,,
2023,"N9 IT SOLUTIONS INC",1,0,7,0,54,5572,MD,"ELLICOTT CITY",21043
2023,"NAAS TECHNOLOGIES LLC",0,0,1,0,54,3323,AZ,PHOENIX,85025
2023,"NABIH YOUSSEF & ASSOCIATES",0,0,1,0,54,3414,CA,"LOS ANGELES",90071
2023,"NAFI TECHNOLOGIES CORP",0,1,0,0,54,2858,NY,BUFFALO,14202
2023,"NAGARRO INC",0,0,1,0,54,5628,,,
2023,"NAGARRO INC",44,1,50,1,54,5628,CA,"SAN JOSE",95112
2023,"NAGRA USA LLC",0,0,1,0,54,1802,AZ,PHOENIX,85018
2023,"NAIK CONSULTING GROUP PC",0,0,1,0,54,6803,NJ,EDISON,08817
2023,"NAIVA SOLUTIONS INC",0,6,2,0,54,5669,DE,NEWARK,19702
2023,"NALASHAA LLC",0,0,5,0,54,2967,NJ,EDISON,08837
2023,"NALLAS CORPORATION",0,0,1,0,54,4458,NJ,STRATFORD,08084
2023,"NAM INFO INC",4,0,11,0,54,5658,NJ,CRANBURY,08512
2023,"NAM TECHNOLOGIES INC",3,1,12,0,54,1602,GA,ALPHARETTA,30022
2023,"NAMELY INC",0,0,1,0,54,0169,NY,"NEW YORK",10007
2023,"NAMITUS TECHNOLOGIES INC",4,0,6,0,54,4937,TX,FRISCO,75035
2023,"NAMO TECHNOLOGIES LLC",3,0,9,0,54,7200,NJ,WOODBRIDGE,07095
2023,"NAN TECHNOLOGIES INC",0,0,1,0,54,1508,MD,HALETHORPE,21227
2023,"NANAK KD VET INC DBA GRAND CANYON VETERINARY HOSPITAL",0,0,1,0,54,1943,CA,"CANYON COUNTRY",91351
2023,"NANAK KD VET INC DBA GRAND CANYON VETERINARY HOSPITAL",0,0,1,0,54,1943,CA,"SANTA CLARITA",91351
2023,"NANCY K PHILLIPS PC",0,0,1,0,54,1966,,,
2023,"NANDA INFOTECH SERVICES INC DBA ED",0,0,2,0,54,5778,PA,BENSALEM,19020
2023,"NANDA TECHNOLOGIES LLC",1,0,0,0,54,5220,OH,COLUMBUS,43235
2023,"NANO X AL INC FORMERLY ZEBRA MEDICAL VISION LTD",0,0,1,0,54,5369,NJ,"FORT LEE",07024
2023,"NANOARK TECHNOLOGY LLC",0,0,1,0,54,0100,MN,CARVER,55315
2023,"NANOCOMPOSIX LLC",0,0,1,0,54,5921,CA,"SAN DIEGO",92111
2023,"NANOCUBE TECHNOLOGIES LLC",1,0,2,0,54,9825,KY,FRANKFORT,40601
2023,"NANOLAB TECHNOLOGIES INC",0,0,1,0,54,2059,CA,MILPITAS,95035
2023,"NANOSOFT TECHNOLOGIES INC DBA NANOTECH SYSTEMS",0,1,0,0,54,6589,MI,"ANN ARBOR",48103
2023,"NANOSTRING TECHNOLOGIES INC",0,0,1,0,54,4687,WA,SEATTLE,98109
2023,"NANTEZ INC",1,0,2,0,54,2406,VA,HERNDON,20170
2023,"NANVI TECHNOLOGY SOLUTIONS LLC",1,0,0,0,54,1450,TX,PLANO,75074
2023,"NARCHITECTS LLC DBA NARCHITECTS",0,0,1,0,54,7140,NY,BROOKLYN,11201
2023,"NARTAL SYSTEMS INC",2,0,8,1,54,6017,NJ,CRANBURY,08512
2023,"NARVEE TECH INC",9,2,2,0,54,0281,TX,IRVING,75038
2023,"NARVLE LLC DBA NARVLE",1,0,0,0,54,4946,MD,"ELLICOTT CITY",21042
2023,"NARWAL INC",5,0,2,0,54,6359,OH,CINCINNATI,45249
2023,"NASCENT IT SERVICES LLC",1,0,1,0,54,0467,TX,IRVING,75038
2023,"NASCENT TECHNOLOGIES INC",1,0,1,0,54,7744,TX,AUSTIN,78731
2023,"NATEN LLC",2,1,0,0,54,2535,TX,PLANO,75074
2023,"NATERA INC",1,0,11,0,54,4487,CA,"SAN CARLOS",94070
2023,"NATILIK INC",0,0,1,0,54,8010,NY,"NEW YORK",10016
2023,"NATIONAL CABLE COMMUNICATIONS LLC DBA AMPERSAND",0,0,1,0,54,9154,NY,"NEW YORK",10036
2023,"NATIONAL COLLEGIATE SCOUTING ASSOCIATION LLC",0,0,1,0,54,8895,NY,"NEW YORK",10010
2023,"NATIONAL COMMITTEE FOR QUALITY ASSURANCE",0,0,1,0,54,1985,DC,WASHINGTON,20005
2023,"NATIONAL CONSULTING GROUP INC",3,0,4,0,54,9176,NJ,PRINCETON,08540
2023,"NATIONAL COUNCIL FOR AIR & STREAM IMPROVEMENT INC",0,0,1,0,54,5344,NC,CARY,27511
2023,"NATIONAL DATACARE CORPORATION",0,0,1,0,54,4122,VA,CHANTILLY,20151
2023,"NATIONAL ECONOMIC RESEARCH ASSOCIATES INC",0,0,1,0,54,9539,NY,"NEW YORK",10036
2023,"NATIONAL ENDOWMENT FOR DEMOCRACY",0,0,1,0,54,4831,DC,WASHINGTON,20002
2023,"NATIONAL INSTITUTE OF AEROSPACE",0,0,1,0,54,5665,VA,HAMPTON,23666
2023,"NATIONAL INSTITUTES OF HEALTH HHS",2,0,5,0,54,6960,,,
2023,"NATIONAL INSTITUTES OF HEALTH HHS",59,1,94,6,54,6960,MD,BETHESDA,20892
2023,"NATIONAL INSTRUMENTS CORPORATION",2,0,7,1,54,1327,TX,AUSTIN,78759
2023,"NATIONAL RADIO ASTRONOMY OBSERVATORY",1,0,0,0,54,0900,,,
2023,"NATIONAL RADIO ASTRONOMY OBSERVATORY",3,0,5,0,54,0900,VA,CHARLOTTESVILLE,22903
2023,"NATIONAL SOFT SYSTEMS INC",0,1,7,0,54,0310,AR,ROGERS,72756
2023,"NATIONAL SYSTEMS AMERICA L P",1,0,0,0,54,6291,TX,PLANO,75024
2023,"NATIONAL VETERINARY ASSOCIATES INC",0,0,1,0,54,8066,CA,"AGOURA HILLS",91301
2023,"NATL BUREAU OF ECONOMIC RESEARCH",1,0,1,0,54,1075,MA,CAMBRIDGE,02138
2023,"NATL RESEARCH GRP INC",0,0,1,0,54,4285,,,
2023,"NATSOFT CORPORATION",0,0,4,0,54,1761,,,
2023,"NATSOFT CORPORATION",32,0,56,0,54,1761,NJ,SOMERSET,08873
2023,"NATSOT CORPORATION",0,0,1,0,54,1761,NJ,SOMERSET,08873
2023,"NATURAL GAS FUEL SYSTEMS LLC",1,0,0,0,54,5197,TX,ROANOKE,76262
2023,"NAUTILUS SUBSIDIARY INC",0,0,5,0,54,8437,WA,SEATTLE,98102
2023,"NAUTO INC",0,0,3,0,54,2789,CA,"PALO ALTO",94306
2023,"NAVA SOFTWARE SOLUTIONS LLC",0,0,2,0,54,3791,CT,"ROCKY HILL",06067
2023,"NAVALIMPIANTI USA, INC.",1,0,0,0,54,2232,FL,"FORT LAUDERDALE",33311
2023,"NAVASAL INC",1,0,4,0,54,9520,TX,CARROLLTON,75006
2023,"NAVATIO PHARMA USA LLC",1,0,0,0,54,6357,SC,GRANITEVILLE,29829
2023,"NAVATIO PHARMA USA LLC",1,0,0,0,54,6357,SC,GRANITEVILLE,29829
2023,"NAVAYUGA INFOTECH LLC DBA NAVTECH LLC",2,0,1,0,54,1151,GA,MARIETTA,30067
2023,"NAVILLUS TILE INC",0,0,2,0,54,1781,NY,"NEW YORK",10017
2023,"NAVIS LP",0,0,2,0,54,4201,CA,OAKLAND,94607
2023,"NAVIS LP",0,0,3,0,54,4201,CA,"UNION CITY",94587
2023,"NAVISITE LLC",0,0,1,0,54,1488,MA,ANDOVER,01810
2023,"NAVITAIRE, LLC",1,0,0,0,54,5560,UT,"SALT LAKE CITY",84121
2023,"NAVITAS BUSINESS CONSULTING INC",4,0,5,0,54,8454,VA,HERNDON,20171
2023,"NAVITAS DATA SCIENCES",0,1,0,0,54,0235,,,
2023,"NAVITAS DATA SCIENCES",1,0,1,0,54,0235,PA,POTTSTOWN,19464
2023,"NAVITAS SEMICONDUCTOR INC",1,0,0,0,54,4185,CA,TORRANCE,90503
2023,"NAVOINFO INC",1,0,0,0,54,1266,TX,ADDISON,75001
2023,"NAVVIS & COMPANY LLC",0,0,5,0,54,7029,MO,"SAINT LOUIS",63141
2023,"NB VENTURES INC DBA GEP",4,1,39,1,54,1259,NJ,CLARK,07066
2023,"NB VENTURES INC DBA GEP",0,0,1,0,54,1259,,,
2023,"NBBJ ARCHITECTURE PLLC",0,0,1,0,54,1315,NY,"NEW YORK",10003
2023,"NBBJ LLC",0,0,1,0,54,7404,OH,COLUMBUS,43215
2023,"NBBJ LP",0,0,6,1,54,4838,WA,SEATTLE,98109
2023,"NBS CONSULT INC",0,3,0,0,54,4354,NJ,PISCATAWAY,08854
2023,"NC VENTURES LLC",0,0,1,0,54,2423,NY,"NEW YORK",10110
2023,"NCC GROUP AMERICAS INC",0,0,1,0,54,7922,CA,"SAN FRANCISCO",94108
2023,"NCHENG LLP CERTIFIED PUBLIC ACCTS",0,0,1,0,54,6770,NY,"NEW YORK",10005
2023,"NCLIPSE SOLUTIONS LLC",0,0,1,0,54,0588,VA,HERNDON,20171
2023,"NCODERS TECHNOLOGY SOLUTIONS LLC",1,0,1,0,54,2898,FL,LONGWOOD,32750
2023,"NCONTRACTS LLC",0,0,1,0,54,5792,TN,BRENTWOOD,37027
2023,"NCOUP INC",0,0,1,0,54,4539,CA,FREMONT,94539
2023,"NCR CORPORATION",1,0,32,0,54,7920,GA,ATLANTA,30308
2023,"NCR CORPORATION",1,0,2,0,54,7920,,,
2023,"NCS SERVICES LLC",0,1,0,0,54,3860,MD,"WINDSOR MILL",21244
2023,"ND GLOBAL CONSULTING SERVICES INC",1,0,10,0,54,4794,TX,MCKINNEY,75070
2023,"NDIMENSIONS TECHNOLOGIES INC",3,0,2,0,54,5013,MI,LIVONIA,48152
2023,"NEAL ANALYTICS LLC",0,0,1,0,54,5276,WA,BELLEVUE,98005
2023,"NEAR EARTH AUTONOMY",1,0,0,0,54,2356,PA,PITTSBURGH,15208
2023,"NEATLEAF INC",0,0,1,0,54,9451,CA,"SCOTTS VALLEY",95066
2023,"NEBO AGENCY LLC",0,0,1,0,54,1436,GA,ATLANTA,30310
2023,"NEBOSYS INC",1,0,1,0,54,6275,TX,FRISCO,75034
2023,"NEBULA LLC",0,0,1,0,54,7912,VA,ASHBURN,20147
2023,"NEBULA PARTNERS LLC",0,0,1,0,54,1302,,,
2023,"NEBULA PARTNERS LLC",1,0,7,1,54,1302,GA,ALPHARETTA,30022
2023,"NEBULE INC",1,0,0,0,54,5133,TX,"ROUND ROCK",78664
2023,"NEC CORPORATION OF AMERICA",0,0,4,0,54,5337,TX,IRVING,75063
2023,"NEC LABORATORIES AMERICA INC",0,0,2,0,54,0464,NJ,PRINCETON,08540
2023,"NECHELESLAW, LLP",0,1,0,0,54,7142,NY,"NEW YORK",10036
2023,"NECTAR INFO TEK LLC",1,0,1,0,54,8657,VA,RESTON,20191
2023,"NEED INC",2,0,1,0,54,5590,CA,"SANTA MONICA",90405
2023,"NEEL SCHAFFER INC",1,0,0,0,54,1634,MS,JACKSON,39211
2023,"NEEV SYSTEMS LLC",1,0,0,0,54,3253,CA,MILPITAS,95035
2023,"NEEVSYS INC",0,0,1,0,54,7378,VA,OAKTON,22124
2023,"NEHAL CONTRACTING INC",0,0,1,0,54,7356,NY,NANUET,10954
2023,"NELSON BUMGARDNER CONROY PC",0,0,1,0,54,6053,TX,"FORT WORTH",76107
2023,"NELSON\NYGAARD CONSULTING ASSOCIATES INC D/B/A NELSON\NYGAARD",0,0,1,0,54,2493,CA,"SAN FRANCISCO",94105
2023,"NEMO IT SOLUTIONS INC",0,0,11,2,54,8571,TX,RICHARDSON,75081
2023,"NENI TECHSYSTEMS INC",1,0,0,0,54,8064,TX,LEWISVILLE,75067
2023,"NEO INFOTECH INC",22,2,0,0,54,6241,TX,DALLAS,75244
2023,"NEO PLM INC",0,0,1,0,54,8021,CT,"NEW HAVEN",06511
2023,"NEO PRISM SOLUTIONS LLC",0,0,1,0,54,7182,,,
2023,"NEO PRISM SOLUTIONS LLC",0,0,17,0,54,7182,NC,CHARLOTTE,28226
2023,"NEO PRISM SOLUTIONS LLC",2,1,1,0,54,7182,TX,FRISCO,75034
2023,"NEO SOFTWARE TECHNOLOGIES LLC",1,0,0,0,54,9408,MO,"KANSAS CITY",64108
2023,"NEO TECH SOLUTIONS INC",7,0,6,0,54,9058,NJ,EDISON,08817
2023,"NEO TECH SOLUTIONS INC",3,0,5,0,54,9058,NJ,"SOUTH PLAINFIELD",07080
2023,"NEOAGE SERVICES LLC",2,0,3,0,54,9788,TX,HOUSTON,77084
2023,"NEOBOTREE TECHNOLOGIES LLC",1,0,0,0,54,3308,KS,"OVERLAND PARK",66221
2023,"NEOCOL INC",0,0,1,0,54,1385,IL,CHICAGO,60612
2023,"NEOGEN CORPORATION",1,0,0,0,54,7843,MI,LANSING,48912
2023,"NEOITEK SYSTEMS INC",0,0,1,0,54,2124,NJ,LIVINGSTON,07039
2023,"NEOITEK SYSTEMS INC",5,0,1,0,54,2124,NJ,TOTOWA,07512
2023,"NEON  USA LLC",0,0,1,0,54,5704,CA,SARATOGA,95070
2023,"NEON TECH SYSTEMS INC",2,0,0,0,54,2355,MA,MARLBOROUGH,01752
2023,"NEONSOFT INC",0,0,1,0,54,3598,IL,BARRINGTON,60010
2023,"NEOSIS IT SOLUTIONS LLC",3,0,0,0,54,4229,IL,"ROLLING MDWS",60008
2023,"NEOSIS IT SOLUTIONS LLC",1,0,1,0,54,4229,IL,"ROLLING MEADOWS",60008
2023,"NEOSOFT LLC",0,0,1,0,54,0727,WI,PEWAUKEE,53072
2023,"NEOSTRIDE LLC",1,0,1,0,54,8555,NJ,PARSIPPANY,07054
2023,"NEOTEK SOLUTIONS LLC",6,0,0,0,54,7532,TN,NASHVILLE,37215
2023,"NEPHOS TECHNOLOGIES",3,2,0,0,54,5635,NJ,"NORTH BRUNSWICK",08902
2023,"NERDPINE SOLUTIONS LLC",6,0,1,0,54,9803,OR,BEAVERTON,97006
2023,"NERDPINE SOLUTIONS LLC",11,7,1,0,54,9803,OR,HILLSBORO,97006
2023,"NESH TECHNOLOGIES LLC",1,0,0,0,54,4281,TX,MCKINNEY,75070
2023,"NESPON INC",1,0,0,0,54,9073,TX,GRAPEVINE,76051
2023,"NESS USA INC",11,1,19,2,54,0053,PA,CANONSBURG,15317
2023,"NEST TECHNOLOGIES CORPORATION",2,0,2,0,54,0348,VA,STERLING,20166
2023,"NESTING TECHNOLOGIES INC",0,1,0,0,54,3237,PA,NEWTOWN,18940
2023,"NET INSIGHT INC",0,0,1,0,54,4321,CA,CAMARILLO,93010
2023,"NET ORBIT INC",0,0,1,0,54,3053,AZ,TEMPE,85282
2023,"NETAPP INC",0,0,3,0,54,7520,,,
2023,"NETAPP INC",0,0,50,1,54,7520,CA,"SAN JOSE",95128
2023,"NETAPP INC",0,0,1,0,54,7520,CA,"SAN JOSE",95138
2023,"NETARCH AMERICA INC",5,0,0,0,54,2519,MO,BALLWIN,63011
2023,"NETBRAIN TECHNOLOGIES INC",1,0,0,1,54,1033,MA,BURLINGTON,01803
2023,"NETCRACKER TECHNOLOGY CORPORATION",0,0,6,0,54,0872,MA,WALTHAM,02453
2023,"NETEASE INFORMATION TECHNOLOGY CORPORATION",1,0,2,0,54,5555,CA,PASADENA,91101
2023,"NETEFFECTS INC",0,0,3,0,54,8495,MO,CHESTERFIELD,63017
2023,"NETENRICH INC",1,0,0,0,54,8211,CA,"SAN JOSE",95131
2023,"NETEX SOLUTIONS LLC",0,0,1,0,54,0207,,,
2023,"NETEX SOLUTIONS LLC",1,0,0,0,54,0207,FL,MIAMI,33166
2023,"NETGAINS ENGINEERING PC",0,0,1,0,54,7660,NY,"LAKE SUCCESS",11042
2023,"NETGROUP INC",0,0,2,0,54,7961,NC,GREENSBORO,27409
2023,"NETHYVE TECHNOLOGIES INC",0,0,1,0,54,6113,VA,ASHBURN,20147
2023,"NETKI INC",0,0,1,0,54,2516,CA,"WOODLAND HILLS",91303
2023,"NETLINE TECHNOLOGIES LLC",0,0,1,0,54,4006,,,
2023,"NETLINE TECHNOLOGIES LLC",6,0,7,0,54,4006,NJ,WOODBRIDGE,07095
2023,"NETLOGIC SOLUTIONS INC",0,0,2,0,54,2078,,,
2023,"NETLOGIC SOLUTIONS INC",3,0,1,0,54,2078,VA,CHANTILLY,20151
2023,"NETOMI INC",0,0,1,0,54,1286,CA,"SAN MATEO",94402
2023,"NETRESOLUTE INC",0,1,0,0,54,3225,TX,DALLAS,75247
2023,"NETRESOLUTE INC",1,3,2,0,54,3225,TX,"FORT WORTH",76102
2023,"NETRESOLUTE INC",1,0,0,0,54,3225,TX,"FORT WORTH",76109
2023,"NETRIX LLC",0,0,1,0,54,3678,IL,BANNOCKBURN,60015
2023,"NETROVERT SOFTWARE INC",4,1,1,0,54,2918,NY,HICKSVILLE,11801
2023,"NETSCOUT SYSTEMS INC",0,0,1,0,54,7575,,,
2023,"NETSCOUT SYSTEMS INC",1,0,4,0,54,7575,MA,WESTFORD,01886
2023,"NETSEC PROFESSIONALS CORPORATION",0,0,2,0,54,8665,,,
2023,"NETSEC PROFESSIONALS CORPORATION",0,0,11,0,54,8665,NJ,HAMMONTON,08037
2023,"NETSEC PROFESSIONALS CORPORATION",4,0,1,0,54,8665,NJ,MANVILLE,08835
2023,"NETSERV LLC",1,0,0,0,54,7524,CA,"SAN JOSE",95131
2023,"NETSKOPE INC",0,0,9,0,54,1117,CA,"SANTA CLARA",95054
2023,"NETSMART TECHNOLOGIES INC",0,0,2,0,54,0154,KS,LEAWOOD,66211
2023,"NETSMART TECHNOLOGIES INC",0,0,1,0,54,0154,KS,"OVERLAND PARK",66211
2023,"NETSMARTZ LLC",1,0,0,0,54,4944,NY,PITTSFORD,14534
2023,"NETSPI LLC",0,0,1,0,54,2686,MN,MINNEAPOLIS,55401
2023,"NETSTRIVE CONSULTING LLC",0,0,1,0,54,9756,IL,LOMBARD,60148
2023,"NETSYNC MANAGED INC",0,0,1,0,54,1433,TX,BELLAIRE,77401
2023,"NETTLINX INC",0,0,1,0,54,1830,NJ,"UNION CITY",07087
2023,"NETTRACER INC",0,0,1,0,54,1134,GA,ATLANTA,30339
2023,"NETVISION RESOURCES INC",0,0,1,0,54,9340,,,
2023,"NETVISION RESOURCES INC",0,0,2,0,54,9340,VA,CHANTILLY,20151
2023,"NETWORK BUILDING CONSULTING LLC",0,0,1,0,54,4247,MD,ELKRIDGE,21075
2023,"NETWORK OBJECTS INC",3,0,11,0,54,3028,TX,PLANO,75024
2023,"NETWORK OPTIX INC",0,0,1,0,54,8967,,,
2023,"NETWORK PACKAGING GROUP LLC",0,0,1,0,54,8448,IN,WARSAW,46582
2023,"NETWORK SERVICES COMPANY",0,0,1,0,54,9155,IL,SCHAUMBURG,60173
2023,"NETWORK THINKING SOLUTIONS INC",0,0,2,0,54,0455,CA,"WESTLAKE VILLAGE",91362
2023,"NETWOVEN INC",1,0,0,0,54,8674,CA,DUBLIN,94568
2023,"NEUDESIC LLC",0,1,10,0,54,8382,CA,IRVINE,92618
2023,"NEUMERIC TECHNOLOGIES CORPORATION",7,0,10,0,54,3927,OH,"LEWIS CENTER",43035
2023,"NEUMERIC TECHNOLOGIES CORPORATION",0,0,1,0,54,3927,,,
2023,NEURAFLASH,0,0,2,0,54,3352,MA,BURLINGTON,01803
2023,"NEURALINK CORP",0,0,2,0,54,2960,CA,FREMONT,94555
2023,"NEUROCRINE BIOSCIENCES INC",1,0,0,0,54,5145,CA,"SAN DIEGO",92130
2023,"NEURON23 INC",0,0,1,0,54,9329,CA,"SOUTH SAN FRANCISCO",94080
2023,"NEUROX1 INC",0,0,1,0,54,5524,TX,AUSTIN,78705
2023,"NEUTRON HOLDINGS INC DBA LIME BIKE",2,0,8,0,54,0517,CA,"SAN FRANCISCO",94105
2023,"NEUTRONIT INC",0,0,9,0,54,5477,TX,IRVING,75063
2023,"NEVONEX IT SOLUTIONS INC",10,3,1,0,54,4274,FL,"FORT MYERS",33901
2023,"NEW DATATECH LLC",0,0,0,1,54,4675,NJ,BRIDGEWATER,08807
2023,"NEW DOVER TECH LLC",3,1,0,0,54,4332,NJ,EDISON,08820
2023,"NEW ENGEN",0,0,1,0,54,9343,WA,SEATTLE,98121
2023,"NEW ENGLAND CONTROLS INC",1,0,5,0,54,9826,MA,MANSFIELD,02048
2023,"NEW ENGLAND IT ASSOCIATES INC",0,0,5,0,54,3716,MA,BURLINGTON,01803
2023,"NEW ENGLAND SOFTWARE TECHNOLOGY INC",0,0,1,0,54,3532,TX,PLANO,75023
2023,"NEW ERA CONSULTING SERVICES INC",1,0,1,0,54,9915,MI,"FARMINGTON HILLS",48335
2023,"NEW ERA TECHNOLOGY INC",0,0,1,0,54,8820,,,
2023,"NEW ERA TECHNOLOGY INC",2,0,20,0,54,8820,PA,"WEST CHESTER",19382
2023,"NEW ERIE SCIENTIFIC LLC",0,0,1,0,54,7456,NH,PORTSMOUTH,03801
2023,"NEW JERSEY INNOVATION INSTITUTE",1,0,1,0,54,2118,NJ,NEWARK,07102
2023,"NEW JERSEY TECH SYSTEMS LLC",0,0,1,0,54,4846,NJ,PISCATAWAY,08854
2023,"NEW MAINSTREAM PRESS INC",0,0,1,0,54,2097,PA,"BALA CYNWYD",19004
2023,"NEW MEXICO CONSORTIUM",0,0,5,0,54,0262,NM,"LOS ALAMOS",87544
2023,"NEW MILLENIUM CONSULTING LLC",1,0,0,0,54,5016,NJ,"EAST HANOVER",07936
2023,"NEW RELIC INC",0,0,9,0,54,7431,CA,"SAN FRANCISCO",94105
2023,"NEW WAVE LLC",1,0,0,0,54,2304,OR,SCIO,97374
2023,"NEW YORK CONSOLIDATED INC (CARA)",1,0,0,0,54,7696,NY,"NEW YORK",10011
2023,"NEW YORK DESIGN ARCHITECTS LLP",0,0,1,0,54,8348,NY,"NEW YORK",10013
2023,"NEW YORK GENOME CENTER INC",6,0,2,0,54,1734,NY,"NEW YORK",10013
2023,"NEW YORK GLOBAL CONSULTANTS INC",0,0,2,0,54,4378,NY,UNIONDALE,11556
2023,"NEW YORK IMMIGRATION SERVICE LLC",1,0,0,0,54,3661,NY,"NEW YORK",10018
2023,"NEW YORK STRUCTURAL BIOLOGY CENTER",0,0,1,0,54,3587,,,
2023,"NEW YORK STRUCTURAL BIOLOGY CENTER",2,0,0,0,54,3587,NY,"NEW YORK",10027
2023,"NEW YORK TECHNOLOGY PARTNERS INC",9,0,9,2,54,9507,NJ,ISELIN,08830
2023,"NEWA TECHNOLOGY INC",1,0,0,0,54,6268,CA,"REDWOOD CITY",94065
2023,"NEWBANKS INC/FLORIDA",0,0,1,0,54,8971,FL,ORLANDO,32801
2023,"NEWBIE SOFT SOLUTIONS LLC",0,0,1,0,54,3097,TX,FRISCO,75034
2023,"NEWBRIGHT LAW GROUP A P C",1,0,0,0,54,8898,CA,"ROWLAND HEIGHTS",91748
2023,"NEWDREAM DATA SYSTEMS LLC",1,1,1,0,54,0714,TX,FRISCO,75035
2023,"NEWFOLD DIGITAL INC",0,0,2,0,54,5980,,,
2023,"NEWFOLD DIGITAL INC",0,0,2,0,54,5980,FL,JACKSONVILLE,32256
2023,"NEWRON TECH INC",2,0,2,0,54,7424,TX,AUSTIN,78754
2023,"NEWT GLOBAL CONSULTING, LLC",2,0,0,0,54,9247,TX,IRVING,75038
2023,"NEWWAY TECHNOLOGY US INC",0,0,1,0,54,6238,CA,ARCADIA,91006
2023,"NEXA DIGITAL ENGINEERING INC",2,0,1,0,54,3748,OH,DUBLIN,43017
2023,"NEXAQ LLC",3,1,0,0,54,5563,FL,MIAMI,33126
2023,"NEXBEGIN LLC",0,2,0,0,54,6709,TX,DALLAS,75234
2023,"NEXBEGIN LLC",0,1,0,0,54,6709,TX,"FARMERS BRANCH",75234
2023,"NEXCRUIT IT SERVICES LLC",0,8,1,0,54,5288,TX,IRVING,75062
2023,"NEXEON TECHNOLOGY BUSINESS SERVICES LLC",0,0,2,0,54,5246,IL,WARRENVILLE,60555
2023,"NEXGEN IOT SOLUTIONS",1,0,0,0,54,4679,TX,ALLEN,75013
2023,"NEXGEN IT SOURCING LLC",1,0,0,0,54,4289,PA,COLLEGEVILLE,19426
2023,"NEXGEN LLC",0,0,1,0,54,0656,MN,CARVER,55315
2023,"NEXGEN TECHNOLOGIES INC",0,0,1,0,54,5644,CO,DENVER,80228
2023,"NEXGEN TECHNOLOGIES INC",0,0,1,0,54,5644,CO,LAKEWOOD,80228
2023,"NEXIEN INC",0,0,3,0,54,0161,NJ,"RIDGEFIELD PARK",07660
2023,"NEXIENT LLC",1,0,7,0,54,0105,TX,PLANO,75024
2023,"NEXIENT LLC",0,0,3,0,54,0105,CA,NEWARK,94560
2023,"NEXINFO SOLUTIONS INC",2,0,4,0,54,4111,CA,"SANTA ANA",92701
2023,"NEXIUS SOLUTIONS INC",0,0,0,2,54,3174,TX,FRISCO,75034
2023,"NEXIUS SOLUTIONS INC",0,0,0,1,54,3174,TX,"THE COLONY",75056
2023,"NEXON IT SOLUTIONS INC",22,0,0,0,54,6307,TX,DALLAS,75243
2023,"NEXPRO TECHNOLOGIES INC",0,0,3,0,54,3979,PA,"KING OF PRUSSIA",19406
2023,"NEXSOLV INC",0,0,3,0,54,9789,VA,CHANTILLY,20151
2023,"NEXT GEN SOFTWARE SOLUTIONS LLC",13,0,0,0,54,3299,VA,LEESBURG,20175
2023,"NEXT LEVEL BUSINESS SERVICES INC",0,0,1,0,54,5283,GA,ALPHARETTA,30005
2023,"NEXT PHASE SOLUTIONS AND SERVICES INC",0,0,1,0,54,0258,MD,COLUMBIA,21044
2023,"NEXT STEPS IT SERVICES LLC",2,0,0,0,54,4881,GA,CUMMING,30041
2023,"NEXT TECHNOLOGIES LLC",0,0,1,0,54,2936,MN,BLOOMINGTON,55431
2023,"NEXTBITS INC",1,0,0,0,54,4829,MA,"NORTH ATTLEBORO",02760
2023,"NEXTERA ENERGY PROJECT MANAGEMENT LLC",0,0,1,0,54,9809,FL,"JUNO BEACH",33408
2023,"NEXTERA ENERGY PROJECT MANAGEMENT LLC",1,0,3,0,54,9809,FL,"NORTH PALM BEACH",33408
2023,"NEXTERAPATH INC",3,0,1,0,54,1242,TX,IRVING,75063
2023,"NEXTGEN CONSULTING INC",1,0,3,0,54,0274,GA,NORCROSS,30092
2023,"NEXTGEN CONSULTING INC",0,0,2,0,54,0274,GA,"PEACHTREE CORNERS",30092
2023,"NEXTGEN GIG SOLUTIONS LLC",4,1,0,0,54,3312,TX,AUSTIN,78748
2023,"NEXTGEN GLOBAL RESOURCES LLC",0,0,7,1,54,0241,IL,CHICAGO,60606
2023,"NEXTGEN INFORMATION SERVICES INC",0,0,1,0,54,1848,MO,"SAINT LOUIS",63127
2023,"NEXTGEN IT SOLUTIONS INC",4,1,0,0,54,6975,VA,ASHBURN,20147
2023,"NEXTGEN SOLUTIONS INC",0,0,3,0,54,2097,NC,CHARLOTTE,28262
2023,"NEXTGEN TECHNOLOGIES INC",1,0,3,0,54,1739,CA,"SAN JOSE",95112
2023,"NEXTOGEN INC",2,0,0,0,54,2019,CA,TRACY,95391
2023,"NEXTONIC SOLUTIONS",1,0,0,0,54,7075,MD,GERMANTOWN,20874
2023,"NEXTRNA THERAPEUTICS INC",0,0,1,0,54,1536,MA,BOSTON,02135
2023,"NEXTROLL INC",0,0,1,0,54,6965,,,
2023,"NEXTROLL INC",0,0,2,0,54,6965,CA,"SAN FRANCISCO",94111
2023,"NEXTROW INC",1,0,7,0,54,1048,IL,SCHAUMBURG,60173
2023,"NEXTSPHERE TECHNOLOGIES INC",0,0,4,1,54,2062,FL,TAMPA,33634
2023,"NEXTSTAR INC",0,0,1,0,54,9708,TX,FRISCO,75035
2023,"NEXTUPLE INC",1,0,3,0,54,0486,MA,ANDOVER,01810
2023,"NEXTURN INC",5,0,0,0,54,5418,WA,BELLEVUE,98007
2023,"NEXUS IT INC",1,0,1,0,54,6454,VA,ASHBURN,20147
2023,"NEXUS IT INC",3,0,0,0,54,6454,VA,ASHBURN,20166
2023,"NEXUS IT INC",24,0,7,1,54,6454,VA,STERLING,20166
2023,"NEXWAVE TALENT MANAGEMENT SOLUTIONS LLC",4,0,4,0,54,0306,GA,ALPHARETTA,30005
2023,"NEXZENTEK SOLUTIONS INC",0,1,10,0,54,8579,NJ,"EAST BRUNSWICK",08816
2023,"NFERENCE INC",0,0,2,0,54,3049,MA,CAMBRIDGE,02142
2023,"NGA GROUP INC",5,1,1,0,54,1955,NJ,"NORTH BRUNSWICK",08902
2023,"NGENA USA LLC",1,0,0,0,54,2319,FL,MIAMI,33132
2023,"NGI INC",0,0,3,0,54,7150,TX,HOUSTON,77043
2023,"NGM BIOPHARMACEUTICALS INC",0,0,1,0,54,9911,CA,"SOUTH SAN FRANCISCO",94080
2023,"NGS INFONET INC",2,0,0,0,54,0984,VA,STERLING,20166
2023,"NGTALENTTECH GROUP LLC",5,0,9,0,54,2977,TX,FRISCO,75035
2023,"NGUSOFT INC",1,0,0,0,54,6518,CA,"SANTA CLARA",95054
2023,"NHN GLOBAL INC",0,0,1,0,54,1134,CA,"LOS ANGELES",90013
2023,"NIA ARCHITECTS INC",0,0,1,0,54,3165,IL,CHICAGO,60607
2023,"NIANTIC INC",0,0,1,0,54,7639,,,
2023,"NIANTIC INC",0,0,13,1,54,7639,CA,"SAN FRANCISCO",94111
2023,"NIC INFO TEK INC",0,0,7,0,54,3994,FL,TAMPA,33637
2023,"NIC INFO TEK INC",0,0,3,0,54,3994,FL,"TEMPLE TERRACE",33637
2023,"NIC INFO TEK INC",0,0,1,0,54,3994,,,
2023,"NIC SOLUTIONS LLC",0,0,1,0,54,3691,KS,"OVERLAND PARK",66210
2023,"NICHE IT SOFTWARE SOLUTIONS LLC",1,0,0,0,54,5028,MI,NOVI,48375
2023,"NICHOLAS LAWRENCE DESIGN ASSOCIATES LLC",0,0,1,0,54,3638,CA,"PALM DESERT",92260
2023,"NICHOLS MELBURG & ROSSETTO AIA & ASSOCIATES INC",0,0,1,0,54,9012,CA,CHICO,95928
2023,"NICMAN GROUP LLC",0,0,1,0,54,2587,CO,ENGLEWOOD,80112
2023,"NICOLE HOLLIS INC DBA NICOLEHOLLIS",0,0,1,0,54,0751,CA,"SAN FRANCISCO",94103
2023,"NIDAAN SYSTEMS INC",0,0,1,0,54,5181,CA,MILPITAS,95035
2023,"NIELSEN AUDIO INC",0,0,1,0,54,8528,MD,COLUMBIA,21046
2023,"NIELSEN CONSUMER LLC DBA NIELSENIQ",0,0,1,0,54,8832,,,
2023,"NIELSEN CONSUMER LLC DBA NIELSENIQ",0,0,12,0,54,8832,IL,CHICAGO,60606
2023,"NIFTEK INC",5,0,1,0,54,4835,TX,FRISCO,75034
2023,"NIHA TECHNOLOGIES INC",1,0,0,0,54,2196,,,
2023,"NIHA TECHNOLOGIES INC",10,1,1,0,54,2196,VA,HERNDON,20171
2023,"NIHILENT INC",1,0,1,0,54,5392,MN,ROSEVILLE,55113
2023,"NIHILENT INC",1,0,0,0,54,5392,MN,"SAINT PAUL",55113
2023,"NIIT USA INC",0,0,2,0,54,7610,GA,ATLANTA,30346
2023,"NIKTOR IT INC",3,0,0,0,54,9098,CT,FARMINGTON,06032
2023,"NIKTOR LLC",0,0,3,0,54,1661,CT,FARMINGTON,06032
2023,"NILA PROFESSIONAL SERVICES LLC",2,0,0,0,54,2964,NJ,JAMESBURG,08831
2023,"NILA PROFESSIONAL SERVICES LLC",1,0,0,0,54,2964,NJ,"MONROE TOWNSHIP",08831
2023,"NILE GLOBAL INC",0,0,1,0,54,8573,CA,"SAN JOSE",95134
2023,"NILE GROUP",1,0,2,0,54,2888,CO,DENVER,80237
2023,"NIMBLEWORKS LLC",0,1,0,0,54,6575,,,
2023,"NIMBUS CONSULTING LLC",0,0,1,0,54,5527,,,
2023,"NIMMETRIX LLC DBA BLUMETRA SOLUTIONS",3,0,1,0,54,0999,TX,HOUSTON,77084
2023,"NIMML INSTITUTE INC",1,0,0,0,54,0149,,,
2023,"NINFO SYSTEMS INC",1,0,1,0,54,7381,,,
2023,"NINFO SYSTEMS INC",0,0,12,0,54,7381,NJ,"MONMOUTH JUNCTION",08852
2023,"NIOWAVE INC",0,0,1,0,54,9926,MI,LANSING,48906
2023,"NIRVANA ENTERPRISES LLC",1,1,3,0,54,2414,NJ,EDISON,08817
2023,"NISSAN NORTH AMERICA INC",0,0,1,0,54,8010,,,
2023,"NISSAN NORTH AMERICA INC",0,0,6,0,54,8010,TN,FRANKLIN,37067
2023,"NISSI SOFTWARE SOLUTIONS INC",2,0,0,0,54,5995,GA,ALPHARETTA,30005
2023,"NISUM TECHNOLOGIES INC",0,0,1,0,54,1881,,,
2023,"NISUM TECHNOLOGIES INC",17,2,34,3,54,1881,CA,BREA,92821
2023,"NITCO INC",3,0,3,0,54,9048,TX,KATY,77494
2023,"NITEOSOFT INC DBA COMPWORLDWIDE",0,0,3,0,54,9375,NJ,PRINCETON,08540
2023,"NITOR INFOTECH INC",1,0,0,0,54,9480,IL,SCHAUMBURG,60195
2023,"NITS SOLUTIONS INC",0,0,1,0,54,1882,MI,NOVI,48375
2023,"NITSCH ENGINEERING OF DC LLC",0,0,1,0,54,5257,DC,WASHINGTON,20037
2023,"NITYA SOFTWARE SOLUTIONS INC",0,0,1,0,54,3517,,,
2023,"NITYA SOFTWARE SOLUTIONS INC",0,0,17,0,54,3517,CA,FREMONT,94538
2023,"NITYOSOFT INCORPORATED",1,0,1,0,54,8259,NC,CHARLOTTE,28262
2023,"NIVID INFOTECH INC",3,0,6,0,54,3082,VA,STERLING,20166
2023,"NIVIDOUS SOFTWARE SOLUTIONS INC",3,0,0,0,54,8562,NV,"LAS VEGAS",89147
2023,"NIYANTRA INC",1,0,0,0,54,3250,NC,DURHAM,27709
2023,"NJ BIO INC",0,0,1,0,54,2940,NJ,PRINCETON,08540
2023,"NJ TECH INC",2,1,3,0,54,7939,FL,TAMPA,33618
2023,"NJS ASSOCIATES COMPANY",0,0,1,0,54,7804,NJ,BRIDGEWATER,08807
2023,"NK ARCHITECT P A",0,0,1,0,54,7762,NJ,MORRISTOWN,07960
2023,"NK TECHNOLABS LLC",16,3,13,0,54,8806,SC,CHARLESTON,29406
2023,"NLT CORPORATION DBA NETCOM GROUP",0,0,1,0,54,0682,VA,LORTON,22079
2023,"NLYTE SOFTWARE INC",0,0,1,0,54,9202,NJ,EDISON,08837
2023,"NMK GLOBAL INC",1,0,2,0,54,4239,CA,FREMONT,94538
2023,"NNE INC",0,0,1,0,54,9773,NC,CLAYTON,27527
2023,"NNIT INC",0,0,3,0,54,9498,NJ,PRINCETON,08540
2023,"NOBL INC",1,0,0,0,54,2872,NE,LINCOLN,68508
2023,"NOBLE HOUSE SOLUTIONS LLC",2,0,0,0,54,6243,IL,CHICAGO,60622
2023,"NOBLE RESEARCH INSTITUTE LLC",0,0,1,0,54,6209,OK,ARDMORE,73401
2023,"NOBLE THERMODYNAMIC SYSTEMS INC",0,0,1,0,54,8893,CA,ALAMEDA,94501
2023,"NOBLESOFT SOLUTIONS INC",2,0,18,0,54,6829,PA,LANGHORNE,19047
2023,"NOBLESOFT SOLUTIONS INC",0,0,2,0,54,6829,,,
2023,"NOBLESOFT TECHNOLOGIES INC",0,0,1,0,54,3069,TX,"FLOWER MOUND",75028
2023,"NOBLESOFT TECHNOLOGIES INC",1,0,1,0,54,3069,TX,IRVING,75063
2023,"NOBODY MEDIA LLC",0,0,1,0,54,3039,DC,WASHINGTON,20007
2023,"NOE ASSOCIATES INC",0,0,1,0,54,1061,NY,"NEW YORK",10012
2023,"NOESYS INC",1,0,0,0,54,3049,VA,DULLES,20166
2023,"NOESYS INC",0,0,3,0,54,3049,VA,STERLING,20166
2023,"NOETIC INFORMATION SYSTEMS LLC",0,0,1,0,54,7040,,,
2023,"NOETIC INFORMATION SYSTEMS LLC",5,0,2,1,54,7040,CA,PLEASANTON,94588
2023,"NOKIA OF AMERICA CORPORATION",0,0,1,0,54,8857,NJ,"NEW PROVIDNCE",07974
2023,"NOMAD CONSULTS INC",1,0,0,0,54,6013,CA,CAMARILLO,93012
2023,"NOMI HEALTH INC",0,0,2,0,54,5194,UT,OREM,84057
2023,"NOMIS SOLUTIONS INC",0,0,1,0,54,3573,CA,"SOUTH SAN FRANCISCO",94080
2023,"NOMURA AMERICA SERVICES LLC",0,0,1,0,54,1009,,,
2023,"NOMURA AMERICA SERVICES LLC",2,0,13,1,54,1009,NY,"NEW YORK",10019
2023,"NOODLE ANALYTICS INC",0,0,0,1,54,9006,CA,"SAN FRANCISCO",94104
2023,"NOOKS COMMUNICATIONS INC",0,0,1,0,54,4853,CA,CUPERTINO,95014
2023,"NOR-CAL CONTROLS ES INC",0,0,2,0,54,1064,CA,"EL DORADO HILLS",95762
2023,NORC,1,0,3,0,54,7808,IL,CHICAGO,60603
2023,"NORGREN LLC",0,0,1,0,54,2666,CO,LITTLETON,80120
2023,"NORIMA CONSULTING US",0,0,1,0,54,1995,CA,"SAN DIEGO",92127
2023,"NORMAL NYC INC",0,0,1,0,54,6455,NY,BROOKLYN,11201
2023,"NORTECH NORTH AMERICA INC",6,0,3,1,54,8619,VA,RESTON,20191
2023,"NORTEK CONSULTING INC",2,0,4,0,54,6678,TX,IRVING,75062
2023,"NORTH AMERICA DIRECT INC DBA ESW",0,0,1,0,54,7640,NY,"NEW YORK",10007
2023,"NORTH FORK HOLDINGS LLC DBA THE SHELBY GROUP",0,0,1,0,54,7713,IL,SCHAUMBURG,60173
2023,"NORTH POINT IT CORP",0,0,7,0,54,1596,TX,COLLEYVILLE,76034
2023,"NORTHERN CALIFORNIA INSTITUTE FOR RESEARCH AND EDUCATION",1,0,2,0,54,4159,CA,"SAN FRANCISCO",94121
2023,"NORTHSTAR ANESTHESIA OF MICHIGAN III PLLC",0,0,1,0,54,4649,TX,IRVING,75038
2023,"NORTHSTAR GROUP INC",1,0,2,0,54,5957,MD,DERWOOD,20855
2023,"NORTHSTAR SOFTWARE SERVICES GROUP LLC",12,0,0,0,54,7371,GA,ATLANTA,30338
2023,"NORTHWEST ADMINISTRATORS INC",0,0,0,1,54,0697,WA,SEATTLE,98102
2023,"NORTHWEST CONTRACT RESEARCH LLC",0,0,1,0,54,7610,WA,BREWSTER,98812
2023,"NORTON ROSE FULBRIGHT US LLP",0,0,1,0,54,1087,NY,"NEW YORK",10019
2023,"NORTONLIFELOCK INC",0,0,18,2,54,1864,AZ,TEMPE,85281
2023,"NORVOC BIOSCIENCE INC",1,0,1,0,54,1120,CA,IRVINE,92618
2023,"NOTARIZE INC",0,0,2,0,54,8464,MA,BOSTON,02116
2023,"NOTION LABS INC",0,0,8,0,54,0473,CA,"SAN FRANCISCO",94110
2023,"NOUS INFOSYSTEMS INC",11,0,4,0,54,6157,NJ,EDISON,08817
2023,"NOUS INFOSYSTEMS PVT LTD",0,0,2,0,54,1353,NJ,EDISON,08817
2023,"NOVA R&D INC",0,0,1,0,54,9234,CA,"WEST COVINA",91791
2023,"NOVACOAST INC",0,0,1,0,54,3920,CA,"SANTA BARBARA",93101
2023,"NOVALAW INC",1,0,0,0,54,8769,CA,"MENLO PARK",94025
2023,"NOVALINK SOLUTIONS LLC",2,0,7,0,54,0786,GA,DULUTH,30097
2023,"NOVAMEGHA LLC",2,1,2,0,54,3122,NJ,CRANBURY,08512
2023,"NOVAROCK BIOTHERAPEUTICS LTD",0,0,1,0,54,3447,NJ,EWING,08628
2023,"NOVARTIS INSTITUTES FOR BIOMEDICAL RESEARCH INC",0,0,19,2,54,7016,NJ,"EAST HANOVER",07936
2023,"NOVARTIS PHARMACEUTICALS CORPORATION",1,0,29,0,54,7084,NJ,"EAST HANOVER",07936
2023,"NOVARTIS PHARMACEUTICALS CORPORATION",0,0,1,0,54,7084,NJ,"EAST HANOVER",07963
2023,"NOVARTIS SERVICES INC",0,0,7,0,54,6643,NJ,"EAST HANOVER",07936
2023,"NOVATEUR TECHNOLOGIES INC",1,1,4,0,54,4409,CA,TRACY,95377
2023,"NOVELIS CORPORATION",0,0,1,0,54,8321,GA,ATLANTA,30326
2023,"NOVELTE SYSTEMS INC",0,0,1,0,54,1349,NJ,PISCATAWAY,08854
2023,"NOVELTY INFOTECH INC",1,0,1,0,54,3727,GA,ALPHARETTA,30005
2023,"NOVELTY TECHNOLGY LLC",0,0,1,0,54,2767,NC,CHARLOTTE,28269
2023,"NOVI CONNECT INC",0,0,1,0,54,1972,CA,LARKSPUR,94939
2023,"NOVI IT INC",0,0,0,1,54,0264,MI,"FARMINGTON HILLS",48335
2023,"NOVIGO INC",3,0,1,0,54,5263,CA,"SAN MATEO",94401
2023,"NOVISYNC INC",0,0,3,0,54,6505,NY,FISHKILL,12524
2023,"NOVISYS LLC",0,0,2,0,54,7153,MI,FARMINGTON,48335
2023,"NOVITY INC",0,0,1,0,54,4115,CA,"SAN FRANCISCO",94109
2023,"NOVO PROSO INC",0,0,1,0,54,8233,MO,WARRENSBURG,64093
2023,"NOVOS SOLUTIONS LLC",6,0,0,0,54,1181,IN,ZIONSVILLE,46077
2023,"NOVOZEN HEALTHCARE LLC",0,0,4,0,54,1485,NJ,"SOUTH PLAINFIELD",07080
2023,"NOVUS PROFESSIONAL SERVICES INC",0,0,1,0,54,2275,CO,"COLORADO SPRINGS",80919
2023,"NOVUSTECH INC",6,0,0,0,54,6702,AR,ROGERS,72756
2023,"NOWCOM LLC",0,0,6,0,54,6858,CA,"LOS ANGELES",90010
2023,"NOYO TECHNOLOGIES INC",0,0,1,0,54,2450,NC,DURHAM,27701
2023,"NPD GROUP",0,0,2,0,54,3555,NY,"PORT WASHINGTON",11050
2023,"NPI LLC",0,0,1,0,54,9150,GA,ATLANTA,30326
2023,"NPO USA INC",0,0,2,0,54,7131,IL,CHICAGO,60606
2023,"NPV STAFFING LLC",0,0,6,0,54,3924,IL,CHICAGO,60602
2023,"NPZ LAW GROUP PC",0,0,1,0,54,1533,NJ,RIDGEWOOD,07450
2023,"NRICH DATA LLC",0,0,1,0,54,4853,NJ,PRINCETON,08540
2023,"NS SOFT INC",1,0,0,0,54,0504,MI,FARMINGTON,48331
2023,"NSF INTERNATIONAL",1,0,1,0,54,8955,MI,"ANN ARBOR",48105
2023,"NSG TECHNOLOGY INC",0,0,2,0,54,6181,CA,"SAN JOSE",95112
2023,"NSIGHT INC",0,1,0,0,54,7390,CA,"SANTA CLARA",95054
2023,"NSK CORPORATION",0,0,3,0,54,3198,MI,"ANN ARBOR",48105
2023,"NSK VETERINARY SERVICES LLC DBA VETCHECK PET URGENT CARE",1,0,0,0,54,9034,IN,FISHERS,46038
2023,"NTECH INTERNATIONAL LLC",1,1,3,0,54,4596,NC,CHARLOTTE,28277
2023,"NTEGRAL TECHNOLOGY SOLUTIONS INC",0,0,1,0,54,1709,NJ,BRANCHBURG,08853
2023,"NTEGRAL TECHNOLOGY SOLUTIONS INC",0,0,1,0,54,1709,NJ,SOMERSET,08873
2023,"NTERSOL LLC",0,0,1,0,54,3329,CA,IRVINE,92618
2023,"NTESS LLC",0,0,1,0,54,7942,,,
2023,"NTESS LLC",1,0,0,0,54,7942,NM,ALBUQUERQUE,87175
2023,"NTESS LLC",12,0,12,0,54,7942,NM,ALBUQUERQUE,87185
2023,"NTHLINE SOLUTIONS LLC",1,0,0,0,54,8869,GA,ALPHARETTA,30004
2023,"NTHLINE SOLUTIONS LLC",1,0,0,0,54,8869,GA,CUMMING,30040
2023,"NTHLINE SOLUTIONS LLC",1,0,1,0,54,8869,GA,CUMMING,30041
2023,"NTRUST INFOTECH INC",0,0,2,0,54,4019,CA,IRVINE,92602
2023,"NTSYS INC.",0,0,1,0,54,1869,CA,WALNUT,91789
2023,"NTT DATA BUSINESS SOLUTIONS INC",0,0,14,0,54,4147,OH,CINCINNATI,45242
2023,"NTT DATA FEDHEALTH INC",0,0,3,0,54,6760,TX,PLANO,75024
2023,"NTT DATA INC",16,1,170,5,54,7166,TX,PLANO,75024
2023,"NTT DATA INC",0,0,1,0,54,7166,TX,PLANO,75024
2023,"NTT DATA INC",0,0,7,0,54,7166,,,
2023,"NTT DATA SERVICES LLC",0,0,1,0,54,5696,TX,PLANO,75024
2023,"NTT DATA SERVICES LLC",0,0,2,0,54,5969,,,
2023,"NTT DATA SERVICES LLC",4,0,80,3,54,5969,TX,PLANO,75024
2023,"NTT LTD GROUP SERVICES AMERICA INC",0,0,1,0,54,1213,VA,RICHMOND,23219
2023,"NTT MANAGED SERVICES AMERICAS LLC",0,0,1,0,54,0952,MI,SOUTHFIELD,48075
2023,"NU TECHNOLOGY INC",2,0,1,0,54,0617,CA,FREMONT,94539
2023,"NUANCED MEDIA LLC",1,0,0,0,54,1272,AZ,TUCSON,85701
2023,"NUANZA INC",7,0,6,0,54,7335,TX,MCKINNEY,75070
2023,"NUBE9 LLC",0,0,1,0,54,7946,OH,MASON,45040
2023,"NUBE9 LLC",2,0,0,0,54,7946,OH,"WEST CHESTER",45069
2023,"NUBES OPUS LLC",2,0,3,0,54,6250,MO,"KANSAS CITY",64105
2023,"NUBUSTECHNO INC",3,0,0,0,54,3920,IL,SCHAUMBURG,60173
2023,"NUCLERA NUCLEICS CORPORATION",0,0,1,0,54,1616,MA,BILLERICA,01821
2023,"NUCLEUS TEQ INC",1,0,3,1,54,6181,AZ,PHOENIX,85050
2023,"NUCURRENT INC",1,0,0,0,54,1510,IL,CHICAGO,60661
2023,"NUE IO INC",0,0,1,0,54,2599,CA,"SAN MATEO",94402
2023,"NUERALINKS LLC",8,4,0,0,54,3216,TX,IRVING,75063
2023,"NUEVA SOLUTIONS INC",1,0,0,0,54,8114,NY,"NEW YORK",10018
2023,"NUEVE SOLUTIONS LLC",3,0,1,0,54,4688,TX,AUSTIN,78750
2023,"NUMANN TECHNOLOGIES INC",0,0,1,0,54,4947,CA,"RANCHO CORDOVA",95742
2023,"NUMANTRA TECHNOLOGIES LLC",1,0,0,0,54,5171,OH,"SHAKER HTS",44122
2023,"NUMBERS ONLY INC",0,0,1,0,54,6146,,,
2023,"NUMBERS ONLY INC",2,0,5,0,54,6146,TX,HURST,76054
2023,"NUMENTICA LLC",3,0,6,0,54,0004,CA,TORRANCE,90503
2023,"NUMERIC TECHNOLOGIES INC",0,0,2,0,54,6687,IL,WARRENVILLE,60555
2023,"NUMERICAL ALGORITHMS GROUP INC",1,0,0,0,54,3192,IL,LISLE,60532
2023,"NUMERIX LLC",0,0,3,0,54,6167,NY,"NEW YORK",10016
2023,"NUMERO DATA LLC",0,0,5,0,54,4697,VA,HERNDON,20170
2023,"NUNA INCORPORATED",0,0,2,0,54,0221,CA,"SAN FRANCISCO",94107
2023,"NUODB INC",0,0,1,0,54,1256,MA,WALTHAM,02451
2023,"NURO INC",0,0,15,0,54,4259,CA,"MOUNTAIN VIEW",94043
2023,"NURSA INC",0,0,1,0,54,3044,UT,SYRACUSE,84075
2023,"NUSSBAUM BERG KLEIN WOLPOW LLP",0,0,1,0,54,1653,NY,MELVILLE,11747
2023,"NUTECH SYSTEMS INC",0,0,1,0,54,3247,GA,ATLANTA,30339
2023,"NUTECUSA INC",0,0,1,0,54,5186,GA,NORCROSS,30093
2023,"NUVENTO INC",0,0,4,0,54,7966,NJ,CRANBURY,08512
2023,"NUVERA LLC",0,0,1,0,54,8528,NJ,"CEDAR KNOLLS",07927
2023,"NUVIEW TECHNOLOGIES INC",0,0,0,1,54,4376,FL,ORLANDO,32811
2023,"NUVO TECHNOLOGIES INC",0,0,1,0,54,3941,CA,"SOUTH SAN FRANCISCO",94080
2023,"NUWAY SOLUTIONS LLC",0,0,1,0,54,6731,NJ,"NORTH BRUNSWICK",08902
2023,"NUWAY SOLUTIONS LLC",1,0,0,0,54,6731,NJ,PRINCETON,08540
2023,"NVA PACIFICA VETERINARY MANAGER INC",0,0,1,0,54,7564,CA,"AGOURA HILLS",91301
2023,"NW ACCOUNTANTS INC",0,0,1,0,54,4254,WA,BOTHELL,98011
2023,"NY FAN TUAN INC",0,0,1,0,54,6112,NY,FLUSHING,11358
2023,"NY SYSTEMS INC",0,0,5,0,54,0847,TN,CHATTANOOGA,37403
2023,"NYBBLE TEKSOLUTIONS INC",0,0,1,0,54,1549,IA,WDM,50266
2023,"NYBBLE TEKSOLUTIONS INC",2,0,4,0,54,1549,IA,"WEST DES MOINES",50266
2023,"NYCASOFT INC",8,0,1,0,54,2642,MA,BRIDGEWATER,02324
2023,"NYLAS INC",0,0,1,0,54,6597,CA,"SAN FRANCISCO",94102
2023,"NYPIT INC",1,0,1,0,54,2134,CA,FREMONT,94538
2023,"NYPRO INC A JABIL COMPANY",0,0,4,0,54,3872,FL,"SAINT PETERSBURG",33716
2023,"NYX INC",1,0,1,0,54,6132,MI,PLYMOUTH,48170
2023,"O M G ENTERTAINMENT",0,0,1,0,54,0278,CA,"REDWOOD CITY",94063
2023,"O MELVENY MYERS LLP",0,0,2,0,54,6597,CA,"LOS ANGELES",90071
2023,"O NET COMMUNICATION USA INC",0,0,1,0,54,,CA,"SAN JOSE",95131
2023,"O PLANNING LLC",1,0,0,0,54,6804,NY,"NEW YORK",10018
2023,"O R BUILDERS INC",0,0,0,1,54,9596,CA,"PALO ALTO",94303
2023,"O2 TECHNOLOGIES INC",0,0,4,0,54,2373,CA,IRVINE,92614
2023,"O3 TECHNOLOGY SOLUTIONS LLC",5,0,1,0,54,4897,NY,"NEW YORK",10018
2023,"O9 SOLUTIONS INC",0,0,12,0,54,1035,TX,DALLAS,75234
2023,"OAK RIDGE ASSOCIATED UNIVERSITIES",0,0,1,0,54,6816,TN,"OAK RIDGE",37831
2023,"OAK TECHNOLOGIES INC",0,0,2,0,54,3797,TX,IRVING,75039
2023,"OAK VIEW GROUP LLC",1,0,0,0,54,6932,CA,"LOS ANGELES",90025
2023,"OAKSTON TECHNOLOGIES LLC",1,1,3,0,54,7438,PA,MALVERN,19355
2023,"OAKTON TECHNOLOGIES LLC",9,1,2,0,54,2895,VA,FAIRFAX,22030
2023,"OASIS LABS INC",0,0,1,0,54,6093,CA,"SAN FRANCISCO",94104
2023,"OASYS TECHNOLOGIES INC",0,0,3,0,54,2011,MN,EAGAN,55122
2023,"OASYS TECHNOLOGIES INC",0,0,1,0,54,2011,MN,"SAINT PAUL",55122
2023,"OATES ASSOCIATES INC",0,0,1,0,54,6935,IL,COLLINSVILLE,62234
2023,"OBERON IT",1,0,8,0,54,4503,TX,IRVING,75038
2023,"OBJECT COMPUTING INC",0,0,4,0,54,5110,MO,"SAINT LOUIS",63141
2023,"OBJECT DATA INC",1,0,2,0,54,0286,NJ,ISELIN,08830
2023,"OBJECT EDGE INC",0,0,1,0,54,0171,CA,"WALNUT CREEK",94598
2023,"OBJECT EXPERTS LLC",0,1,1,0,54,4017,CO,AURORA,80016
2023,"OBJECT EXPERTS LLC",1,1,15,0,54,4017,CO,PARKER,80134
2023,"OBJECT EXPERTS LLC",1,0,0,0,54,4017,NV,"LAS VEGAS",89134
2023,"OBJECT TECHNOLOGY SOLUTIONS INC",4,0,2,0,54,6354,KS,LEAWOOD,66211
2023,"OBJECT TECHNOLOGY SOLUTIONS INC",4,1,2,0,54,6354,KS,"OVERLAND PARK",66211
2023,"OBJECTS ON NET INC",6,0,6,0,54,9225,GA,FAYETTEVILLE,30214
2023,"OBJECTS ON NET INC",1,1,2,0,54,9225,GA,FAYETTEVILLE,30215
2023,"OBJECTSTREAM INC",1,0,3,0,54,2316,OK,"OKLAHOMA CITY",73127
2023,"OBR ARCHITECTURE INC",0,0,1,0,54,2533,CA,"SAN DIEGO",92104
2023,"OBRA ARCHITECT PC",1,0,0,0,54,0052,NY,"NEW YORK",10013
2023,"OBSERVO INC",0,0,1,0,54,1641,CA,NEWARK,94569
2023,"OBSIDIAN THERAPEUTICS INC",0,0,1,0,54,4989,MA,CAMBRIDGE,02138
2023,"OC ACCOUNTANCY PROFESSIONAL CORPORATION",1,0,0,0,54,6451,CA,IRVINE,92612
2023,"OCCAMS PARADIGM INC DBA OCCAMS ADV",1,0,0,0,54,1323,CA,"SAN DIEGO",92123
2023,"OCD TECH LLC",1,0,0,0,54,5231,MA,BRAINTREE,02184
2023,"OCEAN AVENUE VETERINARY HOSPITAL INC. DBA OCEAN AVENUE VETERINARY HOSPITAL",0,0,1,0,54,0503,CA,"SAN FRANCISCO",94112
2023,"OCEAN BLUE SOLUTIONS INC",0,0,1,0,54,0276,OH,POWELL,43065
2023,"OCEANEERING INTERNATIONAL INC",0,0,1,0,54,8227,,,
2023,"OCEANEERING INTERNATIONAL INC",0,0,1,0,54,8227,TX,HOUSTON,77041
2023,"OCEANSIDE TEN MANAGEMENT INC",0,0,1,0,54,8525,CO,DENVER,80206
2023,"OCELOT CONSULTING LLC",0,0,2,0,54,8075,MO,"SAINT LOUIS",63141
2023,"OCHER TECHNOLOGY GROUP",0,0,1,0,54,0905,GA,ALPHARETTA,30005
2023,"OCMI INC",0,0,2,0,54,8432,CA,IRVINE,92618
2023,"OCP DIGITAL TECH PARTNERS LLC",1,0,0,0,54,9939,FL,MIAMI,33131
2023,"OCTADYNE SYSTEMS INC",0,0,1,0,54,3914,IA,AMES,50010
2023,"OCTAGONIT LLC",2,1,0,1,54,5315,TX,IRVING,75062
2023,"OCTAHEDRON LLC",0,0,3,0,54,8399,TX,PLANO,75024
2023,"OCTO CONSULTING GROUP LLC",0,0,4,0,54,8157,VA,RESTON,20191
2023,"OCTOHUB TECHNOLOGY LLC",4,0,0,0,54,1932,TX,AUSTIN,78745
2023,"OCTOML INC",0,0,1,0,54,8045,WA,SEATTLE,98101
2023,"OCTOML INC",0,0,1,0,54,8045,WA,SEATTLE,98103
2023,"OCULII CORP",0,0,1,0,54,2264,OH,BEAVERCREEK,45434
2023,"OCULII CORP",0,0,1,0,54,2264,OH,DAYTON,45434
2023,"OCULUS LIGHT STUDIO LLC",0,0,1,0,54,9083,CA,"CULVER CITY",90230
2023,"ODA ARCHITECTURE PC",0,0,1,0,54,9848,NY,"NEW YORK",10013
2023,"ODA ARCHITECTURE PC",0,0,1,0,54,9848,,,
2023,"ODIUQIL, INC.",1,0,0,0,54,9900,CA,"MOUNTAIN VIEW",94043
2023,"ODOO INC",0,0,2,0,54,1707,CA,"SAN FRANCISCO",94134
2023,"ODU RESEARCH FOUNDATION",0,0,1,0,54,8198,VA,NORFOLK,23529
2023,"ODW LOGISTICS INC",0,0,1,0,54,7991,OH,COLUMBUS,43215
2023,"ODYSSEUS DATA SERVICES INC",1,0,0,0,54,6354,MA,CAMBRIDGE,02142
2023,"OECONNECTION LLC",0,0,1,0,54,0101,OH,AKRON,44333
2023,"OERCEPTIVE INFORMATICS LLC DBA CALYX",0,0,1,0,54,7642,NC,MORRISVILLE,27560
2023,"OGI SHARED SERVICE CENTER ADVERTISING LLC",0,0,1,0,54,1981,NJ,"JERSEY CITY",07302
2023,"OGILVY GROUP LLC",0,0,1,0,54,5496,NY,"NEW YORK",10010
2023,"OGLETREE DEAKINS NASH SMOAK & STEWART PC",0,0,1,0,54,4820,SC,GREENVILLE,29615
2023,"OHIO PEPTIDE LLC DBA OHIO PTECH",1,0,0,0,54,7874,OH,POWELL,43065
2023,"OHIO RIVER LABORATORIES LLC",0,0,1,0,54,9998,TX,HOUSTON,77063
2023,"OIL FIELD DEVELOPMENT ENGINEERING LLC DBA OFD ENGINEERING",0,0,1,0,54,6462,TX,HOUSTON,77079
2023,"OJAS INNOVATIVE TECHNOLOGIES INC",7,0,3,0,54,6075,CA,VALENCIA,91355
2023,"OJUS LLC",3,0,0,0,54,4939,NJ,"MONROE TOWNSHIP",08831
2023,"OKLAHOMA MEDICAL RESEARCH FOUNDATION",1,0,3,0,54,0274,OK,"OKLAHOMA CITY",73104
2023,"OKTA INC",0,0,1,0,54,5727,,,
2023,"OKTA INC",0,0,51,0,54,5727,CA,"SAN FRANCISCO",94105
2023,"OKTA SOLUTIONS LLC",1,0,0,0,54,8012,AZ,CHANDLER,85286
2023,"OLARIS INC",1,0,1,0,54,4645,MA,FRAMINGHAM,01702
2023,"OLEMA PHARMACEUTICALS INC",1,0,0,0,54,9740,CA,"SAN FRANCISCO",94107
2023,"OLIN PARTNERSHIP LTD",0,0,2,0,54,5286,PA,PHILADELPHIA,19103
2023,"OLIVER KO & ASSOCIATES LLP",0,0,1,0,54,4608,CA,"SAN MATEO",94404
2023,"OLIVER WYMAN ACTUARIAL CONSULTING INC",0,0,1,0,54,7522,NY,"NEW YORK",10036
2023,"OLIVER WYMAN INC",1,0,3,0,54,6481,NY,"NEW YORK",10036
2023,"OLR AMERICA INC",0,0,1,0,54,5791,MN,MINNEAPOLIS,55402
2023,"OLSEN ASSOCIATES INC",1,0,0,0,54,3174,FL,JACKSONVILLE,32204
2023,"OM CONSULTING ENGINEERS GROUP LLC",0,0,1,0,54,5245,NJ,"JERSEY CITY",07306
2023,"OM ENGINEERING SERVICES INC",0,0,1,0,54,7099,FL,ORLANDO,32801
2023,"OM GROUP INC",0,0,1,0,54,3578,NJ,PISCATAWAY,08854
2023,"OM PARTNERS USA INC",0,0,8,0,54,8197,GA,ATLANTA,30339
2023,"OM TEK INC",0,0,1,0,54,1782,,,
2023,"OM TEK INC",1,0,9,0,54,1782,TX,IRVING,75038
2023,"OMA4 LLC",0,0,1,0,54,3127,GA,ALPHARETTA,30005
2023,"OMA4 LLC",1,0,0,0,54,3127,GA,CUMMING,30004
2023,"OMA4 LLC",14,1,0,0,54,3127,GA,CUMMING,30040
2023,"OMADA HEALTH INC",0,0,1,0,54,5015,CA,"SAN FRANCISCO",94111
2023,"OMAR WELFARE ASSOCIATION",0,0,1,0,54,8623,TX,HOUSTON,77063
2023,"OMD USA LLC",0,0,1,0,54,7630,NY,"NEW YORK",10007
2023,"OMEAT INC",0,0,1,0,54,4389,CA,"LOS ANGELES",90064
2023,"OMEDA HOLDING LLC",0,0,1,0,54,6883,,,
2023,"OMEGA 365 USA INC",1,0,0,0,54,6013,TX,HOUSTON,77024
2023,"OMEGA GLOBAL SYSTEMS INC",2,0,0,0,54,8604,IL,NORTHBROOK,60062
2023,"OMEGA SOLUTIONS INC",2,0,2,0,54,5469,CA,"SANTA CLARA",95050
2023,"OMEGA THERAPEUTICS INC",0,0,1,0,54,7585,MA,CAMBRIDGE,02140
2023,"OMEGASOFT INTERNATIONAL INC",2,0,0,0,54,1878,FL,TAMPA,33617
2023,"OMEROS CORPORATION",0,0,1,0,54,3741,WA,SEATTLE,98119
2023,"OML INC DBA OLIVER",0,0,1,0,54,9037,NY,"NEW YORK",10012
2023,OMMTAX,1,0,0,0,54,5594,CA,FOLSOM,95630
2023,"OMNIBUILD CONSTRUCTION INCOMN",0,0,1,0,54,6448,NY,"NEW YORK",10018
2023,"OMNICOM MEDIA GROUP HOLDINGS INC DBA ANNALECT GROUP",0,0,3,0,54,5920,NY,"NEW YORK",10007
2023,"OMNICRON TECHNOLOGIES LLC",6,0,1,0,54,4085,OH,COLUMBUS,43221
2023,"OMNIDATA INSIGHTS",0,0,1,0,54,8316,OR,PORTLAND,97204
2023,"OMNIML INC",0,0,1,0,54,0837,,,
2023,"OMNIML INC",0,0,1,0,54,0837,CA,"SAN JOSE",95134
2023,"OMNIML INC",1,0,0,0,54,0837,CA,"SAN RAMON",94583
2023,"OMNINET CAPITAL LLC",0,0,1,0,54,0392,CA,"BEVERLY HILLS",90212
2023,"OMNISKOPE INC",8,1,1,1,54,5488,MO,"SAINT LOUIS",63146
2023,"OMNISOFT INC",1,0,0,0,54,7839,MI,TROY,48083
2023,"OMOTAYO CPA LLC",0,0,2,0,54,3590,TX,DALLAS,75243
2023,"OMRON ELECTRONICS LLC",0,0,1,0,54,6907,,,
2023,"OMRON ELECTRONICS LLC",0,0,1,0,54,6907,IL,"HOFFMAN ESTATES",60169
2023,"OMRON ROBOTICS AND SAFETY TECHNOLOGIES INC",1,0,3,0,54,0635,CA,PLEASANTON,94588
2023,"OMRON ROBOTICS AND SAFETY TECHNOLOGIES INC",0,0,1,0,54,0635,,,
2023,"OMS SOLUTIONS INC",2,0,0,0,54,4337,MD,"NEW MARKET",21774
2023,"OMSAI COM LLC",24,3,1,0,54,5156,PA,RINGTOWN,17967
2023,"OMTECH LLC",0,0,1,0,54,6637,MN,BLOOMINGTON,55431
2023,"OMV AMERICA LLC",6,0,1,0,54,3642,TX,HOUSTON,77077
2023,"ON DEMAND AGILITY SOLUTIONS INC",28,1,0,0,54,4244,PA,"KING OF PRUSSIA",19406
2023,"ON24 INC",0,0,2,0,54,2599,CA,"SAN FRANCISCO",94105
2023,"ONBOARDIQ INC D/B/A FOUNTAIN",1,0,3,0,54,0709,CA,"SAN FRANCISCO",94111
2023,"ONBOARDIT LLC",1,0,0,0,54,0309,AZ,PHOENIX,85044
2023,"ONCHAIN LABS INC DBA MAKERSPLACE",0,0,1,0,54,8698,CA,"SAN FRANCISCO",94104
2023,"ONCORE CONSULTING LLC",0,0,4,0,54,5328,CA,"RANCHO CORDOVA",95670
2023,"ONCORE MANUFACTURING INC",0,0,1,0,54,6625,CA,CHATSWORTH,91311
2023,"ONCORRE INC",13,0,1,0,54,5358,NJ,BRIDGEWATER,08807
2023,"ONE ALGORITHM LLC",4,0,0,0,54,9444,PA,DOWNINGTOWN,19335
2023,"ONE ALGORITHM LLC",5,0,0,0,54,9444,PA,MALVERN,19335
2023,"ONE CONCERN INC",0,0,3,0,54,2169,CA,"MENLO PARK",94025
2023,"ONE DOOR",0,0,2,0,54,8919,MA,BOSTON,02210
2023,"ONE FOOTPRINT INC",0,0,1,0,54,6242,NY,BROOKLYN,11201
2023,"ONE IDENTITY LLC",0,0,1,0,54,4762,CA,"ALISO VIEJO",92656
2023,"ONE LUX STUDIO LLC",0,0,3,0,54,5256,NY,"NEW YORK",10001
2023,"ONE TRUE HOLDING COMPANY",0,0,2,0,54,4847,KS,LENEXA,66219
2023,"ONE VET INC DBA PETFOLK",0,0,1,0,54,2297,NC,CHARLOTTE,28211
2023,"ONEASTON USA INC",0,0,1,0,54,3844,FL,MIAMI,33131
2023,"ONECHARGE INC",1,0,0,0,54,1813,CA,TORRANCE,90502
2023,"ONED MATERIAL INC",0,0,1,0,54,2524,CA,"PALO ALTO",94304
2023,"ONEDATA SOFTWARE SOLUTIONS LLC",0,1,0,0,54,4232,PA,LEOLA,17540
2023,"ONEIL LANGAN ARCHITECTS PC",2,0,1,0,54,0375,NY,"NEW YORK",10011
2023,"ONEIROI CONSULTING SERVICES INC",1,0,0,0,54,4209,TX,FRISCO,75034
2023,"ONELINK SOLUTION LLC",0,0,0,1,54,9467,CA,"SAN FRANCISCO",94108
2023,"ONELOOK INC D/B/A LILY AI",0,0,1,0,54,8487,CA,"MOUNTAIN VIEW",94040
2023,"ONEMAIN GENERAL SERVICES CORPORATION",0,0,1,0,54,9160,IN,EVANSVILLE,47708
2023,"ONEMAIN GENERAL SERVICES CORPORATION",0,0,2,0,54,5755,,,
2023,"ONEMAIN GENERAL SERVICES CORPORATION",2,0,21,0,54,5755,IN,EVANSVILLE,47708
2023,"ONEORIGIN INC",0,0,1,0,54,9729,AZ,SCOTTSDALE,85257
2023,"ONEPLAN SOLUTIONS LLC",1,0,0,0,54,3125,CA,"SAN MARCOS",92078
2023,"ONEPLUS USA CORP",0,0,2,1,54,7333,TX,IRVING,75039
2023,"ONESHIELD INC",0,0,3,0,54,7296,MA,MARLBOROUGH,01752
2023,"ONESOURCE VIRTUAL INC",0,0,1,0,54,1267,TX,COPPELL,75019
2023,"ONESTOPD SOLUTIONS INC",1,0,4,0,54,3461,AZ,PHOENIX,85027
2023,"ONEVIEW COMMERCE INC",0,0,1,0,54,6411,MA,HINGHAM,02043
2023,"ONIX NETWORKING CORPORATION",0,0,1,0,54,9033,OH,LAKEWOOD,44107
2023,"ONLINE ART LLC",0,0,1,0,54,0816,CA,VENTURA,93001
2023,"ONLY IT CONSULTING LLC",1,0,5,0,54,3435,IL,"HOFFMAN ESTATES",60169
2023,"ONNA TECHNOLOGIES INC",0,0,1,0,54,9837,NY,"NEW YORK",10003
2023,"ONS COMPUTER AND IT SOLUTIONS INC D B A TEAMLOGIC IT 62006",1,0,0,0,54,4632,MD,"ELLICOTT CITY",21043
2023,"ONSTAK INC",0,1,0,0,54,8741,CA,MILPITAS,95035
2023,"ONTARIO SYSTEMS LLC D/B/A FINVI",0,0,2,0,54,2530,IN,MUNCIE,47305
2023,"ONUR ULGEN INC DBA ADVANCED BUSINESS ANALYTICS",0,0,1,0,54,1735,MI,DEARBORN,48126
2023,"ONWARD TECHNOLOGIES INC",0,0,1,0,54,1978,,,
2023,"ONWARD TECHNOLOGIES INC",2,0,3,0,54,1978,IL,"DES PLAINES",60018
2023,"ONWARD TECHNOLOGIES INC",2,1,4,0,54,1978,IL,ROSEMONT,60018
2023,"OODDA INC",1,0,0,0,54,6604,CA,"CHINO HILLS",91709
2023,"OOMA INC",0,0,2,0,54,3274,CA,SUNNYVALE,94085
2023,"OOTB MINDS INC",0,0,1,0,54,8428,DC,WASHINGTON,20036
2023,"OPALA HEALTH INC",0,0,4,0,54,7481,WA,SEATTLE,98104
2023,"OPC MARKETING INC",0,0,1,0,54,1744,TX,DALLAS,75247
2023,"OPEDIA GROUP INC",1,0,0,0,54,5272,CA,ALHAMBRA,91801
2023,"OPEL SYSTEMS",1,0,0,0,54,7857,MI,TROY,48084
2023,"OPEN PHILANTHROPY PROJECT",4,0,1,0,54,7472,CA,"SAN FRANCISCO",94105
2023,"OPEN QUEUE LLC",1,0,0,0,54,4598,AZ,MESA,85203
2023,"OPEN SYSTEMS INC",1,0,1,0,54,2292,GA,ALPHARETTA,30005
2023,"OPEN SYSTEMS INTERNATIONAL INC",1,0,1,0,54,2211,MN,HAMEL,55340
2023,"OPEN SYSTEMS INTERNATIONAL INC",0,0,8,0,54,2211,MN,MEDINA,55340
2023,"OPEN SYSTEMS TECHNOLOGIES INC",1,0,1,0,54,9014,NY,"NEW YORK",10018
2023,"OPEN TECH SOLUTIONS LLC",0,0,1,0,54,8158,CO,ENGLEWOOD,80112
2023,"OPENAL LP",0,0,2,0,54,0637,CA,"SAN FRANCISCO",94110
2023,"OPENCLINICA LLC",0,0,1,0,54,2510,MA,WALTHAM,02451
2023,"OPENCLOUD IT SOLUTIONS INC",1,15,0,0,54,6395,TX,FRISCO,75034
2023,"OPENDOCTORS 247 INC",0,0,1,0,54,3405,NY,"NEW YORK",10016
2023,"OPENER LLC",0,0,3,0,54,4568,CA,"PALO ALTO",94303
2023,"OPENET TELECOM INC",0,0,1,0,54,8719,VA,HERNDON,20171
2023,"OPENFUSION LLC",1,0,0,0,54,8234,OK,LAWTON,73505
2023,"OPENLIGHT PHOTONICS INC",0,0,4,0,54,5857,CA,GOLETA,93117
2023,"OPENLINK FINANCIAL LLC",0,0,1,0,54,5557,,,
2023,"OPENLINK FINANCIAL LLC",0,0,1,0,54,5557,NY,UNIONDALE,11556
2023,"OPENLOGIX CORPORATION",0,0,1,0,54,8566,,,
2023,"OPENLOGIX CORPORATION",1,0,15,1,54,8566,MI,"BLOOMFIELD HILLS",48302
2023,"OPENMIND SOLUTIONS LLC",8,0,0,0,54,1749,TX,HOUSTON,77002
2023,"OPENTABLE INC",0,0,1,0,54,4049,,,
2023,"OPENTABLE INC",0,0,6,2,54,4049,CT,STAMFORD,06902
2023,"OPENTECHS US CORPORATION",4,0,0,0,54,1171,NJ,ROSELAND,07068
2023,"OPENTRONS LABWORKS INC",0,0,2,0,54,3492,NY,BROOKLYN,11201
2023,"OPENWAVE COMPUTING LLC",0,0,4,0,54,8088,NY,"NEW YORK",10001
2023,"OPERATION TECHNOLOGY INC DBA ETAP",0,0,1,0,54,0114,CA,IRVINE,92618
2023,"OPEXR INC",0,0,1,0,54,1381,OH,"LEWIS CENTER",43035
2023,"OPIO LLC",1,0,0,0,54,3969,MI,DEARBORN,48126
2023,"OPPORTUNE LLP",0,0,1,0,54,8287,TX,HOUSTON,77002
2023,"OPRO AI",0,0,1,0,54,8238,TX,HOUSTON,77004
2023,"OPSOL INTEGRATORS INC",0,0,1,0,54,7469,CA,CAMPBELL,95008
2023,"OPTEAMIX LLC",1,1,1,0,54,2895,CO,"HIGHLANDS RANCH",80130
2023,"OPTEAMIX LLC",2,0,2,1,54,2895,CO,LITTLETON,80130
2023,"OPTEL GROUP USA INC",0,0,1,0,54,4352,TX,FRISCO,75033
2023,"OPTI VALUE TEK CORP",1,0,0,0,54,2110,TX,SUGARLAND,77498
2023,"OPTIKS SOLUTIONS INC DBA P360",0,0,1,0,54,8513,NJ,PISCATAWAY,08854
2023,"OPTIMA GLOBAL SOLUTIONS INC",1,0,0,0,54,8114,NJ,"LAWRENCE TOWNSHIP",08648
2023,"OPTIMA TAX RELIEF LLC",0,0,1,0,54,3788,CA,"SANTA ANA",92704
2023,"OPTIMAL ENERGY LLC",0,0,1,0,54,1557,VT,HINESBURG,05461
2023,"OPTIMAL INC",0,0,6,0,54,4098,MI,PLYMOUTH,48170
2023,"OPTIMAL TECHNOLOGIES INC",0,0,2,0,54,1361,GA,LAWRENCEVILLE,30044
2023,"OPTIMALEX CORP",0,0,1,0,54,7175,NY,"NEW YORK",10011
2023,"OPTIMAS OE SOLUTIONS LLC",0,0,1,0,54,9061,IL,"WOOD DALE",60191
2023,"OPTIME TECH LLC",0,0,3,0,54,1227,IL,NAPERVILLE,60563
2023,"OPTIMIZELY NORTH AMERICA INC",0,0,1,0,54,7493,NH,NASHUA,03063
2023,"OPTIMUM TECHNOLOGY INC",0,0,1,0,54,1081,OH,POWELL,43065
2023,"OPTIMUS LLC",1,0,0,0,54,1601,TX,HOUSTON,77007
2023,"OPTIMUS UNIT LLC",1,0,0,0,54,8192,TX,FRISCO,75035
2023,"OPTIMUSS INC",9,0,0,0,54,5798,VA,STERLING,20165
2023,"OPTIV SECURITY INC",0,0,1,1,54,6449,KS,LEAWOOD,66211
2023,"OPTIVENT GROUP INC",1,0,2,0,54,0249,IL,LISLE,60532
2023,"OPTML INC",0,0,5,0,54,1948,GA,ATLANTA,30328
2023,"OPTOMI LLC",1,0,0,0,54,7677,GA,ATLANTA,30328
2023,"OPTONOMY INC DBA OPTILOGIC",0,0,1,0,54,2630,MI,"ANN ARBOR",48104
2023,"OPTTECH LLC",4,0,1,0,54,2809,TX,RICHARDSON,75080
2023,"OPTUM CARE INC",0,0,4,0,54,9511,MN,MINNETONKA,55343
2023,"OPTUM CARE INC",0,0,1,0,54,9511,MN,"EDEN PRAIRIE",55344
2023,"OPTUM CARE INC",0,0,1,0,54,9511,MN,HOPKINS,55343
2023,"OPTUM SERVICES INC",0,0,1,0,54,3454,MN,MINNESTONKA,55343
2023,"OPTUM SERVICES INC",0,0,1,0,54,3454,MN,MINNETONDA,55343
2023,"OPTUM SERVICES INC",0,0,0,1,54,9394,MN,MINNETONKA,55343
2023,"OPTUM SERVICES INC",1,0,201,0,54,3454,MN,MINNETONKA,55343
2023,"OPTUM SERVICES INC",0,0,6,0,54,3454,,,
2023,"OPTUM SERVICES INC",0,0,1,0,54,3454,MN,MINNETONKA,55434
2023,"OPTUM SERVICES INC",0,0,6,0,54,3454,MN,"EDEN PRAIRIE",55344
2023,"OPTUM SERVICES INC",0,0,1,0,54,3455,MN,MINNETONKA,55343
2023,"OPTUM SERVICES INC",1,0,65,1,54,3454,MN,HOPKINS,55343
2023,"OPTUM SERVICES INC",0,0,1,0,54,3454,MN,MINNEAPOLIS,55434
2023,"OPTUMINSIGHT INC",0,0,1,0,54,8498,MN,HOPKINS,55343
2023,"OPTUMINSIGHT INC",0,0,2,0,54,8498,MN,MINNETONKA,55343
2023,"OPTX SOLUTIONS LLC",1,0,0,0,54,3476,NV,"LAS VEGAS",89148
2023,"OPTYM INC",0,0,2,0,54,1371,TX,COPPELL,75019
2023,"OPULENT SOFT LLC",0,0,1,0,54,4574,,,
2023,"OPULENT SOFT LLC",1,1,1,0,54,4574,NJ,HAMILTON,08619
2023,"OPULENT SOFT LLC",1,1,0,0,54,4574,NJ,TRENTON,08619
2023,"OPUS CONSULTING SOLUTIONS INC",4,0,2,0,54,1754,GA,ALPHARETTA,30009
2023,"OQ POINT LLC",2,0,0,0,54,5435,WA,REDMOND,98052
2023,"ORABASE SOLUTIONS LLC",13,0,7,0,54,7585,TX,MCKINNEY,75070
2023,"ORABASE SOLUTIONS LLC",1,0,1,0,54,7585,TX,MCKINNEY,75072
2023,"ORACLE AMERICA INC",1,0,0,0,54,5249,TX,AUSTIN,78741
2023,"ORACLE FINANCIAL SERVICES SOFTWARE INC",0,0,1,0,54,0183,,,
2023,"ORACLE FINANCIAL SERVICES SOFTWARE INC",3,1,32,0,54,0183,NJ,BRIDGEWATER,08807
2023,"ORACLE ROBOTICS CORP",1,0,0,0,54,4706,IL,"WEST CHICAGO",60185
2023,"ORANGE DATA CLOUD LLC",18,0,0,0,54,2402,CA,"LOS ANGELES",90045
2023,"ORANGE INFORMATION TECHNOLOGY SOLU",0,0,3,0,54,8403,NY,SYRACUSE,13202
2023,"ORANGEPEOPLE LLC",4,0,0,0,54,9165,CA,IRVINE,92618
2023,"ORASYS LLC",0,0,1,0,54,7628,TX,AUSTIN,78730
2023,"ORASYS LLC",9,0,5,0,54,7628,TX,AUSTIN,78730
2023,"ORBBEC 3D TECHNOLOGY INTERNATIONAL INC",0,0,1,0,54,4278,MI,TROY,48083
2023,"ORBIS AMERICA INC",0,0,1,0,54,7732,VA,"MC LEAN",22102
2023,"ORBIS, INC",3,0,0,0,54,7301,NJ,PISCATAWAY,08854
2023,"ORBIT SYSTEMS INC",1,0,2,0,54,9003,OH,COLUMBUS,43235
2023,"ORBIT SYSTEMS INC",0,1,0,0,54,9003,OH,"LEWIS CENTER",43035
2023,"ORBITAL COMPOSITES INC",0,0,1,0,54,5093,CA,CAMPBELL,95008
2023,"ORBITAL ENGINEERING INC",0,0,1,0,54,9560,PA,PITTSBURGH,15219
2023,"ORBY AI INC",0,0,1,0,54,5465,CA,SUNNYVALE,94086
2023,"ORBYSOL INC",0,0,1,0,54,0786,VA,FAIRFAX,22033
2023,"ORCHARD ULTRASOUND INNOVATION LLC",0,0,1,0,54,5978,CA,SUNNYVALE,94089
2023,"ORCHESTRA TECHNOLOGY INC",13,0,14,0,54,2833,TX,PLANO,75093
2023,"ORCHID SOLUTIONS INC",0,0,2,0,54,3757,VA,RESTON,20191
2023,"ORCHID TECH",3,0,0,0,54,7434,CA,"SAN JOSE",95131
2023,"ORDERGROOVE INC",0,0,1,0,54,4834,NY,"NEW YORK",10004
2023,"ORDR SMART INC",0,0,1,0,54,1818,IL,CHICAGO,60647
2023,"ORDUSION TECHNOLOGIES INC.",2,0,2,0,54,5554,GA,DULUTH,30097
2023,"OREGON SOCIAL LEARNING CENTER FOUNDATION INC DBA OSLC DEVELOPMENTS INC",0,0,1,0,54,3551,OR,EUGENE,97401
2023,"OREMDA INFOTECH INC",4,0,0,0,54,2472,MN,MINNEAPOLIS,55416
2023,"OREMDA INFOTECH INC",1,0,1,0,54,2472,MN,"ST LOUIS PARK",55416
2023,"OREMDA INFOTECH INC",1,0,1,0,54,2472,TX,"CEDAR PARK",78613
2023,"OREVA TECHNOLOGIES INC",0,0,2,0,54,7277,TX,IRVING,75038
2023,"ORGANIC INC",0,0,1,0,54,8989,NY,"NEW YORK",10017
2023,"ORGIO, INC.",1,0,0,0,54,5291,NY,"NEW YORK",10013
2023,"ORGSPIRE INC",0,0,3,0,54,1265,NJ,SOMERSET,08873
2023,"ORIGIN HUBS INC",3,0,1,0,54,5569,NC,MORRISVILLE,27560
2023,"ORIGIN TO FUTURE INC",2,0,0,0,54,5885,TX,RICHARDSON,75080
2023,"ORIGLIO MIRAMONTEZ COMPANY INC DOING BUSINESS AD DKC O M",0,0,1,0,54,5873,NY,"NEW YORK",10018
2023,"ORION SYSTEMS INTEGRATORS LLC",0,0,2,0,54,9591,,,
2023,"ORION SYSTEMS INTEGRATORS LLC",2,1,34,0,54,9591,NJ,EDISON,08837
2023,"ORIONIS BIOSCIENCES INC",0,0,1,0,54,2900,MA,WALTHAM,02451
2023,"ORIONTEK INC",0,0,1,0,54,7131,,,
2023,"ORIONTEK INC",2,1,9,0,54,7131,GA,CUMMING,30041
2023,"ORLANDO UTILITIES COMMISSION",0,0,1,0,54,0397,,,
2023,"ORMAE INC",1,0,0,0,54,1331,TX,AUSTIN,78702
2023,"ORNA THERAPEUTICS INC",1,0,0,0,54,6456,MA,CAMBRIDGE,02139
2023,"OROCHEM TECHNOLOGIES INC",0,0,1,0,54,4983,IL,NAPERVILLE,60563
2023,"OROZCO ARCHITECTURE INC",1,0,0,0,54,6826,FL,TAMPA,33647
2023,"ORPINE INC",0,0,1,0,54,6283,,,
2023,"ORPINE INC",17,0,28,1,54,6283,GA,ALPHARETTA,30022
2023,"ORRBA SYSTEMS LLC",2,0,9,0,54,9424,SC,"ROCK HILL",29730
2023,"ORRBA SYSTEMS LLC",1,0,1,0,54,9424,SC,ROCKHILL,29730
2023,"ORRION LLC",0,0,1,0,54,8099,IL,NAPERVILLE,60563
2023,"ORUM  INC",0,0,1,0,54,8035,TX,AUSTIN,78704
2023,"OSA OPERATIONS LLC",0,0,6,0,54,8184,GA,ALPHARETTA,30009
2023,"OSARO INC",0,0,1,0,54,8734,CA,"SAN FRANCISCO",94107
2023,"OSCAR ORDUNO INC",0,0,1,0,54,9003,TX,IRVING,75038
2023,"OSCEOLA CONSULTING LLC",0,0,1,0,54,8318,CA,"BELVEDERE TIBURON",94920
2023,"OSCEOLA CONSULTING LLC",0,0,2,1,54,8318,CA,TIBURON,94920
2023,"OSEH INC",0,0,1,0,54,5926,IL,WHEATON,60187
2023,"OSI DIGITAL INC",0,0,3,0,54,4560,CA,"AGOURA HILLS",91301
2023,"OSI DIGITAL INC",0,0,4,0,54,4560,CA,CALABASAS,91301
2023,"OSI ENGINEERING INC",0,0,1,0,54,3688,CA,CAMPBELL,95008
2023,"OSIRIS 9 CONSULTING LLC",0,0,1,0,54,1176,FL,JACKSONVILLE,32256
2023,"OSO VENTURES INC",0,0,11,0,54,3337,CA,NEWARK,94560
2023,"OSS INC",1,0,0,0,54,1419,MD,GAITHERSBURG,20877
2023,"OSS INC",13,0,4,0,54,1419,MD,GAITHERSBURG,20877
2023,"OST INC",0,0,1,1,54,5314,DC,WASHINGTON,20037
2023,"OTIS IT INC",0,0,1,0,54,9401,DE,WILMINGTON,19810
2023,"OTIS TECHNOLOGY LLC DBA AGAMA CONSULTING GROUP",1,0,0,0,54,4592,TX,IRVING,75062
2023,"OTJ ARCHITECTS INC",0,0,2,0,54,8957,DC,WASHINGTON,20004
2023,"OTM SOFTWARE PROFESSIONALS INC",0,0,2,0,54,5517,CA,"SANTA BARBARA",93101
2023,"OTS SOLUTIONS INC",2,0,0,0,54,9816,TX,ALLEN,75013
2023,"OUR PLANETX LLC DBA PLANETX",1,0,0,0,54,7773,NY,"NEW YORK",10014
2023,"OUR SUSTAINABLE FUTURE LLC",1,0,0,0,54,0041,CO,BROOMFIELD,80021
2023,"OUTBOX SYSTEMS INC DBA SIMPLUS",0,0,1,0,54,0218,,,
2023,"OUTER LABS INC",0,0,1,0,54,8015,CA,IRVINE,92606
2023,"OUTERFACTOR INC",0,0,1,0,54,8868,MI,"BATTLE CREEK",49014
2023,"OUTGO INC",0,0,2,0,54,4753,WA,SEATTLE,98102
2023,"OUTMATCH INC",1,0,0,1,54,9925,TX,DALLAS,75230
2023,"OUTREACH CORPORATION",0,0,4,0,54,4779,WA,SEATTLE,98119
2023,"OUTREACH CORPORATION",0,0,1,0,54,4779,WA,SEATTLE,98199
2023,"OUTRIDER TECHNOLOGIES INC",1,0,1,0,54,0977,CO,GOLDEN,80403
2023,"OVATION.IO, INC.",0,0,1,0,54,5931,MA,CAMBRIDGE,02139
2023,"OVERDRIVE INC",0,0,1,0,54,2786,OH,CLEVELAND,44125
2023,"OVERDRIVE MARKETING COMMUNICATIONS LLC DBA OVERDRIVE INTERACTIVE",0,0,2,0,54,1653,MA,ALLSTON,02134
2023,"OVERIT INTERNATIONAL INC",0,0,1,0,54,6177,FL,MIAMI,33131
2023,"OVERJET INC",0,0,4,0,54,2679,MA,BOSTON,02118
2023,"OVERLAND CONTRACTING INC",0,0,1,0,54,2113,KS,LEAWOOD,66211
2023,"OVERLAND SOLUTIONS LLC",0,0,1,0,54,7543,MO,"LEES SUMMIT",64086
2023,"OVS TECHNOLOGIES INC",1,0,5,0,54,0954,VA,RESTON,20191
2023,"OWNBACKUP INC",0,0,1,0,54,3961,NJ,"ENGLEWOOD CLIFFS",07632
2023,"OXFORD BIOMEDICA SOLUTIONS LLC",0,0,1,0,54,9719,MA,BEDFORD,01730
2023,"OXYA CORPORATION",0,0,2,0,54,9256,NJ,"JERSEY CITY",07302
2023,"OZETTE TECHNOLOGIES",0,0,1,0,54,6791,WA,SEATTLE,98119
2023,"P AND C GROUP INC",0,0,1,0,54,0763,CA,"LOS ANGELES",90010
2023,"P SQUARE SOLUTIONS LLC",3,0,1,0,54,7455,NJ,"MOUNT LAUREL",08054
2023,"P2P SOFTTEK LLC",0,0,1,0,54,6086,,,
2023,"P2P SOFTTEK LLC",7,0,9,0,54,6086,CA,PLEASANTON,94566
2023,"P2S INC",1,0,0,0,54,3611,CA,"LONG BEACH",90815
2023,"P3 GEEKS INC",4,0,6,0,54,1128,NJ,"SOUTH PLAINFIELD",07080
2023,"P3 TECHNOLOGIES INC",0,0,4,0,54,4025,TX,IRVING,75063
2023,"P3 USA INC",0,0,1,0,54,5552,SC,GREENVILLE,29601
2023,"P9 CLOUD SOLUTIONS INC",2,0,0,0,54,9112,VA,HERNDON,20171
2023,"PA CONSULTING GROUP INC",0,0,1,0,54,7449,NY,"NEW YORK",10174
2023,"PA SOLUTIONS INC",0,0,1,0,54,4900,MI,WARREN,48091
2023,"PAC SEATING SYSTEMS INC",0,0,1,0,54,6094,FL,"PALM CITY",34990
2023,"PACE ADVANCED WATER ENGINEERING",0,0,1,0,54,5538,CA,"FOUNTAIN VALLEY",92708
2023,"PACE ANALYTICAL LIFE SCIENCES LLC",0,0,2,0,54,3920,MN,OAKDALE,55128
2023,"PACE ANALYTICAL SERVICES LLC",1,0,0,1,54,1617,MN,MINNEAPOLIS,55414
2023,"PACE COMPUTER SOLUTIONS INC",1,0,1,1,54,9309,MD,COLUMBIA,21044
2023,"PACIFIC COAST TRIAL LAW FIRM",0,0,1,0,54,9883,CA,ALHAMBRA,91801
2023,"PACIFIC DATA SYSTEMS",1,0,0,0,54,1523,,,
2023,"PACIFIC ENGINEERING & RISK CONSULTING GROUP INC",0,0,1,0,54,9789,CA,TORRANCE,90505
2023,"PACIFIC ENGINEERING GRP & SVCS PEGS LLC",2,0,2,0,54,4741,MP,SAIPAN,96950
2023,"PACIFIC ISLAND ENVIRONMENTAL INC",0,0,1,0,54,6364,CA,"HUNTINGTON BEACH",92647
2023,"PACIFIC NEUROSCIENCE INST FOUNDATION",1,0,0,0,54,2178,CA,"SANTA MONICA",90404
2023,"PACIFICA CONSULTING SERVICES LLC",1,0,2,0,54,0630,MO,"SAINT LOUIS",63141
2023,"PACKAGING TECHNOLOGIES AND INSPECTION LLC",1,0,0,0,54,4090,NY,HAWTHORNE,10532
2023,"PACKETONE LLC",2,2,0,0,54,0337,IL,SCHAUMBURG,60173
2023,"PACSTON CORPORATION",0,0,2,0,54,9371,WA,SEATTLE,98104
2023,"PACTERA TECHNOLOGIES INC",0,0,4,0,54,2879,WA,REDMOND,98052
2023,"PACTERA TECHNOLOGIES NA INC",1,0,0,0,54,3773,,,
2023,"PACTERA TECHNOLOGIES NA INC",0,0,4,1,54,3773,WA,REDMOND,98052
2023,"PADDLE COM INCORPORATED",0,0,1,0,54,0399,NY,ASTORIA,11105
2023,"PADILLA COMPANY LLP",2,0,3,0,54,7732,NY,JAMAICA,11432
2023,"PAECH FINANCE INC",0,0,1,0,54,7004,CA,OAKLAND,94609
2023,"PAG CONSULTING INC",0,1,0,0,54,5747,TX,"SUGAR LAND",77479
2023,"PAGE SOUTHERLANE PAGE INC",0,0,1,0,54,8046,DC,WASHINGTON,20036
2023,"PAGE SOUTHERLANE PAGE INC",0,0,1,0,54,8046,TX,DALLAS,75201
2023,"PAGEBITES, INC.",0,0,0,1,54,8466,CA,"PALO ALTO",94306
2023,"PALADINO & COMPANY, PA",0,0,1,0,54,3109,AR,"LITTLE ROCK",72223
2023,"PALANTIR TECHNOLOGIES INC",1,0,23,0,54,1851,CO,DENVER,80202
2023,"PALATIAL TECHNOLOGIES INC",0,0,1,0,54,6120,GA,CUMMING,30040
2023,"PALAYEKAR COMPANIES INC DBA PALNAR",2,0,14,0,54,3161,NJ,CRANBURY,08512
2023,"PALINDROME TECHNOLOGIES",0,0,1,0,54,7526,NJ,PRINCETON,08540
2023,"PALINDROMTECH LLC",0,0,1,0,54,8133,TX,MCKINNEY,75070
2023,"PALL CORPORATION",1,0,7,0,54,1330,NY,"PORT WASHINGTON",11050
2023,"PALNI INC",3,0,4,0,54,9451,TX,MCKINNEY,75070
2023,PALO,0,0,1,0,54,6527,CA,"SAN DIEGO",92120
2023,"PALO ALTO NETWORKS INC",0,0,1,0,54,0195,CA,"SANTA CLARA",95054
2023,"PALO ALTO NETWORKS INC",0,0,9,0,54,0195,,,
2023,"PALO ALTO NETWORKS INC",5,0,152,5,54,0195,CA,"SANTA CLARA",95054
2023,"PALO ALTO NETWORKS INC",0,0,1,0,54,0195,CA,"SANTA CLARA",95054
2023,"PALO ALTO VETERANS INSTITUTE FOR RESEARCH",3,0,1,0,54,7331,CA,"PALO ALTO",94304
2023,"PALVAI GLOBAL SERVICES INC",3,0,1,0,54,6657,NJ,"SOUTH PLAINFIELD",07080
2023,"PAMEDGE INC",1,0,0,0,54,4709,GA,ATLANTA,30338
2023,"PAMELA SHARP",0,0,1,0,54,9432,CA,"LOS ANGELES",90046
2023,"PAMTEN INC",8,0,15,0,54,3327,NJ,PRINCETON,08540
2023,"PANAMAX INC",5,0,0,0,54,9842,NY,"GARDEN CITY",11530
2023,"PANASONIC AVIONICS CORPORATION",1,0,15,1,54,5071,CA,IRVINE,92612
2023,"PANDA APS GROUP INC",0,0,1,0,54,5566,NY,FLUSHING,11355
2023,"PANDERA SYSTEMS LLC",0,0,1,0,54,4842,IL,CHICAGO,60607
2023,"PANDERA SYSTEMS LLC",0,0,2,0,54,4842,FL,ORLANDO,32801
2023,"PANDIT VIEW SOFTWARE LLC",0,0,1,0,54,6878,CO,CENTENNIAL,80112
2023,"PANDIT VIEW SOFTWARE LLC",0,0,1,0,54,6878,CO,CENTENNIAL,80112
2023,"PANDIT VIEW SOFTWARE LLC",3,0,1,0,54,6878,CO,ENGLEWOOD,80112
2023,"PANDO.AI INC",2,0,0,0,54,0239,IL,CHICAGO,60607
2023,"PANDYA KAPADIA BHATT AND ASSOCIATES CPAS LLC",2,0,0,0,54,0024,NJ,"SOUTH PLAINFIELD",07080
2023,"PANHA SOLUTIONS INC",8,0,0,0,54,3217,NY,ALBANY,12205
2023,"PANORAMA CONSULTING AND ENGINEERING INC",3,0,1,0,54,4589,MA,WOBURN,01801
2023,"PANORAMA CONSULTING AND ENGINEERING INC",3,0,6,0,54,4589,NJ,WARREN,07059
2023,"PANTAR SOLUTIONS INC",0,0,1,0,54,1368,,,
2023,"PANTAR SOLUTIONS INC",1,0,12,0,54,1368,NC,CHARLOTTE,28277
2023,"PANTHER HOSPITALITY LLC DBA HORWATH HTL",0,0,1,0,54,1874,GA,ATLANTA,30346
2023,"PAPE DAWSON COUNSULTING ENGINERS INC DBA PAPE DAWSON ENGINEERS",0,0,1,0,54,6252,TX,"SAN ANTONIO",78213
2023,"PAPER TIGER MARKETING LLC",1,0,0,0,54,4116,NJ,RIDGEWOOD,07450
2023,"PAR DEV SOLUTIONS LLC",2,0,0,0,54,5108,OR,BEAVERTON,97006
2023,"PAR TECH INC",0,0,1,0,54,0279,MI,"LAKE ORION",48359
2023,"PARADIGM HEALTHCARE SERVICES LLC",0,0,2,0,54,2194,CA,"SAN FRANCISCO",94107
2023,"PARADIGM INFOTECH INC",1,0,0,0,54,8672,MD,COLUMBIA,21045
2023,"PARADOWSKI CREATIVE",0,1,0,0,54,2818,MO,"SAINT LOUIS",63119
2023,"PARADYME MANAGEMENT INC",0,0,1,0,54,1306,,,
2023,"PARALLEL BIOSYSTEMS INC",1,0,0,0,54,2619,,,
2023,"PARALLEL WIRELESS INC",0,0,1,0,54,6652,NH,NASHUA,03062
2023,"PARAM CONSULTING SERVICES INC",2,0,8,0,54,0267,NJ,ISELIN,08830
2023,"PARAM HEALTHCARE IT SERVICES INC",0,0,1,0,54,7771,,,
2023,"PARAM HEALTHCARE IT SERVICES INC",4,0,2,0,54,7771,NJ,ISELIN,08830
2023,"PARAM TECHNOLOGIES INC",5,0,6,0,54,6495,MN,MINNEAPOLIS,55421
2023,"PARAMOUNT CONSULTING LLC",3,0,0,0,54,8804,TX,LEWISVILLE,75067
2023,"PARAMOUNT GLOBAL SOLUTIONS INC",0,0,2,0,54,2927,TX,COPPELL,75019
2023,"PARAMOUNT SOFTWARE SOLUTIONS INC",0,0,22,0,54,0067,GA,ALPHARETTA,30005
2023,"PARDON VENTURES LLC",0,0,1,0,54,2626,CO,DENVER,80202
2023,"PARETO INTELLIGENCE LLC",0,0,1,0,54,7915,IL,CHICAGO,60654
2023,"PAREXEL INTERNATIONAL LLC",0,0,10,0,54,7643,MA,BILLERICA,01821
2023,"PAREXEL INTERNATIONAL LLC",0,0,1,0,54,7643,MA,NEWTON,02466
2023,"PAREXEL INTERNATIONAL LLC",0,0,1,0,54,7643,,,
2023,"PARKER GROUP INC",0,0,1,0,54,1823,NY,"NEW YORK",10013
2023,"PARKINSYS INC",1,0,0,0,54,3714,NJ,PARSIPPANY,07054
2023,"PARKLAND CTR FOR CLINICAL INNOVATION",0,0,1,0,54,3543,TX,DALLAS,75247
2023,"PARRA & CO LLC",0,0,1,0,54,1733,TX,"SAN ANTONIO",78205
2023,"PARSETEK INC",2,0,0,1,54,4399,VA,CHANTILLY,20151
2023,"PARSONS GOVERNMENT SERVICES INC",0,0,1,0,54,5716,CA,PASADENA,91124
2023,"PARSONS PATCO INC",0,0,1,0,54,8113,CA,PASADENA,91124
2023,"PARSONS SVCS COMPANY",0,0,1,0,54,5776,CA,PASADENA,91124
2023,"PARSONS TRANSPORTATION GROUP INC",0,0,14,2,54,2270,CA,PASADENA,91124
2023,"PARSUS SOLUTIONS LLC",0,0,1,0,54,5367,AZ,SCOTTSDALE,85260
2023,"PARTHENON THERAPEUTICS INC",0,0,1,0,54,0200,MA,BRIGHTON,02135
2023,"PARTNER ASSESSMENT CORPORATION DBA PARTNER ENGINEERING AND SCIENCE INC",1,0,0,0,54,4379,CA,TORRANCE,90501
2023,"PARTNERS IN PERFORMANCE USA INC",0,0,1,0,54,0661,GA,ATLANTA,30328
2023,"PARTNERS INFORMATION TECH INC",3,0,5,0,54,4514,CA,ANAHEIM,92802
2023,"PARTNERS SIMONS INC D B A MERGE",0,0,1,0,54,8192,IL,CHICAGO,60601
2023,"PARTNERS SOFT INC",0,0,1,0,54,6936,CT,MIDDLETOWN,06457
2023,"PASSAGEWAYS INC ONBOARD",0,0,1,0,54,7390,IN,INDIANAPOLIS,46204
2023,"PASSION IT INC",1,0,0,0,54,7977,TX,DALLAS,75243
2023,"PASSPORT LABS INC",0,0,1,0,54,7364,,,
2023,"PASSPORT LABS INC",0,0,4,0,54,7364,NC,CHARLOTTE,28202
2023,"PATEL ASSOCIATES PLC",0,0,1,0,54,2906,MI,FRANKLIN,48025
2023,"PATEL CONSULTANTS CORPORATION",0,0,1,0,54,0360,,,
2023,"PATEL CONSULTANTS CORPORATION",0,0,2,0,54,0360,NJ,UNION,07083
2023,"PATEL GREENE & ASSOCIATES LLC",0,0,1,0,54,9743,FL,"TEMPLE TERRACE",33637
2023,PATH,2,0,0,0,54,7127,WA,SEATTLE,98121
2023,"PATH ROBOTICS INC",1,0,1,0,54,5454,OH,COLUMBUS,43215
2023,"PATHAI INC",0,0,5,1,54,8508,MA,BOSTON,02215
2023,"PATHPARTNER TECHNOLOGY INC",0,0,3,0,54,9868,CA,FREMONT,94538
2023,"PATHWAY LABS INC",0,0,1,0,54,0274,CA,"SAN FRANCISCO",94117
2023,"PATIENT POINT HEALTH TECHNOLOGIES LLC DBA PATIENTPOINT",0,0,4,0,54,7591,IL,CHICAGO,60661
2023,"PATOMAK GLOBAL PARTNERS LLC",0,0,1,0,54,8027,,,
2023,"PATRICK HENRY CREATIVE PROMOTIONS INC",0,0,1,0,54,4310,TX,HOUSTON,77027
2023,"PATRIOT ENGINEERING AND ENVIRONMENTAL INC",0,0,1,0,54,9632,IN,INDIANAPOLIS,46250
2023,"PATRONESS LLC",0,0,1,0,54,7919,TN,BRENTWOOD,37027
2023,"PATTON LABS INC",1,0,10,0,54,1487,MI,WIXOM,48393
2023,"PAUL F SULLIVAN CHARTERED",0,0,1,0,54,6184,MD,BETHESDA,20814
2023,"PAUL HASTINGS LLP",1,0,1,1,54,9675,CA,"LOS ANGELES",90071
2023,"PAUL WEISS RIFKIND WHARTON GARRISON LLP",0,0,2,0,54,2105,NY,"NEW YORK",10019
2023,"PAULUS SOKOLOWSKI AND SARTOR LLC",0,0,1,0,54,0653,NJ,WARREN,07059
2023,"PAVAN CONSULTANCY SERVICES INC",1,1,0,0,54,0618,PA,PITTSBURGH,15237
2023,"PAVANE SOLUTIONS INC",0,0,1,0,54,3763,NJ,"SADDLE BROOK",07663
2023,"PAWSH PLACE VETERINARY CORP APC",1,0,0,0,54,0784,CA,VACAVILLE,95688
2023,"PAXAFE INC",0,0,1,0,54,0436,IN,INDIANAPOLIS,46204
2023,"PAXEL CONSULTING LLC",0,0,1,0,54,1502,TX,ARLINGTON,76006
2023,"PAXOS TECHNOLOGY SOLUTIONS LLC",0,0,1,0,54,1046,NY,"NEW YORK",10011
2023,"PAXOS TRUST COMPANY LLC",1,0,0,0,54,8449,NY,"NEW YORK",10011
2023,"PAYCHEX NORTH AMERICA INC",0,0,1,0,54,0849,,,
2023,"PAYCHEX NORTH AMERICA INC",0,0,13,0,54,0849,NY,ROCHESTER,14625
2023,"PAYCOM PAYROLL LLC",0,0,65,1,54,2465,OK,"OKLAHOMA CITY",73142
2023,"PAYCOR INC",0,0,17,1,54,9990,OH,CINCINNATI,45212
2023,"PAYETTE ASSOCIATES INC",1,0,2,0,54,9313,MA,BOSTON,02210
2023,"PAYLOCITY CORPORATION",1,0,11,0,54,7403,IL,SCHAUMBURG,60173
2023,"PAYNE & COMPANY CPAS LLC",0,0,1,0,54,4307,OH,COLUMBUS,43220
2023,"PBITS INC",2,0,0,0,54,6028,IL,"OAK PARK",60301
2023,"PBS ENGINEERING AND ENVIRONMENTAL",1,0,0,0,54,0218,OR,PORTLAND,97239
2023,"PBS ENGINEERS INC",0,0,1,0,54,9129,CA,GLENDORA,91740
2023,"PCB APPS LLC",5,0,2,0,54,5302,NJ,SOMERSET,08873
2023,"PCC TECHNOLOGY INC",0,0,1,0,54,0803,LA,METAIRIE,70002
2023,"PCFS SOLUTIONS",1,0,0,0,54,5798,CA,"SAN DIEGO",92115
2023,"PCS STRUCTURAL SOLUTIONS",0,0,1,0,54,3553,WA,TACOMA,98402
2023,"PDDN INC",0,0,1,0,54,8254,CA,FREMONT,94538
2023,"PE SERVICES DBA WRIGHT ENGINEERS",1,0,1,0,54,1293,NV,"LAS VEGAS",89134
2023,"PEAKPOINT TECHNOLOGIES INC",1,0,0,0,54,0503,NH,NASHUA,03060
2023,"PEAKPOINT TECHNOLOGIES INC",1,0,4,0,54,1503,NH,NASHUA,03060
2023,"PEARL CONSULTING SERVICES INC",0,0,1,0,54,5548,VA,CHANTILLY,20151
2023,"PEARL INC",0,0,1,0,54,5198,CA,"W HOLLYWOOD",90069
2023,"PEARLSOFT SOLUTIONS INC",0,0,1,0,54,3948,AR,"LITTLE ROCK",72221
2023,"PEAXY INC",0,0,1,0,54,8680,CA,"SAN JOSE",95110
2023,"PEBAL BRIGHT TECHNOLOGIES LLC",1,0,0,0,54,2988,TX,"CEDAR PARK",78613
2023,"PEBLO TECHNOLOGIES LLC",1,0,1,0,54,7038,NJ,"EAST BRUNSWICK",08816
2023,"PECKHAM GUYTON ALBERS & VIETS INC",1,0,1,0,54,1161,MO,"SAINT LOUIS",63102
2023,"PEER CONSULTING RESOURCES",2,0,0,0,54,2198,NJ,PRINCETON,08540
2023,"PEER CONSULTING RESOURCES",0,0,1,0,54,2198,NJ,"SOUTH BRUNSWICK",08540
2023,"PEER COSULTANTS PC",0,0,2,0,54,5381,DC,WASHINGTON,20024
2023,"PEERLESS MANUFACTURING CO",0,0,1,0,54,4417,TX,DALLAS,75254
2023,"PEERNOVA INC",0,0,2,0,54,2462,CA,"SAN JOSE",95110
2023,"PEGAFRAME INFOTECH INC",0,0,1,0,54,7621,NY,"NEW YORK",10036
2023,"PEGASUS KNOWLEDGE SOLUTIONS INC",0,0,2,0,54,1862,IL,SCHAUMBURG,60173
2023,"PEGASUS TECHNICAL SERVICES INC",0,0,2,0,54,3274,OH,CINCINNATI,45219
2023,"PEGASUS VERTEX INC",0,0,1,1,54,0049,TX,HOUSTON,77036
2023,"PEGASUS WORLDWIDE LOGISTICS INC",0,0,1,0,54,4368,CA,"CITY OF INDUSTRY",91746
2023,"PEGASUSTSI INC",1,0,0,0,54,6332,FL,TAMPA,33607
2023,"PEGASYS SOFTWARE INC",2,0,0,0,54,1215,FL,"SAINT PETERSBURG",33702
2023,"PEGASYS SYSTEMS TECHNOLOGIES INC",1,0,0,0,54,1746,MI,LIVONIA,48152
2023,"PEGASYSTEMS INC",0,0,1,0,54,7865,,,
2023,"PEGASYSTEMS INC",1,0,6,0,54,7865,MA,CAMBRIDGE,02142
2023,"PELLI CLARKE & PARTNERS INC",0,0,1,0,54,8461,CT,"NEW HAVEN",06510
2023,"PELORIA INC",0,1,0,0,54,5478,DC,WASHINGTON,20002
2023,"PELOTON GROUP LLC",0,0,4,0,54,5846,MA,BOSTON,02110
2023,"PENDO IO INC",0,0,1,0,54,9724,NC,RALEIGH,27603
2023,"PENDULUM THERAPEUTICS PREVIOUSLY WHOLE BIOME INC",0,0,1,0,54,7933,,,
2023,"PENNONI ASSOCIATES INC",0,0,3,0,54,3429,PA,PHILADELPHIA,19103
2023,"PENSERV PLAN SERVICES INC",1,0,0,0,54,6735,SC,"WEST COLUMBIA",29170
2023,"PENSOFT TECHNOLOGIES INC",2,0,0,0,54,5688,TX,IRVING,75038
2023,"PENTA ENGINEERING CO LLC",1,0,0,0,54,6654,MO,"SAINT LOUIS",63132
2023,"PENTANGLE TECH SERVICES LLC",1,0,0,0,54,6851,MI,FARMINGTON,48334
2023,"PENTANGLE TECH SERVICES LLC",0,0,2,0,54,6851,MI,"FARMINGTON HILLS",48334
2023,"PEOPLE CENTER INC D B A RIPPLING",0,0,1,0,54,0113,,,
2023,"PEOPLE CENTER INC D B A RIPPLING",3,0,19,1,54,0113,CA,"SAN FRANCISCO",94105
2023,"PEOPLE TECH GROUP INC",4,0,1,0,54,5984,DE,LEWES,19958
2023,"PEOPLE TECH GROUP INC",0,0,1,0,54,5565,NJ,PLAINSBORO,08540
2023,"PEOPLECORP AMERICA INC",0,0,1,0,54,4272,VA,STAFFORD,22554
2023,"PEOPLELINK LLC DBA ACTIUM CONSULTING",0,0,1,0,54,4753,IN,"SOUTH BEND",46617
2023,"PEOPLENTECH LLC",2,0,0,0,54,4868,VA,VIENNA,22182
2023,"PEOPLES ASSOCIATES STRUCTURAL ENGINEERS INC",1,0,0,0,54,3951,CA,"SAN JOSE",95126
2023,"PEPGEN INC",1,0,0,0,54,9886,MA,CAMBRIDGE,02142
2023,"PEPON INC",2,0,0,0,54,7645,TX,"SUGAR LAND",77478
2023,"PERAMAL SERVICES LLC",5,0,2,0,54,4195,TX,AUSTIN,78729
2023,"PERATON STATE AND LOCAL INC",0,0,2,2,54,2737,VA,CHANTILLY,20151
2023,"PEREGRINE ENERGY SOLUTIONS LLC",0,0,1,0,54,6987,CO,BOULDER,80302
2023,"PERELSON WEINER ASSOCIATES CPA PC",0,0,1,0,54,9047,NY,"NEW YORK",10171
2023,"PERFAWARE LLC",1,0,0,0,54,1264,TX,ALLEN,75013
2023,"PERFAWARE LLC",0,0,1,0,54,1264,TX,IRVING,75062
2023,"PERFECT BUSINESS SERVICES INC DBA PERFECT TAX AND FINANCE",0,0,1,0,54,3825,TX,MCKINNEY,76227
2023,"PERFECT DAY INC",0,0,2,1,54,8887,CA,BERKELEY,94710
2023,"PERFECT GENERAL CONTRACTORS LLC",1,0,0,0,54,1269,TX,FRISCO,75033
2023,"PERFECT SENSE INC DBA BRIGHTSPOT",0,0,2,0,54,9291,VA,RESTON,20190
2023,"PERFECTVIPS INC",4,0,0,1,54,7613,CA,"SAN JOSE",95110
2023,"PERFECTVIPS INC",0,0,0,2,54,7613,NY,NANUET,10954
2023,"PERFETTO ENTERPRISES CO INC",0,0,2,0,54,2614,NY,"STATEN ISLAND",10302
2023,"PERFICIENT INC",0,0,1,0,54,3256,MO,"SAINT LOUIS",63141
2023,"PERFICIENT INC",0,0,1,0,54,3258,,,
2023,"PERFICIENT INC",4,0,80,3,54,3258,MO,"SAINT LOUIS",63141
2023,"PERFICIENT INC",0,0,1,0,54,3258,MO,ST,63141
2023,"PERFORCE SOFTWARE INC",0,0,1,0,54,0959,MN,MINNEAPOLIS,55401
2023,"PERFORM CONSULTING INC",5,0,0,0,54,9018,CA,"SANTA MONICA",90405
2023,"PERFORMANCE ARCHITECHTS INC",0,1,0,0,54,9193,MA,BOSTON,02109
2023,"PERFORMANCE EQUINE VETERINARY SERVICES",0,1,0,0,54,8206,FL,OCALA,34482
2023,"PERFORMANCE SERVICES INC",0,0,1,0,54,7928,IN,INDIANAPOLIS,46280
2023,"PERFORMANCE SOFTECH SOLUTIONS INC",0,0,1,0,54,1598,KS,TOPEKA,66604
2023,"PERGAM TECHNICAL SERVICES INC",0,1,0,0,54,9194,WA,RENTON,98057
2023,"PERI FORMWORK SYSTEMS INC",0,0,1,1,54,7244,MD,ELKRIDGE,21075
2023,"PERI SOFTWARE SOLUTIONS INC.",2,0,0,0,54,9169,NJ,NEWARK,07102
2023,"PERIGON INFOTECH INC",8,0,3,0,54,4225,NC,DURHAM,27703
2023,"PERIGONSOFT LLC",1,0,3,0,54,6304,MD,COLUMBIA,21044
2023,"PERIMATICS LLC",0,0,1,0,54,8484,WA,BELLEVUE,98005
2023,"PERISCOPE TECHNOLOGIES INC",1,0,1,0,54,8939,CA,"SAN RAMON",94583
2023,"PERITUS INC",0,0,2,0,54,2283,TX,IRVING,75039
2023,"PERK SYSTEMS INC",0,0,1,0,54,3850,,,
2023,"PERK SYSTEMS INC",1,0,5,0,54,3850,TX,IRVING,75063
2023,"PERKINS COIE LLP",0,0,2,0,54,1206,WA,SEATTLE,98101
2023,"PERKINS EASTMAN ARCHITECTS DPC",0,0,9,1,54,4005,NY,"NEW YORK",10003
2023,"PERKINS WILL INC",2,0,17,0,54,0384,IL,CHICAGO,60611
2023,"PERSEUS INC",1,0,0,0,54,0853,GA,ALPHARETTA,30004
2023,"PERSISTENT IT INC",2,0,0,0,54,3975,TX,COPPELL,75019
2023,"PERSISTENT SYSTEM INC",0,0,1,0,54,,CA,"SANTA CLARA",95054
2023,"PERSISTENT SYSTEMS INC",0,0,4,0,54,4954,,,
2023,"PERSISTENT SYSTEMS INC",28,1,119,0,54,4954,CA,"SANTA CLARA",95054
2023,"PERSISTENT SYSTEMS INC",0,0,1,0,54,4954,NJ,BRIDGEWATER,08807
2023,"PERSISTENT SYSTEMS INC",0,0,3,0,54,4954,NJ,"BRIDGEWATER TOWNSHIP",08807
2023,"PERSISTENT TELECOM SOLUTIONS INC",0,0,1,0,54,2220,CA,"SANTA CLARA",95054
2023,"PERSIVIA INC",1,0,0,0,54,4583,MA,MARLBOROUGH,01752
2023,"PERSONA XYZ INC",0,0,1,0,54,1421,CA,"SAN FRANCISCO",94111
2023,"PERSONALIS INC",0,0,3,0,54,1038,CA,"MENLO PARK",94025
2023,"PERSONIFY INC",0,0,0,1,54,6450,TX,AUSTIN,78752
2023,"PET URGENT CARE OF ST PETERS INC",2,0,0,0,54,3872,MO,"SAINT PETERS",63376
2023,"PETABYTE TECHNOLOGIES LLC",5,1,0,0,54,7638,TX,FRISCO,75034
2023,"PETABYTZ TECHNOLOGIES INC",0,1,1,0,54,2089,NJ,EDISON,08817
2023,"PETADATA SOFTWARE LLC",3,0,0,0,54,1422,CA,FREMONT,94538
2023,"PETADIGIT LLC",0,12,6,1,54,5486,GA,ALPHARETTA,30005
2023,"PETER G PETERSON INSTITUTE FOR INTL ECONOMICS",2,0,0,0,54,6967,DC,WASHINGTON,20036
2023,"PETERSON & SMITH EQUINE HOSPITAL LLC",0,0,0,1,54,2193,FL,OCALA,34474
2023,"PETERSON TECHNOLOGY PARTNERS INC",1,0,2,0,54,1657,IL,"PARK RIDGE",60068
2023,"PETRINOVICH PUGH & COMPANY LLP",0,0,1,0,54,8792,CA,"SAN JOSE",95113
2023,"PETROL ADVERTISING INC",0,0,1,0,54,1339,CA,BURBANK,91502
2023,"PETUUM INC",1,0,1,0,54,5186,PA,PITTSBURGH,15222
2023,"PEW RESEARCH CENTER",1,0,2,0,54,1724,DC,WASHINGTON,20036
2023,"PEXESO INC",0,0,1,0,54,5065,CA,"LOS ANGELES",90017
2023,"PFSWEB INC",1,0,0,0,54,5704,TX,ALLEN,75013
2023,"PGH GROUP LLC",2,0,1,0,54,3091,TX,IRVING,75038
2023,"PGH GROUP LLC",0,0,1,0,54,3091,,,
2023,"PGX GLOBAL FDN",1,0,0,0,54,6569,TX,HOUSTON,77035
2023,"PHAIT INC",1,0,0,0,54,4137,WA,"GIG HARBOR",98332
2023,"PHANTOM AI INC",0,0,2,0,54,1197,CA,BURLINGAME,94010
2023,"PHARM OLAM LLC",0,0,1,0,54,3111,TX,HOUSTON,77060
2023,"PHARMA TEK SOLUTIONS INC",1,0,1,0,54,1688,CA,"SAN RAMON",94583
2023,"PHARMAACE LLC",6,0,2,0,54,9158,NJ,PRINCETON,08540
2023,"PHARMACEUTICAL RESEARCH ASSOCIATES INC",0,0,13,1,54,4111,PA,"BLUE BELL",19422
2023,"PHARMAGIN INC",0,0,1,0,54,1940,NV,"LAS VEGAS",89123
2023,"PHARMALEX US CORPORATION",0,0,1,0,54,4380,MA,BURLINGTON,01803
2023,"PHARMARON ABS INC",1,0,0,0,54,1894,MD,GERMANTOWN,20876
2023,"PHASORSOFT GROUP LLC",3,0,0,0,54,5735,MS,FLOWOOD,39232
2023,"PHDATA INC",0,0,3,0,54,8349,MN,MINNEAPOLIS,55415
2023,"PHELAN TUCKER LAW LLP",1,0,0,0,54,3178,IA,"IOWA CITY",52244
2023,"PHENOM TECHNOLOGY SOLUTIONS LLC",6,0,0,0,54,2700,MD,FREDERICK,21701
2023,"PHIDIMENSIONS INC",3,0,1,0,54,4944,TX,IRVING,75038
2023,"PHILLIP TOWNSEND ASSOCIATES INC",0,0,0,1,54,9964,TX,HOUSTON,77060
2023,"PHOENIX BUSINESS INC",0,0,1,0,54,7363,FL,SARASOTA,34242
2023,"PHOENIX INNOVATIONS LLC",3,0,0,0,54,4096,TX,"FLOWER MOUND",75022
2023,"PHOENIX STAFF, INC.",0,0,0,2,54,0667,AZ,PHOENIX,85044
2023,"PHOENIX TECHNICAL SOLUTIONS INC",0,0,1,0,54,9207,PA,MEADVILLE,16335
2023,"PHOSPHORUS CYBERSECURITY INC",0,0,1,0,54,6889,TN,NASHVILLE,37203
2023,"PHOTO BUTLER INC",0,0,0,1,54,7329,MA,BOSTON,02110
2023,"PHOTON INFOTECH INC",1,0,0,0,54,6960,TX,DALLAS,75342
2023,"PHOTON INFOTECH INC",0,0,1,0,54,6960,TX,IRVING,75038
2023,"PHOTON INFOTECH INC",0,0,5,0,54,6960,,,
2023,"PHOTON INFOTECH INC",1,0,0,0,54,6960,TX,DALLAS,75234
2023,"PHOTON INFOTECH INC",10,0,49,0,54,6960,TX,DALLAS,75244
2023,"PHOTON INSIGHTS INC",0,0,1,0,54,3079,PA,"WEST CONSHOHOCKEN",19428
2023,"PHOTONWARES CORPORATION",0,0,1,0,54,2482,MA,WOBURN,01801
2023,"PHOTOTHERMAL SPECTROSCOPY CORP",0,0,1,0,54,6147,CA,"SANTA BARBARA",93101
2023,"PHREESIA INC",0,0,1,0,54,5479,NC,RALEIGH,27601
2023,"PHYSICIAN INNOVATION COMPANY LLC",1,0,0,0,54,8294,TX,PLANO,75024
2023,"PHYSIQ INC",0,0,1,0,54,6980,IL,CHICAGO,60606
2023,"PI LABS INC",5,0,0,0,54,7198,MO,CHESTERFIELD,63005
2023,"PI SOFTWARE SOLUTIONS INC",0,0,2,0,54,0410,GA,CUMMING,30040
2023,"PI SQUARE TECHNOLOGIES LLC",4,0,1,0,54,8413,MI,FARMINGTON,48331
2023,"PI SQUARE TECHNOLOGIES LLC",2,0,5,0,54,8413,MI,"FARMINGTON HILLS",48331
2023,"PICA9 INC",0,0,1,0,54,6571,NY,"NEW YORK",10003
2023,"PICARRO INC",0,0,4,0,54,4406,CA,"SANTA CLARA",95054
2023,"PIERIANDX INC",0,0,2,0,54,2622,MO,"SAINT LOUIS",63141
2023,"PIEZOS TECHNOLOGY SOLUTIONS INC",6,2,3,1,54,7602,MI,NORTHVILLE,48167
2023,"PIEZOS TECHNOLOGY SOLUTIONS INC",1,0,0,0,54,7602,MI,NORTHVILLE,48186
2023,"PIKE ENGINEERING LLC",0,0,1,0,54,2131,NC,"MOUNT AIRY",27030
2023,"PIKE SOLUTIONS INC",6,0,7,0,54,8342,NJ,PISCATAWAY,08854
2023,"PIKTORLABS INC",1,0,0,0,54,0766,WA,SEATTLE,98121
2023,"PILLSBURY WINTHROP SHAW PITTMAN LLP",0,0,4,0,54,1126,TN,NASHVILLE,37201
2023,"PILOT TECHNOLOGIES LLC",1,1,0,0,54,2386,NJ,"EAST BRUNSWICK",08816
2023,"PILVI SYSTEMS INC",12,0,0,0,54,2196,TX,LEWISVILLE,75057
2023,"PINACLE IT CORP LLC",3,0,3,0,54,7368,TX,DALLAS,75234
2023,"PINDROP SECURITY INC",0,0,2,0,54,2492,GA,ATLANTA,30318
2023,"PINGCAP US INC",0,0,3,0,54,5275,CA,SUNNYVALE,94089
2023,"PINNACLE INFOTECH INC",0,0,1,0,54,9970,,,
2023,"PINNACLE INFOTECH INC",2,0,0,0,54,9970,TX,"SUGAR LAND",77478
2023,"PINNACLE SOFT SOLUTIONS LLC",0,0,1,0,54,8362,TX,"CEDAR PARK",78613
2023,"PINNACLE STRUCTURAL ENGINEERS INC",0,0,1,0,54,1677,TX,HOUSTON,77098
2023,"PINNACLE TECHNICAL RESOURCES INC",0,0,6,1,54,4696,TX,DALLAS,75231
2023,"PINNACLE TECHNOLOGY PARTNERS INC",0,0,1,0,54,7870,MA,NORWOOD,02062
2023,"PINPOINT PREDICTIVE INC",0,0,1,0,54,1540,CA,"SAN MATEO",94401
2023,"PINSCREEN INC",0,0,2,0,54,4413,CA,"LOS ANGELES",90025
2023,"PINTEGRA LLC",1,0,3,0,54,8672,NJ,PARAMUS,07652
2023,"PINTEGRA LLC",0,0,4,0,54,8672,NJ,"ROCHELLE PARK",07662
2023,"PINWHEEL SOLUTIONS INC",5,0,0,0,54,3307,TX,FULSHEAR,77441
2023,"PIONEER CENTRAL HOLDING, INC DBA CINTAX ACCOUNTING CO",1,0,0,0,54,9027,CA,ROSEMEAD,91770
2023,"PIONEER CONSULTING LLC",0,0,0,1,54,5503,,,
2023,"PIONEER CONSULTING LLC",0,0,9,1,54,5503,IA,"WEST DES MOINES",50266
2023,"PIONEER CONSULTING LLC",2,0,19,1,54,5503,NJ,CRANBURY,08512
2023,"PIONEER CONSULTING SERVICES INC",11,0,7,0,54,8308,VA,ASHBURN,20147
2023,"PIONEER CONSULTING SERVICES LLC",0,0,1,0,54,4205,NJ,PRINCETON,08540
2023,"PIONEER CONSULTING SERVICES LLC",0,0,2,0,54,1205,,,
2023,"PIONEER CONSULTING SERVICES LLC",5,0,81,2,54,1205,NJ,PRINCETON,08540
2023,"PIONEER CONSULTING SERVICES LLC",0,0,1,0,54,1205,NY,08540,08450
2023,"PIONEER GLOBAL INC",0,0,1,0,54,8664,VA,CHANTILLY,20151
2023,"PIONEER IT SYSTEMS LLC",1,0,1,0,54,8336,WA,LYNNWOOD,98036
2023,"PIONEER PROJECT SERVICES LLC",0,0,1,0,54,3605,MN,MINNEAPOLIS,55401
2023,"PIONEER SQUARE ADVISORS LLC",0,0,2,0,54,9993,WA,SEATTLE,98101
2023,"PIONEER TECHNOLOGIES INC",0,0,1,0,54,8429,TX,IRVING,75038
2023,"PIONEER TEK SERVICES INC",0,0,5,0,54,4734,TX,KATY,77450
2023,"PIONEER WORKS INC DBA HOMEBASE",0,0,1,0,54,6776,CA,"SAN FRANCISCO",94103
2023,"PIONEERS TECHNOLOGY LLC",1,0,0,0,54,8747,NJ,MORRISTOWN,07960
2023,"PIORION SOLUTIONS INC",0,0,2,1,54,3707,,,
2023,"PIORION SOLUTIONS INC",2,1,14,0,54,3707,NJ,KINGSTON,08528
2023,"PIPE TECHNOLOGIES INC",0,0,1,0,54,0228,FL,MIAMI,33127
2023,"PIR2 CONSULTING INCORPORATED",1,0,1,0,54,1855,TX,DALLAS,75234
2023,"PISTOS IT SERVICES LLC",9,7,0,0,54,1409,GA,CUMMING,30040
2023,"PIT SOLUTIONS LLC",2,0,0,0,54,3641,WA,BELLEVUE,98007
2023,"PITNEY BOWES GLOBAL ECOMMERCE INC",0,0,1,0,54,6861,CT,SHELTON,06484
2023,"PITSS AMERICA LLC",0,0,1,0,54,4430,MI,TROY,48084
2023,"PIVOT ENGINEERS, PLLC",0,1,0,0,54,4461,TX,"W LAKE HILLS",78746
2023,"PIVOTAL SOFTWARE INC",1,0,6,0,54,4578,CA,"PALO ALTO",94304
2023,"PIVOTREE USA INC",0,0,1,0,54,8811,IL,CHICAGO,60606
2023,"PIXAR CLOUD INC",0,1,0,0,54,2083,DE,NEWARK,19702
2023,"PIXEL BYTE LLC",0,0,1,0,54,9370,TX,"EL PASO",79912
2023,"PIYAJI HOTEL MOTEL AND RESTAURANT MANAGEMENT COMPANY",0,0,1,0,54,3093,MI,"BAY CITY",48706
2023,"PK ENGINEERING PC",0,0,1,0,54,3082,NY,"NEW YORK",10001
2023,"PKA TECHNOLOGIES INC",0,0,1,0,54,9056,NJ,MONTVALE,07645
2023,"PKF O CONNOR DAVIES LLP",3,0,0,0,54,8945,NY,HARRISON,10528
2023,"PLACER LABS INC",0,0,2,0,54,4214,CA,COVINA,91723
2023,"PLACEURTALENT LLC",1,0,0,0,54,5637,TX,IRVING,75038
2023,"PLANET P INC",4,0,1,0,54,5248,TX,AUSTIN,78750
2023,"PLANET TECHNOLOGY LLC",0,0,2,0,54,2243,IL,"WESTERN SPRINGS",60558
2023,"PLANISWARE USA INC",0,0,1,0,54,1445,CA,"SAN FRANCISCO",94104
2023,"PLANK ROAD VENTURES",1,0,0,0,54,7640,NJ,HOBOKEN,07030
2023,"PLANTE MORAN PLLC",0,0,3,1,54,7951,IL,CHICAGO,60606
2023,"PLANVIEW INC",0,0,1,0,54,8407,TX,AUSTIN,78759
2023,"PLASMA BUSINESS INTELLIGENCE, INC.",2,0,0,0,54,2971,TX,IRVING,75038
2023,"PLASMA COMPUTING GROUP INC",0,0,1,0,54,1410,TX,IRVING,75038
2023,"PLAT STUDIO INC",0,0,1,0,54,6400,CA,BERKELEY,94710
2023,"PLATFORM 3 SOLUTIONS LLC",3,0,0,0,54,1034,MN,MINNETONKA,55305
2023,"PLATINUM CONSULTING SERVICES INC",0,0,1,0,54,5990,,,
2023,"PLATINUM CONSULTING SERVICES INC",0,0,1,0,54,5990,IL,CHICAGO,60625
2023,"PLATINUM DB CONSULTING INC",0,0,0,1,54,0751,IL,CHICAGO,60661
2023,"PLATINUM INFOSYS INC",4,0,1,0,54,5808,TX,IRVING,75063
2023,"PLATIVE INCORPORATED",0,0,2,0,54,6220,NY,"NEW YORK",10012
2023,"PLATT BYARD DOVELL WHITE ARCHITECTS LLP",0,0,1,0,54,7949,,,
2023,"PLAY2PAY INC",0,0,1,0,54,7049,FL,MIAMI,33127
2023,"PLAYGROUND GLOBAL LLC",0,0,1,0,54,0406,CA,"PALO ALTO",94306
2023,"PLENO INC",0,0,1,0,54,4939,CA,"SAN DIEGO",92121
2023,"PLENTY UNLIMITED INC",0,0,1,0,54,0916,,,
2023,"PLENTY UNLIMITED INC",0,0,1,0,54,0916,CA,"SOUTH SAN FRANCISCO",09080
2023,"PLENTY UNLIMITED INC",0,0,3,1,54,0916,CA,"SOUTH SAN FRANCISCO",94080
2023,"PLIOPS AMERICA INC",0,0,1,0,54,1157,CA,"SAN JOSE",95131
2023,"PLM SYSTEMS LLC",1,0,0,0,54,,NJ,ROBBINSVILLE,08691
2023,"PLUG & PLAY LLC",0,1,0,0,54,5715,CA,SUNNYVALE,94085
2023,"PLUGIN CODER INC",1,0,0,0,54,6137,CA,FREMONT,94539
2023,"PLUME DESIGN INC",0,0,3,0,54,2844,CA,"PALO ALTO",94301
2023,"PLURALSIGHT LLC",0,0,1,0,54,9619,UT,DRAPER,84020
2023,"PLURISINC INC",0,0,1,0,54,8674,MA,NATICK,01760
2023,"PLUS POWER LLC",0,0,1,0,54,9119,TX,SPRING,77381
2023,"PLUSAI INC",0,0,1,0,54,3445,,,
2023,"PLUSAI INC",0,0,2,0,54,3445,CA,"SANTA CLARA",95054
2023,"PMAB LLC",0,0,2,0,54,4994,NC,CHARLOTTE,28217
2023,"PMAM CORPORATION",0,0,1,0,54,4067,TX,DALLAS,75240
2023,"PMCS GROUP INC",0,0,1,0,54,9436,,,
2023,"PMG GLOBAL CORPORATION",0,0,3,0,54,6154,VA,HERNDON,20171
2023,"PMG WORLDWIDE LLC",4,1,1,0,54,3369,TX,"FORT WORTH",76107
2023,"PNV SOLUTIONS INC",0,0,1,0,54,9242,GA,DULUTH,30097
2023,"POCKET GEMS INC",0,0,0,1,54,3039,CA,"SAN FRANCISCO",94104
2023,"POCKETSHOP INC",0,0,1,0,54,2737,NJ,OCEAN,07712
2023,"POINT B INC DBA POINT B LLC",0,0,1,0,54,3011,WA,SEATTLE,98101
2023,"POINTCLICKCARE TECHNOLOGIES USA CORP",7,1,0,0,54,2503,MD,CATONSVILLE,21228
2023,"POINTCLICKCARE TECHNOLOGIES USA CORP",1,0,0,0,54,2503,MD,BALTIMORE,21228
2023,"POINTPREDICTIVE INC",0,0,1,0,54,9939,CA,"SAN DIEGO",92130
2023,"POINTWEST TECHNOLOGIES CORP. US",1,0,0,0,54,7602,MN,EAGAN,55122
2023,"POINTWEST TECHNOLOGIES CORP. US",1,0,0,0,54,7602,MN,"SAINT PAUL",55122
2023,"POLAKAMS LLC",8,0,1,0,54,9113,PA,EXTON,19341
2023,"POLAR IT SERVICES INC",0,0,3,0,54,6497,MD,ELKRIDGE,21075
2023,"POLARIS ASSOCIATES INC DBA ORBIT ANALYTICS",0,0,2,0,54,4752,GA,ALPHARETTA,30005
2023,"POLARIS BUSINESS SOLUTIONS INC",0,0,1,0,54,3079,NY,AUBURN,13021
2023,"POLARR INC",0,0,0,1,54,7326,CA,"SAN JOSE",95113
2023,"POLI CONSTRUCTION INC",0,0,1,0,54,9429,FL,ORLANDO,32819
2023,"POLLUX CONSULTANCY SERVICES LLC",3,1,1,0,54,9224,FL,TAMPA,33647
2023,"POLLUX CONSULTANCY SERVICES LLC",2,0,0,0,54,9224,MO,CHESTERFIELD,63017
2023,"POLSINELLI PC",0,0,2,0,54,4260,MO,"KANSAS CITY",64112
2023,"POLYGON IT SOLUTIONS LLC",0,0,1,0,54,3208,MI,FARMINGTON,48335
2023,"POLYGON IT SOLUTIONS LLC",1,0,1,0,54,3208,MI,"FARMINGTON HILLS",48335
2023,"POLYMORPH ASSOCIATES INC",2,0,0,0,54,0175,NY,"EAST GREENBUSH",12061
2023,"POLYSIGN INC",0,0,3,0,54,1242,CA,OAKLAND,94612
2023,"POMALA SYSTEMS INC",3,0,6,0,54,9096,NY,ROCHESTER,14618
2023,"POMELO INTERNATIONAL INC",0,0,1,0,54,4211,CA,"SAN FRANCISCO",94110
2023,"POMEROY TECHNOLOGIES LLC",0,0,1,0,54,2996,KY,HEBRON,41048
2023,"PONTERA SOLUTIONS INC",0,0,1,0,54,6317,NY,"NEW YORK",10001
2023,"PONY AI INC",1,0,1,0,54,1834,CA,FREMONT,94538
2023,"POPLI ARCHITECTURE PLUS ENGINEERING LS DPC DBA POPLI DESIGN GROUP",0,0,1,0,54,4510,NY,PENFIELD,14526
2023,"POPULAR TECH",6,0,1,0,54,1984,CA,IRVINE,92612
2023,"POPULOUS GROUP LLC",0,0,2,0,54,2565,MO,"KANSAS CITY",64112
2023,"PORSCHE DIGITAL INC",1,0,0,0,54,5518,CA,"PALO ALTO",94301
2023,"PORTAL CONSULTING INC",0,0,1,0,54,1775,,,
2023,"PORTAL CONSULTING INC",1,0,0,0,54,1775,NJ,"S PLAINFIELD",07080
2023,"PORTAL CONSULTING INC",6,1,1,0,54,1775,NJ,"SOUTH PLAINFIELD",07080
2023,"PORTFOLIO BI INC",0,0,2,0,54,5918,NY,"NEW YORK",10018
2023,"POSEIDA THERAPEUTICS INC",0,0,1,0,54,6548,CA,"SAN DIEGO",92121
2023,"POSITIONING UNIVERSAL INC",0,0,1,0,54,0030,CA,"SAN DIEGO",92111
2023,"POSITIVE GROUP LLC",7,0,14,0,54,6470,GA,ALPHARETTA,30005
2023,"POSITIVELY PARTNERS LLC",1,0,0,0,54,2619,DC,WASHINGTON,20011
2023,"POTU IT SOLUTIONS LLC",1,0,0,0,54,4685,NC,CARY,27513
2023,"POULOMI TECHNOLOGIES INC",6,0,0,0,54,8974,NJ,"EAST BRUNSWICK",08816
2023,"POWER ENGINEERS INC",0,0,2,0,54,4246,ID,HAILEY,83333
2023,"POWER ENVIRONMENTAL ENERGY RESEARC",1,0,0,0,54,0388,CA,COVINA,91722
2023,"POWER OF DESIGN GROUP LLC",0,0,1,0,54,0327,OH,AKRON,44312
2023,"POWERCON PTS INC",0,0,1,0,54,8857,NY,"NEW YORK",10006
2023,"POWERGAIN TECHNOLOGY INC",0,0,1,0,54,1309,VA,HERNDON,20171
2023,"POWERMIND SOLUTIONS INC",0,0,1,0,54,3027,,,
2023,"POWERMIND SOLUTIONS INC",4,0,6,0,54,3027,GA,ALPHARETTA,30005
2023,"POWERPLAN INC",1,0,0,0,54,2944,GA,ATLANTA,30339
2023,"POWERSCHOOL GROUP LLC",0,0,5,0,54,9364,CA,FOLSOM,95630
2023,"POZENT CORPORATION",4,0,6,0,54,4920,NJ,PISCATAWAY,08854
2023,"PPD DEVELOPMENT LP",0,0,2,0,54,5267,,,
2023,"PPD DEVELOPMENT LP",2,2,30,0,54,5267,NC,WILMINGTON,28401
2023,"PPE LLC",0,0,1,0,54,2377,IL,NORTHBROOK,60062
2023,"PPE POWER",0,0,1,0,54,6674,,,
2023,"PRABHAV SERVICES INC",6,1,6,0,54,5315,NJ,PARSIPPANY,07054
2023,"PRAGER METIS CPAS LLC",1,0,0,0,54,7465,NY,"NEW YORK",10122
2023,"PRAGITI INC",2,0,3,1,54,7553,CA,"SANTA CLARA",95054
2023,"PRAGMAEDGE INC",0,0,3,0,54,2747,FL,JACKSONVILLE,32256
2023,"PRAGMATIC IT INC",0,0,1,0,54,5448,CT,"VERNON ROCKVILLE",06066
2023,"PRAGMATIC PE INC DBA PRAGMATIC PROFESSIONAL ENGINEERS",0,0,1,0,54,8229,,,
2023,"PRAITECH INC",2,0,0,0,54,6268,TX,AUSTIN,78717
2023,"PRANITH CONSULTING LLC",2,0,0,0,54,1374,TX,HOUSTON,77077
2023,"PRATT PAPER NY INC",0,0,1,0,54,1781,GA,CONYERS,30013
2023,"PRAVASTECH INC",3,0,1,0,54,4970,TX,CONROE,77384
2023,"PRAVASTECH INC",0,0,2,0,54,4970,TX,"THE WOODLANDS",77380
2023,"PRAXGEN PHARMACEUTICALS LLC",0,0,1,0,54,2545,NJ,"MONMOUTH JUNCTION",08852
2023,"PRAXIS CONSOLIDATED INTERNATIONAL",0,0,1,0,54,7633,CA,"SAN LUIS OBISPO",93401
2023,"PRAXIS CONSULTANTS INC",0,0,2,0,54,5665,NJ,ISELIN,08830
2023,"PRECESS MEDICAL DERIVATIVES INC",0,0,1,0,54,0426,NJ,"SHORT HILLS",07078
2023,"PRECISE SOFTWARE SOLUTIONS INC",0,0,1,0,54,2722,MD,ROCKVILLE,20850
2023,"PRECISESOFT INC",1,1,0,0,54,5071,TX,DALLAS,75234
2023,"PRECISION BIOSCIENCES INC",0,0,2,0,54,6017,NC,DURHAM,27701
2023,"PRECISION CIVIL ENGINEERING INC",0,0,1,0,54,4917,CA,FRESNO,93721
2023,"PRECISION CONTROL SYSTEMS LLC",0,0,1,0,54,8997,MI,"FARMINGTON HILLS",48336
2023,"PRECISION HEALTH INTELLIGENCE LLC",0,0,1,0,54,2538,PA,"PLYMOUTH MEETING",19462
2023,"PRECISION MANAGEMENT GROUP INC",1,0,1,0,54,7051,NJ,"BASKING RIDGE",07920
2023,"PRECISION MEASUREMENTS INC",0,1,0,0,54,6174,CA,"SAN JOSE",95112
2023,"PRECISION SCHEDULING CONSULTANTS LLC",0,0,1,0,54,0615,TX,"SAN ANTONIO",78216
2023,"PRECISION TECHNOLOGIES CORP",8,1,8,0,54,5282,NJ,"MONMOUTH JUNCTION",08852
2023,"PRECOCITY LLC",0,0,1,0,54,5747,TX,DALLAS,75254
2023,"PREDACTICA LLC",1,0,0,0,54,1358,TX,PLANO,75093
2023,"PREDICA INC",1,1,1,0,54,2835,MI,SOUTHFIELD,48076
2023,"PREDICINE INC",0,0,1,0,54,2891,CA,HAYWARD,94545
2023,"PREDICTIVE POP INC DBA AUDIGENT",0,0,1,0,54,9891,NY,"NEW YORK",10014
2023,"PREDICTRONICS CORP",1,0,0,0,54,3281,OH,CINCINNATI,45242
2023,"PREDICTSPRING INC",0,0,2,0,54,3492,CA,"MOUNTAIN VIEW",94041
2023,"PREDIKTIVE LLC",1,0,0,0,54,7181,CA,"SAN RAMON",94583
2023,"PREFERRED ACCOUNTING SERVICES INC",0,1,0,0,54,2788,FL,MIAMI,33155
2023,"PREFERRED MORTGAGE SERVICES INC",0,0,1,0,54,3825,NV,HENDERSON,89052
2023,"PRELUDE SYSTEMS INC",1,0,14,1,54,6653,CA,IRVINE,92606
2023,"PREMIER BUSINESS SOLUTIONS LLC",0,0,1,0,54,1270,IN,"SOUTH BEND",46628
2023,"PREMIER GROUP SERVICES INC",0,0,1,0,54,9202,MD,LANHAM,20706
2023,"PREMIER INC",0,0,5,1,54,4358,NC,CHARLOTTE,28277
2023,"PREMIER IT SOLUTIONS LLC",0,0,2,0,54,5704,,,
2023,"PREMIER IT SOLUTIONS LLC",0,0,20,0,54,5704,TX,RICHARDSON,75081
2023,"PREMIER RESEARCH INTL LLC",0,0,2,0,54,1486,NC,MORRISVILLE,27560
2023,"PREMIUM CONSULTING CORPORATION D B A NEXT LEVEL SOLUTIONS",0,0,1,0,54,5464,ME,PORTLAND,04101
2023,"PREMIUM PEOPLE GROUP LLC",3,1,1,0,54,7535,NC,CARY,27511
2023,"PREMIUMIQ LLC",0,0,1,0,54,9624,IL,CHICAGO,60626
2023,"PRESIDIO NETWORKED SOLUTIONS LLC",0,0,1,0,54,7655,MA,WOBURN,01801
2023,"PRESIDIO NETWORKED SOLUTIONS LLC",0,0,2,0,54,7655,NY,"NEW YORK",10119
2023,"PRESIDIO NETWORKED SOLUTIONS LLC",0,0,1,0,54,7655,,,
2023,"PRESS GANEY ASSOCIATES LLC",0,0,4,0,54,6289,IN,"SOUTH BEND",46601
2023,"PRESTIGE GROUP OF CRAFTSMEN LLC",1,0,0,0,54,5763,NY,"NEW YORK",10010
2023,"PRESTO PACKAGING SOLUTIONS LLC",0,0,1,0,54,4291,NJ,ENGLEWOOD,07631
2023,"PREVISE SOLUTIONS LLC",0,0,1,0,54,1927,MD,GAITHERSBURG,20878
2023,"PRG SOLUTIONS LLC",2,0,0,0,54,7949,TX,MCKINNEY,75070
2023,"PRIAMBA SOFT LLC",3,0,5,0,54,5519,NJ,ISELIN,08830
2023,"PRICE FOR PROFIT LLC",0,0,1,0,54,4115,OH,BEACHWOOD,44122
2023,"PRICE STATS LLC",0,0,1,0,54,2440,MA,CAMBRIDGE,02142
2023,"PRICEWATERHOUSECOOPERS LLP",0,0,7,0,54,8324,,,
2023,"PRICEWATERHOUSECOOPERS LLP",11,0,218,1,54,8324,FL,TAMPA,33607
2023,"PRID LLC",1,0,0,0,54,8790,NY,ALBANY,12207
2023,"PRIMASOFT INC",0,0,1,0,54,0298,,,
2023,"PRIMASOFT INC",0,0,5,0,54,0298,TX,STAFFORD,77477
2023,"PRIMASOLV LLC",1,0,0,1,54,3342,MI,WIXOM,48393
2023,"PRIME AE GROUP INC",0,0,1,0,54,6656,MD,BROOKLYN,21225
2023,"PRIME AE GROUP INC",0,0,2,0,54,6656,MD,CATONSVILLE,21228
2023,"PRIME BUSINESS TECHNOLOGIES INC",1,1,3,0,54,9450,TX,HOUSTON,77099
2023,"PRIME BUSINESS TECHNOLOGIES INC",0,0,1,0,54,9450,,,
2023,"PRIME CONSULTING LLC",1,0,2,0,54,6987,NJ,EDISON,08817
2023,"PRIME FORCE IT LLC",0,0,1,0,54,5011,GA,CUMMING,30041
2023,"PRIME MEDICINE INC",0,0,1,0,54,7762,,,
2023,"PRIME MEDICINE INC",0,0,1,0,54,7762,MA,CAMBRIDGE,02139
2023,"PRIME SOFTWARE TECHNOLOGIES INC",3,0,1,0,54,1555,MA,WOBURN,01801
2023,"PRIME THERAPEUTICS LLC",0,0,1,0,54,6803,,,
2023,"PRIME THERAPEUTICS LLC",0,0,4,0,54,6803,MN,EAGAN,55121
2023,"PRIMECREW TECHNOLOGIES LLC",2,0,0,0,54,4854,FL,"FORT MYERS",33907
2023,"PRIMEITSOLUTIONS INC",1,0,0,0,54,0353,CA,TRACY,95391
2023,"PRIMEON INC",0,0,1,0,54,8211,MA,WOBURN,01801
2023,"PRIMERA ANALYTICAL SOLUTIONS CORP",2,0,0,0,54,9717,NJ,CRANBURY,08512
2023,"PRIMERA ANALYTICAL SOLUTIONS CORP",0,0,1,0,54,9717,NJ,PRINCETON,08540
2023,"PRIMESOFT CONSULTING SERVICES INC",2,0,2,0,54,5781,NJ,PISCATAWAY,08854
2023,"PRIMESOFT INC",3,1,4,0,54,8547,NJ,PISCATAWAY,08854
2023,"PRIMESOFT TECHNOLOGIES INC",2,0,4,0,54,3849,MI,TROY,48084
2023,"PRIMEVIGILANCE USA INC",0,0,1,0,54,8687,NC,RALEIGH,27607
2023,"PRIMISOFT LLC",1,0,1,0,54,2285,NJ,LIVINGSTON,07039
2023,"PRIMORIS SYSTEMS LLC",2,0,7,1,54,4125,TX,"SUGAR LAND",77479
2023,"PRIMUS GLOBAL SERVICES INC",0,0,4,0,54,3699,TX,IRVING,75038
2023,"PRINCE AND PAUPER LLC",0,0,1,0,54,1343,CA,"LOS ANGELES",90048
2023,"PRINCETON BLUE, INC.",2,0,0,0,54,2939,NJ,PRINCETON,08540
2023,"PRINCETON ENGINEERING SERVICES PC",1,0,0,0,54,7669,NJ,PLAINSBORO,08536
2023,"PRINCIPLE INDUSTRIES LLC DBA PRINCIPLE GROUP",1,0,0,0,54,4644,MA,BOSTON,02118
2023,"PRINCIPLE POWER INC",0,0,2,0,54,7243,CA,EMERYVILLE,94608
2023,"PRISM ENTERPRISE SOLUTIONS INC",1,0,0,0,54,8840,IL,PALATINE,60067
2023,"PRISM IT CORP",1,0,4,0,54,8465,FL,JACKSONVILLE,32246
2023,"PRISM RESPONSE LLC DBA ALLOY GROUP",0,0,1,0,54,6890,PA,EXPORT,15632
2023,"PRISM TECH CONSULTING INC",2,0,0,0,54,5183,GA,ALPHARETTA,30022
2023,"PRISTEN IT SYSTEMS INC",1,0,0,0,54,8769,,,
2023,"PRISTEN IT SYSTEMS INC",0,0,2,0,54,8769,TX,TEMPLE,76504
2023,"PRITNA INC",5,0,2,1,54,6034,TX,IRVING,75038
2023,"PRIVILEGE IT LLC",2,0,0,0,54,6092,MI,LIVONIA,48150
2023,"PRN IT CORP INC",0,1,1,0,54,7039,NJ,PISCATAWAY,08854
2023,"PRN SOFTWARE LLC DBA DOSESPOT",0,0,1,0,54,2026,MA,DEDHAM,02026
2023,"PRO INNOVATION INC",0,0,1,0,54,1920,WA,"GIG HARBOR",98332
2023,"PRO IT INC",0,0,1,0,54,6106,,,
2023,"PRO IT INC",8,0,8,0,54,6106,MO,CHESTERFIELD,63017
2023,"PRO IT NEEDS LLC",1,0,0,0,54,2156,SC,CHARLESTON,29403
2023,"PRO SEVEN IT LLC",0,4,0,0,54,7570,TX,DALLAS,75039
2023,"PRO SEVEN IT LLC",0,1,0,0,54,7570,TX,DALLAS,75234
2023,"PRO SEVEN IT LLC",0,1,0,0,54,7570,TX,"FARMERS BRANCH",75234
2023,"PRO SEVEN IT LLC",1,2,0,0,54,7570,TX,IRVING,75039
2023,"PRO TEK CONSULTING",3,1,11,0,54,9329,CA,"WOODLAND HILLS",91367
2023,"PRO TEK CONSULTING",0,0,3,0,54,9329,CA,"WOODLAND HLS",91367
2023,"PROARCH TECHNOLOGIES INC FORMERLY PROARCH IT SOLUTIONS INC",8,0,0,0,54,9002,GA,ATLANTA,30346
2023,"PROAUTOMATED INC",1,0,0,0,54,9593,DE,NEWARK,19702
2023,"PROBABLY NOTHING LABS INC",0,0,1,0,54,1082,CA,"SAN FRANCISCO",94107
2023,"PROBPM INC",9,1,2,0,54,9231,TX,FRISCO,75034
2023,"PROBPM INC",0,0,1,0,54,9231,TX,FRISCO,75036
2023,"PROCAL TECHNOLOGIES INC",1,0,10,0,54,6125,NJ,HILLSBOROUGH,08844
2023,"PROCESS Q INC",1,0,0,0,54,9905,NJ,PRINCETON,08540
2023,"PROCESSCHAMP LLC",0,0,1,0,54,0244,OH,COLUMBUS,43229
2023,"PROCESSMINER INC",0,0,1,0,54,3269,GA,ATLANTA,30308
2023,"PROCOM INC",3,0,0,0,54,6748,NJ,SOMERSET,08873
2023,"PROCORE TECHNOLOGIES INC",1,0,10,0,54,6261,CA,CARPINTERIA,93013
2023,"PROCORP SYSTEMS, INC",4,0,2,0,54,1705,TX,PLANO,75023
2023,"PROCUREMENT ADVISORS LLC",0,0,4,0,54,6515,GA,ATLANTA,30339
2023,"PROCYON TECHNOSTRUCTURE LLC",0,0,2,0,54,6054,CA,"SAN RAFAEL",94903
2023,"PRODAPT NORTH AMERICA INC",0,0,1,0,54,1940,,,
2023,"PRODAPT NORTH AMERICA INC",2,0,9,0,54,1940,OR,PORTLAND,97223
2023,"PRODES E T INC",1,0,0,0,54,4348,NJ,"EAST BRUNSWICK",08816
2023,"PRODIGITALWORX INC",1,0,1,0,54,4060,TX,FRISCO,75034
2023,"PRODIGY TECHNOLOGIES INC",0,1,7,0,54,4027,TX,FRISCO,75034
2023,"PRODIGY TECHNOLOGIES INC",0,0,2,0,54,4027,,,
2023,"PRODUCT MADNESS INC",1,0,0,0,54,5006,CA,OAKLAND,94612
2023,"PRODUCTBOARD INC",0,0,1,0,54,6613,CA,"SAN FRANCISCO",94105
2023,"PRODUCTIV INC",0,0,1,0,54,4353,,,
2023,"PRODUCTIVE RESOURCES LLC",0,0,3,0,54,4993,IL,SPRINGFIELD,62701
2023,"PRODWARE SOLUTIONS LLC",0,0,4,0,54,4129,NJ,"BOUND BROOK",08805
2023,"PROENERGY SERVICES LLC",0,0,1,0,54,1758,,,
2023,"PROFESSIONAL CONSULTING",0,0,1,0,54,3345,MN,MINNEAPOLIS,55439
2023,"PROFESSIONAL DATASOLUTIONS INC",0,0,2,0,54,3667,GA,ALPHARETTA,30009
2023,"PROFESSIONAL SERVICE INDUSTRIES INC",0,0,1,0,54,2090,IL,"ARLINGTON HEIGHTS",60005
2023,"PROFESSIONAL SERVICE INDUSTRIES INC",0,0,1,0,54,2090,NY,CORTLAND,13045
2023,"PROFESSIONAL VISION TECHNOLOGIES I",4,0,0,0,54,8652,MI,PLYMOUTH,48170
2023,"PROFICIENT BUSINESS SYSTEMS INC",4,0,14,3,54,4423,GA,DULUTH,30096
2023,"PROFICIENT BUSINESS SYSTEMS INC",0,0,1,0,54,4423,,,
2023,"PROFIT INSIGHT LLC",0,0,1,0,54,7873,NC,MOORESVILLE,28117
2023,"PROFOCUS INC",0,0,1,0,54,0074,OR,PORTLAND,97225
2023,"PROFUSION SYSTEMS INC DBA STAFFING FRONT INC",1,0,4,0,54,7925,NJ,"NORTH BRUNSWICK",08902
2023,"PROGRAMSOFT LLC",8,0,1,0,54,0548,TX,PLANO,75074
2023,"PROGRESS SOFTWARE",0,0,1,0,54,6201,MA,BURLINGTON,01803
2023,"PROGRESS SOLUTIONS INC",0,0,1,0,54,7761,TX,PLANO,75024
2023,"PROGRESSIVE DAIRY HEALTH SERVICES OF NEW MEXICO LLC",1,0,0,0,54,6526,NM,CLOVIS,88101
2023,"PROGREXION ASG INC",0,0,2,0,54,5153,UT,"SALT LAKE CITY",84111
2023,"PROGRITE SYSTEMS INC",2,3,1,0,54,7518,TX,COPPELL,75019
2023,"PROGROUPX INC",0,0,1,0,54,9253,CA,"LOS ANGELES",90024
2023,"PROINF LLC",2,1,1,0,54,8678,CA,"SAN RAMON",94583
2023,"PROINFY SOLUTIONS LLC",2,0,1,0,54,0339,GA,CUMMING,30041
2023,"PROJECT AFFINITY INC",0,0,1,0,54,5002,CA,"SAN FRANCISCO",94133
2023,"PROJECT CANARY PBC",0,0,1,0,54,0004,CO,DENVER,80202
2023,"PROJECT CONTROL ASSOCIATES INC",0,0,0,1,54,9398,NJ,MORRISTOWN,07960
2023,"PROJECT FINANCE ADVISORY LIMITED",0,0,1,0,54,3665,CA,"MILL VALLEY",94942
2023,"PROJECT RISK ANALYTICS LLC",0,0,2,0,54,0077,NY,"NEW YORK",10018
2023,"PROJECT TIME & COST LLC DBA ACUITY INTERNATIONAL",0,0,1,0,54,9404,GA,ATLANTA,30339
2023,"PROJECT44 LLC",0,0,3,0,54,0923,IL,CHICAGO,60654
2023,"PROKARMA INC DBA CONCENTRIX CATALYST",0,0,1,0,54,9461,NE,OMAHA,68102
2023,"PROKARMA INC DBA CONCENTRIX CATALYST",0,0,7,0,54,9461,,,
2023,"PROKARMA INC DBA CONCENTRIX CATALYST",41,3,119,1,54,9461,NE,OMAHA,68102
2023,"PROKARMA INC DBA CONCENTRIX CATALYST",0,0,1,0,54,9461,NE,OMAHA,68105
2023,"PROLIFIC TECHNOLOGIES INC",12,0,1,0,54,1155,GA,ALPHARETTA,30005
2023,"PROLIFICS INC",3,0,10,0,54,7724,FL,ORLANDO,32801
2023,"PROLIM CONSULTING INC",1,0,0,0,54,9404,MI,FARMINGTON,48334
2023,"PROLIM CONSULTING INC",3,0,8,0,54,9404,MI,"FARMINGTON HILLS",48334
2023,"PROLIM GLOBAL CORPORATION",0,0,2,0,54,1143,MI,FARMINGTON,48334
2023,"PROLIST INC",0,0,1,0,54,5728,MD,FREDERICK,21704
2023,"PROLOGIN TECHNOLOGIES INC",0,0,1,0,54,3089,PA,MALVERN,19355
2023,"PROMAG SYSTEMS INC",0,0,1,0,54,4827,NJ,PRINCETON,08540
2023,"PROMANTUS INC",3,0,3,0,54,6454,NC,RALEIGH,27607
2023,"PROMATES TECHNOLOGIES LLC",6,0,0,0,54,4372,VA,CHANTILLY,20151
2023,"PROMATRIX CORP",0,0,7,1,54,4376,NJ,"NORTH BRUNSWICK",08902
2023,"PROMEGA CORPORATION",0,0,1,0,54,8811,WI,MADISON,53711
2023,"PROMENADE GROUP INC",0,0,1,0,54,6979,CA,"SANTA MONICA",90401
2023,"PROMETHEAN WORLD",0,0,1,0,54,7209,GA,ALPHARETTA,30022
2023,"PROMETHEAN WORLD",0,0,2,0,54,7203,GA,ALPHARETTA,30022
2023,"PROMETHEUS COMPUTING LLC",2,0,1,0,54,1363,MD,BETHESDA,20814
2023,"PROMETHEUS COMPUTING LLC",3,0,1,1,54,1363,NC,CULLOWHEE,28723
2023,"PROMETRICS LLC",0,0,1,0,54,9757,PA,"PLYMOUTH MTNG",19462
2023,"PROMETRIKA LLC",0,0,2,0,54,0899,MA,CAMBRIDGE,02140
2023,"PROMINDS BUSINESS CONSULTING INC",8,2,4,0,54,3081,GA,ALPHARETTA,30004
2023,"PROMINDS BUSINESS CONSULTING INC",1,0,0,0,54,3081,GA,ALPHARETTA,30009
2023,"PROMP ANALYICS LLC D/B/A KRYSAL BALL",0,0,1,0,54,2783,OH,MIAMISBURG,45342
2023,"PRONIX INC",2,0,8,0,54,2318,NJ,PLAINSBORO,08536
2023,"PRONOESIS LLC",0,0,1,0,54,3632,OH,DUBLIN,43017
2023,"PROOFPOINT INC",0,0,3,0,54,4846,,,
2023,"PROOFPOINT INC",1,0,20,0,54,4846,CA,SUNNYVALE,94085
2023,"PROPAY INC",0,0,2,0,54,3599,GA,COLUMBUS,31901
2023,"PROPAY INC",0,0,1,0,54,3599,,,
2023,"PROPEL INFOTECH INC",3,0,0,0,54,0984,CA,MILPITAS,95035
2023,"PROPEL INFOTECH INC",2,0,1,0,54,0984,CA,"SANTA CLARA",95054
2023,"PROPEL SOLUTIONS INC",0,0,2,0,54,3606,TX,"SUGAR LAND",77478
2023,"PROPELSYS TECHNOLOGIES LLC",3,0,9,1,54,5373,TX,PLANO,75093
2023,"PROPHECY CONSULTING INC",2,0,11,2,54,6539,CA,IRVINE,92618
2023,"PROPHECY TECHNOLOGIES CORPORATION",0,0,1,0,54,1736,,,
2023,"PROPHECY TECHNOLOGIES CORPORATION",5,0,6,0,54,1736,CA,IRVINE,92618
2023,"PROPHET BRAND STRATEGY",0,0,1,0,54,8022,CA,"SAN FRANCISCO",94104
2023,"PROPULSION LAB CO DBA SWITCHBOARD",0,0,1,0,54,2791,,,
2023,"PRORSUM TECHNOLOGIES INC",0,0,2,0,54,9394,IL,ITASCA,60143
2023,"PROS INC",0,0,1,0,54,8401,,,
2023,"PROS INC",0,0,9,0,54,8401,TX,HOUSTON,77098
2023,"PROSEK PARTNERS LLC",0,0,1,0,54,5686,NY,"NEW YORK",10016
2023,"PROSERV LLC",1,0,0,0,54,5087,NC,CONCORD,28027
2023,"PROSIS TECHNOLOGIES INC",0,0,1,0,54,0015,TX,PLANO,75075
2023,"PROSKAUER ROSE LLP",0,0,5,1,54,0454,NY,"NEW YORK",10036
2023,"PROSOFT ASSOCIATES INC",1,0,0,0,54,4159,DC,WASHINGTON,20036
2023,"PROSOFT TECHNOLOGY GROUP INC",0,0,4,0,54,1703,NJ,PRINCETON,08540
2023,"PROSPANCE INC",2,0,3,0,54,3412,CA,NEWARK,94560
2023,"PROSPECT ADMINISTRATION LLC",0,0,2,0,54,8641,NY,"NEW YORK",10016
2023,"PROSPECT INFOSYSTEM INC",1,0,5,0,54,1179,MO,CHESTERFIELD,63017
2023,"PROSTEP INC",0,0,1,0,54,6820,MI,TROY,48084
2023,"PROTAX AND FINANCIAL ADVISORS LLC",1,0,0,0,54,5061,NJ,WOODBRIDGE,07095
2023,"PROTEANTECS INC",0,0,2,0,54,8165,CA,"SANTA CLARA",95054
2023,"PROTECH SOLUTIONS INC",0,0,4,0,54,5867,AR,"LITTLE ROCK",72201
2023,"PROTEOGENOMICS RESEARCH INSTITUTE",0,0,1,0,54,8281,CA,"LA JOLLA",92037
2023,"PROTERA TECHNOLOGIES INC",0,0,1,0,54,5468,IL,WESTCHESTER,60154
2023,"PROTIVITI INC",0,0,1,0,54,1951,,,
2023,"PROTIVITI INC",0,0,6,0,54,1951,CA,"SAN RAMON",94583
2023,"PROVATION SOFTWARE INC",0,0,1,0,54,9816,MN,MINNEAPOLIS,55415
2023,"PROVECTUS IT, INC.",2,0,0,0,54,6905,CA,"PALO ALTO",94301
2023,"PROVENTUS METRICS INC",1,0,1,0,54,6799,TX,AUSTIN,78717
2023,"PROVIDENCE CONSULTING GROUP LTD",0,0,1,0,54,9845,OH,MAINEVILLE,40539
2023,"PROVIDENCE SAINT JOHN'S CANCER INSTITUTE",1,0,1,0,54,1515,WA,RENTON,98057
2023,"PROVIDENZ LLC",4,0,2,0,54,4158,MD,MARRIOTTSVILLE,21104
2023,"PROVIDENZ LLC",0,0,1,0,54,4158,MD,MARRIOTTSVL,21104
2023,"PROVINZIANO AND ASSOCIATES",1,0,0,0,54,8434,CA,"BEVERLY HILLS",90211
2023,"PROWESS INFOTECH LLC",2,0,0,0,54,8884,TX,MCKINNEY,75070
2023,"PROWESS IT SOLUTIONS LLC",0,0,1,0,54,3642,,,
2023,"PROWESS IT SOLUTIONS LLC",0,0,8,0,54,3642,NJ,"EAST BRUNSWICK",08816
2023,"PROWESS IT SOLUTIONS LLC",3,0,0,0,54,7840,MA,SHREWSBURY,01545
2023,"PROWESS SOFTWARE SERVICES LLC",2,0,0,0,54,8837,GA,ATLANTA,30350
2023,"PROWESYS INC",1,0,6,0,54,9060,TX,RICHARDSON,75081
2023,"PROWISE SOLUTIONS INC",2,0,3,0,54,2830,NJ,PISCATAWAY,08854
2023,"PROWORQS INC",1,0,0,0,54,2973,NJ,PRINCETON,08540
2023,"PROXICOM INC",0,0,2,0,54,0631,NY,"NEW YORK",10019
2023,"PROXIM SYSTEMS INC",0,0,2,0,54,6595,NC,CHARLOTTE,28277
2023,"PROXIMA BETA U S LLC",0,0,1,0,54,4583,CA,"PALO ALTO",94306
2023,"PRUDENCE INC",1,0,0,0,54,5404,NY,BROOKLYN,11201
2023,"PRUDENT ACCOUNTANTS INC",1,0,0,0,54,2114,MN,MINNEAPOLIS,55408
2023,"PRUDENT TECHNOLOGIES & CONSULTING INC",1,0,2,0,54,0369,TX,DALLAS,75234
2023,"PRUDENTIA GROUP LLC",1,1,0,0,54,3456,NJ,"JERSEY CITY",07302
2023,"PRUTECH SOLUTIONS INC",14,0,2,0,54,6232,NJ,ISELIN,08830
2023,"PS TECHNOLOGY INC",0,0,1,0,54,2667,CO,LOUISVILLE,80027
2023,"PSC BIOTECH CORP",0,0,0,1,54,9335,CA,POMONA,91768
2023,PSCU,0,0,3,0,54,3434,FL,"SAINT PETERSBURG",33716
2023,"PSE DESIGNS INC",0,0,1,0,54,3387,AL,MOBILE,36695
2023,"PSEG SERVICES CORPORATION",0,0,2,0,54,0428,NJ,NEWARK,07102
2023,"PSIQUANTUM CORP",0,0,1,0,54,5139,CA,"PALO ALTO",94304
2023,"PSKW LLC DBA CONNECTIVERX",0,0,15,0,54,8721,NJ,WHIPPANY,07981
2023,"PSL OPERATION SERVICES AMERICA INC",0,0,1,0,54,8754,NY,"NEW YORK",10036
2023,"PSOMAGEN INC",0,0,1,0,54,4352,MD,ROCKVILLE,20850
2023,"PSQUARE TECHNOLOGIES LLC",0,0,3,0,54,7567,IL,AURORA,60504
2023,"PSYNCOPATE TEXAS INC",0,0,2,0,54,6116,TX,ADDISON,75001
2023,"PTS CONSULTING SERVICES LLC DBA PROCURETECH STAFF CONSULTING SERVICES",0,0,1,0,54,5120,IL,NAPERVILLE,60563
2023,"PU LI CPA PC",0,0,1,0,54,6773,TX,PLANO,75024
2023,"PUBLIC CLOTHING COMPANY INC",1,0,0,0,54,5522,NY,"NEW YORK",10001
2023,"PUBLIC CONSULTING GROUP LLC",0,0,5,0,54,2913,MA,BOSTON,02109
2023,"PUBLIC PARTNERSHIPS LLC",0,0,4,0,54,8852,MA,BOSTON,02109
2023,"PUBLIC PERFORMANCE MANAGEMENT LLC",1,0,0,0,54,2452,DC,WASHINGTON,20006
2023,"PUBLIC POLICY  LAB INC",1,0,0,0,54,1171,NY,BROOKLYN,11201
2023,"PUBLIC POLICY INSTITUTE OF CALIFORNIA",1,0,0,0,54,7299,CA,"SAN FRANCISCO",94111
2023,"PUBLIC POLICY LAB INC",1,0,0,0,54,1171,NY,BROOKLYN,11215
2023,"PUBLICIS HEALTH LLC",0,0,2,0,54,7469,NY,"NEW YORK",10014
2023,"PUBLICIS HEALTH LLC",0,0,1,0,54,7469,PA,PHILADELPHIA,19107
2023,"PUBLICIS MEDIA INC",0,0,1,0,54,2633,IL,CHICAGO,60601
2023,"PUBLICS HEALTH MEDIA LLC",0,0,1,0,54,9522,PA,PHILADELPHIA,19107
2023,"PUBLICS HEALTH MEDIA LLC",0,0,1,0,54,9522,PA,WAYNE,19087
2023,"PUBLISHERS CLEARING HOUSE LLC",0,0,3,0,54,0276,NY,JERICHO,11753
2023,"PUBMATIC INC",6,0,8,0,54,3224,CA,"REDWOOD CITY",94063
2023,"PULLIAM & CABLE P C",0,0,1,0,54,9938,TX,DALLAS,75206
2023,"PULSE LTD LLC",0,0,1,0,54,0518,OH,CHESTERLAND,44026
2023,"PULSEPOINT INC",0,0,2,0,54,2868,NY,"NEW YORK",10014
2023,"PULVERS PULVERS AND THOMPSON LLP",0,0,1,0,54,9846,NY,"NEW YORK",10022
2023,"PUNHANI LAW FIRM LLC",0,0,1,0,54,1468,NJ,PARSIPPANY,07054
2023,"PURE POWER ENGINEERING INC",0,0,2,0,54,8915,NJ,HOBOKEN,07030
2023,"PURE SOLUTIONS LLC",1,0,1,0,54,4158,TX,"LITTLE ELM",75068
2023,"PURE STORAGE INC",0,0,1,0,54,9557,CA,"MOUNTAIN VIEW",94040
2023,"PURE STORAGE INC",1,0,64,0,54,9557,CA,"MOUNTAIN VIEW",94041
2023,"PURE STORAGE INC",0,0,1,0,54,9557,,,
2023,"PUREMINDS IT SERVICES LLC",3,0,0,0,54,0670,GA,"JOHNS CREEK",30097
2023,"PUREPATH TECHNOLOGIES INC",1,6,0,0,54,6896,TX,DALLAS,75240
2023,"PURETECH MANAGEMENT INC",0,0,1,0,54,0225,MA,BOSTON,02210
2023,"PUROHIT NAVIGATION INC",0,0,1,0,54,8387,IL,CHICAGO,60606
2023,"PURPLE TALK INC DBA XCUBE LABS",1,0,0,0,54,7865,TX,DALLAS,75201
2023,"PURPLE WEB INC",0,0,1,0,54,4364,,,
2023,"PURPLE WEB INC",1,0,10,0,54,4364,TX,SOUTHLAKE,76092
2023,"PURPOSE POSSIBLE LLC",1,0,0,0,54,6228,GA,ATLANTA,30312
2023,"PURSUIT SOFTWARE INC",3,0,1,0,54,3660,NJ,PRINCETON,08540
2023,"PURSUIT TECHNOLOGY INC",1,0,0,0,54,1828,NC,CHARLOTTE,28262
2023,"PURVI TECHNOLOGIES LLC",1,0,0,0,54,1395,TX,"THE COLONY",75056
2023,"PURVIEW INFOTECH LLC",2,0,0,0,54,5145,TX,DALLAS,75234
2023,"PURVIEW INFOTECH LLC",2,0,0,0,54,5145,TX,"FARMERS BRANCH",75234
2023,"PUSHNAMI LLC",0,0,1,0,54,2320,TX,AUSTIN,78752
2023,"PUTNAM ASSOCIATES LLC",2,1,2,0,54,1955,MA,BOSTON,02116
2023,"PV IP PC",0,0,1,0,54,3507,MD,BETHESDA,20817
2023,"PVAI US OPCO INC",0,0,1,0,54,7970,CA,PLEASANTON,94588
2023,"PVE LLC",0,0,0,1,54,0899,PA,SEWICKLEY,15143
2023,"PVH CORP",0,0,1,0,54,6910,NJ,BRIDGEWATER,08807
2023,"PVK CORPORATION",0,0,2,0,54,5594,,,
2023,"PVK CORPORATION",0,0,3,0,54,5594,VA,ASHBURN,20147
2023,"PVK CORPORATION",1,1,0,0,54,5594,VA,ASHBURN,20171
2023,"PVK CORPORATION",1,0,0,0,54,5594,VA,HERNDON,20171
2023,"PVR AMERICA INC",1,0,3,0,54,9873,TX,IRVING,75038
2023,"PVR TECHNOLOGIES INC",2,0,6,1,54,0042,PA,"KING OF PRUSSIA",19406
2023,"PVR TECHNOLOGIES INC",0,0,2,0,54,0042,PA,"KNG OF PRUSSA",19406
2023,"PWC ADVISORY PRODUCT SALES LLC",0,0,2,0,54,7957,FL,TAMPA,33607
2023,"PWC ADVISORY SERVICES LLC",1,0,13,0,54,8214,,,
2023,"PWC ADVISORY SERVICES LLC",60,1,297,2,54,8214,FL,TAMPA,33607
2023,"PWC ADVISORY SERVICES LLC",0,0,1,0,54,8214,FL,TAMPA,33607
2023,"PX ROBOTICS INC",0,0,1,0,54,9830,CA,"SANTA CLARA",95054
2023,"PYKA INC",0,0,1,0,54,8026,CA,OAKLAND,94607
2023,"PYKUS THERAPEUTICS INC",0,0,1,0,54,9919,MA,CAMBRIDGE,02138
2023,"PYRAMID CONSULTING INC",1,1,18,1,54,1055,GA,ALPHARETTA,30022
2023,"PYRAMID TECHNOLOGY SOLUTIONS INC",7,0,10,0,54,8315,IN,INDIANAPOLIS,46216
2023,"PYROLAC LLC",1,0,0,0,54,9348,TX,HOUSTON,77060
2023,"PYROVIO LLC",0,0,1,0,54,8950,MI,"ANN ARBOR",48105
2023,"PYTHONWISE INC",2,0,1,0,54,3211,TX,IRVING,75039
2023,"PYTHONWISE INC",0,0,3,0,54,3211,TX,IRVING,75062
2023,"PYXIS MANAGEMENT CONSULTING GROUP LLC",0,0,2,0,54,9753,CA,ALAMO,94507
2023,"Q-CTRL INC",0,0,1,0,54,2744,,,
2023,"Q-SQUARE BUSINESS INTELLIGENCE CORP",0,0,2,0,54,7072,MA,BOXBOROUGH,01719
2023,"Q-STATE BIOSCIENCES INC",0,0,0,1,54,9775,MA,CAMBRIDGE,02139
2023,"Q1 TECHNOLOGIES INC",0,0,1,0,54,3505,IL,AURORA,60504
2023,"Q9 SOFTWARE LLC",2,0,3,0,54,6136,MD,GERMANTOWN,20874
2023,"QAPITAL LLC",1,0,0,0,54,1945,NY,"NEW YORK",10016
2023,"QATOS LLC",1,0,1,0,54,3360,CA,"SAN RAMON",94583
2023,"QBIGS INC",0,0,1,0,54,8378,CA,ORANGE,92868
2023,"QBRAID CO",1,0,0,0,54,9018,IL,CHICAGO,60615
2023,"QBRAINX INC",1,0,0,0,54,3272,MI,TROY,48085
2023,"QBURST TECHNOLOGIES INC",3,0,2,0,54,4353,VA,CHANTILLY,20151
2023,"QCQORLDFRUIT LIMITED LIABILITY COMPANY",0,0,1,0,54,,NJ,SICKLERVILLE,08081
2023,"QCWORLD FRUIT LLC",0,0,1,0,54,5898,NJ,"GLOUCESTER CITY",08030
2023,"QCWORLD FRUIT LLC",0,0,4,1,54,5898,NJ,SICKLERVILLE,08081
2023,"QENNECTIT LLC",5,0,0,0,54,9496,NC,CHARLOTTE,28210
2023,"QENTELLI LLC",6,0,3,0,54,2131,TX,DALLAS,75254
2023,"QFORCE IT SOLUTIONS INC",9,6,0,0,54,5779,GA,CUMMING,30040
2023,"QHL ASSOCIATES INC",0,0,1,0,54,3100,NY,FLUSHING,11355
2023,"QIAGEN BEVERLY LLC",0,0,1,0,54,9643,MA,BEVERLY,01915
2023,"QIAGEN REDWOOD CITY INC",0,0,2,0,54,2105,CA,"REDWOOD CITY",94063
2023,"QIAGEN SCIENCES LLC",0,0,1,0,54,1768,MD,GERMANTOWN,20874
2023,"QIMA US LLC",0,0,1,0,54,6531,NY,BUFFALO,14225
2023,"QIMA US LLC",0,0,1,0,54,6531,,,
2023,"QLIKTECH INC",0,0,2,0,54,1014,PA,"KING OF PRUSSIA",19406
2023,"QLYTIX INC",3,0,5,0,54,8095,FL,MIAMI,33131
2023,"QLYTIX INC",5,0,0,0,54,8095,NH,AMHERST,03031
2023,"QM POWER INC",0,0,1,0,54,5955,MO,"KANSAS CITY",64137
2023,"QOMPLX INC",0,0,1,0,54,1518,VA,"MC LEAN",22102
2023,"QPHARMA INC",0,0,1,0,54,7806,NJ,MORRISTOWN,07960
2023,"QPHOTON INC",0,1,0,0,54,9525,NJ,HOBOKEN,07030
2023,"QPS LLC",0,0,1,0,54,1092,DE,NEWARK,19711
2023,"QRAILS INC",0,0,1,0,54,3134,CO,DENVER,80202
2023,"QRC ASSURANCE AND SOLUTIONS INC",0,0,1,0,54,0561,DE,WILMINGTON,19801
2023,"QSI SERVICES INC",0,0,1,0,54,2326,NJ,HILLSBOROUGH,08844
2023,"QSTRIDE INC",0,1,0,0,54,0194,NJ,PRINCETON,08540
2023,"QUAD IT INC",0,0,1,0,54,1104,,,
2023,"QUAD IT INC",5,0,0,0,54,1104,TX,IRVING,75063
2023,"QUADPRO IT INC",2,0,0,0,54,0195,NJ,PISCATAWAY,08854
2023,"QUADRALITE SYSTEMS INC",1,0,0,0,54,1879,IN,VALPARAISO,46383
2023,"QUADRANT RESOURCE LLC",29,2,17,0,54,6524,NJ,NEPTUNE,07753
2023,"QUADRANT RESOURCE LLC",1,0,0,0,54,6524,WA,REDMOND,98052
2023,"QUADRANT RESOURCE LLC",0,0,1,0,54,6524,XX,NEPTUNE,07753
2023,"QUADRANT STAFFING LLC",1,0,0,0,54,3929,IL,ELGIN,60120
2023,QUADRASCOPE,1,0,0,0,54,2368,MA,LITTLETON,01460
2023,"QUADRATIC SYSTEMS INC",0,0,3,0,54,9517,IL,SCHAUMBURG,60173
2023,"QUADRIC IT LLC",1,0,0,0,54,2443,FL,HOLLYWOOD,33029
2023,"QUADTREE INC",5,19,0,0,54,8460,FL,JACKSONVILLE,32256
2023,"QUAL IT RESOURCES LLC",0,0,1,0,54,9389,OH,CINCINNATI,45242
2023,"QUALIFACTS SYSTEMS INC",1,0,1,0,54,0098,TN,NASHVILLE,37238
2023,"QUALISYSTEMS USA INC",1,0,0,0,54,7636,TX,AUSTIN,78759
2023,"QUALITAS INFOTECH INC",1,0,0,0,54,6127,NJ,"PRINCETON JN",08550
2023,"QUALITAS INFOTECH INC",1,0,0,0,54,6127,NJ,"PRINCETON JUNCTION",08550
2023,"QUALITATIVE FINANCIALS LLC",1,0,1,0,54,5420,AR,BENTONVILLE,72712
2023,"QUALITREE INC",0,0,1,0,54,4999,DE,WILMINGTON,19808
2023,"QUALITY ASSURED PRODUCE INSPECTION EAST LLC",0,0,1,0,54,1840,NJ,WOODSTOWN,08098
2023,"QUALITY CONSULTING INC",0,0,5,0,54,6986,IA,"WEST DES MOINES",50266
2023,"QUALITY CONSULTING INC",0,0,1,0,54,9686,IA,"WEST DES MOINES",50266
2023,"QUALITY DESIGN SERVICES INC",0,0,1,1,54,5531,MI,OKEMOS,48864
2023,"QUALITY IT SOURCE LLC",0,0,2,0,54,2214,NJ,"EAST BRUNSWICK",08816
2023,"QUALITY MATRIX INC",0,0,1,0,54,7251,,,
2023,"QUALITY MATRIX INC",1,0,8,0,54,7251,MA,WESTBOROUGH,01581
2023,"QUALITY PLANNING CORPORATION",0,0,1,0,54,4456,CA,"SAN FRANCISCO",94111
2023,"QUALITY THEOREM LLC",1,0,0,0,54,3080,NJ,TRENTON,08619
2023,"QUALITY TOOL GEAR INC",0,0,1,0,54,8487,MI,REDFORD,48239
2023,"QUALSOFT INC",0,0,4,0,54,8317,VA,ASHBURN,20147
2023,"QUALTRICS LLC",0,0,3,0,54,4116,,,
2023,"QUALTRICS LLC",0,0,23,0,54,4116,UT,PROVO,84604
2023,"QUALUS LLC",0,0,1,0,54,0145,FL,"LAKE MARY",32746
2023,"QUANTA SERVICES MANAGEMENT PARTNERSHIP L P",0,0,1,0,54,4732,TX,HOUSTON,77008
2023,"QUANTA TECHNOLOGY LLC",0,1,6,0,54,7058,NC,RALEIGH,27607
2023,"QUANTAM SPATIAL,INC.",0,0,1,0,54,3181,OR,PORTLAND,97204
2023,"QUANTCAST CORPORATION",0,0,2,0,54,6141,CA,"SAN FRANCISCO",94107
2023,"QUANTCONNECT CORPORATION",0,0,1,0,54,6850,FL,"FORT LAUDERDALE",33326
2023,"QUANTEAM NORTH AMERICA INC",0,1,0,0,54,5714,NY,"NEW YORK",10036
2023,"QUANTEK TECHNOLOGIES LLC",1,0,0,0,54,0076,IN,MISHAWAKA,46544
2023,"QUANTERIAN LLC",1,0,0,0,54,3842,TX,IRVING,75062
2023,"QUANTERIX CORPORATION",0,0,1,0,54,7988,,,
2023,"QUANTERIX CORPORATION",0,0,3,0,54,7988,MA,BILLERICA,01821
2023,"QUANTIFI INC",0,0,2,0,54,4248,NJ,SUMMIT,07901
2023,"QUANTINUUM LLC",2,0,0,0,54,3513,CO,BROOMFIELD,80021
2023,"QUANTIPHI INC",10,0,16,0,54,8551,MA,MARLBOROUGH,01752
2023,"QUANTITATIVE RISK MANAGEMENT INC",0,0,1,0,54,8575,IL,CHICAGO,60602
2023,"QUANTRIX SYSTEMS INC",0,0,1,0,54,8894,VA,VIENNA,22182
2023,"QUANTUM INTEGRATORS GROUP LLC",0,0,3,0,54,5962,NJ,"PRINCETON JUNCTION",08550
2023,"QUANTUM INTEGRATORS GROUP LLC",0,0,7,0,54,5962,NJ,"WEST WINDSOR",08550
2023,"QUANTUM OPS INC",1,0,0,0,54,6928,GA,ALPHARETTA,30004
2023,"QUANTUM TECHNOLOGIES, INC.",1,0,1,0,54,3787,VA,"FALLS CHURCH",22043
2023,"QUANTUM VISION LLC",1,0,2,0,54,3362,MD,GAITHERSBURG,20879
2023,"QUANTUMID TECHNOLOGIES, INC.",2,0,0,0,54,5899,MA,CAMBRIDGE,02142
2023,"QUANTUMSOFT SOLUTIONS INC",1,1,0,0,54,5443,CA,FREMONT,94536
2023,"QUARTET FINANCIAL SYSTEMS INC DBA ACTIVEVIAM",0,0,1,0,54,9799,NY,"NEW YORK",10018
2023,"QUARTET LLC DBA QUARTER AI",2,0,0,0,54,4873,SC,"FORT MILL",29708
2023,"QUARTILE LLC",0,0,1,0,54,1231,NY,"NEW YORK",10170
2023,"QUARTZY INC",0,0,1,0,54,2037,CA,HAYWARD,94545
2023,"QUBER INC",2,0,0,0,54,1073,MD,COLUMBIA,21045
2023,"QUBEWAY CONSULTING LLC",7,0,0,0,54,4645,TX,DALLAS,75251
2023,"QUBOLE INC",1,0,0,0,54,6468,TX,AUSTIN,78759
2023,"QUEBEC SOLUTIONS INC",2,0,2,0,54,4862,TX,PLANO,75024
2023,"QUESQUARE SOLUTIONS INC",1,0,0,0,54,9168,OH,WORTHINGTON,43085
2023,"QUEST DIAGNOSTICS INCORPORATED",0,0,0,1,54,7862,NJ,SECAUCUS,07094
2023,"QUEST GLOBAL SERVICES-NA INC",22,0,17,0,54,3419,CT,WINDSOR,06095
2023,"QUEST IT SOLUTIONS INC",7,0,17,0,54,3157,TX,"SUGAR LAND",77478
2023,"QUESTEK INNOVATIONS LLC",0,0,1,0,54,6425,IL,EVANSTON,60201
2023,"QUESTEX LLC",0,0,1,0,54,2763,NY,"NEW YORK",10017
2023,"QUESTPAY INC DBA V2 TECHNOLOGIES INC",1,0,7,0,54,8756,NJ,"NORTH BRUNSWICK",08902
2023,"QUESTSOFT SOLUTIONS INC",1,0,0,0,54,9894,NJ,MATAWAN,07747
2023,"QUETICA LLC",1,0,0,0,54,7494,MN,BLOOMINGTON,55431
2023,"QUICKASSERT CONSULTING INC",1,0,0,0,54,4312,TX,IRVING,75038
2023,"QUICKEN INC",0,0,0,1,54,9890,CA,"MENLO PARK",94025
2023,"QUICKET SOLUTIONS INC",0,0,1,0,54,3681,IL,CHICAGO,60603
2023,"QUICKET SOLUTIONS INC",0,0,1,0,54,3681,IL,CHICAGO,60604
2023,"QUIDDITY INFOTECH LLC",7,0,2,0,54,6911,TX,"LITTLE ELM",75068
2023,"QUIDDITY INFOTECH LLC",0,0,1,0,54,6911,,,
2023,"QUIGG ENGINEERING INC",0,0,1,0,54,8431,IL,CHICAGO,60606
2023,"QUIKTRAK, INC.",0,0,1,0,54,9950,OR,BEAVERTON,97008
2023,"QUINN DAVID AND ASSOCIATES LLC",0,0,1,0,54,9582,WI,MILWAUKEE,53208
2023,"QUINN EMANUEL URQUHART & SULLIVAN LLP",0,0,1,0,54,4138,CA,"LOS ANGELES",90017
2023,"QUINN EVANS ARCHITECTS INC",0,0,1,0,54,7715,DC,WASHINGTON,20037
2023,"QUINNOX INC",0,0,1,0,54,2353,,,
2023,"QUINNOX INC",8,0,15,0,54,2353,IL,CHICAGO,60606
2023,"QUINSTREET INC",0,0,1,0,54,2121,,,
2023,"QUINSTREET INC",0,1,4,0,54,2121,CA,"FOSTER CITY",94404
2023,"QUINSTREET INC",0,0,3,0,54,2121,CA,"SAN MATEO",94404
2023,"QUORUM ANALYTICS INC",0,0,1,0,54,5079,DC,WASHINGTON,20005
2023,"QUORUM BUSINESS SOLUTIONS U S A INC",0,0,1,0,54,1260,TX,HOUSTON,77002
2023,"QUOTIENT SCIENCES - PHILADELPHIA LLC",0,0,1,0,54,9000,,,
2023,"QUOTIENT SCIENCES - PHILADELPHIA LLC",0,0,2,0,54,9000,PA,BOOTHWYN,19061
2023,"QUOTIENT SCIENCES - PHILADELPHIA LLC",0,0,2,0,54,9000,PA,"MARCUS HOOK",19061
2023,"QUOTIENT TECHNOLOGY INC",1,0,4,0,54,5123,UT,"SALT LAKE CITY",84106
2023,"QVERGE LLC",5,0,2,0,54,9848,GA,ALPHARETTA,30022
2023,"QVESTUS LLC",0,0,1,0,54,8500,CA,"MANHATTAN BEACH",90266
2023,"QVESTUS LLC",1,0,0,0,54,8500,CA,"MANHATTAN BCH",90266
2023,"QWERTY TECH LLC",1,0,0,0,54,9625,TX,DALLAS,75243
2023,"R & S AGENCY, INC.",1,0,0,0,54,0578,KS,"KANSAS CITY",66101
2023,"R AND R MARKETING SERVICES LLC DBA FLY WITH WINE",0,0,1,0,54,5020,CA,NAPA,94559
2023,"R CUBE CREATIVE CONSULTING INC",0,1,0,0,54,7030,TX,LEANDER,78641
2023,"R J BEHAR & COMPANY INC",0,0,1,0,54,4070,FL,"FORT LAUDERDALE",33332
2023,"R SYSTEMS INC",0,0,1,0,54,8229,,,
2023,"R SYSTEMS INC",13,3,11,1,54,8229,CA,"EL DORADO HILLS",95762
2023,"R SYSTEMS INC",4,0,2,0,54,8229,CA,"EL DORADO HLS",95762
2023,"R&D DYNAMICS CORPORATION",0,0,1,0,54,2163,CT,BLOOMFIELD,06002
2023,"R1 RCM INC",0,0,3,0,54,8101,IL,CHICAGO,60631
2023,"R1 RCM INC",0,0,1,0,54,8101,UT,MURRAY,84123
2023,"R2 CONSULTING",1,0,0,0,54,1307,CO,BOULDER,80301
2023,"R2 TECHNOLOGIES CORPORATION",1,3,11,0,54,3836,GA,ALPHARETTA,30005
2023,"R2C SOLUTIONS INC",1,0,0,0,54,4577,MD,COLUMBIA,21045
2023,"R2M PHARMA INC",1,0,0,0,54,4474,CA,"SOUTH SAN FRANCISCO",94080
2023,"R3 TECHNOLOGY INC",2,0,11,0,54,3240,NJ,HILLSBOROUGH,08844
2023,"R4 IT SOLUTIONS INC",3,0,0,0,54,8436,PA,DOWNINGTOWN,19335
2023,"RAAD LLC DBA RAAD STUDIO",0,0,1,0,54,5227,NY,"NEW YORK",10013
2023,"RAAS INFOTEK LLC",0,0,1,0,54,4022,,,
2023,"RAAS INFOTEK LLC",2,0,17,0,54,4022,DE,NEWARK,19702
2023,"RAB3 TECH LLC",0,0,7,1,54,6133,VA,"MC LEAN",22102
2023,"RACAR ENGINEERING LLC DBA TOOGANN",0,0,2,0,54,1449,,,
2023,"RACAR ENGINEERING LLC DBA TOOGANN",4,0,16,0,54,1449,OH,DUBLIN,43017
2023,"RACAR INTL D E LLC",0,0,2,0,54,5561,OH,DUBLIN,43017
2023,"RACEDOG LTD",3,0,2,1,54,9227,OH,COLUMBUS,43235
2023,"RACEDOG LTD",0,0,2,0,54,9227,OH,"LEWIS CENTER",43035
2023,"RACEDOG LTD",0,0,1,0,54,9227,,,
2023,"RACHAEL H GROWCHOWSKI ARCHITECTURE DESIGN LIMITED LIABILITY COMPANY",0,0,1,0,54,8106,NJ,MONTCLAIR,07042
2023,"RACUBE TECHNOLOGIES LLC",1,0,0,0,54,9010,TX,PLANO,75024
2023,"RAD AL INC",1,0,0,0,54,5846,CA,LAFAYETTE,94549
2023,"RAD CUBE LLC",0,0,1,0,54,2564,IN,CARMEL,46032
2023,RADCOM,0,0,1,0,54,5071,NJ,PARAMUS,07652
2023,"RADCOM SOFTWARE SERVICES LLC",7,0,7,0,54,4587,NC,DURHAM,27703
2023,"RADIA ENTERPRISES INC",0,0,1,0,54,7396,TX,HOUSTON,77087
2023,"RADIANT DIGITAL SOLUTIONS INC",0,0,1,0,54,1822,,,
2023,"RADIANT INFOSYS INC",1,0,2,0,54,7528,TX,COLLEYVILLE,76034
2023,"RADIANT INFOTECH LLC",1,0,1,0,54,5207,MD,CATONSVILLE,21228
2023,"RADIANT INNOVATIVE INC",0,0,2,0,54,5997,MD,BETHESDA,20817
2023,"RADIANT TECHNOLOGIES INC",0,0,1,0,54,4679,GA,ALPHARETTA,30022
2023,"RADIANTZE INC",0,0,1,0,54,3276,NY,"NEW YORK",10105
2023,"RADIARE INC",0,1,0,0,54,8859,NJ,BORDENTOWN,08505
2023,"RADIQAL LLC",1,0,0,0,54,9866,PA,HORSHAM,19044
2023,"RADISE INTL L C",0,0,1,0,54,5837,FL,"RIVIERA BEACH",33404
2023,"RADISE INTL L C",0,0,1,0,54,5837,FL,"WEST PALM BEACH",33404
2023,"RADISYS CORPORATION",0,0,1,0,54,5232,OR,HILLSBORO,97006
2023,"RADIUMSOFT LLC",2,0,0,0,54,3706,GA,ATLANTA,30338
2023,"RADIUS INFO SYS INC",7,0,1,0,54,3576,TX,LEANDER,78641
2023,"RADIUSAI INC",1,0,2,0,54,6801,AZ,TEMPE,85281
2023,"RADIX TRADING LLC",2,0,3,0,54,4839,IL,CHICAGO,60654
2023,"RADIXLINK INC",5,0,1,0,54,0041,AZ,CHANDLER,85226
2023,"RADUS TEK SERVICES INC",0,0,1,0,54,6560,NJ,HILLSBOROUGH,08844
2023,"RADYX INFO INC",5,0,0,0,54,5460,TX,PLANO,75024
2023,"RAFAEL DE CARDENAS LTD",0,0,1,0,54,3902,NY,"NEW YORK",10012
2023,"RAFETTO GUERTIN DELOSO PROJECT MANAGEMENT INC D B A RGD PROJECT MANAGEMENT INC",1,0,0,0,54,4003,NC,CARY,27511
2023,"RAGAN CONSULTING SOLUTIONS LLC",0,0,2,0,54,4666,PA,EXTON,19341
2023,"RAILPROS INC",0,0,1,0,54,5680,CA,IRVINE,92618
2023,"RAIN INDUSTRIES INC",1,0,0,0,54,5729,CA,FAIRFIELD,94534
2023,"RAINBERRY INC",0,0,2,0,54,4826,CA,"SAN FRANCISCO",94108
2023,RAISSO,1,1,0,0,54,6298,CA,"EL DORADO HILLS",95762
2023,"RAJ TECHNOLOGIES INC",0,0,2,0,54,3325,NY,PLAINVIEW,11803
2023,"RAJEEV KAUL CPA PC",0,0,1,0,54,3221,NY,"NEW YORK",10016
2023,"RAJU ASSOCIATES INC",0,0,1,0,54,8937,CA,PASADENA,91101
2023,"RAKS GROUP LLC",4,1,5,0,54,0410,VA,CHANTILLY,20151
2023,"RAKUTEN MARKETING LLC",0,0,1,0,54,7340,NY,"NEW YORK",10003
2023,"RAKUTEN USA INC",0,0,3,0,54,7047,CA,"SAN MATEO",94402
2023,"RAM ASSOCIATES AND COMPANY LLC",0,0,1,0,54,2445,NJ,HAMILTON,08619
2023,"RAM INFO LLC",0,0,1,0,54,8772,CO,AURORA,80018
2023,"RAM SOFTWARE SOLUTIONS, INC.",1,0,1,0,54,5314,NJ,PARSIPPANY,07054
2023,"RAM TEK COMMUNICATIONS LLC",2,1,1,0,54,0231,TX,DALLAS,75234
2023,"RAMBOLL AMERICAS ENGINEERING SOLUTIONS INC",0,0,2,0,54,0138,NY,SYRACUSE,13202
2023,"RAMBOLL US CONSULTING INC",0,0,1,0,54,8616,VA,ARLINGTON,22203
2023,"RAMESES LLC",1,0,0,0,54,6610,SC,LEXINGTON,29072
2023,"RAMITSTAFFING INC",1,0,0,0,54,1033,TX,IRVING,75038
2023,"RAMPS INTERNATIONAL INC",0,0,10,0,54,5977,NJ,EDISON,08837
2023,"RAMSAI SOFTWARE SOLUTIONS INC",5,0,9,0,54,7950,VA,FAIRFAX,22031
2023,"RAMSONS INNOVATIONS",11,0,0,0,54,9430,TX,IRVING,75062
2023,"RAMY INFOTECH INC",1,1,0,0,54,9460,CA,"SANTA CLARA",95054
2023,"RANAD DESIGN INC",0,0,1,0,54,1159,NY,"NEW YORK",10001
2023,"RAND ENGINEERING AND ARCHITECTURE DPC",0,0,1,0,54,2862,NY,"NEW YORK",10001
2023,"RANDALL LAMB ASSOCIATES INC",0,0,1,0,54,6267,CA,"SAN DIEGO",92108
2023,"RANDEL SOLUTIONS LLC",0,0,1,0,54,6233,KS,"OVERLAND PARK",66210
2023,"RANDSTAD TECHNOLOGIES LLC",0,0,0,1,54,5132,MA,ANDOVER,01810
2023,"RANDSTAD TECHNOLOGIES LLC",14,1,227,15,54,5132,MA,WOBURN,01801
2023,"RANDSTAD TECHNOLOGIES LLC",0,0,7,0,54,5132,,,
2023,"RANDY V MARTIN P E",1,0,0,0,54,8342,GU,BARRIGADA,96921
2023,"RANG TECHNOLOGIES INC",4,0,5,1,54,3120,NJ,PISCATAWAY,08854
2023,"RANGER PIPELINES INC",0,0,1,0,54,1495,CA,"SAN FRANCISCO",94124
2023,"RANI THERAPEUTICS LLC",0,0,3,0,54,7171,CA,"SAN JOSE",95131
2023,"RANSTAD TECHNOLOGIES LLC",0,0,0,1,54,5132,MA,WOBURN,01801
2023,"RAPID EAGLE INC",0,1,0,0,54,1752,CA,SUNNYVALE,94086
2023,"RAPID GLOBAL BUSINESS SOLUTIONS INC",1,0,0,0,54,1344,MI,TROY,48083
2023,"RAPID ROBOTICS INC",0,0,2,0,54,6717,CA,"SAN FRANCISCO",94107
2023,"RAPID TECH LLC",4,0,0,0,54,1413,TX,FRISCO,75033
2023,"RAPID7 LLC",0,0,1,0,54,1935,MA,BOSTON,02114
2023,"RAPIDFLOW INC",1,0,0,0,54,6454,CA,"SAN JOSE",95113
2023,"RAPIDIT CLOUDBERA INC",0,1,3,0,54,8755,GA,ALPHARETTA,30004
2023,"RAPIDIT INC",0,0,1,0,54,9614,,,
2023,"RAPIDIT INC",12,1,10,1,54,9614,GA,ALPHARETTA,30005
2023,"RAPIDO TECHNOLOGIES LLC",0,0,2,1,54,0926,CT,FAIRFIELD,06824
2023,"RAPP ILLINOIS INC",1,0,0,0,54,9827,IL,CHICAGO,60601
2023,"RAPPORT IT SERVICES LLC",0,0,0,1,54,1053,DE,WILMINGTON,19801
2023,"RAPS CONSULTING INC",3,0,1,0,54,9749,NJ,EDISON,08837
2023,"RAPT STUDIO",0,0,1,0,54,7143,CA,"SAN FRANCISCO",94108
2023,"RAPT THERAPEUTICS INC",0,0,1,0,54,3701,CA,"S SAN FRAN",94080
2023,"RATEGAIN ADARA INC",0,0,2,0,54,8058,CA,"SAN JOSE",95110
2023,"RATIO STATES LLC",0,0,1,0,54,9289,IN,INDIANAPOLIS,46201
2023,"RATIO STATES LLC",1,0,0,0,54,9289,IN,INDIANAPOLIS,46204
2023,"RATZAN LAW GROPU PA DBA RATZAN WEISSMAN & BOLDT",0,0,1,0,54,4269,FL,MIAMI,33131
2023,"RAVACONS LLC",1,0,1,0,54,1199,CA,"GOLD RIVER",95670
2023,"RAVACONS LLC",2,0,0,0,54,1199,CA,"RANCHO CORDOVA",95670
2023,"RAVE INFOSYS INC D/B/A RAVE DIGITAL",0,0,1,0,54,7514,FL,"POMPANO BEACH",33065
2023,"RAVE WIRELESS INC DBA MOBILE SAFETY",0,0,1,0,54,1600,MA,FRAMINGHAM,01701
2023,"RAVEN SOFTWARE SOLUTIONS INC",0,0,16,0,54,8986,TX,DALLAS,75234
2023,"RAVH IT INC",1,0,2,1,54,4198,CA,TUSTIN,92780
2023,"RAVI SOLUTIONS INC DBA RAVSOL",3,0,1,0,54,6020,TX,HOUSTON,77095
2023,"RAVIG INC",0,0,1,0,54,4836,CA,PITTSBURG,94565
2023,"RAVIN IT SOLUTIONS INC",4,0,1,0,54,4222,TX,FRISCO,75034
2023,"RAVYN GROUP INC DBA RAVYN SOCIETY",1,0,0,0,54,8652,NY,BROOKLYN,11201
2023,"RAWKEY TECHNOLOGIES LLC",2,0,0,0,54,2809,VA,ALDIE,20105
2023,"RAWKEY TECHNOLOGIES LLC",2,0,0,0,54,2809,VA,HERNDON,20171
2023,"RAY TECHNO SOLUTIONS INC",7,1,1,0,54,7004,CA,"SAN RAMON",94583
2023,"RAYBOCH CORPORATION",0,0,0,1,54,2124,CA,"MISSION VIEJO",92691
2023,"RAYMOND CHAN ARCHITECT PC",0,0,0,1,54,9444,NY,FLUSHING,11354
2023,"RAYMOND ENGINEERING GEORGIA INC",0,0,0,1,54,9333,GA,CONYERS,30012
2023,"RAYONSOFT TECHNOLOGIES INC",0,0,1,0,54,1376,NJ,EDISON,08837
2023,"RAYS TECHNICAL SOLUTIONS INC",0,0,3,0,54,9910,TN,COLLIERVILLE,38017
2023,"RAYVEN IT SOLUTIONS LLC",8,0,0,0,54,6111,NJ,EDISON,08817
2023,"RAZAQ TECHNOLOGIES LLC",0,0,1,0,54,3152,NY,BUFFALO,14202
2023,"RAZORFISH LLC",0,0,1,0,54,5106,,,
2023,"RAZORFISH LLC",0,0,4,0,54,5106,NY,"NEW YORK",10014
2023,"RAZORTHINK INC.",0,0,2,0,54,1102,CA,"REDWOOD CITY",94063
2023,"RBSM LLP",0,0,1,0,54,1403,NY,"NEW YORK",10022
2023,"RBSM LLP",0,0,1,0,54,1403,VA,MCLEAN,22101
2023,"RBUS INC A RED VENTURES COMPANY",0,0,1,0,54,8076,,,
2023,"RBUS INC A RED VENTURES COMPANY",0,0,4,0,54,8076,SC,"FORT MILL",29707
2023,"RC CONSTRUCTION CO INC",0,0,2,0,54,7481,MS,GREENWOOD,38930
2023,"RC9 TECHNOLOGIES INC",1,0,0,0,54,2072,TX,IRVING,75039
2023,"RCG GLOBAL SERVICES INC",1,0,4,0,54,2892,NJ,ISELIN,08830
2023,"RCPW TECHNOLOGY LLC D/B/A ENVIROKLEAN PRODUCT DEVELOPMENT",0,0,1,0,54,7077,TX,MIDLAND,79706
2023,"RCR TECHNOLOGY CORPORATION",0,0,1,0,54,9249,IN,INDIANAPOLIS,46260
2023,"RCT STUDIO INC",1,1,0,0,54,7773,CA,SUNNYVALE,94085
2023,"RCUBE IT LLC",2,0,2,0,54,6219,VA,CHANTILLY,20151
2023,"RCUBE TECHNOLOGY INC",0,0,3,0,54,7392,IL,BLOOMINGTON,61704
2023,"RD CONTRACTING LLC",0,0,1,0,54,3563,MD,"ELLICOTT CITY",21042
2023,"RD INTERNATIONAL SERVICES LLC",1,0,0,0,54,9296,VA,FAIRFAX,22030
2023,"RD TECH SYSTEMS INC",0,0,2,0,54,6035,NJ,PARLIN,08859
2023,"RD2RX LLC",0,0,1,0,54,6841,KS,LENEXA,66219
2023,"RDIC, INC.",1,0,1,0,54,8281,NY,BROOKLYN,11229
2023,"RE IT SERVICES INC",8,2,2,0,54,2477,TX,"ROUND ROCK",78681
2023,"REACHLOCAL INC",0,0,1,0,54,8783,VA,"MC LEAN",22102
2023,"REACHMOBI INC",0,0,1,0,54,6953,,,
2023,"REACT TECHNOLOGIES LLC",1,0,0,0,54,8787,GA,ALPHARETTA,30009
2023,"REACT TECHNOLOGIES LLC",1,0,0,0,54,8787,GA,CUMMING,30041
2023,READPOINTE,8,0,0,0,54,7494,CA,NEWARK,94560
2023,"READY COMPUTING RESOURCES LLC",0,0,1,0,54,5482,NY,"NEW YORK",10038
2023,"READY COMPUTING RESOURCES LLC",0,0,1,0,54,5485,NY,"NEW YORK",10038
2023,"READY NET INC",0,0,1,0,54,1559,CA,"SAN FRANCISCO",94114
2023,"REAL ENGINEERING SERVICES LLC",1,0,1,0,54,9767,NJ,TOTOWA,07512
2023,"REAL HYPE CREATIVE TECH INC",1,0,0,0,54,7743,CA,"LOS ANGELES",90035
2023,"REAL SOFT INC",1,0,0,0,54,8751,NJ,"MONMOUTH JUNCTION",08852
2023,"REAL SOFT INC",1,0,1,0,54,8751,NJ,PRINCETON,08540
2023,"REAL SOFT INC",1,0,0,0,54,8751,PA,PRINCETON,08540
2023,"REAL WORLD TECHNOLOGIES INC",0,0,2,1,54,2215,MI,WIXOM,48393
2023,"REALFLEX APPLICATIONS LLC",1,0,1,0,54,0325,OH,AKRON,44321
2023,"REALIS SIMULATION INC",0,0,1,0,54,1093,IL,"DES PLAINES",60018
2023,"REALPAGE INC",0,0,1,0,54,8851,TX,RICHARDSON,75082
2023,"REALPAGE INC",0,0,4,0,54,8861,TX,RICHARDSON,75082
2023,"REALSOFT TECHNOLOGIES LLC",0,0,1,0,54,1102,,,
2023,"REALSOFT TECHNOLOGIES LLC",2,0,5,0,54,1102,VA,HERNDON,20170
2023,"REALTECH SERVICES LLC",7,0,1,0,54,2802,NJ,EDISON,08817
2023,"REALTIME ROBOTICS INC",0,0,1,0,54,7721,MA,BOSTON,02210
2023,"REALTIMEBOARD INC DBA MIRO",0,0,1,0,54,1926,CA,"SAN FRANCISCO",94105
2023,"RECHARGE INC",1,0,0,0,54,5060,CA,"SANTA MONICA",90404
2023,"RECIDIVIZ INC",1,0,0,0,54,9256,CA,"SAN FRANCISCO",94102
2023,"RECODE SOLUTIONS LLC",0,0,1,0,54,0089,TX,HOUSTON,77042
2023,"RECODE THERAPEUTICS INC",0,0,1,0,54,0562,CA,"MENLO PARK",94025
2023,"RECON MANAGEMENT SERVICES INC",0,0,1,0,54,0983,LA,SULPHUR,70663
2023,"RECONSTRUCT INC",1,0,0,0,54,0788,IL,CHAMPAIGN,61820
2023,"RECSOLU INC DBA YELLO",0,0,2,0,54,0978,IL,CHICAGO,60603
2023,"RECURSION CO",0,0,1,0,54,7995,NY,"NEW YORK",10001
2023,"RECURSION PHARMACEUTICALS INC",0,0,2,0,54,9738,UT,"SALT LAKE CITY",84101
2023,"RECVUE INC",0,0,2,0,54,6402,CA,"PALO ALTO",94303
2023,"RED BALLOON SECURITY INC",0,0,1,0,54,0188,NY,"NEW YORK",10036
2023,"RED CEDAR CONSULTANCY LLC",0,0,1,0,54,4437,VA,LEESBURG,20176
2023,"RED CLAY CONSULTING",0,0,7,0,54,1443,GA,ATLANTA,30361
2023,"RED CLAY CONSULTING",0,0,1,0,54,1443,,,
2023,"RED GAMES CO LLC",0,0,1,0,54,3379,UT,"SALT LAKE CITY",84111
2023,"RED HAT INC",0,0,1,0,54,4380,,,
2023,"RED HAT INC",2,0,33,0,54,4380,NC,RALEIGH,27601
2023,"RED HAT INC",0,0,1,0,54,4380,NC,RALEIGH,27602
2023,"RED HIBBERT GROUP LLC",3,0,4,1,54,8896,CA,"SAN RAMON",94583
2023,"RED OAK TECH INC",0,0,5,0,54,4202,CA,"SAN JOSE",95110
2023,"RED PHOENIX ENTERTAINMENT LLC",0,0,1,0,54,8829,TX,HOUSTON,77002
2023,"REDAPT ATTUNIX INC",1,0,2,0,54,0882,WA,WOODINVILLE,98072
2023,"REDBOCK LLC",0,0,1,0,54,5066,CA,ENCINITAS,92024
2023,"REDBUD TECHNOLOGIES INC",4,0,4,1,54,1785,TX,MCKINNEY,75070
2023,"REDDINGTON CONSULTING INC",0,0,1,0,54,9034,TX,IRVING,75038
2023,"REDDY INFOSYS INC",2,0,1,0,54,4756,NJ,PRINCETON,08550
2023,"REDDY INFOSYS INC",2,0,0,0,54,4756,NJ,"PRINCETON JUNCTION",08550
2023,"REDEEMSOFT LLC",8,1,5,0,54,4719,NJ,ISELIN,08830
2023,"REDEFINED CORP",0,0,2,0,54,4549,NY,"NEW YORK",10016
2023,"REDESIGN SCIENCE INC",0,0,1,0,54,8352,NY,"NEW YORK",10014
2023,"REDFIN SOLUTIONS LLC",1,0,0,0,54,9606,ME,PORTLAND,04102
2023,"REDICA SYSTEMS INC",0,0,2,0,54,9453,CA,PLEASANTON,94566
2023,"REDIFCARD TECHNOLOGIES LLC",0,0,1,0,54,2145,MN,BLOOMINGTON,55431
2023,"REDLEAF IT SYSTEMS LLC",3,2,0,0,54,2080,NJ,MONROE,08831
2023,"REDLEAF IT SYSTEMS LLC",1,0,0,0,54,2080,NJ,"MONROE TOWNSHIP",08831
2023,"REDMANE TECHNOLOGY LLC",0,0,1,0,54,5986,,,
2023,"REDMANE TECHNOLOGY LLC",0,0,3,0,54,5986,IL,CHICAGO,60656
2023,"REDPOINT FINANCIAL SERVICES LLC",0,0,1,0,54,1825,CO,DENVER,80211
2023,"REDSHIFT ENTERPRISE CONSULTING SOLUTIONS LLC",1,0,0,0,54,0193,GA,ALPHARETTA,30005
2023,"REDWOOD RESEARCH GROUP INC",1,0,0,0,54,2255,CA,BERKELEY,94704
2023,"REED CITY GROUP LLC",1,0,0,0,54,0318,MI,"REED CITY",49677
2023,"REED HILDERBRAND LLC",1,0,1,0,54,7623,MA,CAMBRIDGE,02139
2023,"REEVES IMMIGRATION LAW GROUP",0,0,1,0,54,1940,CA,PASADENA,91101
2023,"REFERRALPOINT LLC",0,0,1,0,54,8583,TX,IRVING,75039
2023,"REFLECTIONS SYSTEMS INC",4,0,0,0,54,6820,OK,"OKLAHOMA CITY",73102
2023,"REFLECTIVE TECHNOLOGIES INC DBA MIRROR",0,0,1,0,54,3561,NY,BROOKLYN,11215
2023,"REFLEXIONS DATA LLC",0,0,0,1,54,4906,NY,BROOKLYN,11201
2023,"REFRAME SYSTEMS INC",0,0,1,0,54,1278,MA,BOSTON,02210
2023,"REFUGE BIOTECHNOLOGIES INC",0,0,1,0,54,6708,CA,"MENLO PARK",94025
2023,"REFULGENT TECHNOLOGIES INC",0,0,1,0,54,6273,NC,CHARLOTTE,28284
2023,"REFYN DATA LLC",9,0,0,0,54,9940,MD,CLARKSBURG,20871
2023,"REGAL CREDIT CONSULTING CORP",0,0,1,0,54,2948,NY,"NEW YORK",10019
2023,"REGAL IT SERVICES INC",0,0,1,0,54,6264,TX,HOUSTON,77099
2023,"REGAL IT SERVICES INC",2,1,3,1,54,6264,TX,KATY,77450
2023,"REGAL VOICE INC",0,0,1,0,54,3594,MA,BOSTON,02111
2023,"REGENERON GENETICS CENTER LLC",1,0,2,0,54,3600,NY,TARRYTOWN,10591
2023,"REGENERON PHARMACEUTICALS INC",1,0,38,0,54,4607,NY,TARRYTOWN,10591
2023,"REGENERON PHARMACEUTICALS INC",0,0,1,0,54,4607,,,
2023,"REGENT STRATEGIC SOLUTIONS",1,0,1,0,54,4500,NC,CHARLOTTE,28227
2023,"REGENT STRATEGIC SOLUTIONS",3,0,0,0,54,4500,NC,CHARLOTTE,28262
2023,"REGION TECHNOLOGIES INC",0,0,0,1,54,7358,AZ,PHOENIX,85028
2023,"REGROW AGRICULTURE INC",0,0,1,0,54,2822,NH,HAMPTON,03842
2023,"REHRIG PACIFIC COMPANY",0,0,3,0,54,8797,CA,"LOS ANGELES",90058
2023,"REI SYSTEMS INC",2,0,17,2,54,0603,VA,STERLING,20166
2023,"REIKO WIRELESS INC",1,0,0,0,54,6218,NY,COMMACK,11725
2023,"REINHARDT LLP",0,0,1,0,54,5764,NY,"NEW YORK",10281
2023,"REITLER KAILAS ROSENBLATT LLP",0,0,1,0,54,0679,NY,"NEW YORK",10022
2023,"REIWA ACCOUNTING LLP",0,0,1,0,54,4152,CA,IRVINE,92612
2023,"RELATIENT INC",0,0,1,0,54,5868,TN,FRANKLIN,37064
2023,"RELATIVITY ODA LLC",0,0,11,0,54,1165,IL,CHICAGO,60604
2023,"RELATIVITY ODA LLC",0,0,1,0,54,1165,,,
2023,"RELAY ROBOTICS INC",0,0,2,0,54,6561,CA,CAMPBELL,95008
2023,"RELAY THERAPEUTICS INC",0,0,1,0,54,3475,MA,CAMBRIDGE,02139
2023,"RELEVANCE LAB INC",0,0,7,0,54,7928,CA,"SAN JOSE",95110
2023,"RELEVANTZ TECHNOLOGY SERVICES INC",6,0,15,0,54,2521,GA,ALPHARETTA,30005
2023,"RELIABLE ANALYSIS INC",0,0,1,0,54,5812,MI,"MADISON HEIGHTS",48071
2023,"RELIABLE CONTROLS CORPORATION",0,0,1,0,54,0670,UT,"SALT LAKE CITY",84117
2023,"RELIABLE SOFTWARE RESOURCES INC",1,0,0,0,54,8462,MI,NORTHVILLE,48167
2023,"RELIABLE SOFTWARE RESOURCES INC",12,0,28,0,54,8462,MI,NORTHVILLE,48167
2023,"RELIANCE GLOBAL SERVICES INC",0,0,8,0,54,8363,NJ,"SOUTH PLAINFIELD",07080
2023,"RELIANCE INC",0,0,1,0,54,6942,WA,REDMOND,98052
2023,"RELIANT DENTAL GROUP PC",1,0,0,0,54,2340,MA,"WEST ROXBURY",02132
2023,"RELIANT INFOTECH, INC.",4,0,0,0,54,5841,TX,PLANO,75024
2023,"RELIANT VISION GROUP INC",1,0,4,0,54,5420,NJ,ISELIN,08830
2023,"RELIANT VISION GROUP INC",0,0,6,0,54,5420,NJ,METUCHEN,08840
2023,"RELIS MGT COMPANY",0,0,1,0,54,1050,VA,RESTON,20191
2023,"RELM INC",0,0,2,0,54,3662,CA,"LOS ANGELES",90014
2023,"RELY SERVICES INC",0,1,0,0,54,5485,IL,SCHAUMBURG,60173
2023,"RELYCOM INC",1,0,2,0,54,2357,NJ,"MONROE TOWNSHIP",08831
2023,"RELYCOM INC",2,0,2,0,54,2357,NJ,JAMESBURG,08831
2023,"REMARK HOLDINGS INC",1,0,0,0,54,5689,NV,"LAS VEGAS",89106
2023,"REMCOM INC",0,0,1,0,54,8847,PA,"STATE COLLEGE",16801
2023,"REMINGTON VERNICK ENGINEERS II",0,0,1,1,54,1834,NJ,"CHERRY HILL",08003
2023,"REMNANT SOLUTIONS LLC",1,0,0,0,54,9237,GA,ALPHARETTA,30009
2023,"REMONT ENGINEERING & DESIGN GROUP LLC",0,0,1,0,54,1595,LA,METAIRIE,70002
2023,"REMONT ENGINEERING & DESIGN GROUP LLC",0,0,1,0,54,1595,LA,"NEW ORLEANS",70123
2023,"REMOTE TIGER INC",0,0,6,0,54,8877,MD,GREENBELT,20770
2023,"RENEE SYSTEMS INC",0,0,11,1,54,5499,OH,BRECKSVILLE,44141
2023,"RENEE SYSTEMS INC",0,0,3,0,54,5499,OH,CLEVELAND,44114
2023,"RENOTEK GROUP LLC",3,0,1,1,54,5810,NJ,PISCATAWAY,08854
2023,"RENOVITE TECHNOLOGIES INC",0,0,1,0,54,9278,CA,FREMONT,94538
2023,"RENOVORX INC",1,0,0,0,54,8452,CA,"LOS ALTOS",94022
2023,"REPLICANT SOLUTIONS INC",1,0,0,0,54,1058,CA,"SAN FRANCISCO",94129
2023,"REPLIMUNE INC",0,0,4,0,54,3094,MA,WOBURN,01801
2023,"REPLY INC",0,0,1,0,54,2665,MI,"AUBURN HILLS",48326
2023,"REPURPOSE GLOBAL INC",0,0,1,0,54,5385,NY,"NEW YORK",10035
2023,"REPUTATION INSTITUTE INC",0,1,0,0,54,8634,MA,BOSTON,02116
2023,"RESEARCH CORPORATION OF THE UH",8,0,2,0,54,5254,HI,HONOLULU,96848
2023,"RESEARCH CORPORATION OF THE UH",2,0,0,0,54,5254,,,
2023,"RESEARCH DIAGNOSTIC SYSTEMS INC",0,0,2,0,54,0894,MN,MINNEAPOLIS,55413
2023,"RESEARCH FOUNDATION FOR MENTAL HYGIENE INC",0,0,1,0,54,0842,,,
2023,"RESEARCH FOUNDATION FOR MENTAL HYGIENE INC",2,0,0,0,54,0842,NY,ALBANY,12204
2023,"RESEARCH FOUNDATION FOR MENTAL HYGIENE INC",1,0,1,0,54,0842,NY,MENANDS,12204
2023,"RESEARCH FOUNDATION FOR MENTAL HYGIENE INC",3,0,3,0,54,0842,NY,"NEW YORK",10032
2023,"RESEARCH FOUNDATION FOR MENTAL HYGIENE INC",2,0,2,0,54,0842,NY,ORANGEBURG,10962
2023,"RESEARCH FOUNDATION OF SUNY AT BUFFALO",1,0,0,0,54,8361,NY,VESTAL,13850
2023,"RESEARCH FOUNDATION OF SUNY AT BUFFALO",0,0,2,0,54,8361,,,
2023,"RESEARCH FOUNDATION OF SUNY AT BUFFALO",2,0,2,0,54,8361,NY,ALBANY,12203
2023,"RESEARCH FOUNDATION OF SUNY AT BUFFALO",3,0,2,0,54,8361,NY,ALBANY,12222
2023,"RESEARCH FOUNDATION OF SUNY AT BUFFALO",2,0,0,0,54,8361,NY,"EAST SYRACUSE",13057
2023,"RESEARCH FOUNDATION OF SUNY AT BUFFALO",4,0,9,0,54,8361,NY,"STONY BROOK",11794
2023,"RESEARCH FOUNDATION OF SUNY AT BUFFALO",1,0,2,0,54,8361,NY,SYRACUSE,13210
2023,"RESEARCH HORIZONS LLC DBA PHOENIX MARKETING INTERNATIONAL A MARKETCAST COMPANY",0,0,2,0,54,5920,NY,RHINEBECK,12572
2023,"RESEARCH INST NWIDE CHILDRENS HOSP",0,0,1,0,54,6230,,,
2023,"RESEARCH INST NWIDE CHILDRENS HOSP",13,0,6,0,54,6230,OH,COLUMBUS,43205
2023,"RESEARCH TRIANGLE INSTITUTE US",3,0,1,0,54,6338,NC,DURHAM,27709
2023,"RESERVE RIGHTS ATTORNEYS PC",1,0,0,0,54,8676,CA,"LOS ANGELES",90024
2023,"RESERVOIR ENGINEERING RESEARCH INSTITUTE",2,0,0,0,54,8044,CA,"PALO ALTO",94301
2023,"RESILIENCE US INC",1,0,2,0,54,5520,CA,"LA JOLLA",92037
2023,"RESILIENT CITIES CATALYST INC",0,0,1,0,54,0905,NY,BROOKLYN,11238
2023,"RESOLUTE CONCEPTS LLC",0,0,1,0,54,2093,MD,FALLSTON,21047
2023,"RESOLVE TECH SOLUTIONS LLC",1,0,0,0,54,3305,,,
2023,"RESOLVE TECH SOLUTIONS LLC",11,0,2,0,54,3305,TX,ADDISON,75001
2023,"RESONANCE IT SOLUTIONS LLC",0,0,1,0,54,4866,MN,MEDINA,55340
2023,"RESONATE NETWORKS INC",1,0,0,0,54,3058,VA,RESTON,20190
2023,"RESONETICS LLC",0,0,1,0,54,9685,NH,NASHUA,03060
2023,"RESOURCE AMERICA INFORMATION TECHN",0,0,2,1,54,0522,MO,"SAINT PETERS",63004
2023,"RESOURCE AMERICA INFORMATION TECHN",1,0,0,0,54,0522,MO,"SAINT PETERS",63304
2023,"RESOURCE INFORMATICS GROUP INC",1,0,5,0,54,9999,TX,IRVING,75039
2023,"RESOURCE INFOSOFT INC",1,0,1,0,54,9578,SD,"SIOUX FALLS",57103
2023,"RESOURCE INNOVATIONS INC",0,0,4,0,54,2927,CA,"HALF MOON BAY",94019
2023,"RESOURCE LOGISTICS INC",2,1,7,0,54,9088,NJ,"EAST BRUNSWICK",08816
2023,"RESOURCE POINT LLC",1,0,4,0,54,3288,MI,TROY,48084
2023,"RESOURCES FOR THE FUTURE",1,0,0,0,54,0900,DC,WASHINGTON,20036
2023,"RESOURCESOFT INC",0,0,2,0,54,0535,MA,MARLBOROUGH,01752
2023,"RESOURCIS INFORMATION SERVICES INC",0,0,1,0,54,8200,GA,CUMMING,30040
2023,"RESPEC INC",0,0,1,0,54,5848,SD,"RAPID CITY",57703
2023,"RESPONSE INFORMATICS INC",2,0,0,0,54,6697,NJ,PRINCETON,08540
2023,"RESPONSIVE TECHNOLOGIES INC",3,0,0,0,54,3346,CA,"LOS ANGELES",90025
2023,"RESULTANT LLC",0,0,4,2,54,7849,IN,INDIANAPOLIS,46204
2023,"RESULTS FOR DEVELOPMENT INSTITUTE INC",1,0,1,0,54,0747,DC,WASHINGTON,20036
2023,"RETAIL MANAGEMENT SERVICES CORP D B A ROOMS TO GO",0,0,2,0,54,4538,GA,ATLANTA,30319
2023,"RETAIL MANAGEMENT SERVICES CORP D B A ROOMS TO GO",0,0,1,0,54,4538,GA,BROOKHAVEN,30319
2023,"RETENSA LLC",0,0,1,0,54,6421,NY,"NEW YORK",10018
2023,"RETINA FOUNDATION OF THE SOUTHWEST",0,0,1,0,54,1514,TX,DALLAS,75231
2023,"RETURNALYZE INC",0,0,1,0,54,2435,MA,BOSTON,02115
2023,"REVA CONSULTING INC",3,0,1,0,54,5773,MI,FARMINGTON,48336
2023,"REVAMP ENGINEERING INC",0,0,1,0,54,4170,CA,OAKLAND,94612
2023,"REVANCE THERAPEUTICS INC",0,0,5,0,54,1645,TN,NASHVILLE,37203
2023,"REVANTAGE CORPORATE SERVICES LLC",0,0,3,0,54,9023,IL,CHICAGO,60606
2023,"REVANTAGE CORPORATE SERVICES LLC",1,0,0,0,54,9023,NY,"NEW YORK",10036
2023,"REVANTAGE CORPORATE SERVICES LLC",0,0,1,0,54,9023,,,
2023,"REVATURE LLC",1,0,1,0,54,6499,VA,RESTON,20190
2023,"REVEAL GLOBAL CONSULTING LLC",0,0,1,0,54,8707,MD,FULTON,20759
2023,"REVEFI INC",0,0,2,0,54,9716,WA,SAMMAMISH,98074
2023,"REVEILLE TECHNOLOGIES, INC.",2,0,0,0,54,9595,NC,CHARLOTTE,28284
2023,"REVEL CONSULTING SERVICES LLC",2,0,0,0,54,8184,TX,MCKINNEY,75071
2023,"REVEL IT INC",0,0,4,0,54,8007,OH,DUBLIN,43017
2023,"REVELADO INC",1,0,0,0,54,2419,VA,ASHBURN,20148
2023,"REVENTION LLC",0,0,1,0,54,6528,TX,HOUSTON,77043
2023,"REVENUE SOLUTIONS INC",0,0,2,0,54,2927,MA,PEMBROKE,02359
2023,"REVEREIT LLC",0,0,1,0,54,2135,VA,STERLING,20164
2023,"REVERIE LABS INC",0,0,1,0,54,8564,MA,CAMBRIDGE,02139
2023,"REVGURUS INC",2,1,0,0,54,7239,CA,MILPITAS,95035
2023,"REVISION TECHNOLOGIES INC",0,2,0,0,54,1131,NJ,EDISON,08820
2023,"REVISION TECHNOLOGIES INC",4,0,0,0,54,1131,NJ,METUCHEN,08820
2023,"REVISION TECHNOLOGIES INC",6,0,0,0,54,1131,NJ,METUCHEN,08840
2023,"REVITY LLC",1,0,0,0,54,1170,UT,"AMERICAN FORK",84003
2023,"REVIVAL RESEARCH INSTITUTE LLC",0,0,1,0,54,3183,,,
2023,"REVOINT LLC",0,0,1,0,54,0560,,,
2023,"REVOINT LLC",1,0,1,0,54,0560,GA,LAWRENCEVILLE,30043
2023,"REVOTYX LLC",0,0,2,0,54,2654,NC,CHARLOTTE,28262
2023,"REVSPRING INC",0,0,4,0,54,5614,TN,ANTIOCH,37013
2023,"REVSPRING INC",0,0,2,0,54,5614,TN,NASHVILLE,37013
2023,"REVSPRING INC",0,0,3,0,54,5614,TN,NASHVILLE,37210
2023,"REVWORK INC",0,0,1,0,54,3810,CA,"SPRING VALLEY",91977
2023,"REWARDS NETWORK ESTABLISHMENT SERVICES INC",0,0,1,0,54,8905,IL,CHICAGO,60661
2023,"REX ARCHITECTURE PC",0,0,1,0,54,6554,NY,"NEW YORK",10013
2023,"REX TECHNOLOGY SOLUTIONS INC",0,0,1,0,54,4881,IL,NAPERVILLE,60563
2023,"REYLANCE INC",0,0,1,0,54,0049,,,
2023,"REYLANCE INC",0,0,1,0,54,0049,CA,"SAN MATEO",94403
2023,"REYNOLDS FRIZZELL LLP",0,0,1,0,54,8884,TX,HOUSTON,77002
2023,"RGA MEDIA GROUP INC",0,0,1,0,54,8653,NY,"NEW YORK",10001
2023,"RGD AND ASSOCIATES INC",0,0,1,0,54,6397,FL,MAITLAND,32751
2023,"RHODE ISLAND HOSPITAL",0,0,1,0,54,8954,RI,PROVIDENCE,02912
2023,"RHODES & BRITO ARCHITECTS INC",0,0,1,0,54,3968,FL,ORLANDO,32801
2023,"RHODIUM GROUP LLC",0,1,0,0,54,7721,CA,OAKLAND,94612
2023,"RHONDOS LLC",0,0,1,0,54,2266,WA,WASHOUGAL,98671
2023,"RHP SOFT INC",0,0,6,1,54,5894,CA,PLEASANTON,94588
2023,"RHYTHM PHARMACEUTICALS INC",0,0,1,0,54,9271,MA,BOSTON,02116
2023,"RIA ADVISORY LLC",0,0,3,1,54,0353,FL,MIAMI,33134
2023,"RIBBON COMMUNICATIONS OPERATING COMPANY INC",1,1,5,0,54,7074,TX,PLANO,75023
2023,"RIBON THERAPEUTICS INC",0,0,1,0,54,1475,MA,CAMBRIDGE,02140
2023,"RICARDO INC",0,0,2,0,54,3470,MI,BELLEVILLE,48111
2023,"RICEFW TECHNOLOGIES INC",7,0,21,0,54,7612,MI,OKEMOS,48864
2023,"RICEFW TECHNOLOGIES INC",0,0,1,0,54,7612,MI,ORLEANS,48865
2023,"RICHARD S CARSON & ASSOCIATES INC DBA CARSON INC",0,0,1,0,54,2599,MD,BETHESDA,20814
2023,"RICHARDSON KONTOGOURIS EMERSON LLP",0,0,1,0,54,1934,CA,TORRANCE,90503
2023,"RICHRELEVANCE INC",0,0,1,0,54,0339,CA,"SAN FRANCISCO",94105
2023,"RICHRELEVANCE INC",0,0,1,0,54,0339,NY,"NEW YORK",10036
2023,"RICONDO ASSOCIATES INC",0,0,1,0,54,3903,IL,CHICAGO,60602
2023,"RIDECELL INC",1,0,0,0,54,5928,CA,"SAN FRANCISCO",94107
2023,"RIDGE BUSINESS SOLUTIONS LLC",1,0,7,0,54,6305,VA,ASHBURN,20147
2023,"RIDGELINE INC",0,0,4,0,54,6464,NV,"INCLINE VILLAGE",89451
2023,"RIDGELINE INC",0,0,1,0,54,6464,NV,"INCLINE VLG",89451
2023,"RIDICULOUS LLC",0,0,1,0,54,4953,CA,ENCINO,91316
2023,"RIFLUXYSS SOFTWARES LLC",1,0,0,0,54,7764,TX,IRVING,75063
2023,"RIG ENTERPRISE APPLICATION INC",0,0,1,0,54,6249,TX,IRVING,75039
2023,"RIGAS TECHNOLOGIES INC",0,0,1,0,54,4405,NJ,"SOUTH PLAINFIELD",07080
2023,"RIGAS TECHNOLOGIES INC",4,0,3,0,54,6405,NJ,"SOUTH PLAINFIELD",07080
2023,"RIGELSKY INC",1,0,4,0,54,4027,IL,SCHAUMBURG,60195
2023,"RIGHTDATA INC",0,0,1,0,54,1919,GA,ATLANTA,30305
2023,"RIGHTREV INC",0,0,1,0,54,5683,CA,"SANTA CLARA",95054
2023,"RIGHTSOURCE GLOBAL LLC",1,0,0,0,54,8675,OH,CINCINNATI,45242
2023,"RIGHTSOURCE GLOBAL LLC",1,0,0,0,54,8675,OH,"BLUE ASH",45242
2023,"RIIM LLC",1,0,0,0,54,4391,AZ,SCOTTSDALE,85260
2023,"RILL DATA INC",0,0,1,0,54,9986,CA,"SAN FRANCISCO",94133
2023,"RIM MANUFACTURING LLC",0,0,1,0,54,9182,TX,WEATHERFORD,76087
2023,"RIMISOFT LLC",0,0,1,0,54,1170,VA,CHANTILLY,20151
2023,"RIMKUS CONSULTING GROUP INC",0,0,2,0,54,3936,TX,HOUSTON,77079
2023,"RIO GLOBAL INC",0,1,0,0,54,4788,MD,"WINDSOR MILL",21244
2023,"RIOS INC",0,0,1,0,54,9625,,,
2023,"RIOS INC",1,0,6,0,54,9625,CA,"LOS ANGELES",90018
2023,"RIOT GAMES INC",6,0,26,0,54,8564,CA,"LOS ANGELES",90064
2023,"RIOT GAMES INC",0,0,1,0,54,8567,CA,"LOS ANGELES",90064
2023,"RISAMSOFT INC",11,0,12,0,54,5605,TX,IRVING,75063
2023,"RISENOW LLC",0,0,1,1,54,3720,KS,"OVERLAND PARK",66224
2023,"RISH SYSTEMS LLC",1,0,0,0,54,5190,VA,HERNDON,20171
2023,"RISHIK VS TECHNOLOGIES INC",0,0,1,0,54,7023,TX,PLANO,75024
2023,"RISING SUN TECHNOLOGIES LLC",8,0,0,0,54,1063,TX,FRISCO,75034
2023,"RISK MANAGEMENT SOLUTIONS INC",0,0,1,0,54,3411,,,
2023,"RISK MANAGEMENT SOLUTIONS INC",1,0,17,0,54,3411,CA,NEWARK,94560
2023,"RISKRECON INC",1,0,2,0,54,5802,UT,"SALT LAKE CITY",84107
2023,"RISKSPAN INC",0,0,5,0,54,0692,VA,ARLINGTON,22209
2023,"RISKVAL FINANCIAL SOLUTIONS LLC",0,0,2,0,54,4600,NJ,PRINCETON,08540
2023,"RITCHIE SMITH ASSOCIATES",0,0,1,0,54,6672,TN,MEMPHIS,38103
2023,"RITE PROS INC",1,0,3,1,54,9012,ME,PORTLAND,04101
2023,"RITE SOFTWARE SOLUTIONS & SERVICES LLC",5,0,0,0,54,9523,TX,HOUSTON,77084
2023,"RITWIK INFOTECH INC",0,0,1,0,54,1741,MI,FARMINGTON,48335
2023,"RIVA HLTH INC",0,0,1,0,54,0819,CA,BURLINGAME,95014
2023,"RIVERPOINT MANAGEMENT LLC",0,0,6,0,54,1610,IL,"DES PLAINES",60018
2023,"RIVERPOINT MANAGEMENT LLC",0,0,10,0,54,1610,IL,ROSEMONT,60018
2023,"RIVERSIDE RISK ADVISORS LLC",0,0,1,0,54,4813,NY,"NEW YORK",10018
2023,"RIVI CONSULTING GROUP LLC",1,1,0,0,54,8501,GA,ALPHARETTA,30009
2023,"RIVIC SYSTEMS INC",3,0,3,1,54,0272,GA,ALPHARETTA,30005
2023,"RIZZO INTL INC",0,0,2,0,54,1659,PA,PITTSBURGH,15235
2023,"RJSOFTTECH LLC",0,0,1,0,54,3463,VA,"GLEN ALLEN",23059
2023,"RJT COMPUQUEST DBA APOLIS",0,0,7,0,54,9296,CA,"BEVERLY HILLS",90211
2023,"RJT COMPUQUEST DBA APOLIS",2,2,10,2,54,9296,CA,"EL SEGUNDO",90245
2023,"RJT COMPUQUEST DBA APOLIS",0,0,1,0,54,9296,CA,"LOS ANGELES",90045
2023,"RJTECHGLOBAL INC",8,0,1,0,54,3477,PA,MALVERN,19355
2023,"RK INFOTECH LLC",1,0,1,0,54,5154,TX,"ROUND ROCK",78664
2023,"RK MANAGEMENT CONSULTANTS INC",0,0,1,0,54,5930,IL,"OAKBROOK TERRACE",60181
2023,"RK MANAGEMENT CONSULTANTS INC",0,0,1,0,54,5930,IL,"VILLA PARK",60181
2023,"RLE INTERNATIONAL INC",0,0,1,0,54,2534,MI,ROMULUS,48174
2023,"RLG MANAGEMENT CONSULTANTS LLC",0,0,1,0,54,4000,IL,NAPERVILLE,60563
2023,"RLSUN SYSTEMS INC",0,1,1,0,54,9006,WA,RENTON,98055
2023,"RLT TECHNOLOGIES",2,0,0,0,54,1469,VA,"GLEN ALLEN",23060
2023,"RM BUSINESS SOLUTIONS LLC",1,0,0,0,54,9004,TX,KATY,77494
2023,"RMS DESIGN GROUP LLC D/B/A RMS ENGINEERS LLC",0,0,1,0,54,0832,TX,RICHARDSON,75080
2023,"RNBW HOLDINGS LLC",0,0,7,0,54,8588,NY,"NEW YORK",10013
2023,"RNR IT SOLUTIONS INC",1,1,2,0,54,0133,TX,PLANO,75024
2023,"ROAM HQ INC",1,0,0,0,54,3250,NY,BROOKLYN,11201
2023,"ROBERT A M STERN ARCHITECTS",1,0,6,0,54,1765,NY,"NEW YORK",10016
2023,"ROBERT BOSCH LLC",0,0,1,0,54,3176,MI,"FARMINGTON HILLS",48331
2023,"ROBERT CHANG ACCOUNTANCY CORPORATION",0,0,1,0,54,7880,CA,ANAHEIM,92804
2023,"ROBERT ETTINGER PE PC",0,0,1,0,54,7558,NY,"NEW YORK",10018
2023,"ROBERT LUM PC",1,0,0,0,54,9045,NY,"NEW YORK",10036
2023,"ROBINSON MILLS WILLIAMS",0,0,1,0,54,4132,CA,"SAN FRANCISCO",94104
2023,"ROBOSOFT TECHNOLOGIES INC",2,0,1,0,54,3219,CA,"SAN FRANCISCO",94103
2023,"ROBOT INSIGHT TECHNOLOGIES",0,0,1,0,54,3400,IL,"ROLLING MEADOWS",60008
2023,"ROBOTIC PROCESS AUTOMATION LLC",0,1,0,0,54,6789,NE,"GRAND ISLAND",68801
2023,"ROBOTICS TECHNOLOGIES LLC",0,1,0,0,54,3631,NE,"MC COOK",69001
2023,"ROBOTIX TECHNOLOGY SOLUTIONS",0,0,0,1,54,3518,TX,IRVING,75063
2023,"ROBOTPROOF LLC",0,0,1,0,54,2098,CA,VENICE,90291
2023,"ROBOTS AND PENCILS LP",0,0,1,0,54,7492,OH,CLEVELAND,44114
2023,"ROBUST AI INC",0,0,1,0,54,0676,CA,"SAN CARLOS",94070
2023,"ROBUSTWARE INC",11,0,0,0,54,5904,TX,LEWISVILLE,75067
2023,"ROCHA & COMPANY PC",0,0,1,0,54,2424,MD,GAITHERSBURG,20878
2023,"ROCK CENTRAL LLC DBA ROCKET CENTRAL",0,0,44,1,54,0141,MI,DETROIT,48226
2023,"ROCKET LAWYER INC",0,0,1,0,54,4379,CA,"SAN FRANCISCO",94105
2023,"ROCKLEY PHOTONICS INC",0,0,3,0,54,9695,CA,PASADENA,91101
2023,"ROCKWELL ARCHITECTURE PLANNING AND DESIGN PC",1,0,1,0,54,7306,,,
2023,"ROCKWELL ARCHITECTURE PLANNING AND DESIGN PC",0,0,4,0,54,7306,NY,"NEW YORK",10003
2023,"ROCKWELL AUTOMATION INC",0,0,1,0,54,6301,WI,MILWAUKEE,53204
2023,"ROCKY MOUNTAIN INSTITUTE",3,0,10,0,54,4146,CO,BOULDER,80301
2023,"RODALE INSTITUTE",1,0,0,0,54,6884,,,
2023,"RODALE INSTITUTE",1,0,0,0,54,6884,PA,KUTZTOWN,19530
2023,"RODL MANAGEMENT INC",0,0,1,0,54,7629,GA,ATLANTA,30303
2023,"RODNEY STEWART BVSC PLLC DBA SMARTEQ",0,0,1,0,54,9544,NY,"SARATOGA SPRINGS",12866
2023,"ROESLEIN & ASSOCIATES OF DENVER LLC",0,0,1,0,54,8348,CO,DENVER,80233
2023,"ROGERS & COMPANY CPAS PLLC DBA ROGERS & COMPANY PLLC",0,0,1,0,54,6261,VA,VIENNA,22182
2023,"ROGERS CORPORATION",0,0,3,1,54,3860,AZ,CHANDLER,85224
2023,"ROGERS FREELS ASSOCIATES INC",0,0,2,0,54,6912,MN,"EDEN PRAIRIE",55344
2023,"ROH TECHNOLOGIES LLC",4,0,0,0,54,2952,SC,COLUMBIA,29201
2023,"ROHM AND HAAS CHEMICALS LLC A DOW CHEMICAL CO",0,0,1,0,54,5238,MI,MIDLAND,48674
2023,"ROJAS DESIGNS INC",0,0,1,0,54,6852,MA,BOSTON,02118
2023,"ROKKAN MEDIA LLC",0,0,2,0,54,7984,NY,"NEW YORK",10014
2023,"ROKT CORP",1,0,6,0,54,0539,NY,"NEW YORK",10014
2023,"ROLAND BERGER LP",1,1,1,0,54,0867,MI,"BLOOMFIELD HILLS",48304
2023,"ROLL & MORE",0,0,1,0,54,3262,TX,ARLINGTON,76011
2023,"ROLLER NETWORKS USA INC",0,0,1,0,54,7489,CA,SACRAMENTO,95814
2023,"ROLLING INC DBA HOLOGRAM LABS",0,0,1,0,54,0386,CA,"SAN FRANCISCO",94114
2023,"ROLLUDA ARCHITECTS INC",0,0,1,0,54,7361,WA,SEATTLE,98104
2023,"RON WRIGHT  & ASSO /ARCHITECTS P S",0,0,1,0,54,2334,WA,SEATTLE,98121
2023,"RONIT SYSTEMS, INC.",2,0,0,0,54,9550,TX,"SUGAR LAND",77479
2023,"RONUSTECH LLC",2,1,0,0,54,3122,VA,SPRINGFIELD,22150
2023,"ROOSEVELT INNOVATIONS LLC",1,0,0,0,54,0512,MI,OKEMOS,48864
2023,"ROOTSHELL ENTERPRISE TECHNOLOGIES INC",2,0,2,0,54,1272,CA,"SANTA CLARA",95054
2023,"ROPAAR LLC",0,0,1,0,54,8395,TX,DALLAS,75224
2023,"ROPES & GRAY LLP",1,0,4,0,54,3412,MA,BOSTON,02199
2023,"ROS TECHNOLOGY SERVICES INC",0,0,1,0,54,4101,MO,"KANSAS CITY",64125
2023,"ROS TECHNOLOGY SERVICES INC",0,0,1,0,54,4101,MO,PARKVILLE,64152
2023,"ROSE INTERNATIONAL INC",0,0,2,0,54,4470,MO,CHESTERFIELD,63017
2023,"ROSE IT CORP",0,0,3,0,54,6083,CA,FREMONT,94538
2023,"ROSE SNYDER AND JACOBS LLP",0,0,1,1,54,5250,CA,ENCINO,91436
2023,"ROSEVILLE ANIMAL HOSPITAL PC DBA ROSEVILLE ANIMAL HOSPITAL",2,0,0,0,54,4118,CA,ROSEVILLE,95661
2023,"ROSSETTI INC",1,0,0,0,54,5131,MI,DETROIT,48226
2023,"ROTH COMPANY LLP",0,0,1,0,54,0065,NY,BROOKLYN,11218
2023,"ROTTET STUDIO LLC",0,0,1,0,54,8926,CA,"LOS ANGELES",90071
2023,"ROTTET STUDIO LLC",0,0,1,0,54,8926,TX,HOUSTON,77027
2023,"ROUNDHOUSEONE INC",0,0,1,0,54,8364,CA,"SAN FRANCISCO",94121
2023,"ROUSH MANAGEMENT LLC",0,0,2,0,54,8348,MI,LIVONIA,48150
2023,"ROUTEONE LLC",0,0,1,0,54,0021,,,
2023,"ROUTEONE LLC",0,0,1,1,54,0021,MI,FARMINGTON,48334
2023,"ROUTEONE LLC",0,0,7,0,54,0021,MI,"FARMINGTON HILLS",48334
2023,"ROVER IT LLC",0,0,0,1,54,4858,GA,ALPHARETTA,30005
2023,"ROWECON GROUP LLC",0,0,1,0,54,8640,CA,"SAN FRANCISCO",94124
2023,"ROY VINNIK, CPA LLC",1,0,0,0,54,7055,MD,ROCKVILLE,20852
2023,"ROYAL CYBER INC",0,0,1,0,54,8063,,,
2023,"ROYAL CYBER INC",5,0,11,1,54,8063,IL,NAPERVILLE,60563
2023,"ROYAL TECHNOCRATS INC",5,1,0,1,54,7885,TX,HOUSTON,77036
2023,"ROYSTON HANAMOTO ALLEY & ABEY",0,0,1,0,54,9892,,,
2023,"RPJ INC CONSULTING ENGINEERS",0,0,1,0,54,5015,FL,MIAMI,33155
2023,"RPS GROUP INC",0,0,1,1,54,9898,TX,HOUSTON,77070
2023,"RPS TEK SOL LLC",0,0,2,0,54,4588,KY,FRANKFORT,40601
2023,"RQAW CORPORATION",0,0,1,0,54,7849,IN,FISHERS,46038
2023,"RR SOFTWARE SOLUTIONS LLC",0,0,1,0,54,5516,,,
2023,"RR SOFTWARE SOLUTIONS LLC",2,0,1,0,54,5516,MD,BALTIMORE,21207
2023,"RR SOFTWARE SOLUTIONS LLC",1,0,3,0,54,5516,MD,"GWYNN OAK",21207
2023,"RR SOLUTIONS, INC.",2,0,0,0,54,5015,NJ,PARSIPPANY,07054
2023,"RRC POWER AND ENERGY LLC",0,0,1,0,54,3217,TX,"ROUND ROCK",78664
2023,"RRC POWER AND ENERGY LLC",0,0,1,0,54,3217,TX,"ROUND ROCK",78681
2023,"RRVA SOLUTIONS INC.",3,0,0,0,54,3206,OH,WESTERVILLE,43082
2023,"RS CONSULTING SERVICES LLC",0,0,1,0,54,2150,,,
2023,"RS CONSULTING SERVICES LLC",1,0,1,0,54,2150,NV,RENO,89521
2023,"RS DATA ARCHITECT SOLUTIONS LLC",0,0,1,0,54,0865,CT,RIDGEFIELD,06877
2023,"RS DRAGON TECHNOLOGIES LLC",2,0,0,0,54,3994,TX,DALLAS,75234
2023,"RS INFOCON INC",0,0,1,0,54,5876,,,
2023,"RS INFOCON INC",0,0,1,0,54,5876,WI,"OAK CREEK",53154
2023,"RS SOFTWARE  INDIA LTD",0,0,1,0,54,1588,CA,MILPITAS,95035
2023,"RS SOLUTIONS LLC",2,0,2,0,54,4126,MO,CHESTERFIELD,63005
2023,"RSA TECH GROUP LLC",11,2,3,0,54,9507,TX,"LITTLE ELM",75068
2023,"RSB SOLUTIONS LTD CO DBA RSB ENVIRONMENTAL",1,0,1,0,54,1426,TX,HOUSTON,77036
2023,"RSIT SYSTEMS INC",0,1,0,0,54,9154,TX,RICHARDSON,75082
2023,"RSM TECHNOLOGY SOLUTIONS INC",0,0,3,0,54,8723,TX,IRVING,75038
2023,"RSM US LLP",7,0,34,2,54,4325,IL,CHICAGO,60606
2023,"RST SOLUTIONS INC",0,0,1,0,54,0667,PA,CHALFONT,18914
2023,"RST SOLUTIONS INC",0,0,3,0,54,0667,PA,MALVERN,19355
2023,"RTECHNOSYSTEMS LLC",6,0,0,0,54,2730,KS,WICHITA,67202
2023,"RTM ENGINEERING CONSULTANTS LLC",0,0,2,0,54,3994,IL,SCHAUMBURG,60173
2023,"RTR GROUP INC",0,0,1,0,54,8728,SC,SPARTANBURG,29306
2023,"RTR GROUP INC",0,0,3,0,54,8728,TX,ARLINGTON,76011
2023,"RUBIK SYSTEMS LLC",0,0,2,0,54,7362,NJ,METUCHEN,08840
2023,"RUBISTONE TECHNOLOGIES LLC",0,0,1,0,54,0439,DE,WILMINGTON,19801
2023,"RUBRIK INC",0,0,3,1,54,0494,CA,"PALO ALTO",94034
2023,"RUBRIK INC",1,0,19,1,54,0494,CA,"PALO ALTO",94304
2023,"RUDHRA INFO SOLUTIONS INC",4,0,0,0,54,9250,WY,SHERIDAN,82801
2023,"RUDRA TECHNOLOGIES INC",0,0,3,0,54,1947,CA,VALENCIA,91355
2023,"RUDRAM INFOTECH INC",1,0,0,0,54,7375,FL,ROCKLEDGE,32955
2023,"RUHA TECHNOLOGIES INC",1,0,1,0,54,2971,CA,FREMONT,94536
2023,"RULESWARE LLC",0,0,3,0,54,9275,IL,SCHAUMBURG,60173
2023,"RUMISOFT INC",2,0,0,0,54,3481,NJ,PISCATAWAY,08854
2023,"RUMMEL KLEPPER & KAHL LLP",0,0,1,0,54,9112,MD,BALTIMORE,21202
2023,"RUMMEL LEPPER & KAHL LLP",0,0,2,0,54,9112,MD,BALTIMORE,21202
2023,"RUMPKE OF OHIO INC",0,0,1,0,54,7611,OH,CINCINNATI,45251
2023,"RUN ON SOLAR INC",0,0,1,0,54,8574,CO,DENVER,60218
2023,"RUNNER TECHNOLOGIES INC",0,0,1,0,54,4193,KY,SHELBYVILLE,40065
2023,"RURI SOFTWARE TECHNOLOGIES LLC",2,0,1,0,54,4649,FL,TAMPA,33647
2023,"RUSSELL REYNOLDS ASSOCIATES INC",0,0,1,0,54,5137,NY,"NEW YORK",10172
2023,"RUTHERFORD CHEKENE",1,0,0,0,54,5917,CA,"SAN FRANCISCO",94105
2023,"RV GLOBAL SOLUTIONS INC",4,0,0,0,54,4966,NJ,TRENTON,08611
2023,"RV IT SYSTEMS INC",1,0,0,0,54,6354,TX,"FARMERS BRANCH",75234
2023,"RV IT SYSTEMS INC",1,0,0,0,54,6354,TX,HOUSTON,77099
2023,"RV IT SYSTEMS INC",9,2,0,0,54,6354,TX,PLANO,75023
2023,"RVAC MEDICINES US INC",0,0,1,0,54,4747,,,
2023,"RVE INC",0,0,1,0,54,6670,TX,AUSTIN,78703
2023,"RWALTZ SOFTWARE SERVICES GROUP INC",0,0,1,0,54,7047,,,
2023,"RWALTZ SOFTWARE SERVICES GROUP INC",9,0,4,0,54,7047,GA,ALPHARETTA,30005
2023,"RWIN TECHNOLOGIES LLC",0,0,1,0,54,6497,NY,BOHEMIA,11716
2023,RXCLOUD,0,0,1,0,54,4742,,,
2023,RXCLOUD,5,0,1,0,54,4742,CA,PLEASANTON,94588
2023,"RXLOGIX CORPORATION",0,0,1,0,54,1325,NJ,PRINCETON,08540
2023,"RYALI ASSOCIATES INC",3,0,0,0,54,3815,NY,"EAST GREENBUSH",12061
2023,"RYAN LLC",0,0,1,0,54,1641,TX,DALLAS,75240
2023,"RYDEN GLOBAL LLC",0,0,1,0,54,5239,CA,"SAN RAMON",94583
2023,"RYDER INTEGRATED LOGISTICS INC",0,0,3,0,54,6958,FL,MIAMI,33178
2023,"RYDER SYSTEM INC",0,0,12,1,54,9250,FL,MIAMI,33178
2023,"RYKER IT INC",7,7,0,0,54,5788,TX,PLANO,75024
2023,"RYKER IT INC",1,0,0,0,54,5788,TX,DALLAS,75234
2023,"RYTHMOS INC",3,0,1,0,54,1196,WA,SEATTLE,98104
2023,"RYZLINK CORP DBA CHUWA AMERICA",7,0,5,1,54,2307,CA,"SANTA CLARA",95051
2023,"RYZLINK CORP DBA CHUWA AMERICA",1,0,0,0,54,2307,IL,CHICAGO,60616
2023,"S & V INDUSTRIES INC",0,0,1,0,54,8069,OH,MEDINA,44256
2023,"S & V TEK SYSTEMS LLC",3,0,0,0,54,1905,GA,SUWANEE,30024
2023,"S A M GROUP OF SERVICES INC",1,0,0,0,54,3747,WY,SHERIDAN,82801
2023,"S NIMBUS LLC",1,0,1,0,54,0839,VA,"MC LEAN",22102
2023,"S R INTERNATIONAL INC",0,0,3,0,54,1480,IL,NAPERVILLE,60564
2023,"S R IT INC",2,0,0,0,54,7518,NY,MELVILLE,11747
2023,"S TEKWIZARDS LLC",0,0,1,0,54,9838,TX,DALLAS,75234
2023,"S Z NORTH AMERICA INC",1,0,0,0,54,2763,NY,"NEW YORK",10016
2023,"S&R PROFESSIONALS LLC",1,0,2,0,54,0663,TX,HOUSTON,77042
2023,"S&R PROFESSIONALS LLC",0,0,2,0,54,0663,GA,ALPHARETTA,30005
2023,"S&S TECH SOLUTIONS LLC",6,0,0,0,54,1401,TX,DALLAS,75247
2023,"S&W PAYROLL SERVICES LLC DBA NETCHEX",0,0,1,1,54,2649,LA,COVINGTON,70433
2023,"S-TEAM SOFTWARE INC",1,0,2,1,54,7615,CA,TRACY,95377
2023,"S2 ASSOCIATES INC",1,0,0,0,54,0257,CA,NAPA,94559
2023,"S2 IT GROUP LLC",0,0,6,0,54,2037,GA,ALPHARETTA,30005
2023,"S2 IT GROUP LLC",0,0,2,0,54,2037,,,
2023,"S2INTEGRATORS LLC",2,0,1,0,54,2201,GA,ATLANTA,30339
2023,"S2SSOFT LLC",0,0,2,0,54,9844,CA,DUBLIN,94568
2023,"S3 GROUP INC",0,0,3,0,54,3397,GA,DULUTH,30097
2023,"S3 INFOTECH SOLUTIONS LLC",0,0,1,0,54,2234,GA,ALPHARETTA,30004
2023,"S3 SOLUTIONS LLC",3,0,0,0,54,8540,VA,ASHBURN,20147
2023,"S3 TECHNICAL SOLUTIONS, INC",1,1,0,0,54,9879,TX,IRVING,75062
2023,"S3BGLOBAL INC",0,0,1,0,54,4561,GA,ALPHARETTA,30009
2023,"S3STAFFINGUSA INC",3,0,2,1,54,1843,MI,FARMINGTON,48335
2023,"S3STAFFINGUSA INC",1,0,0,0,54,1843,MI,"FARMINGTON HILLS",48335
2023,"S3T CONSULTING INC",1,0,0,0,54,1083,TX,"SUGAR LAND",77479
2023,"S3VISION INC",4,0,0,0,54,3032,CA,DANVILLE,94506
2023,"S4 ANALYTICS LLC",0,0,4,0,54,3208,TX,"LITTLE ELM",75068
2023,"S4 CONSULTANTS INC",29,1,3,0,54,6699,TX,IRVING,75038
2023,"S4 TECHNOSOFT CORPORATION",1,0,0,0,54,7094,NJ,ISELIN,08830
2023,"S4SOFT INC",2,0,0,0,54,0869,KS,"OVERLAND PARK",66212
2023,"S4WORKS LLC",6,0,0,0,54,3647,GA,CUMMING,30040
2023,"S9 ARCHITECTURE ENGINEERING DPC",0,0,1,0,54,7713,NY,"NEW YORK",10001
2023,"S9 SOLUTIONS LLC",1,0,0,0,54,4163,NC,CARY,27513
2023,"S9 TECHNOLOGIES INC",1,0,0,0,54,0517,GA,ALPHARETTA,30022
2023,"S9 TECHNOLOGIES INC",2,0,0,0,54,0517,GA,"JOHNS CREEK",30022
2023,"SA FORCE IT",1,0,0,0,54,7738,CA,SACRAMENTO,95834
2023,"SA TECHNOLOGIES INC",0,0,1,0,54,7016,CA,"SAN JOSE",95128
2023,"SAAMA TECHNOLOGIES LLC",7,0,26,2,54,6182,CA,CAMPBELL,95008
2023,"SAAN INTERNATIONAL",0,0,6,0,54,2705,NJ,ISELIN,08830
2023,"SAANSOL INC",2,0,1,0,54,4035,NJ,METUCHEN,08840
2023,"SAAS GLOBAL SOLUTIONS LLC",2,0,0,0,54,7263,OH,DUBLIN,43017
2023,"SAAS IT SERVICES",6,0,0,0,54,5842,OH,DUBLIN,43017
2023,"SAAS TECHNOLOGIES INC",0,0,2,0,54,2676,,,
2023,"SAAS TECHNOLOGIES INC",0,0,3,1,54,2676,NJ,"MONROE TOWNSHIP",08831
2023,"SAAS TECHNOLOGIES INC",0,0,2,0,54,2676,NJ,"MONROE TWP",08831
2023,"SAAS TECHNOLOGIES INC",0,0,1,0,54,2676,,,
2023,"SAATCHI SAATCHI NORTH AMERICA LLC",0,0,2,0,54,1336,NY,"NEW YORK",10014
2023,"SABIA INC",0,0,1,0,54,3356,CA,"SAN DIEGO",92127
2023,"SABIO INFOTECH INC",0,0,1,0,54,5129,TX,FRISCO,75035
2023,"SABIO INFOTECH INC",1,0,0,0,54,5729,GA,ALPHARETTA,30022
2023,"SABRE GLBL INC",2,1,25,0,54,9502,TX,SOUTHLAKE,76092
2023,"SABRE SYSTEMS INC",1,0,0,0,54,8886,PA,WARMINSTER,18974
2023,"SACROSANCTINFO LLC",0,0,7,0,54,8617,CA,FREMONT,94538
2023,"SADA SYSTEMS INC",0,0,3,0,54,6919,CA,"NORTH HOLLYWOOD",91601
2023,"SADDLE ROCK LEGAL GROUP LLC",0,0,1,0,54,4740,UT,SANDY,84070
2023,"SADUP SOFTECH LLC",11,0,0,0,54,8373,GA,DULUTH,30097
2023,"SADUP SOFTECH LLC",2,0,0,0,54,8373,GA,"JOHNS CREEK",30097
2023,"SAEKEEPER INC",0,0,1,0,54,9105,MD,CALIFORNIA,20619
2023,"SAELOUN INC",1,0,0,0,54,7464,NY,BROOKLYN,11238
2023,"SAFDIE RABINES ARCHITECTS",0,0,1,0,54,3520,CA,"SAN DIEGO",92103
2023,"SAFE CODE SOFT TECHNOLOGIES INC",0,0,1,0,54,6888,,,
2023,"SAFE CODE SOFT TECHNOLOGIES INC",2,0,2,0,54,6888,TX,AUSTIN,78759
2023,"SAFEAI INC",0,0,1,0,54,4382,CA,"SANTA CLARA",95054
2023,"SAFEBUILT LLC",0,0,2,0,54,1305,CO,LOVELAND,80538
2023,"SAFETY & EFFICACY IT SOLUTIONS INC",0,0,2,0,54,6810,TX,"ROUND ROCK",78665
2023,"SAFI ANALYTICS PBC DBA GUIDEWHEEL",0,0,1,0,54,1774,CA,"SAN FRANCISCO",94114
2023,"SAFRAN PASSENGER INNOVATIONS LLC",1,0,1,0,54,8432,CA,BREA,92821
2023,"SAG ENGINEERING CONSULTING P C",0,0,1,0,54,5462,NY,"NEW YORK",10013
2023,"SAGAR INFORMATICS INC",1,0,0,0,54,7003,WA,BELLEVUE,98007
2023,"SAGARSOFT INC",3,0,10,0,54,3319,CT,GLASTONBURY,06033
2023,"SAGATIANZ INC",1,0,0,0,54,6794,TX,DALLAS,75243
2023,"SAGAX TEAM LLC",0,0,1,0,54,3381,PA,SCHWENKSVILLE,19473
2023,"SAGE BIONETWORKS",1,0,1,0,54,9946,WA,SEATTLE,98121
2023,"SAGE DENTAL GROUP OF FLORIDA PLLC",0,0,1,0,54,1469,FL,"BOCA RATON",33487
2023,"SAGE GROUP TECHNOLOGIES INC",1,0,0,0,54,,NJ,HAZLET,07730
2023,"SAGE IT INC",8,0,17,0,54,6879,TX,FRISCO,75034
2023,"SAGE RENEWABLE ENERGY CONSULTING INC",0,0,1,0,54,6890,CA,"SAN RAFAEL",94903
2023,"SAGE SOLUTIONS LLC",1,0,0,0,54,5136,VA,RICHMOND,23219
2023,"SAGE THERAPEUTICS INC",0,0,2,0,54,6580,MA,CAMBRIDGE,02142
2023,"SAGEPATH REPLY LLC",0,0,1,0,54,4671,GA,ATLANTA,30326
2023,"SAGES NETWORKS INC",0,0,1,0,54,6908,GA,ATLANTA,30303
2023,"SAGESURE INSURANCE MANAGERS LLC",0,0,1,0,54,5926,NJ,"JERSEY CITY",07302
2023,"SAGGEZZA INC",2,0,8,0,54,1679,IL,CHICAGO,60606
2023,"SAGGI SOLUTIONS INC",1,0,2,0,54,5325,VA,CHANTILLY,20152
2023,"SAGILITY LLC",0,0,1,0,54,8949,CO,WESTMINISTER,80021
2023,"SAGILITY LLC",0,0,1,0,54,8949,CO,WESTMINSTER,80021
2023,"SAGILITY LLC",0,0,1,0,54,8949,CO,BROOMFIELD,80021
2023,"SAGITEC SOLUTIONS LLC",0,0,7,0,54,0684,MN,"LITTLE CANADA",55117
2023,"SAGITEC SOLUTIONS LLC",1,0,18,1,54,0684,MN,"SAINT PAUL",55117
2023,"SAGUARO BLOOM DIAGNOSTICS LLC",0,0,1,0,54,9083,AZ,SCOTTSDALE,85251
2023,"SAHAA SOLUTIONS LLC DBA DATABRACKETS AND EHR 2 0",1,0,0,0,54,4117,NC,CARY,27519
2023,"SAHAJ SOFTWARE INC",0,0,4,0,54,1188,TX,AUSTIN,78705
2023,"SAHAJ SOFTWARE SOLUTIONS INC",0,0,1,0,54,2998,CA,NEWARK,94560
2023,"SAHASRA TECHNOLOGIES LLC",4,0,2,0,54,8993,MI,LIVONIA,48152
2023,"SAHAY CONSULTING LLC",7,0,0,0,54,4482,TX,HOUSTON,77027
2023,"SAHI SOFTTECH INC",0,0,1,0,54,6404,AZ,CHANDLER,85286
2023,"SAI BUSINESS SOLUTIONS LLC DBA SBS CORP",1,0,5,0,54,0634,TX,HOUSTON,77070
2023,"SAI GLOBAL SOLUTIONS INC",7,0,2,0,54,9366,MD,ELKRIDGE,21075
2023,"SAI SYSTEMS INC",0,0,1,0,54,1832,MI,NOVI,48375
2023,"SAI SYSTEMS INTERNATIONAL INC",0,0,1,0,54,4395,CT,SHELTON,06484
2023,"SAI TECHNOLOGIES LLC",0,0,2,0,54,4625,,,
2023,"SAI TECHNOLOGIES LLC",1,0,15,2,54,4625,TN,MEMPHIS,38125
2023,"SAIANA TECHNOLOGIES INC",0,0,1,0,54,3089,NJ,"SOUTH PLAINFIELD",07080
2023,"SAIBBER LLC",0,0,2,0,54,0214,PA,MECHANICSBURG,17050
2023,"SAIBERSYS INC",0,0,3,0,54,4530,TX,CARROLLTON,75006
2023,"SAICON CONSULTANTS INC",0,0,13,0,54,6609,KS,"OVERLAND PARK",66210
2023,"SAIFUL BOUQUET STRUCTURAL ENGINEERS",0,0,1,0,54,0946,CA,PASADENA,91101
2023,"SAIIRA LLC",1,0,0,0,54,5450,GA,SUWANEE,30024
2023,"SAIKA TECHNOLOGIES INC",3,0,3,0,54,7290,TX,IRVING,75039
2023,"SAILOTECH INC",1,0,2,0,54,2088,MD,FULTON,20759
2023,"SAILTHRU INC",0,0,1,0,54,0450,TN,NASHVILLE,37210
2023,"SAIM TECHNOLOGIES INC",1,0,5,0,54,8309,TX,"ROUND ROCK",78664
2023,"SAINA IT SOLUTIONS LLC",1,0,0,0,54,1905,TX,DALLAS,75230
2023,"SAINAR SOLUTIONS INC",6,0,2,0,54,2764,TX,FRISCO,75034
2023,"SAINERGY INC",1,0,0,0,54,5420,NV,RENO,89521
2023,"SAINI TECH SERVICES INC",0,0,1,0,54,6263,MA,MALDEN,02148
2023,"SAINTECH SOULTIONS LLC",1,0,0,0,54,2968,VA,HERNDON,20171
2023,"SAION SOLUTIONS INC",2,0,2,0,54,4600,TX,CARROLLTON,75007
2023,"SAIPSIT INC",15,1,16,0,54,9216,TX,HOUSTON,77099
2023,"SAISIR INC",2,0,0,0,54,1383,TX,IRVING,75063
2023,"SAITECH CORP",0,0,1,0,54,8861,MO,COLUMBIA,65203
2023,"SAIVEN TECHNOLOGIES INC",1,0,5,1,54,2618,MD,CATONSVILLE,21228
2023,"SAJIT SOLUTIONS INC",1,0,0,0,54,5808,TX,"FLOWER MOUND",75028
2023,"SAKIN TECHNOLOGIES LLC",1,0,0,0,54,1115,CA,PLEASANTON,94588
2023,"SAKSOFT INC",0,0,2,0,54,0448,NJ,"JERSEY CITY",07302
2023,"SAKURA FINETEK U S A INC",0,0,1,0,54,6183,,,
2023,"SALEM INFOTECH INC",2,0,5,0,54,9107,VA,HERNDON,20171
2023,"SALESFORCE INC",2,0,16,0,54,0693,,,
2023,"SALESFORCE INC",9,0,468,9,54,0693,CA,"SAN FRANCISCO",94105
2023,"SALESFORCE INC",0,0,1,0,54,0693,WA,BELLEVUE,98004
2023,"SALESFORCE INC",0,0,1,0,54,0693,CA,"SAN FRANCISCO",94105
2023,"SALESFORCE INC",0,0,1,0,54,0682,CA,"SAN FRANCISCO",94105
2023,"SALESLOFT INC",0,0,1,0,54,4471,GA,ATLANTA,30309
2023,"SALIENSE CONSULTING LLC",0,0,1,0,54,6733,VA,"MC LEAN",22102
2023,"SALIENT SYSTEMS CORPORATION",0,0,1,0,54,6577,TX,AUSTIN,78728
2023,"SALIGRAM SYSTEMS INC",0,0,12,1,54,4572,NJ,PLAINSBORO,08536
2023,"SALIOGEN THERAPEUTICS INC",0,0,1,0,54,0116,MA,LEXINGTON,02421
2023,"SALT DESIGN STUDIO LLC",0,0,1,0,54,5456,PA,PHILADELPHIA,19127
2023,"SALUD REVENUE PARTNERS LLC",0,0,1,0,54,4319,IN,"WEST LAFAYETTE",47906
2023,"SALUS LABS INC DBA TRIPLEBYTE",0,0,1,0,54,3724,CA,"SAN FRANCISCO",94105
2023,"SALVATIERRA LAW GROUP PLLC",0,0,1,0,54,1902,AZ,PHOENIX,85004
2023,"SAM ANALYTIC SOLUTIONS, LLC",1,0,0,0,54,5892,NC,DURHAM,27713
2023,"SAM ANALYTIC SOLUTIONS, LLC",0,0,1,0,54,5892,NC,CARY,27513
2023,"SAM NETWORK SYSTEMS LLC",0,0,1,0,54,3457,IL,PEORIA,61602
2023,"SAMACARE INC",0,0,1,0,54,8275,CA,"SAN FRANCISCO",94105
2023,"SAMBANOVA SYSTEMS INC",0,0,4,0,54,9166,CA,"PALO ALTO",94303
2023,"SAMNI SYSTEMS LLC",1,0,0,0,54,1951,IN,COLUMBUS,47201
2023,"SAMOOHA, INC",0,0,1,0,54,0059,CA,"LOS ALTOS HILLS",94022
2023,"SAMPRASOFT LLC",2,0,0,0,54,2487,GA,ALPHARETTA,30005
2023,"SAMRU SYSTEMS LLC",1,0,0,0,54,9404,MI,FARMINGTON,48335
2023,"SAMRU SYSTEMS LLC",3,0,1,0,54,9404,MI,"FARMINGTON HILLS",48335
2023,"SAMSUNG AUSTIN SEMICONDUCTOR LLC",0,0,1,0,54,2066,TX,AUSTIN,78754
2023,"SAMSUNG RESEARCH AMERICA INC",0,0,1,0,54,0778,,,
2023,"SAMSUNG RESEARCH AMERICA INC",1,0,16,0,54,0778,CA,"MOUNTAIN VIEW",94043
2023,"SAMSUNG SDS AMERICA INC",1,0,0,0,54,3818,NJ,"RIDGEFIELD PARK",07660
2023,"SAMSUNG SEMICONDUCTOR INC",0,0,1,2,54,5596,CA,"SAN JOSE",95134
2023,"SAMURAI INFOTECH LLC",4,0,0,0,54,2843,GA,SUWANEE,30024
2023,"SAN DIEGO BIOMEDICAL RESEARCH INST",0,0,1,0,54,1092,CA,"SAN DIEGO",92121
2023,"SAN SOLUTIONS INC",1,0,0,0,54,8244,VA,ASHBURN,20147
2023,"SANA BIOTECHNOLOGY INC",1,0,6,0,54,1173,WA,SEATTLE,98102
2023,"SANABRIA & ASSOCIATES LLC",0,0,1,0,54,9679,FL,MIAMI,33131
2023,"SANAV TECHNOLOGIES LLC",0,0,1,0,54,1565,IA,URBANDALE,50322
2023,"SANCTITYINTERNATIONAL LLC",6,14,0,0,54,1139,SC,COLUMBIA,29201
2023,"SANCTUS LLC DBA SHIFT DIGITAL",0,0,3,0,54,6116,MI,BIRMINGHAM,48009
2023,"SANDERS SANDERS BLOCK WOYCIK VIENER GROSSMAN PC",0,0,1,0,54,1452,NY,"GARDEN CITY",11530
2023,"SANDIS CIVIL ENGINEERS SURVEYORS PLANNERS",0,0,1,0,54,4242,CA,ROSEVILLE,95661
2023,"SANDOZ INC",0,0,2,0,54,8363,NJ,"EAST HANOVER",07936
2023,"SANDS ANDERSON PC",0,0,1,0,54,5852,VA,RICHMOND,23219
2023,"SANDVICK ARCHITECTS INC",0,0,1,0,54,2585,OH,CLEVELAND,44113
2023,"SANFORD BURNHAM PREBYS MEDICAL DISCOVERY INSTITUTE",5,0,1,0,54,7108,CA,"LA JOLLA",92037
2023,"SANFORD HEISLER SHARP LLP",0,0,1,0,54,4201,NY,"NEW YORK",10019
2023,"SANFORD RESEARCH",1,0,0,0,54,0378,SD,"SIOUX FALLS",57105
2023,"SANGAMO THERAPEUTICS INC",0,0,1,0,54,9556,CA,BRISBANE,94005
2023,"SANGUINE SOFTWARE SOLUTIONS INC",0,0,3,0,54,8748,NJ,"ROCHELLE PARK",07662
2023,"SANI & ASSOCIATES LLC",1,0,0,0,54,2211,CA,"LOS ANGELES",90010
2023,"SANIEE ARCHITECTS LLC",1,0,0,0,54,6498,CT,TAFTVILLE,06380
2023,"SANN IT SOLUTIONS INC",0,1,2,0,54,6265,VA,HERNDON,20170
2023,"SANN IT SOLUTIONS INC",0,0,1,0,54,6265,VA,RESTON,20190
2023,"SANOFI US SERVICES INC",0,0,1,0,54,2939,NJ,BRIDGEWATER,08807
2023,"SANORBIX LLC",1,0,1,0,54,0770,TN,FRANKLIN,37064
2023,"SANPRO TECHNOLOGIES INC",2,0,1,0,54,3941,FL,CLEARWATER,33765
2023,"SANQUEST INC",0,0,1,0,54,8809,,,
2023,"SANQUEST INC",0,0,4,0,54,8809,TX,IRVING,75063
2023,"SANRA SOLUTIONS INC",2,0,2,0,54,1279,CA,"GOLD RIVER",95670
2023,"SANRA SOLUTIONS INC",0,0,1,0,54,1279,CA,"RANCHO CORDOVA",95670
2023,"SANROSE INFORMATION SERVICES INC",0,0,1,0,54,7462,FL,TALLAHASSEE,32309
2023,"SANS AMERICA INC",1,1,2,0,54,3196,NJ,"EAST BRUNSWICK",08816
2023,"SANS SOLUTIONS ENTERPRISE INC",1,0,10,0,54,0210,TX,HOUSTON,77063
2023,"SANSOFT LLC",5,0,0,0,54,7180,NC,RALEIGH,27606
2023,"SANSUTEK INC",0,0,1,0,54,9444,TX,CARROLLTON,75007
2023,"SANTA FE INSTITUTE",1,0,0,0,54,5494,NM,"SANTA FE",87501
2023,"SANTEC RESOURCES INC",0,1,0,0,54,4640,OH,DUBLIN,43017
2023,"SANVEO INC",2,0,3,0,54,9536,CA,NEWARK,94560
2023,"SANVY SYSTEMS INC",2,0,0,0,54,7897,FL,CLEARWATER,33765
2023,"SAP AMERICA INC",0,0,3,0,54,6041,,,
2023,"SAP AMERICA INC",0,0,1,0,54,6041,PA,NEWMANSTOWN,17073
2023,"SAP AMERICA INC",2,0,94,0,54,6041,PA,"NEWTOWN SQUARE",19073
2023,"SAP INDUSTRIES INC",0,0,1,0,54,7321,,,
2023,"SAP INDUSTRIES INC",0,0,5,0,54,7321,PA,"NEWTOWN SQUARE",19073
2023,"SAP LABS LLC",0,0,30,0,54,2542,PA,"NEWTOWN SQUARE",19073
2023,"SAP LABS LLC",0,0,1,0,54,2542,PA,"NEWTOWN SQ",19073
2023,"SAPATLA SOFTWARE INC",8,0,0,0,54,5060,FL,JACKSONVILLE,32256
2023,"SAPEAR INC",1,0,0,0,54,4203,TX,HOUSTON,77079
2023,"SAPIENS AMERICAS CORPORATION",0,0,1,0,54,1430,,,
2023,"SAPIENS AMERICAS CORPORATION",2,0,2,0,54,1430,NC,RALEIGH,27607
2023,"SAPIENS AMERICAS CORPORATION",0,0,1,0,54,1430,NJ,"ROCHELLE PARK",07662
2023,"SAPIENT CORPORATION",0,0,1,0,54,0648,,,
2023,"SAPIENT CORPORATION",3,0,31,2,54,0648,MA,BOSTON,02109
2023,"SAPIENT GOVERNMENT SERVICES INC",0,0,1,0,54,5433,VA,ARLINGTON,22201
2023,"SAPIENTIA LAW GROUP PLLC",0,0,1,0,54,9368,MN,MINNEAPOLIS,55402
2023,"SAPOT SYSTEMS INC",1,0,16,0,54,2194,VA,STERLING,20166
2023,"SAPPHIRE IT SERVICES INC",1,0,4,0,54,8446,TX,KATY,77450
2023,"SAPPHIRE SOFTWARE SOLUTIONS INC",0,0,1,0,54,2126,,,
2023,"SAPPHIRE SOFTWARE SOLUTIONS INC",9,1,44,2,54,2126,VA,ASHBURN,20147
2023,"SAPPHIRUS SYSTEMS LLC",4,0,0,0,54,8152,GA,NORCROSS,30092
2023,"SAPTOPIA CONSULTING LLC",1,0,1,0,54,4649,TX,"THE COLONY",75056
2023,"SAR TECH LLC",0,0,1,0,54,8956,,,
2023,"SAR TECH LLC",5,0,3,1,54,8956,CA,FREMONT,94538
2023,"SARA E F GENSBURG LTD",0,0,1,0,54,3794,IL,NORTHBROOK,60062
2023,"SARA SOFTWARE SYSTEMS LLC",1,0,4,0,54,3072,KS,OLATHE,66062
2023,"SARACA SOLUTIONS INC",1,0,0,0,54,7335,MA,WESTBOROUGH,01581
2023,"SARAH CANNON RESEARCH INSTITUTE SCRI",0,0,2,0,54,7751,TN,NASHVILLE,37203
2023,"SARAM SOLUTIONS INC",2,0,0,0,54,8732,IL,AURORA,60505
2023,"SARANSH INC",1,0,0,0,54,7119,,,
2023,"SARANSH INC",5,0,4,0,54,7119,NJ,PLAINSBORO,08536
2023,"SARAS AMERICA INC",0,0,3,0,54,3827,MI,FARMINGTON,48335
2023,"SARAS AMERICA INC",0,0,1,0,54,3827,MI,"FARMINGTON HILLS",48335
2023,"SARATOGA VETERINARY HOSPITAL INC",1,0,0,0,54,9370,CA,SARATOGA,95070
2023,"SARAYU CONSULTANTS INC",0,0,3,0,54,8866,IL,PALATINE,60067
2023,"SARDINEAI CORP",0,0,3,0,54,8676,FL,MIAMI,33179
2023,"SARGA SOLUTIONS INC",0,0,1,0,54,3037,VA,HERNDON,20170
2023,"SARGENT LUNDY LLC",0,0,1,0,54,9848,IL,CHICAGO,60603
2023,"SARITASA LLC",0,0,1,0,54,2465,CA,"NEWPORT BEACH",92660
2023,"SARK TECHNOLOGY SOLUTIONS LLC",4,2,0,0,54,5755,GA,ATLANTA,30328
2023,"SARKIT INC",2,0,2,0,54,1569,NE,OMAHA,68130
2023,"SAROS TECH LLC",2,0,0,0,54,8372,FL,JACKSONVILLE,32217
2023,"SARTORIUS STEDIM NORTH AMERICA",0,0,2,0,54,9801,NY,BOHEMIA,11716
2023,"SARUS INC",0,0,1,0,54,1929,GA,ATLANTA,30339
2023,"SAS CONSULTING SVCS INC",0,0,2,0,54,0199,CA,"RANCHO PALOS VERDES",90275
2023,"SAS INFO INC",6,1,1,0,54,1578,NC,HUNTERSVILLE,28078
2023,"SAS INSTITUTE INC",0,0,1,0,54,3017,,,
2023,"SAS INSTITUTE INC",1,0,16,1,54,3017,NC,CARY,27513
2023,"SASAKI ASSOCIATES",0,0,6,0,54,0445,MA,BOSTON,02111
2023,"SASAKI ASSOCIATES",0,0,10,0,54,0445,MA,WATERTOWN,02472
2023,"SASKEN TECHNOLOGIES LIMITED",5,0,0,0,54,8525,CA,SUNNYVALE,94085
2023,"SASS SERVICE LLC",1,0,0,0,54,7012,TX,AUSTIN,78728
2023,"SASVI TECHNOLOGIES LLC",0,0,1,0,54,2158,TX,DALLAS,75234
2023,"SAT SOLUTIONS LLC",3,0,0,0,54,3895,NJ,"SOUTH PLAINFIELD",07080
2023,"SAT SOLUTIONS LLC",2,0,1,0,54,3895,TX,DALLAS,75234
2023,"SATCON INC",20,1,4,0,54,9212,TX,IRVING,75038
2023,"SATHRAM CORPORATION",1,0,8,0,54,3581,NJ,PLAINSBORO,08536
2023,"SATIN SOLUTIONS LLC",0,0,11,1,54,3564,NJ,"NORTH BRUNSWICK",08902
2023,"SATSYIL CORP",0,0,7,0,54,9801,VA,HERNDON,20171
2023,"SATTRIX INFORMATION SECURITY INC",0,0,1,0,54,2695,NJ,PRINCETON,08540
2023,"SATTRIX USA LLC",1,0,0,0,54,4608,MI,DETROIT,48223
2023,"SATURAS USA INC",1,0,0,0,54,1932,CA,"RANCHO CORDOVA",95742
2023,"SATURN TECH LLC DBA SAANVI TECHNOLOGIES",0,0,18,0,54,3714,MI,FARMINGTON,48335
2023,"SATWIC INC",2,0,1,0,54,2883,CA,PASADENA,91105
2023,"SATYA MARG SOLUTIONS INC",0,0,2,0,54,4686,,,
2023,"SATYA MARG SOLUTIONS INC",1,0,4,0,54,4686,NJ,ISELIN,08830
2023,"SATYA SOFT SOLUTIONS LLC",4,0,0,0,54,3639,MO,"JEFFERSON CITY",65109
2023,"SATYA SOFT SOLUTIONS LLC",4,0,0,0,54,3639,NJ,BRIDGEWATER,08807
2023,"SATYAM VENTURE ENGINEERING SERVICES PVT LTD",0,0,5,0,54,4628,MI,FRANKLIN,48025
2023,"SATYAM VENTURE ENGINEERING SERVICES PVT LTD",8,0,2,0,54,4628,MI,TROY,48084
2023,"SATYAM VENTURE ENGINEERING SERVICES PVT LTD",0,0,1,0,54,4628,,,
2023,"SATYAM VENTURE ENGINEERING SERVICES PVT LTD",0,0,3,0,54,4628,MI,"BINGHAM FARMS",48025
2023,"SAUCE LABS INC",0,0,1,0,54,,CA,"SAN FRANCISCO",94111
2023,"SAULSBURY INDUSTRIES INC",0,0,1,0,54,9084,TX,ODESSA,79766
2023,"SAVANCYS INC",9,0,0,0,54,4132,TX,IRVING,75039
2023,"SAVEN TECHNOLOGIES INCORPORATED",0,0,3,0,54,5923,NJ,"SOUTH PLAINFIELD",07080
2023,"SAVI TECHNOLOGIES INC",1,0,12,0,54,7887,GA,SUWANEE,30024
2023,"SAVILLS INC",0,0,1,0,54,3318,NY,"NEW YORK",10022
2023,"SAVIN TECHNOLOGIES INC",0,0,1,0,54,4279,TX,IRVING,75038
2023,"SAVIN TECHNOLOGIES INC",3,1,4,0,54,4279,TX,IRVING,75063
2023,"SAVION LLC",0,0,1,0,54,2239,,,
2023,"SAVITA M WADHWANI WELLS BRANCH PET AND BIRD CLINIC",0,0,1,0,54,8062,TX,AUSTIN,78704
2023,"SAVIYNT INC",0,0,1,0,54,7420,AZ,CHANDLER,85249
2023,"SAVIYNT INC",0,0,15,1,54,7420,CA,"EL SEGUNDO",90245
2023,"SAVRAN BENSON LLP",0,0,1,0,54,0252,PA,"BALA CYNWYD",19004
2023,"SAVVIENTS INC",2,0,3,0,54,3786,AZ,CHANDLER,85286
2023,"SAVVY DATA SOLUTIONS INC",0,0,1,0,54,1706,,,
2023,"SAVVY DATA SOLUTIONS INC",2,0,2,0,54,1706,AZ,MESA,85203
2023,"SAVVY INFO SYSTEMS INC",0,0,9,0,54,5133,IL,SCHAUMBURG,60195
2023,"SAVVY IT GROUP INC",1,0,11,1,54,8685,NJ,MANASQUAN,08736
2023,"SAVVY SOFTWARE SOLUTIONS INC",2,0,1,0,54,6865,FL,"FORT LAUDERDALE",33326
2023,"SAVVY SOFTWARE SOLUTIONS INC",1,0,0,0,54,6865,FL,WESTON,33326
2023,"SAVYGEN INC",1,0,0,0,54,7043,CA,"SAN DIEGO",92127
2023,"SAWTEST SOLUTION INC",0,0,1,0,54,1718,TX,RICHARDSON,75080
2023,"SAX LLP",0,0,2,0,54,0760,NY,"NEW YORK",10018
2023,"SAXON GLOBAL INC",5,0,7,1,54,4626,TX,IRVING,75038
2023,"SAYEON LLC",2,0,7,0,54,1569,TX,PLANO,75023
2023,"SB AND COMPANY LLC",0,0,1,0,54,3727,MD,"OWINGS MILLS",21117
2023,"SB ARCHITECTS",0,0,1,0,54,3964,CA,"SAN FRANCISCO",94111
2023,"SBASE TECHNOLOGIES INC",0,0,4,1,54,0355,TX,IRVING,75062
2023,"SBIT INC",1,0,0,0,54,7382,CA,"SAN JOSE",95124
2023,"SBM GROUP INC",0,0,1,0,54,9989,NJ,EDISON,08837
2023,"SBP CONSULTING INC",9,0,4,1,54,1827,TX,IRVING,75038
2023,"SBS INFO SYSTEMS LLC",1,0,0,0,54,1994,NY,ALBANY,12207
2023,"SC BERGER A LLC",0,0,1,0,54,6482,NJ,"ELMWOOD PARK",07407
2023,"SC GLOBAL TUBULAR SOLUTIONS LLC",0,0,1,0,54,9498,TX,HOUSTON,77056
2023,"SC SOLUTIONS INC",0,0,1,0,54,5966,,,
2023,"SCADEA SOFTWARE SOLUTIONS INC",6,1,3,0,54,6838,NJ,PRINCETON,08540
2023,"SCADEA SOLUTIONS INC",5,0,6,0,54,9709,NJ,PRINCETON,08540
2023,"SCALE BIOSCIENCES INC",0,0,1,0,54,8154,CA,"SAN DIEGO",92121
2023,"SCALE MARKETING LLC",0,0,1,0,54,9286,IL,CHICAGO,60654
2023,"SCALEFLUX INC",0,0,1,0,54,9664,CA,MILPITAS,95035
2023,"SCALEFLUX INC",0,0,1,0,54,9664,CA,"SAN JOSE",95112
2023,"SCALITY INC",0,0,1,0,54,3279,CA,"SAN FRANCISCO",94105
2023,"SCANBUY INC",0,0,1,0,54,0518,NY,"NEW YORK",10016
2023,"SCARLET WIRELESS INC",0,0,1,0,54,7857,TX,FRISCO,75035
2023,"SCENTIFIC CERTIFICATION SYSTEMS INC",0,0,1,0,54,7485,CA,EMERYVILLE,94608
2023,"SCEPTER TECHNOLOGIES INC",0,0,1,0,54,1616,,,
2023,"SCEPTER TECHNOLOGIES INC",1,0,6,0,54,1616,MD,COLUMBIA,21045
2023,"SCHAFER CONDON CARTER INC",1,0,1,0,54,0827,IL,CHICAGO,60607
2023,"SCHELL GAMES LLC",0,0,2,0,54,6744,PA,PITTSBURGH,15219
2023,"SCHENKER INC",0,0,1,0,54,9239,FL,MIAMI,33126
2023,"SCHLUMBERGER TECHNOLOGY CORPORATION",0,0,2,0,54,2661,TX,KATY,77493
2023,"SCHNACKEL ENGINEERS INC",0,0,1,0,54,7291,NE,OMAHA,68124
2023,"SCHNEIDER ELECTRIC SMART GRID SOLUTIONS LLC",0,0,2,1,54,6064,MA,BOSTON,02108
2023,"SCHOENECKERS INC DBA BI WORLDWIDE",0,0,3,0,54,8799,MN,MINNEAPOLIS,55439
2023,"SCHOLAR IT SOLUTIONS INC",0,0,7,1,54,0843,GA,DULUTH,30097
2023,"SCHORR ARCHITECTS INC",0,0,1,0,54,9713,OH,DUBLIN,43017
2023,"SCHRAM CONSULTING LLC D/B/A THE SOLAR CONNECT",0,0,1,0,54,8583,NC,DENVER,28037
2023,"SCHRILL TECHNOLOGIES INC",0,0,1,0,54,4853,,,
2023,"SCHRILL TECHNOLOGIES INC",0,0,10,2,54,4853,TX,HOUSTON,77036
2023,"SCHULTE ROTH AND ZABEL LLP",0,0,1,0,54,3996,NY,"NEW YORK",10022
2023,"SCHWAB ENGINEERING",0,0,1,0,54,0949,CA,"WEST HILLS",91304
2023,"SCHWEITZER ENGINEERING LABORATORIES INC",1,0,16,0,54,6408,WA,PULLMAN,99163
2023,"SCHWEITZER ENGINEERING LABORATORIES INC",0,0,1,0,54,6408,,,
2023,"SCI TEK CONSULTANTS INC",0,0,1,0,54,9028,PA,PITTSBURGH,15235
2023,"SCICOM INFRASTRUCTURE SERVICES INC",0,0,1,0,54,,GA,ATLANTA,30326
2023,"SCIEGEN PHARMACEUTICALS INC",0,0,6,0,54,7093,NY,HAUPPAUGE,11788
2023,"SCIENCE 37 INC",0,0,1,0,54,4711,CA,"CULVER CITY",90230
2023,"SCIENCE AND TECHNOLOGY CORP",0,0,1,0,54,4165,VA,HAMPTON,23666
2023,"SCIENCE APPLICATIONS INTERNATIONAL CORPORATION",0,0,3,0,54,2921,VA,RESTON,20190
2023,"SCIENCE CORPORATION",0,0,1,0,54,8963,CA,ALAMEDA,94501
2023,"SCIENCE SYSTEMS AND APPLICATIONS INC",0,0,1,0,54,7599,MD,LANHAM,20706
2023,"SCIENCELOGIC INC",0,0,1,0,54,9566,VA,RESTON,20190
2023,"SCIENTIA SYSTEMS LLC",1,1,2,0,54,2435,NH,NASHUA,03060
2023,"SCIENTIFIC ART STUDIO INC",0,0,1,0,54,2905,CA,RICHMOND,94801
2023,"SCIGON SOLUTIONS INC",1,0,0,0,54,5460,IL,DEERFIELD,60015
2023,"SCIMAGE INC",0,0,1,0,54,8173,CA,"LOS ALTOS",94022
2023,"SCIOME LLC",0,0,1,0,54,4077,NC,"RESEARCH TRIANGLE PA",27709
2023,"SCIPHER MEDICINE CORPORATION",0,0,1,0,54,7710,MA,WALTHAM,02453
2023,"SCOPE INFOTECH INC",0,0,3,0,54,5371,MD,COLUMBIA,21044
2023,"SCOPELY INC",0,0,5,0,54,5295,CA,"CULVER CITY",90232
2023,"SCOPUS IT INC",1,0,0,0,54,7732,CT,WESTPORT,06880
2023,"SCOTTLINE LLC",3,4,0,1,54,3296,TX,IRVING,75063
2023,"SCREENPLAY STUDIOS INC",0,0,1,0,54,0724,NY,"NEW YORK",10012
2023,"SCRIPT2IT INC",3,0,0,0,54,3875,MD,ROCKVILLE,20850
2023,"SCUBE INFOTECH INC",2,0,0,0,54,2759,NJ,"EAST BRUNSWICK",08816
2023,"SCVNGR INC DBA LEVELUP",0,0,1,0,54,9041,IL,CHICAGO,60602
2023,"SDG CONSULTING US INC",1,0,1,0,54,9442,NJ,BEDMINSTER,07921
2023,"SDG CORPORATION",2,0,1,0,54,8607,CT,NORWALK,06854
2023,"SDH SYSTEMS LLC",2,0,5,0,54,1589,CO,ENGLEWOOD,80112
2023,"SDI LABS INC",1,0,0,0,54,7792,CA,"GARDEN GROVE",92841
2023,"SDL INC",0,0,1,0,54,7981,MA,WAKEFIELD,01880
2023,"SDVI CORPORATION",0,0,1,0,54,1907,CA,SUNNYVALE,94085
2023,"SDVS TECHNOLOGIES LLC",28,1,0,0,54,7624,TX,"FLOWER MOUND",75028
2023,"SEA BIRD ELECTRONICS INC",0,0,1,0,54,9098,WA,BELLEVUE,98005
2023,"SEAFAIR INC",0,0,1,0,54,4252,NY,"NEW YORK",10010
2023,"SEAGEN INC",0,0,2,0,54,4389,,,
2023,"SEAGEN INC",0,0,26,0,54,4389,WA,BOTHELL,98021
2023,"SEANERGY DIGITAL INC DBA SEANERGY CONSULTING SVCS INC",3,0,0,0,54,6441,TX,PLANO,75024
2023,"SEARCE INC.",2,0,0,0,54,8673,TX,HOUSTON,77032
2023,"SEARCH DISCOVERY INC",0,0,0,1,54,7743,GA,ATLANTA,30363
2023,"SEARCHBLOOM LLC",0,0,1,0,54,5408,UT,DRAPER,84020
2023,"SEASCAPE CONSULTING LLC",0,0,1,0,54,3476,MA,LEXINGTON,02421
2023,"SEATED TECHNOLOGIES INC",1,0,1,0,54,1350,NY,"NEW YORK",10011
2023,"SEATGEEK INC",0,0,1,0,54,7904,,,
2023,"SEATGEEK INC",0,0,5,0,54,7904,NY,"NEW YORK",10010
2023,"SEATTLE GROUP SOLUTIONS INC",2,0,0,0,54,7056,WA,BOTHELL,98021
2023,"SEBESTA INC D B A NV",0,0,3,0,54,7792,MN,"SAINT PAUL",55108
2023,"SECAT INC",0,0,1,0,54,4889,KY,LEXINGTON,40511
2023,"SECUREAPP TECHNOLOGIES",0,0,3,0,54,4619,NJ,EDISON,08837
2023,"SECUREGEN INC",0,0,1,0,54,7988,NJ,"NORTH BRUNSWICK",08902
2023,"SECUREKLOUD TECHNOLOGIES INC",0,0,12,1,54,3350,NJ,"EAST BRUNSWICK",08816
2023,"SECURENET SYSTEMS CORPORATION",1,0,4,0,54,6318,MO,"SAINT LOUIS",63141
2023,"SECURIN INC",0,0,3,1,54,5055,NM,ALBUQUERQUE,87110
2023,"SECURITY ON DEMAND LLC",0,0,1,1,54,7478,CA,"SAN DIEGO",92131
2023,"SECURVIEW INC",0,0,1,0,54,5695,NJ,EDISON,08817
2023,"SEEBURGER INC",0,0,1,0,54,2241,GA,ATLANTA,30309
2023,"SEEGRID CORPORATION",0,0,1,0,54,0402,PA,PITTSBURGH,15275
2023,"SEEKNET USA",1,0,0,0,54,3792,CA,TORRANCE,90501
2023,"SEER SOLUTIONS INC",9,0,2,0,54,5299,VA,STERLING,20164
2023,"SEERTEK SYSTEMS INC",1,0,4,0,54,8055,NJ,PISCATAWAY,08854
2023,"SEFIROT LLC D/B/A ORNARE",1,0,0,0,54,3639,NY,SOUTHAMPTON,11968
2023,"SEGA SOLUTIONS LLC",1,0,0,0,54,0430,TX,"THE COLONY",75056
2023,"SEGRA SOFTWARE SOLUTIONS INC",0,0,1,0,54,2134,AR,BENTONVILLE,72712
2023,SEGTAP,1,0,0,0,54,5552,CA,WALNUT,91789
2023,"SEGULA TECHNOLOGIES USA INC",0,0,5,0,54,5698,MI,LIVONIA,48152
2023,"SEIDEN LAW GROUP LLP",0,0,1,0,54,9572,NY,"NEW YORK",10001
2023,"SEIL LLP",0,0,1,0,54,4551,NJ,"FORT LEE",07024
2023,"SEILER, LLP",0,0,1,0,54,4276,CA,"REDWOOD CITY",94065
2023,"SEISMIC SOFTWARE INC",0,0,3,0,54,2342,CA,"SAN DIEGO",92130
2023,"SEISMOS INC",0,0,1,0,54,1966,TX,AUSTIN,78758
2023,"SEKO WORLDWIDE LLC",0,0,2,0,54,2695,IL,SCHAUMBURG,60173
2023,"SEL ENGINEERING SERVICES INC",1,0,15,1,54,8916,WA,PULLMAN,99163
2023,"SEL ENGINEERING SERVICES INC",0,0,1,0,54,8916,,,
2023,"SELAS TECHNOLOGIES LLC",0,0,1,0,54,8371,FL,"POMPANO BEACH",33069
2023,"SELECCION CONSULTING LLC",0,0,3,0,54,9974,NJ,"EAST BRUNSWICK",08816
2023,"SELECT MINDS LLC",1,0,0,0,54,2200,IL,SCHAUMBURG,60173
2023,"SELECT MINDS LLC",0,0,10,0,54,2200,MI,LIVONIA,48152
2023,"SELECT SOURCE INTERNATIONAL",0,0,1,0,54,8734,MN,MINNETONKA,55305
2023,"SELECTIVA SYSTEMS INC",0,0,1,0,54,5639,CA,"SAN JOSE",95113
2023,"SELECTIVA SYSTEMS INC",1,0,5,0,54,5639,CA,"SAN JOSE",95131
2023,"SELFBOOK INC",1,0,0,0,54,3596,CA,"SANTA MONICA",90404
2023,"SELSOFT INC",5,0,1,0,54,1435,TX,ALLEN,75002
2023,"SELTOSOFT LLC",0,0,1,0,54,9578,WA,KIRKLAND,98034
2023,"SELUX DIAGNOSTICS INC",0,0,1,0,54,4587,MA,CHARLESTOWN,02129
2023,"SEMANDEX NETWORKS INC",0,0,1,0,54,2123,NJ,PRINCETON,08540
2023,"SEMANTICBITS LLC",0,0,4,0,54,6789,VA,RESTON,20190
2023,"SEMBLY AI INC",1,0,0,0,54,3970,NJ,CLOSTER,07624
2023,"SENA INFO TECHNOLOGIES INC",0,0,7,0,54,3645,MI,"GRAND RAPIDS",49505
2023,"SENCOM INC",0,0,1,0,54,2452,MI,NORTHVILLE,48168
2023,"SENDA BIOSCIENCES INC",0,0,1,0,54,4083,MA,CAMBRIDGE,02140
2023,"SENDBIRD, INC.",0,0,2,0,54,9669,CA,"SAN MATEO",94401
2023,"SENSA ROBOTICS LLC USA",0,0,1,0,54,5695,IL,NAPERVILLE,60563
2023,"SENSEBRAIN TECHNOLOGY LIMITED LLC",0,0,0,1,54,8964,NJ,PRINCETON,08540
2023,"SENSIBA SAN FILIPPO LLP",1,0,2,0,54,0906,CA,PLEASANTON,94588
2023,"SENSIPLE INC",0,1,0,0,54,6085,NJ,ISELIN,08830
2023,"SENSLYTICS CORPORATION",0,0,1,0,54,6834,GA,NORCROSS,30092
2023,"SENTI BIOSCIENCES INC",0,0,1,0,54,4208,CA,"SOUTH SAN FRANCISCO",94080
2023,"SENTIEON INC",0,0,1,0,54,9615,CA,"SAN JOSE",95134
2023,"SENTIER LLC",2,0,0,0,54,3855,TX,ALLEN,75013
2023,"SENTINEL TECHNOLOGIES INC",0,0,2,0,54,9182,IL,"DOWNERS GROVE",60515
2023,"SENTINELONE INC",0,0,1,0,54,5461,CA,"MOUNTAIN VIEW",94041
2023,"SENTRANA INC",0,0,1,0,54,8761,VA,ARLINGTON,22201
2023,"SENTURION FORECASTING LLC",0,0,2,0,54,1892,,,
2023,"SEPALS CORPORATION",9,0,1,1,54,7468,CT,DANBURY,06811
2023,"SEQIRUS INC",2,0,0,0,54,7300,NC,"HOLLY SPRINGS",27540
2023,"SEQUENT GLOBAL TECHNOLOGIES INC",0,0,1,0,54,4299,,,
2023,"SEQUENT GLOBAL TECHNOLOGIES INC",0,0,5,0,54,4299,NJ,SOMERSET,08873
2023,"SEQUOIA APPLIED TECHNOLOGIES, INC.",2,0,0,0,54,7091,CA,"SANTA CLARA",95051
2023,"SERCO INC",0,0,3,1,54,2286,VA,HERNDON,20170
2023,"SERENITY INFOTECH INC",0,0,5,0,54,1002,GA,SUWANEE,30024
2023,"SERES THERAPEUTICS INC",0,0,2,0,54,6290,MA,CAMBRIDGE,02139
2023,"SERIALIO LTD",0,0,1,0,54,1422,TX,"CEDAR PARK",78613
2023,"SERIGOR INC.",4,0,1,0,54,1366,MD,BALTIMORE,21202
2023,"SERIMATRIX INC",2,1,0,0,54,7977,NJ,SOMERSET,08873
2023,"SERVER MANAGEMENT SERVICES LLC",5,0,3,0,54,5643,TX,IRVING,75038
2023,"SERVESYS CORPORATION DBA SERVSYS CORPORATION",0,0,16,1,54,9365,TX,IRVING,75038
2023,"SERVESYS CORPORATION DBA SERVSYS CORPORATION",0,0,1,0,54,9365,TX,IRVING,75062
2023,"SERVICE ORIENTED SOLUTIONS LLC",2,0,1,0,54,5032,CA,NEWARK,94560
2023,"SERVICENOW INC",0,0,6,0,54,6195,,,
2023,"SERVICENOW INC",4,1,175,4,54,6195,CA,"SANTA CLARA",95054
2023,"SERVICEPOWER INC",0,0,1,0,54,0760,VA,"MC LEAN",22102
2023,"SERVICETITAN INC",0,0,4,0,54,1862,CA,GLENDALE,91203
2023,"SERVIONT GLOBAL SOLUTIONS INC",3,0,2,0,54,3055,NJ,PRINCETON,08540
2023,"SERVIT LLC",3,0,0,0,54,5904,VA,FAIRFAX,22033
2023,"SERVOTECH INC",3,0,6,0,54,3575,IL,CHICAGO,60616
2023,"SESAC RIGHTS MANAGEMENT INC",0,0,1,0,54,4058,TN,NASHVILLE,37203
2023,"SETI INSTITUTE",0,0,2,0,54,1356,CA,"MOUNTAIN VIEW",94043
2023,"SETT LLC DBA VEEV BUILD",1,0,1,0,54,8834,CA,"SAN MATEO",94404
2023,"SETTY AND ASSOCIATES INTERNATIONAL PLLC",0,0,1,0,54,8176,DC,WASHINGTON,20007
2023,"SEVATEC LLC DBA OCTO CONSULTING",0,0,2,0,54,1653,VA,RESTON,20191
2023,"SEVEN CLOUD CONSULTING GROUP INC",1,0,0,0,54,3683,IL,LINCOLNWOOD,60712
2023,"SEVEN HILLS GROUP TECHNOLOGIES INC",1,0,0,0,54,8977,NJ,MARLTON,08053
2023,"SEVEN SEAS TECHNOLOGIES INC DBA S2TECH",1,0,2,0,54,8118,MO,CHESTERFIELD,63005
2023,"SEVEN STARS SERVICES LLC D/B/A SIMPALM",0,0,1,0,54,2080,MD,ROCKVILLE,20852
2023,"SEVEN TABLETS INC",1,0,0,0,54,1052,TX,ADDISON,75001
2023,"SEVENHILLS IT SOLUTIONS LLC",0,1,0,0,54,4877,NJ,EDISON,08817
2023,"SEVENTYNINE SOLUTIONS INC",9,2,0,0,54,4324,TX,HOUSTON,77002
2023,"SEW TECH INC DBA METHODHUB",0,0,1,0,54,8290,FL,ORLANDO,32839
2023,"SEW TECH INC DBA METHODHUB",3,1,0,0,54,8290,GA,ALPHARETTA,30005
2023,"SEZZLE INC",0,0,3,1,54,1660,MN,MINNEAPOLIS,55401
2023,"SFL SCIENTIFIC LLC",0,1,0,0,54,7333,MA,QUINCY,02169
2023,"SFORCE CORP",3,0,0,0,54,1392,TX,IRVING,75063
2023,"SFORCE INFOTECH INC",0,0,1,0,54,1799,TX,FRISCO,75033
2023,"SFW CAPITAL PARTNERS L P",0,0,1,0,54,1642,NY,RYE,10580
2023,"SG ENGINEERING SOLUTIONS INC",0,0,1,0,54,8596,CA,"LOS ANGELES",90045
2023,"SGIC CLOUD TECHNOLOGIES INC",1,0,1,0,54,6984,CA,PLEASANTON,94588
2023,"SGM ENGINEERING INC",0,0,1,0,54,1052,FL,ORLANDO,32814
2023,"SGS NORTH AMERICA INC",0,0,6,0,54,1390,NJ,RUTHERFORD,07070
2023,"SGS NORTH AMERICA, INC.",0,0,1,0,54,1290,NJ,RUTHERFORD,07070
2023,"SGS TECHNOLOGIE LLC",0,0,2,0,54,2298,,,
2023,"SGS TECHNOLOGIE LLC",12,0,11,0,54,2298,FL,JACKSONVILLE,32216
2023,"SHABDIKA LLC",2,0,0,0,54,5631,CA,"SAN DIEGO",92131
2023,"SHAFFER WILSON SARVER & GRAY PC",0,0,1,0,54,1147,VA,HERNDON,20170
2023,"SHAKTI CONSULTANTS INC",1,0,0,0,54,1007,AL,BIRMINGHAM,35216
2023,"SHAKTI GROUP INC DBA SHAKTI SOLUTIONS",4,0,0,0,54,5707,TX,AUSTIN,78746
2023,"SHALOM MEDIA USA INC",0,0,1,0,54,5506,TX,EDINBURG,78539
2023,"SHAMBAUGH & SON L P",0,0,0,1,54,5412,IN,"FORT WAYNE",46825
2023,"SHANZE PARTNERS PLLC",1,0,0,0,54,7384,WA,SEATTLE,98104
2023,"SHAPE SECURITY INC",0,0,5,0,54,1201,CA,"SAN JOSE",95134
2023,"SHAPER TOOLS INC",0,0,1,0,54,8098,CA,"SAN FRANCISCO",94103
2023,"SHARI CONSULTING LLC",2,0,1,1,54,8222,FL,ORLANDO,32810
2023,"SHARK ANALYTICS LLC",2,1,1,0,54,3205,OH,DUBLIN,43017
2023,"SHARMA YASKHI ASSOCIATES LLP",0,0,1,0,54,5242,NJ,PISCATAWAY,08854
2023,"SHARP DECISIONS INC",0,0,1,0,54,2786,NJ,"EAST BRUNSWICK",08816
2023,"SHARP DECISIONS INC",0,0,1,0,54,2786,NY,"NEW YORK",10018
2023,"SHARP INTERFACES INC",1,0,0,0,54,8377,IL,WILLOWBROOK,60527
2023,"SHARPEDGE SOLUTIONS INC",11,2,3,1,54,1340,IL,NAPERVILLE,60564
2023,"SHARPLINK SOFTWARE LLC",0,0,1,0,54,8489,TX,LEANDER,78641
2023,"SHARPLINK SOFTWARE LLC",1,0,1,0,54,8489,TX,AUSTIN,78701
2023,"SHAVS LLC",1,0,0,0,54,3456,CT,TRUMBULL,06611
2023,"SHEARMAN STERLING LLP",0,0,3,0,54,4352,NY,"NEW YORK",10022
2023,"SHEEHAN NAGLE HARTRAY ARCHITECTS LTD",0,0,1,0,54,1629,IL,CHICAGO,60601
2023,"SHEELEY LLP",0,0,1,0,54,8991,NY,"NEW YORK",10005
2023,"SHEF INC",1,0,1,0,54,0915,OR,BEAVERTON,97008
2023,"SHEIN TECHNOLOGY LLC",0,0,2,0,54,7833,CA,"LOS ANGELES",90021
2023,"SHELTER FROM THE STORM ANIMAL RESC",0,1,0,0,54,7106,WI,MADISON,53716
2023,"SHENOY ENGINEERING PC",1,0,0,0,54,3538,NJ,"PINE BROOK",07058
2023,"SHEPLEY BULFINCH RICHARDSON & ABBOTT INC",1,0,0,0,54,4672,MA,BOSTON,02210
2023,"SHEPPARD MULLIN RITCHER & HAMPTON LLP",0,0,1,0,54,3164,CA,"LOS ANGELES",90071
2023,"SHERMCO INDUSTRIES INC",0,0,1,0,54,1394,TX,IRVING,75061
2023,"SHERWOOD DESIGN ENGINEERS LTD",0,0,1,0,54,2119,CA,"SAN FRANCISCO",94110
2023,"SHIBRAM BANERJEE INC DBA PACIFIC DATA INTEGRATORS",1,0,0,0,54,5284,CA,ROCKLIN,95765
2023,"SHIMENTO INC",1,0,1,0,54,7820,CA,BENICIA,94510
2023,"SHINETECK INC",0,0,1,0,54,4543,PA,MECHANICSBURG,17055
2023,"SHINEWELL TECHNOLOGIES INC",0,0,1,0,54,7368,MI,"FARMINGTN HILLS",48335
2023,"SHINEWELL TECHNOLOGIES INC",0,0,2,0,54,7368,MI,FARMINGTON,48335
2023,"SHINEWELL TECHNOLOGIES INC",0,0,6,0,54,7368,MI,"FARMINGTON HILLS",48335
2023,"SHIPBOB INC",0,0,2,1,54,6023,IL,CHICAGO,60607
2023,"SHIPCONSOLE LLC",0,0,1,0,54,9876,MA,ANDOVER,01810
2023,"SHIPICA HOLDINGS LLC",0,0,1,0,54,0644,UT,DRAPER,84020
2023,"SHIPIUM CORP",0,0,1,0,54,6610,WA,SEATTLE,98104
2023,"SHIPWELL INC",0,0,1,0,54,2507,TX,AUSTIN,78701
2023,"SHIRO TECHNOLOGIES LLC",1,2,2,0,54,7846,TX,ADDISON,75001
2023,"SHIVAM INFOTECH INC",0,0,1,0,54,0867,,,
2023,"SHIVAM INFOTECH INC",9,0,4,1,54,0867,NJ,"KENDALL PARK",08824
2023,"SHIVAM INFOTECH INC",0,1,0,0,54,0867,NJ,"S BRUNSWICK TOWNSHIP",08824
2023,"SHIVAM INFOTECH INC",0,0,1,0,54,0867,NJ,"SOUTH BRUNSWICK TWP",08824
2023,"SHIVANI TECHNOLOGIES LLC",1,0,0,0,54,7127,GA,DULUTH,30097
2023,"SHIVE HATTERY GROUP INC",0,0,1,0,54,1495,IA,"CEDAR RAPIDS",52401
2023,"SHIVSIM INC",1,0,0,0,54,0291,OR,TIGARD,97224
2023,"SHOELACE WIRELESS  INC",1,0,0,0,54,6159,CA,"COSTA MESA",92626
2023,"SHOEMAKER CONSULTING ENGINEERS INC",0,0,1,0,54,3044,IA,CORALVILLE,52241
2023,"SHOOLIN INC",9,0,6,0,54,5385,NJ,ISELIN,08830
2023,"SHOP ARCHITECTS INC",0,0,2,0,54,8194,NY,"NEW YORK",10279
2023,"SHOPIFY USA INC",0,0,0,1,54,9071,OR,BEAVERTON,97008
2023,"SHOPIFY USA INC",0,0,5,0,54,9071,CA,"SAN FRANCISCO",94105
2023,"SHOPIFY USA INC",0,0,2,0,54,9071,NY,"NEW YORK",10013
2023,"SHORELINE LABS INC DBA NIGHTFALL",0,0,1,0,54,2829,CA,"SAN FRANCISCO",94108
2023,"SHORELINE SOFTWARE INC",0,0,2,0,54,3027,CA,"REDWOOD CITY",94065
2023,"SHOTSPOTTER INC",0,0,3,0,54,9915,CA,FREMONT,94538
2023,"SHREETEK INC",0,1,0,0,54,8896,VA,HERNDON,20171
2023,"SHRETECH INC",20,0,2,1,54,8358,TX,FRISCO,75034
2023,"SHREWSBERRY & ASSOCIATES LLC",0,0,1,0,54,6420,IN,INDIANAPOLIS,46256
2023,"SHRIKON TECHNOLOGIES INC",2,0,0,0,54,5777,TX,DALLAS,75240
2023,"SHRIVE SOLUTIONS LLC",8,3,1,0,54,4230,SC,"ROCK HILL",29730
2023,"SHRIVE TECHNOLOGIES LLC",4,0,2,0,54,6062,TX,IRVING,75038
2023,"SHRIYAN SOFTWARE LLC",4,0,0,0,54,8957,NJ,ISELIN,08830
2023,"SHRIZO CONSULTING LLC",0,0,1,0,54,9180,GA,ALPHARETTA,30005
2023,"SHRPTECH LLC",3,0,0,0,54,9115,GA,ALPHARETTA,30004
2023,"SHUBH SOLUTIONS LLC",2,0,1,0,54,9697,CA,"SAN DIEGO",92121
2023,"SHUNAKI TECHNOLOGIES INC",0,0,1,0,54,0400,MN,MINNEAPOLIS,55449
2023,"SHVINTECH INC",1,0,0,0,54,6688,GA,ALPHARETTA,30005
2023,"SI BULLDOGS INC",0,0,1,0,54,9893,NY,"GARDEN CITY",11530
2023,"SI ENGINEERING PC",0,0,2,0,54,8286,NY,"NEW YORK",10006
2023,"SIA GLOBAL SOLUTIONS LLC",1,0,1,0,54,6763,TX,MCKINNEY,75070
2023,"SIA PARTNERS US INC",0,0,2,0,54,3189,NY,"NEW YORK",10043
2023,"SIAL TECHNOLOGY PARTNERS LLC",1,0,1,0,54,3076,NJ,PRINCETON,08540
2023,"SIARAA TECHNOLOGIES INC",21,1,7,0,54,8859,NJ,PRINCETON,08540
2023,"SIARP TECHNOLOGIES LLC",0,0,1,1,54,6008,,,
2023,"SIARP TECHNOLOGIES LLC",2,0,0,0,54,6008,TN,NASHVILLE,37204
2023,"SIBI LLC",0,0,1,0,54,9670,AZ,GILBERT,85233
2023,"SIBROS TECHNOLOGIES INC",0,0,2,0,54,4678,CA,FOLSOM,95630
2023,"SICANA INC",0,0,1,0,54,1538,NY,"NEW YORK",10017
2023,"SICHER GLOBAL SOLUTIONS INC",0,0,1,0,54,7711,CA,"SANTA CLARA",95050
2023,"SICL AMERICA INC",1,0,5,1,54,3696,NJ,CINNAMINSON,08077
2023,"SICL AMERICA INC",0,0,2,0,54,3696,NJ,RIVERTON,08077
2023,"SID COMPUTER GROUP INC",0,0,1,0,54,3120,NJ,"JERSEY CITY",07311
2023,"SID GLOBAL SOLUTIONS",2,0,3,0,54,9248,PA,EXTON,19341
2023,"SIDLEY AUSTIN US LLP",5,0,4,0,54,8694,IL,CHICAGO,60603
2023,"SIEGEL GALE LLC",0,0,1,0,54,3905,NY,"NEW YORK",10007
2023,"SIEMENS ADVANTA SOLUTIONS CORP",0,0,0,1,54,7068,FL,ORLANDO,32817
2023,"SIEMENS CORPORATION",0,0,1,0,54,3356,FL,ORLANDO,32817
2023,"SIEMENS CORPORATION",0,0,4,0,54,3356,NJ,ISELIN,08830
2023,"SIEMENS ENERGY INC",0,0,13,1,54,7280,FL,ORLANDO,32817
2023,"SIEMENS INDUSTRY INC",0,1,4,0,54,2488,FL,ORLANDO,32817
2023,"SIEMENS LARGE DRIVES LLC",0,0,2,0,54,7664,FL,ORLANDO,32817
2023,"SIEMENS MOBILITY INC",0,0,1,0,54,8552,,,
2023,"SIEMENS MOBILITY INC",0,0,2,0,54,8552,NY,"NEW YORK",10119
2023,"SIEMENS MOBILITY INC",0,0,7,0,54,8552,NY,"NEW YORK",10120
2023,"SIEMENS PROCESS SYSTEMS ENGINEERING INC",0,0,1,0,54,2602,NJ,PARSIPPANY,07054
2023,"SIERRA BUSINESS ADVISORS INC",0,0,1,0,54,9243,CA,"EL DORADO HILLS",95762
2023,"SIERRA CEDAR LLC",0,0,9,0,54,8193,GA,ALPHARETTA,30005
2023,"SIERRA CONSULTING INC",3,2,7,0,54,4966,IL,ITASCA,60143
2023,"SIERRA DIGITAL INC",1,0,2,0,54,2551,TX,HOUSTON,77036
2023,"SIGHTSPECTRUM LLC",6,0,0,0,54,0906,TX,CROWLEY,76036
2023,"SIGMA BRIGHT SOLUTIONS INC",0,0,1,0,54,5106,VA,LEESBURG,20176
2023,"SIGMA CONNECTIVITY INC",0,0,1,0,54,2410,CA,"SAN JOSE",95112
2023,"SIGMA GROUP INC",0,0,1,0,54,6887,NJ,MORGANVILLE,07751
2023,"SIGMA IT CORP",0,0,2,0,54,7702,MO,"SAINT LOUIS",63131
2023,"SIGMA RESOURCES LLC",0,0,5,0,54,9581,PA,PITTSBURGH,15203
2023,"SIGMA SOFTWARE LLC",1,0,0,0,54,0113,,,
2023,"SIGMA SOFTWARE LLC",4,0,12,0,54,0113,TX,DALLAS,75234
2023,"SIGMA-ALDRICH CORPORATION",0,0,8,0,54,0617,MA,BURLINGTON,01803
2023,"SIGMA-ALDRICH INC",0,0,1,0,54,2718,MA,BURLINGTON,01803
2023,"SIGMA-ALDRICH MANUFACTURING LLC",0,0,1,0,54,6258,MA,HAVERHILL,01830
2023,"SIGMASOFT LLC",2,0,0,0,54,4829,VA,MANASSAS,20110
2023,"SIGMAWAYS INC",0,0,1,0,54,4317,CA,FREMONT,94538
2023,"SIGNATECH SOLUTIONS LLC",0,0,2,0,54,6045,WI,BROOKFIELD,53005
2023,"SIGNATURE COMMERCIAL SOLUTIONS LLC DBA SIGNATURE CONSULTANTS",0,0,4,0,54,1186,FL,"FT LAUDERDALE",33309
2023,"SIGNATURE COMMERCIAL SOLUTIONS LLC DBA SIGNATURE CONSULTANTS",0,0,3,0,54,1186,VA,"MC LEAN",22102
2023,"SIGNATURE COMMERCIAL SOLUTIONS LLC DBA SIGNATURE CONSULTANTS",0,0,5,0,54,1186,VA,MCLEAN,22102
2023,"SIGNATURE COMMERCIAL SOLUTIONS LLC DBA SIGNATURE CONSULTANTS",0,0,2,0,54,1186,,,
2023,"SIGNATURE COMMERCIAL SOLUTIONS LLC DBA SIGNATURE CONSULTANTS",0,0,21,0,54,1186,FL,"FORT LAUDERDALE",33309
2023,"SIGNATURE IT SOLUTIONS INC",0,0,10,0,54,2722,NC,CHARLOTTE,28262
2023,"SIGNATURE IT WORLD INC",0,0,1,0,54,6086,OH,"LEWIS CENTER",43035
2023,"SIGNATURE IT WORLD INC",5,1,4,0,54,6086,OH,"LEWIS CENTER",43035
2023,"SIGNETIK LLC",0,0,1,0,54,5306,NE,LINCOLN,68502
2023,"SIGNITIVES TECHNOLOGIES LLC",0,0,2,0,54,5347,,,
2023,"SIGNITIVES TECHNOLOGIES LLC",5,0,5,0,54,5347,TX,RICHARDSON,75080
2023,"SIGNOS INC",0,0,1,0,54,8373,CA,"PALO ALTO",94306
2023,"SIKKA SOFTWARE CORPORATION",1,0,0,0,54,8641,CA,"SAN JOSE",95134
2023,"SILHOUETTE DESIGN ARCHITECTURE INC",0,0,1,0,54,8210,IL,CHICAGO,60661
2023,"SILICON HOLDING LLC",0,0,1,0,54,4148,CA,"REDWOOD CITY",94065
2023,"SILICON SPECTRA INC",1,0,0,0,54,0598,TX,DALLAS,75244
2023,"SILICON STAFF IT SERVICES INC",0,0,11,0,54,1462,NJ,PRINCETON,08540
2023,"SILICON TECH SOLUTIONS INC",1,0,0,0,54,0288,CA,"SAN RAMON",94583
2023,"SILICON, INC.",2,0,0,0,54,0814,TX,PLANO,75075
2023,"SILKROAD TECHNOLOGY INC",0,0,1,0,54,7112,IL,CHICAGO,60606
2023,"SILKROUTE GLOBAL INC",0,0,1,0,54,7022,MI,TROY,48083
2023,"SILVER BAY CONSULTING LLC",2,0,2,0,54,3432,TX,HOUSTON,77043
2023,"SILVERFALLS SOLUTIONS INC",0,0,2,0,54,7300,NC,"OAK RIDGE",27310
2023,"SILVERLINE TECHNOLOGIES OF AMERICA LLC",0,0,4,0,54,4482,TX,RICHARDSON,75081
2023,"SILVERLOGIC LLC",1,0,0,0,54,2421,FL,"BOCA RATON",33487
2023,"SILVERMAN TRYKOWSKI ASSOCIATES INC",1,0,0,0,54,9948,MA,BOSTON,02110
2023,"SILVERXIS INC",0,0,1,0,54,1245,,,
2023,"SILVERXIS INC",0,0,6,0,54,1245,TX,IRVING,75063
2023,"SIM INFOTECH INC",0,0,1,0,54,7063,,,
2023,"SIM INFOTECH INC",0,0,1,0,54,7063,CA,PASADENA,91107
2023,"SIM MANAGEMENT ADVISORS INC",0,0,1,0,54,1972,IL,CHICAGO,60654
2023,"SIM TECH LLC",1,0,0,0,54,3960,TX,KATY,77494
2023,"SIMAN PRO INC",1,0,0,0,54,0929,FL,KISSIMMEE,34741
2023,"SIMAN PRO INC",0,0,1,0,54,0929,TX,PROSPER,75078
2023,"SIMANTEL GROUP LTD",0,1,0,0,54,6064,IL,PEORIA,61602
2023,"SIMARN LLC",0,0,5,0,54,0227,TX,IRVING,75062
2023,"SIMAXIVE TECHNOLOGIES INC",7,0,0,0,54,6614,TN,CORDOVA,38018
2023,"SIMBIOTIC SOFTWARE INC DBA SIMBIO",0,0,1,0,54,4231,MT,MISSOULA,59802
2023,"SIMCERE OF AMERICA INC",0,0,1,0,54,6127,MA,CAMBRIDGE,02140
2023,"SIMEIO SOLUTIONS LLC",2,1,7,0,54,3737,GA,ALPHARETTA,30009
2023,"SIMEIO SOLUTIONS LLC",0,0,1,0,54,3737,,,
2023,"SIMNA SOLUTIONS LLC",0,0,1,0,54,8690,,,
2023,"SIMNA SOLUTIONS LLC",0,0,1,0,54,8690,MI,"FARMINGTON HILLS",48334
2023,"SIMON-KUCHER & PARTNERS STRATEGY & MARKETING CONSULTANTS LLC",1,0,5,0,54,7903,MA,BOSTON,02108
2023,"SIMONS FOUNDATION",0,0,2,0,54,4889,,,
2023,"SIMONS FOUNDATION",7,0,2,0,54,4889,NY,"NEW YORK",10010
2023,"SIMPLAIN SOFTWARE SOLUTIONS LLC",0,0,1,0,54,7868,CA,WALNUT,91789
2023,"SIMPLE SYSTEMS GROUP LLC",0,1,0,0,54,3793,FL,TAMPA,33607
2023,"SIMPLESOLVE INC",1,0,1,0,54,7697,NJ,PENNINGTON,08534
2023,"SIMPLEX INFO SYSTEMS INC",1,0,0,0,54,7683,TX,CARROLLTON,75006
2023,"SIMPLEX INFO SYSTEMS INC",2,0,1,1,54,7683,TX,FRISCO,75035
2023,"SIMPLICITY SOLUTIONS LLC",0,0,1,0,54,0897,MN,MINNEAPOLIS,55431
2023,"SIMPLIIGENCE INC",2,0,0,0,54,2252,DE,DOVER,19901
2023,"SIMPSON GUMPERTZ AND HEGER INC",1,0,4,0,54,6923,MA,WALTHAM,02451
2023,"SIMPSON THACHER & BARTLETT LLP",5,0,3,0,54,5280,NY,"NEW YORK",10017
2023,"SIMSAN GLOBAL SOLUTIONS",0,0,1,0,54,6670,TX,"FLOWER MOUND",75028
2023,"SIMULATIONS PLUS, INC.",0,0,3,0,54,5609,CA,LANCASTER,93534
2023,"SIMULMEDIA INC",0,0,2,0,54,0593,NY,"NEW YORK",10016
2023,"SINCRO LLC",0,0,1,0,54,8325,TX,DALLAS,75240
2023,"SINESOFT BUSINESS SOLUTIONS INC",1,0,0,0,54,6185,GA,CUMMING,30040
2023,"SINFOTECH LLC",1,0,0,0,54,2363,WV,MORGANTOWN,26505
2023,"SINFRALOGIX LLC",0,0,1,0,54,7974,,,
2023,"SINFRALOGIX LLC",3,0,7,0,54,7974,TX,DALLAS,75234
2023,"SINGAREDDY INFORMATION TECHNOLOGIES INC",2,0,0,0,54,1347,GA,LAWRENCEVILLE,30044
2023,"SINGER AND FALK CPAS PC",0,0,1,0,54,1164,NY,MELVILLE,11747
2023,"SINGERLEWAK LLP",0,0,6,0,54,2617,CA,"LOS ANGELES",90024
2023,"SINGLESTORE INC",0,0,4,0,54,8678,CA,"SAN FRANCISCO",94107
2023,"SINGULAR ANALYSTS INC",0,0,1,0,54,4086,,,
2023,"SINGULAR ANALYSTS INC",11,0,2,0,54,4086,TX,DALLAS,75287
2023,"SINGULAR PEOPLE LLC FKA MEDIANET SOFTWARE LLC",0,0,2,0,54,7218,FL,MIAMI,33131
2023,"SINGULARITY 6 CORPORATION",1,0,2,0,54,7362,CA,"LOS ANGELES",90064
2023,"SINGULARITY CONSULTING SERVICES LLC",0,0,1,0,54,8604,VA,HERNDON,20171
2023,"SINTEGRA INC",1,0,2,0,54,5277,CA,"SANTA CLARA",95051
2023,"SIRA CONSULTING INC",0,0,1,0,54,2766,,,
2023,"SIRA CONSULTING INC",2,0,13,0,54,2766,TX,HOUSTON,77057
2023,"SIRI CONSULTANCY SERVICES INC",16,2,1,0,54,0121,IA,"WEST DES MOINES",50266
2023,"SIRI DATA ANALYTICS LLC",0,0,1,0,54,6164,TX,FRISCO,75034
2023,"SIRI INFOSOLUTIONS INC",0,0,1,0,54,4559,,,
2023,"SIRI INFOSOLUTIONS INC",0,0,22,1,54,4559,NJ,EDISON,08817
2023,"SIRI INFOTEC LLC",4,0,0,0,54,1204,TX,FRISCO,75035
2023,"SIRI LEARNING INC",1,0,0,0,54,4219,CA,CYPRESS,90630
2023,"SIRI LEARNING INC",7,1,0,0,54,4219,CA,IRVINE,92620
2023,"SIRI SOFTWARE SOLUTIONS LLC",10,0,1,1,54,7009,NJ,"MONMOUTH JUNCTION",08852
2023,"SIRI SOFTWARE SOLUTIONS LLC",1,0,3,0,54,7009,NJ,PISCATAWAY,08854
2023,"SIRI TECH LLC",0,0,1,0,54,2305,GA,ATLANTA,30328
2023,"SIRITEK INC",0,0,1,0,54,6697,IL,"ROLLING MDWS",60008
2023,"SIRITEK INC",0,0,9,0,54,6697,IL,"ROLLING MEADOWS",60008
2023,"SIRITEK INC",0,0,1,0,54,6697,IL,SCHAUMBURG,60195
2023,"SIRIUS COMPUTER SOLUTIONS LLC",0,0,1,0,54,6721,,,
2023,"SIRIUS COMPUTER SOLUTIONS LLC",0,0,1,0,54,6721,TX,ALAMO,78516
2023,"SIRIUS COMPUTER SOLUTIONS LLC",0,0,6,0,54,6721,TX,"SAN ANTONIO",78216
2023,"SIRONA MEDICAL INC",0,0,2,0,54,7454,CA,"SAN FRANCISCO",94105
2023,"SIRRUS SOFTWARE SERVICES INC DBA CYNERZY SYSTEMS",1,1,0,0,54,1086,FL,TAMPA,33617
2023,"SIS LLC",0,0,2,0,54,4141,GA,DULUTH,30096
2023,"SISMOS SOLUTIONS INC",0,2,2,0,54,3742,KS,"OVERLAND PARK",66213
2023,"SITA CORP",0,0,2,0,54,9929,NJ,SOMERSET,08873
2023,"SITA HEALTH AND LIFE SCIENCES INC DBA SITA SOLUTIONS",2,0,0,0,54,1830,NJ,SOMERSET,08873
2023,"SITA INFORMATION NETWORKING COMPUTING USA INC",0,0,1,0,54,6529,GA,ATLANTA,30339
2023,"SITE DESIGN GROUP LTD",0,0,2,0,54,7860,IL,CHICAGO,60605
2023,"SITEK INC",0,0,1,0,54,7700,KY,LEXINGTON,40513
2023,"SITES SOUTHWEST LTD CO",0,0,1,0,54,8269,NM,ALBUQUERQUE,87104
2023,"SITETRACKER INC",0,0,3,0,54,1171,NJ,MONTCLAIR,07042
2023,"SITEWIT CORP DBA KLIKEN.COM",0,0,1,0,54,5694,FL,TAMPA,33626
2023,"SIUVO INC",0,0,1,0,54,9813,NJ,PRINCETON,08540
2023,"SIVALTECH INC",1,0,0,0,54,6645,CA,MILPITAS,95035
2023,"SIVALTECH INC",1,0,0,0,54,6645,CA,"SAN DIEGO",92121
2023,"SIX SIGMA ACADEMY INTERNATIONAL LLC",0,0,1,0,54,0079,NY,"NEW YORK",10017
2023,"SIXSIDES ARCHITECTURE INC",0,1,0,0,54,5964,FL,"MIAMI BEACH",33154
2023,"SJH ENGINEERING P C",0,0,1,0,54,7367,NJ,"KENDALL PARK",08540
2023,"SJH ENGINEERING P C",1,0,5,0,54,7367,NJ,PRINCETON,08540
2023,"SJH SHEFFIELD AEROSPACE LLC",0,0,1,0,54,0560,TX,KATY,77449
2023,"SK HYNIX AMERICA INC",0,0,2,0,54,6679,CA,"SAN JOSE",95134
2023,"SK TECHNOLOGIES LLC",1,0,0,0,54,1000,TX,HOUSTON,77060
2023,"SKA INC",1,0,0,0,54,4607,MA,CAMBRIDGE,02138
2023,"SKADDEN ARPS SLATE MEAGHER & FLOM LLP",4,0,0,0,54,7230,NY,"NEW YORK",10001
2023,"SKAN INC",0,0,1,0,54,3805,CA,"MENLO PARK",94025
2023,"SKANDHA INC",4,0,1,0,54,6818,DE,WILMINGTON,19801
2023,"SKANSKA USA BUILDING INC",0,0,1,0,54,2540,NY,"NEW YORK",10118
2023,"SKELLIG AUTOMATION US LLC",0,0,2,0,54,7745,NY,HAWTHORNE,10532
2023,"SKIDMORE OWINGS MERRILL LLP",0,0,12,1,54,5381,NY,"NEW YORK",10007
2023,"SKILL BUDDY INC",3,0,0,0,54,2087,NC,CARY,27511
2023,"SKILL ON TAP LLC",0,0,1,0,54,8319,,,
2023,"SKILL ON TAP LLC",2,0,0,0,54,8319,WA,BOTHELL,98012
2023,"SKILL VOICE INC",0,0,5,0,54,3169,MO,"LEES SUMMIT",64086
2023,"SKILLFUL TECHNOLOGIES INC",6,0,2,0,54,0813,NJ,"MONMOUTH JUNCTION",08852
2023,"SKILLMAZE INC",0,0,1,0,54,0437,TX,IRVING,75063
2023,"SKILLMAZE INC",1,0,0,0,54,0537,TX,IRVING,75036
2023,"SKILLMAZE INC",11,2,1,1,54,0537,TX,IRVING,75063
2023,"SKILLNET SOLUTIONS INC",0,0,8,0,54,5646,CA,"SAN JOSE",95128
2023,"SKILLO INC",2,0,0,0,54,2088,NC,CHARLOTTE,28212
2023,"SKILLSIGHT INC",3,0,0,0,54,4272,FL,TAMPA,33647
2023,"SKILLSMART INC",0,0,0,1,54,3050,MD,GERMANTOWN,20874
2023,"SKILLTUNE TECHNOLOGIES INC",4,0,12,1,54,1289,NJ,"NORTH BRUNSWICK",08902
2023,"SKILZMATRIX DIGITAL LLC",2,0,0,0,54,0320,PA,PITTSBURGH,15219
2023,"SKIPIFY INC",0,0,1,0,54,1805,CA,"SAN MATEO",94401
2023,"SKOOPIN INC DBA METAFOODX",0,0,1,0,54,8612,CA,"SAN JOSE",95134
2023,"SKORUZ TECHNOLOGIES INC",3,0,2,0,54,6891,CA,NEWARK,94560
2023,"SKR SOFT INC",0,0,1,0,54,4877,MI,FARMINGTON,48335
2023,"SKT LAB CORP",0,1,1,0,54,0719,CA,"SAN MATEO",94402
2023,"SKY PARTNERS LLC DBA CANDID8",3,0,0,0,54,2867,TX,HOUSTON,77070
2023,"SKY SOLUTIONS LLC",1,0,2,0,54,1426,VA,CHANTILLY,20151
2023,"SKY SYSTEMS INC",1,0,1,0,54,1264,NC,RALEIGH,27617
2023,"SKY TECH SERVICES LLC",0,0,1,0,54,1299,MD,TOWSON,21204
2023,"SKY TECHNOLOGIES LLC",0,0,6,0,54,0194,VA,ALEXANDRIA,22314
2023,"SKY TESTING SERVICES INC",1,0,0,0,54,3210,NY,BOHEMIA,11716
2023,"SKY UNION LLC",0,1,0,0,54,8848,CA,FREMONT,94538
2023,"SKYDANCING CONSULTANTS ASSOCIATES INC DBA SCA CONSULTING ENGINEERS",0,0,1,0,54,3455,TX,"SUGAR LAND",77478
2023,"SKYFLOW INC",0,0,2,0,54,8764,CA,"PALO ALTO",94306
2023,"SKYHIVE TECHNOLOGIES HOLDINGS INC",0,0,1,0,54,7410,CA,"PALO ALTO",94301
2023,"SKYLARK TECHNOLOGIES INC",2,0,0,0,54,2938,FL,JACKSONVILLE,32216
2023,"SKYRAMP INC",2,0,0,0,54,6367,CA,"SAN FRANCISCO",94134
2023,"SKYRYSE INC",0,0,1,0,54,5824,CA,"EL SEGUNDO",90245
2023,"SKYSOFT INC",5,0,0,0,54,3500,VA,"FALLS CHURCH",22043
2023,"SKYSPECS INC",0,0,1,0,54,2494,MI,"ANN ARBOR",48104
2023,"SKYTEK CORP",0,0,2,0,54,0863,NC,MORRISVILLE,27560
2023,"SKYWALK GLOBAL LLC",0,0,6,0,54,8587,IA,"DES MOINES",50313
2023,"SKYWAY TECH SYSTEMS LLC",1,0,0,0,54,4321,VA,RESTON,20191
2023,"SL TECHKNOW INC",0,0,1,0,54,3604,GA,ALPHARETTA,30009
2023,"SL TEK SOLUTIONS INC",1,0,0,0,54,3325,GA,CUMMING,30041
2023,"SLALOM LLC",0,0,1,0,54,6887,,,
2023,"SLALOM LLC",1,0,42,0,54,6887,WA,SEATTLE,98104
2023,"SLAN TRADING LLC",0,0,1,0,54,6874,CA,"BALDWIN PARK",91706
2023,"SLASHSUPPORT INC",9,0,5,1,54,6027,TX,PLANO,75024
2023,"SLEEPING DOG PROPERTIES INC",0,0,1,0,54,1030,MA,BOSTON,02118
2023,"SLESHA INC",4,2,7,1,54,5674,TX,IRVING,75062
2023,"SLIGO SOFTWARE SOLUTIONS INC",5,1,4,1,54,6750,NY,ALBANY,12207
2023,"SLIM CD INC",0,0,1,0,54,9894,FL,"POMPANO BEACH",33071
2023,"SLINGSHOT BIOSCIENCES INC",0,0,1,0,54,6594,CA,EMERYVILLE,94608
2023,"SLIPSTREAM GROUP INC",0,0,2,0,54,6152,WI,MADISON,53719
2023,"SLIQ INFORMATION TECHNOLOGIES INC",0,0,1,0,54,4671,,,
2023,"SLIQ INFORMATION TECHNOLOGIES INC",0,0,4,0,54,4671,NJ,PRINCETON,08540
2023,"SLK AMERICA INC",0,0,3,0,54,7939,,,
2023,"SLK AMERICA INC",18,0,35,0,54,7939,OH,CINCINNATI,45202
2023,"SLK HOLDINGS LLC",1,0,2,0,54,5269,AZ,PHOENIX,85021
2023,"SLN SYSTEMS INC",0,0,6,0,54,6983,MD,GAITHERSBURG,20879
2023,"SLOCHOWSKY AND SLOCHOWSKY LLP",0,0,1,0,54,5365,NY,BROOKLYN,11242
2023,"SLOKA TECHNOLOGIES LLC",4,0,0,0,54,9050,SC,"FORT MILL",29708
2023,"SLOLIX LLC",0,0,1,0,54,5793,TX,PLANO,75024
2023,"SLR INTERNATIONAL CORPORATION",0,0,1,0,54,9735,WA,BOTHELL,98021
2023,"SLRI SOLUTIONS LLC",1,0,2,0,54,7097,TX,KATY,77450
2023,"SLS SOLUTIONS INC",9,0,2,0,54,1544,VA,VIENNA,22182
2023,"SLV TECHNOLOGIES INC",2,0,0,0,54,9698,NJ,CRANBURY,08512
2023,"SLV TECHNOLOGIES INC",1,0,0,0,54,9698,NJ,"EAST WINDSOR",08512
2023,"SLYNC INC",0,0,1,0,54,6463,TX,SOUTHLAKE,76092
2023,"SLYON TECHNOLOGIES LLC",0,0,1,0,54,1653,NJ,"EAST BRUNSWICK",08816
2023,"SM ADVAN TECHNOLOGY INC",1,0,0,0,54,1522,FL,"WESLEY CHAPEL",33544
2023,"SM INTERFACESYSTEMS LLC",5,0,1,0,54,7933,TX,HOUSTON,77074
2023,"SM LOGICS INC",1,0,2,0,54,4190,IL,AURORA,60504
2023,"SMACFORCE CONSULTING LLC",2,0,1,0,54,1210,PA,BENSALEM,19020
2023,"SMACT WORKS INC",1,0,0,0,54,7681,OH,DUBLIN,43017
2023,"SMALLARC INC",0,0,1,0,54,0690,NJ,EDISON,08817
2023,SMALLBOARD.COM,0,0,6,0,54,8540,CA,PASADENA,91107
2023,"SMALLWOOD REYNOLDS STEWART STEWART & ASSOCIATES INC",0,0,2,0,54,3898,GA,ATLANTA,30305
2023,"SMART DATA SYSTEMS LLC",0,0,1,0,54,9768,OH,DAYTON,45432
2023,"SMART DATA SYSTEMS LLC",0,0,1,0,54,9768,OH,MIAMISBURG,45342
2023,"SMART DATA SYSTEMS LLC",2,0,0,0,54,9768,OH,DAYTON,45342
2023,"SMART ENERGY SYSTEMS INC DBA SMART ENERGY WATER",0,0,7,0,54,0246,CA,IRVINE,92618
2023,"SMART ENOVATIONS INC",1,0,0,0,54,8177,MI,TROY,48084
2023,"SMART ERP SOLUTIONS INC",1,0,7,0,54,4926,CA,PLEASANTON,94588
2023,"SMART FOLKS INC",0,0,1,0,54,1173,TX,MCKINNEY,75070
2023,"SMART INFO MANAGEMENT SYSTEMS INC",0,0,6,0,54,7602,NJ,PLAINSBORO,08536
2023,"SMART INFO SOLUTIONS LLC",0,0,1,0,54,9526,TX,SOUTHLAKE,76092
2023,"SMART IT FRAME LLC",1,0,1,0,54,3848,NJ,SOMERSET,08873
2023,"SMART IT PROS INC",0,0,1,0,54,6476,TX,ROCKWALL,75087
2023,"SMART SOURCE TECHNOLOGIES INC",1,0,3,0,54,2846,NJ,"NORTH BRUNSWICK",08902
2023,"SMART TECHNOLOGIES LAB LLC",0,1,0,0,54,8283,KY,LOUISVILLE,40219
2023,"SMARTBRIDGE LLC",1,0,2,1,54,3414,TX,HOUSTON,77042
2023,"SMARTEDGE IT LLC",0,0,3,0,54,0183,VA,HERNDON,20170
2023,"SMARTEK21 LLC",3,0,4,0,54,6727,WA,KIRKLAND,98034
2023,"SMARTEQ SOLUTIONS LLC",2,0,4,0,54,3823,AZ,PHOENIX,85050
2023,"SMARTFORESIGHT LLC DBA FORESIGHT ROI",0,0,1,0,54,9771,IL,"PARK RIDGE",60068
2023,"SMARTINT TECHNOLOGIES LLC",5,0,3,0,54,3503,NC,DURHAM,27713
2023,"SMARTLOGIX INC",0,0,1,0,54,7153,IL,RIVERWOODS,60015
2023,"SMARTLY IO SOLUTIONS INC",0,0,1,0,54,1013,NY,"NEW YORK",10006
2023,"SMARTORG INC",0,0,1,0,54,9408,CA,"SAN JOSE",95113
2023,"SMARTSOC SOLUTIONS INC",2,0,0,0,54,6358,CA,"CHULA VISTA",91914
2023,"SMARTSOFT INTERNATIONAL INC",0,0,1,0,54,7627,,,
2023,"SMARTSOFT INTERNATIONAL INC",0,0,19,0,54,7627,GA,DULUTH,30097
2023,"SMARTSOFT INTERNATIONAL INC",0,0,5,0,54,7627,GA,"JOHNS CREEK",30097
2023,"SMARTSOFT INTERNATIONAL INC",2,0,6,0,54,7627,GA,SUWANEE,30024
2023,"SMARTTRAK LLC",6,0,0,0,54,3497,NC,"HOLLY SPRINGS",27540
2023,"SMARTTRAK LLC",9,0,0,0,54,3497,NC,"HOLLY SPRINGS",27540
2023,"SMARTWORKS LLC",0,0,18,1,54,7122,NJ,EDISON,08817
2023,"SMI MEDIA INC",0,0,1,0,54,0908,NY,"NEW YORK",10018
2023,"SMILE CDR INC",0,0,1,0,54,1071,,,
2023,"SMILEDIRECTCLUB LLC",0,0,1,0,54,3956,TN,NASHVILLE,37219
2023,"SMISLOVA KEHNEMUI & ASSOCIATES PA",0,0,1,0,54,7799,MD,POTOMAC,20854
2023,"SMITH INFORMATION SYSTEMS LLC D B A PREDICTIF SOLUTIONS LLC",0,0,2,0,54,3721,TX,HOUSTON,77024
2023,"SMITHFIELD PRESTON FOUNDATION",1,0,0,0,54,5583,VA,BLACKSBURG,24060
2023,"SMITHGROUP INC SUBSIDIARY OF SMITHGROUP CO INC",0,0,1,0,54,7428,CA,"LOS ANGELES",90071
2023,"SMITHGROUP INC SUBSIDIARY OF SMITHGROUP CO INC",0,0,1,0,54,7428,CA,"SAN FRANCISCO",94111
2023,"SMITHGROUP INC SUBSIDIARY OF SMITHGROUP CO INC",0,0,7,0,54,7428,MI,DETROIT,48226
2023,"SMITHSONIAN INSTITUTION",0,0,2,0,54,6027,MA,CAMBRIDGE,02138
2023,"SMK SOFT INC",0,0,1,0,54,5808,VA,HERNDON,20171
2023,"SMK SOFT INC",5,0,0,0,54,5808,VA,RESTON,20191
2023,"SNAPDRAGON CHEMISTRY INC",1,0,0,0,54,2302,MA,WALTHAM,02451
2023,"SNAPIT SOLUTIONS LLC",0,0,1,0,54,8883,KS,"OVERLAND PARK",66213
2023,"SNAPPAYS MOBILE INC DBA PAPAYA PAYMENTS",0,0,1,0,54,4271,CA,"SHERMAN OAKS",91423
2023,"SNAPPR INC",0,0,3,0,54,1527,CA,"SAN FRANCISCO",94111
2023,"SNG INFOTECH INC",0,0,1,0,54,4850,,,
2023,"SNG INFOTECH INC",1,0,0,0,54,4850,FL,"HAINES CITY",33844
2023,"SNOHETTA ARCHITECTURE LANDSCAPE ARCHITECTURE P C",0,0,1,0,54,1232,NY,"NEW YORK",10005
2023,"SNORKEL AL INC",0,0,2,0,54,6651,CA,"REDWOOD CITY",94063
2023,"SNOW SOFTWARE INC",0,0,1,0,54,3965,TX,AUSTIN,78702
2023,"SNOWRELIC INC",1,0,0,0,54,3137,VA,RESTON,20191
2023,"SNOWRELIC INC",1,0,0,0,54,3137,,,
2023,"SNOWSTACK LLC",7,1,8,0,54,6317,NC,CHARLOTTE,28277
2023,"SNOWSTACK LLC",0,0,2,0,54,6317,NC,RALEIGH,27615
2023,"SNP TRANSFORMATIONS INC",0,0,1,0,54,5468,TX,IRVING,75039
2023,"SNP TRANSFORMATIONS INC",1,0,0,0,54,5469,TX,IRVING,75039
2023,"SNYK LTD",0,0,1,0,54,3443,MA,BOSTON,02110
2023,"SO YOUNG AMERICA INC",0,0,1,0,54,9543,CA,GLENDORA,91740
2023,"SOAL TECHNOLOGIES LLC",0,0,1,0,54,8277,TX,AUSTIN,78759
2023,"SOAP ENGINEERING LLC",0,0,3,0,54,8583,TX,HOUSTON,77043
2023,"SOCIAL MARKET ANALYTICS INC",0,0,1,0,54,4954,IL,CHICAGO,60606
2023,"SOCIAL STUDIES INC",0,0,1,0,54,4241,NY,"NEW YORK",10016
2023,"SOCIALCHAIN INC",0,0,1,0,54,0982,CA,"PALO ALTO",94301
2023,"SOCIALEDGE INC DBA CREATORIQ",0,0,1,0,54,5467,FL,NAPLES,34119
2023,"SOCIALEDGE INC DBA CREATORIQ",0,0,2,0,54,5467,CA,"WEST HOLLYWOOD",90069
2023,"SOCIALLY DETERMINED INC",0,0,0,1,54,2134,DC,WASHINGTON,20003
2023,"SOCIETY OF ECONOMIC GEOLOGISTS INC",1,0,0,0,54,6304,CO,LITTLETON,80127
2023,"SOCOILMAIL LLC",0,0,1,0,54,4519,CA,"PALO ALTO",94303
2023,"SOCOTEC INC",0,0,1,0,54,4475,NY,"NEW YORK",10036
2023,"SOCOTRA TECH SERVICES LLC",4,0,1,0,54,6665,PA,MALVERN,19355
2023,"SOCURE INC",0,0,5,0,54,8790,NV,"INCLINE VILLAGE",89451
2023,"SODHA Q ENTERPRISES LLC",0,0,1,0,54,4226,MD,BETHESDA,20814
2023,"SODICK AMERICA CORPORATION",0,0,2,0,54,6247,CA,"SAN JOSE",95131
2023,"SOFAR QUEEN TECHNOLOGIES INC",1,0,1,0,54,9267,CA,"SAN FRANCISCO",94105
2023,"SOFT 2001 INC",2,0,0,0,54,5827,NJ,"CHERRY HILL",08003
2023,"SOFT COMPUTER CONSULTANTS INC",2,0,1,1,54,8085,FL,CLEARWATER,33760
2023,"SOFT LABS NA INC",0,0,2,0,54,8355,MA,WESTBOROUGH,01581
2023,"SOFT NUT INC",0,0,3,0,54,9899,GA,DULUTH,30097
2023,"SOFT NUT INC",0,0,1,0,54,9899,GA,LAWRENCEVILLE,30043
2023,"SOFT SNIPPETS INC",3,0,0,0,54,0901,FL,JACKSONVILLE,32256
2023,"SOFT STANDARD SOLUTIONS LLC",1,0,1,0,54,3368,NJ,DUNELLEN,08812
2023,"SOFT STANDARD SOLUTIONS LLC",0,0,4,0,54,3368,NJ,"GREEN BROOK TOWNSHIP",08812
2023,"SOFT TECH SOURCE A DIVISION OF RAMESH SARVA CPA PC",0,0,1,0,54,1879,NY,HICKSVILLE,11801
2023,"SOFTCHOICE CORPORATION",0,0,1,0,54,7773,IL,CHICAGO,60654
2023,"SOFTCLOUDS LLC",0,0,2,0,54,6840,CA,"SAN DIEGO",92127
2023,"SOFTCOM INC",0,0,1,0,54,5847,VA,CENTREVILLE,20120
2023,"SOFTCOM SYSTEMS INC",2,0,0,0,54,0566,NJ,PRINCETON,08540
2023,"SOFTCOM SYSTEMS INC",1,0,9,0,54,0566,NJ,SKILLMAN,08558
2023,"SOFTCON USA INC",2,0,3,0,54,5380,IL,"PARK RIDGE",60068
2023,"SOFTCONS INC",0,0,1,0,54,1043,SC,FLORENCE,29501
2023,"SOFTCORP INTERNATIONAL INC",0,0,3,0,54,3735,,,
2023,"SOFTCORP INTERNATIONAL INC",3,0,12,0,54,3735,MI,TROY,48085
2023,"SOFTCRYLIC LLC",0,0,1,0,54,7658,NJ,PRINCETON,08540
2023,"SOFTDATA INC",1,0,0,0,54,4856,MO,"SAINT LOUIS",63127
2023,"SOFTDATA INC",3,0,0,0,54,4856,MO,SAPPINGTON,63127
2023,"SOFTECH INC DBA DENTECH",0,0,1,0,54,4885,MI,"FARMINGTON HILLS",48334
2023,"SOFTECH INTERNATIONAL RESOURCES INC",0,0,1,0,54,0775,,,
2023,"SOFTECH INTERNATIONAL RESOURCES INC",1,0,10,0,54,0775,GA,NORCROSS,30092
2023,"SOFTECH INTERNATIONAL RESOURCES INC",0,0,2,0,54,0775,GA,"PEACHTREE CORNERS",30092
2023,"SOFTEQ DEVELOPMENT CORPORATION",4,0,0,0,54,2980,TX,HOUSTON,77079
2023,"SOFTFORCE CONSULTANTS, INC",1,0,0,0,54,0306,CA,"SANTA CLARA",95054
2023,"SOFTHEON INC",0,0,2,0,54,0784,NY,"STONY BROOK",11794
2023,SOFTHQ,0,0,3,0,54,8370,CA,"SAN DIEGO",92121
2023,"SOFTILITY INC",0,0,2,0,54,5098,VA,HERNDON,20170
2023,"SOFTLAND SOLUTIONS LLC",1,0,0,0,54,6498,NJ,PRINCETON,08540
2023,"SOFTLAUNCH LLC",1,0,0,0,54,7286,MI,"GRAND RAPIDS",49546
2023,"SOFTNET CONSULTING INC",3,0,3,0,54,4503,NJ,PRINCETON,08540
2023,"SOFTNET LLC",6,6,1,0,54,3472,FL,TAMPA,33647
2023,"SOFTNICE INC",1,0,5,0,54,8482,PA,ALLENTOWN,18104
2023,"SOFTOVA INC",2,0,8,1,54,9923,NJ,PISCATAWAY,08854
2023,"SOFTPATH SYSTEM LLC",9,0,1,0,54,1704,GA,NORCROSS,30093
2023,"SOFTPATH SYSTEMS INC",6,1,2,0,54,9660,NY,"NEW YORK",10038
2023,"SOFTPATH TECHNOLOGIES LLC",1,0,5,0,54,9899,MI,NORTHVILLE,48167
2023,"SOFTPRO GLOBAL INC",2,0,0,0,54,9216,TX,IRVING,75038
2023,"SOFTPROS INC",3,0,0,0,54,8052,GA,ATLANTA,30309
2023,"SOFTRAMS LLC",4,0,16,0,54,1455,VA,LEESBURG,20176
2023,"SOFTSAGES TECHNOLOGY",0,0,1,0,54,8651,PA,MALVERN,19355
2023,"SOFTSOL RESOURCES INC",0,0,2,0,54,1056,CA,FREMONT,94538
2023,"SOFTSOLV INC",0,0,1,0,54,5551,MI,FARMINGTON,48334
2023,"SOFTSOLV INC",0,0,1,0,54,5551,MI,"FARMINGTON HILLS",48334
2023,"SOFTTECH SOFTWARE SOLUTIONS LLC",1,0,0,0,54,1784,FL,ORLANDO,32804
2023,"SOFTTHINK SOLUTIONS INC",1,0,2,0,54,5202,VA,HERNDON,20170
2023,"SOFTTRAK TECHNOLOGIES LLC",0,0,1,0,54,2279,TX,COPPELL,75019
2023,"SOFTTRENDS LLC",0,0,1,0,54,5316,GA,NORCROSS,30071
2023,"SOFTTUNE TECHNOLOGIES INC",0,0,6,0,54,2288,IL,ITASCA,60143
2023,"SOFTWARE AG USA INC",0,0,1,0,54,7654,,,
2023,"SOFTWARE AG USA INC",0,0,7,0,54,7654,VA,RESTON,20190
2023,"SOFTWARE ASSOCIATES INC",0,0,1,0,54,1724,MD,"NORTH POTOMAC",20878
2023,"SOFTWARE ASSOCIATES INC",0,0,1,0,54,9631,TX,IRVING,75062
2023,"SOFTWARE ASSOCIATES INC",1,0,0,0,54,1724,MD,"ELLICOTT CITY",21043
2023,"SOFTWARE BLOC LLC",0,0,1,0,54,3277,TX,PLANO,75023
2023,"SOFTWARE BOTS INC",2,0,4,1,54,3227,MI,CANTON,48187
2023,"SOFTWARE CATALYSTS LLC",0,0,1,0,54,1533,VA,RESTON,20190
2023,"SOFTWARE ENTERPRISE LLC",7,13,3,7,54,2051,CT,WINDSOR,06095
2023,"SOFTWARE GLOBAL LTD",2,0,0,0,54,5680,TX,AUSTIN,78704
2023,"SOFTWARE GRID INC",0,0,1,0,54,4243,DE,WILMINGTON,19803
2023,"SOFTWARE GUIDANCE ASSISTANCE INC",0,0,7,0,54,0591,NY,TARRYTOWN,10591
2023,"SOFTWARE LABS LLC",2,0,0,0,54,4956,NY,FLUSHING,11355
2023,"SOFTWARE MERCHANT INC",0,0,1,0,54,8811,PA,WAYNE,19355
2023,"SOFTWARE MGMT CONSULTANTS LLC",0,0,2,0,54,1305,CA,GLENDALE,91203
2023,"SOFTWARE NINE LLC",1,0,0,0,54,8078,KS,WICHITA,67202
2023,"SOFTWARE PROFESSIONALS INC",0,0,2,0,54,3333,TX,"FLOWER MOUND",75022
2023,"SOFTWARE PROGRAMMING GROUP LLC",13,0,7,0,54,5656,NJ,PISCATAWAY,08854
2023,"SOFTWARE REVOLUTION INC",0,0,1,0,54,2713,WA,KIRKLAND,98034
2023,"SOFTWARE TECHNOLOGY INC",0,0,1,0,54,2181,,,
2023,"SOFTWARE TECHNOLOGY INC",0,0,4,0,54,2181,NJ,PRINCETON,08540
2023,"SOFTWAY SOLUTIONS INC",0,0,1,0,54,2814,TX,"SUGAR LAND",77478
2023,"SOFTWEB SOLUTIONS INC",0,0,5,0,54,8319,IL,ELGIN,60124
2023,"SOFTWERSAL INC",0,0,0,1,54,6890,IA,"WINDSOR HEIGHTS",50324
2023,"SOFTWERSAL INC",0,0,1,0,54,6890,IA,"WINDSOR HTS",50324
2023,"SOFTWORLD LLC",0,0,1,1,54,3385,MA,WALTHAM,02451
2023,"SOFTWORLD TECHNOLOGIES LLC",0,0,2,0,54,0870,,,
2023,"SOFTWORLD TECHNOLOGIES LLC",2,1,9,1,54,0870,IA,"DES MOINES",50309
2023,"SOHANIT INC",0,0,1,0,54,9170,GA,ROSWELL,30075
2023,"SOHO DRAGON INC",0,0,1,0,54,4063,NY,"NEW YORK",10004
2023,"SOHUM SYSTEMS LLC",1,0,1,0,54,5646,KS,"OVERLAND PARK",66210
2023,"SOIL AND LAND USE TECHNOLOGY INC",0,0,4,0,54,5934,DC,WASHINGTON,20002
2023,"SOIMEX DENIMAGIC INC",8,0,3,0,54,6933,NJ,"SADDLE BROOK",07663
2023,"SOJERN INC",0,0,1,0,54,5764,CA,"MARINA DL REY",90292
2023,"SOJERN INC",0,0,2,0,54,5764,CA,"SAN FRANCISCO",94105
2023,"SOLAI AND CAMERON INC",2,0,7,1,54,0452,FL,ORLANDO,32819
2023,"SOLARIS PHARMA CORPORATION",0,0,1,0,54,5413,NJ,BRIDGEWATER,08807
2023,"SOLGENIE TECHNOLOGIES INC",0,0,1,0,54,0380,GA,NORCROSS,30092
2023,"SOLID BIOSCIENCES INC",1,0,0,0,54,3402,MA,CHARLESTOWN,02129
2023,"SOLIDUS LABS INC",0,0,1,0,54,7795,NY,"NEW YORK",10004
2023,"SOLIX TECHNOLOGIES INCORPORATED",1,0,1,0,54,5191,CA,"SANTA CLARA",95054
2023,"SOLIZE USA CORPORATION",5,0,17,0,54,0869,MI,LIVONIA,48152
2023,"SOLNSOFT LLC DBA XCENTIUM",0,0,1,0,54,0405,CA,IRVINE,92618
2023,"SOLO.IO INC",0,0,1,0,54,6001,MA,CAMBRIDGE,02142
2023,"SOLOMON CORDWELL BUENZ",0,0,6,0,54,3058,IL,CHICAGO,60611
2023,"SOLSTICE CONSULTING LLC DBA KIN CARTA",1,0,5,1,54,1735,IL,CHICAGO,60606
2023,"SOLTEX SYSTEMS LLC",1,0,0,0,54,6915,MA,TEWKSBURY,01876
2023,"SOLTEX SYSTEMS LLC",1,0,0,0,54,6915,MA,CHELMSFORD,01824
2023,"SOLTEX SYSTEMS LLC",2,0,0,0,54,6915,MA,TEWKSBURY,01824
2023,"SOLUGENIX CORPORATION",1,0,2,0,54,1341,CA,BREA,92823
2023,"SOLUNUS INC",1,0,1,0,54,4677,TX,IRVING,75062
2023,"SOLUTION IT INC",11,0,15,0,54,1549,MA,WILMINGTON,01887
2023,"SOLUTIONS ARCHITECTURE CORP",0,0,1,0,54,8939,NJ,VERONA,07044
2023,"SOLUTIONS INC",0,0,1,0,54,0176,IL,"WOOD DALE",60191
2023,"SOLUTIONSOFT INC",2,0,9,0,54,4320,IL,SCHAUMBURG,60195
2023,"SOLUTIONSTREAM LLC",0,0,1,0,54,7934,UT,LEHI,84043
2023,"SOLUTIONSTREAMS INC",1,0,0,0,54,5214,NC,DURHAM,27713
2023,"SOLVE ADVISORS INC",0,0,2,0,54,7792,NY,"ROCKVILLE CENTRE",11570
2023,"SOLVEDA LLC",3,0,1,0,54,6512,NY,MINEOLA,11501
2023,"SOLWARE IT TECHNOLOGIES LLC",0,0,0,1,54,7709,TX,MCKINNEY,75070
2023,"SOLWIN TECH INC",26,0,0,0,54,6200,TX,IRVING,75062
2023,"SOMAT ENGINEERING INC",0,0,1,0,54,9838,MI,DETROIT,48202
2023,"SONATA SOFTWARE NORTH AMERICA INC",18,2,3,0,54,1955,CA,FREMONT,94538
2023,"SONATA THERAPEUTICS INC",0,0,1,0,54,6285,MA,WATERTOWN,02472
2023,"SONATUS INC",0,0,3,0,54,0306,CA,SUNNYVALE,94089
2023,"SONET INFOSYSTEMS INC",17,0,0,0,54,9599,TX,DALLAS,75234
2023,"SONET INFOSYSTEMS INC",9,1,0,0,54,9599,TX,"FARMERS BRANCH",75234
2023,"SONET SOFTWARE SOLUTIONS INC",3,9,0,0,54,7158,TX,PLANO,75093
2023,"SONICWALL INC",0,0,1,0,54,4948,CA,MILPITAS,95035
2023,"SONIKS CONSULTING LLC",8,0,0,0,54,0299,TX,DALLAS,75220
2023,"SONIKS CONSULTING LLC",0,1,0,0,54,0299,TX,DALLAS,75287
2023,"SONIKS CONSULTING LLC",0,0,2,0,54,0299,TX,PLANO,75074
2023,"SONOMA BIOTHERAPEUTICS INC",0,0,1,0,54,0565,,,
2023,"SONSOFT INC",0,0,1,0,54,4476,GA,ALPHARETTA,30009
2023,"SONUS SOFTWARE SOLUTIONS INC",4,1,1,0,54,2585,UT,OREM,84057
2023,"SONY ELECTRONICS INC",1,0,2,0,54,8067,NJ,PARAMUS,07652
2023,"SONY INTERACTIVE ENTERTAINMENT LLC",0,0,1,0,54,5782,,,
2023,"SONY INTERACTIVE ENTERTAINMENT LLC",3,0,47,0,54,5782,CA,"SAN MATEO",94404
2023,"SOOTHSAYER ANALYTICS LLC",4,0,3,0,54,6950,MI,LIVONIA,48152
2023,"SOPHIA GENETICS INC",0,0,1,0,54,0834,MA,BOSTON,02116
2023,"SOPHLOGIC GLOBAL LLC",2,0,3,0,54,4323,CA,IRVINE,92618
2023,"SORENSON COMMUNICATIONS LLC",0,0,1,0,54,0555,UT,"SALT LAKE CITY",84123
2023,"SOROCO AMERICAS PRIVATE LIMITED",0,0,1,0,54,9362,MA,BOSTON,02109
2023,"SORRENTO THERAPEUTICS INC",1,0,0,0,54,4842,CA,"SAN DIEGO",92121
2023,"SOURCE CLOUD TECHNOLOGIES INC",3,1,3,0,54,9013,NC,APEX,27502
2023,"SOURCE CODE TECHNOLOGIES LLC",3,0,1,0,54,7352,CA,"LAKE FOREST",92610
2023,"SOURCE CODE TECHNOLOGIES LLC",1,0,0,0,54,7352,CA,"FOOTHILL RANCH",92610
2023,"SOURCE CONSULTING GROUP LLC",0,0,1,0,54,2199,IL,CHICAGO,60661
2023,"SOURCE CONSULTING LLC",3,0,0,0,54,6070,MA,HOLLISTON,01746
2023,"SOURCE CONSULTING LLC",7,0,3,0,54,6070,MA,HOPKINTON,01748
2023,"SOURCE ENGINEERING SERVICES",1,0,1,0,54,0782,CA,"SAN JOSE",95134
2023,"SOURCE INFOTECH INC",1,0,15,0,54,7193,NJ,EDISON,08820
2023,"SOURCE INFOTECH INC",0,0,1,0,54,7193,NJ,EDISON,08818
2023,"SOURCE MANTRA INC",0,0,4,0,54,7940,NJ,"SOUTH PLAINFIELD",07080
2023,"SOURCEITSOLUTIONS INC",0,0,1,0,54,9000,IL,"HOFFMAN ESTATES",60169
2023,"SOURCEON IT INC",0,0,3,0,54,5652,TX,PLANO,75024
2023,"SOUTHEAST ENVIRONMENTAL MICROBIOLOGY LABORATORIES",1,0,0,0,54,2878,SC,GREENVILLE,29607
2023,"SOUTHERN CA COASTAL WATER RESEARCH PROJECT",1,0,0,0,54,6053,,,
2023,"SOUTHERN CA COASTAL WATER RESEARCH PROJECT",1,0,0,0,54,6053,CA,"COSTA MESA",92626
2023,"SOUTHERN GRAPHIC SYSTEMS LLC",0,0,2,0,54,6916,KY,LOUISVILLE,40202
2023,"SOUTHERN RESEARCH INSTITUTE",1,0,4,0,54,8868,AL,BIRMINGHAM,35205
2023,"SOUTHERN VETERINARY PARTNERS DBA OAK VIEW ANIMAL HOSPITAL PC",0,0,1,0,54,0951,AL,BIRMINGHAM,35209
2023,"SOUTHLAND INDUSTRIES",0,0,1,0,54,6533,CA,"SAN LEANDRO",94578
2023,"SOUTHWEST ENGINEERS INC",0,0,1,0,54,2414,TX,GONZALES,78629
2023,"SOUTHWEST RESEARCH INSTITUTE",1,0,2,1,54,0544,TX,"SAN ANTONIO",78238
2023,"SOVEREIGN TECHNOLOGIES LLC",3,0,4,0,54,1806,MO,"SAINT LOUIS",63131
2023,"SOWLAT ENGINEERS PC",0,0,1,0,54,9221,IL,CHICAGO,60601
2023,"SOYO SOFT INC",1,0,1,0,54,1153,NY,HICKSVILLE,11801
2023,"SP TECH RESOURCES INC",0,0,2,0,54,5098,,,
2023,"SP TECH RESOURCES INC",4,0,6,0,54,5098,TX,"ROUND ROCK",78681
2023,"SPA ASSOCIATES LLC",1,0,0,0,54,9364,MI,UTICA,48317
2023,"SPA PERFORMANCE INC DOING BUSINESS AS SPARXIQ INC",0,0,1,0,54,7654,OH,CLEVELAND,44120
2023,"SPACEAGE CONSULTING CORP",3,0,0,0,54,2971,NJ,"JERSEY CITY",07306
2023,"SPACESMITH LLC",0,0,1,0,54,1156,NY,"NEW YORK",10004
2023,"SPACEWALK SYSTEMS INC",0,0,1,0,54,4013,MI,NOVI,48375
2023,"SPADEWORX SOFTWARE SVCS INC",0,0,2,0,54,7395,CA,CAMPBELL,95008
2023,"SPAERO INC",0,0,1,0,54,2392,CA,"SAN FRANCISCO",94107
2023,"SPAN IO INC",0,0,3,0,54,1469,CA,"SAN FRANCISCO",94107
2023,"SPAN IO INC",0,0,1,0,54,1469,,,
2023,"SPANCO INFOTECH INC",1,0,0,0,54,8488,TX,DALLAS,75240
2023,"SPANCO INFOTECH INC",10,2,0,0,54,8488,TX,DALLAS,75240
2023,"SPAR INFORMATION SYSTEMS LLC",2,0,3,0,54,4015,TX,PLANO,75024
2023,"SPAR MARKETING FORCE INC",0,0,2,0,54,3450,MI,"AUBURN HILLS",48326
2023,"SPARC IT SOLUTION INC",1,0,0,0,54,3322,MA,MARLBOROUGH,01752
2023,"SPARC PLUS LLC",0,0,1,0,54,6119,TX,GALVESTON,77550
2023,"SPARC TECHNOLOGY SERVICES INC",5,0,0,0,54,6880,NJ,BURLINGTON,08016
2023,"SPARITY INC",0,0,3,0,54,8940,GA,ALPHARETTA,30022
2023,"SPARK DATA SOLUTIONS INC",6,0,0,0,54,1173,TX,HOUSTON,77077
2023,"SPARK DATA SOLUTIONS INC",1,0,0,0,54,1173,TX,KATY,77494
2023,"SPARK INFOTECH",1,0,1,0,54,6255,AZ,SCOTTSDALE,85255
2023,"SPARK IT TECHNOLOGIES LLC",0,0,3,0,54,9300,SC,"ROCK HILL",29730
2023,"SPARK TEK INC",1,0,0,0,54,5329,TX,DALLAS,75234
2023,"SPARK TEK INC",0,0,1,0,54,5329,TX,"FARMERS BRANCH",75234
2023,"SPARKFX LLC",0,0,1,0,54,0896,NC,CHARLOTTE,28210
2023,"SPARKLET INC",0,0,1,0,54,4872,CA,"SAN JOSE",95131
2023,"SPARKSOFT CORPORATION",0,0,2,0,54,9865,,,
2023,"SPARKSOFT CORPORATION",1,0,22,0,54,9865,MD,COLUMBIA,21046
2023,"SPARTA SYSTEMS INC",1,0,1,0,54,6699,NC,CHARLOTTE,28202
2023,"SPARTAN SOLUTIONS",0,0,6,0,54,8864,TN,COLLIERVILLE,38017
2023,"SPATIAL FRONT INC",0,0,1,0,54,2778,MD,BETHESDA,20817
2023,"SPECIALIST RESOURCES GLOBAL INC",11,0,10,0,54,4802,TN,FRANKLIN,37067
2023,"SPECTRA SOLUTIONS INC",2,0,0,0,54,4997,NJ,PLAINSBORO,08536
2023,"SPECTRAFORCE TECHNOLOGIES INC",0,0,1,0,54,6755,NC,RALEIGH,27603
2023,"SPECTRAMD USA INC DBA SPECTRAMEDIX",0,0,1,0,54,7548,NJ,HIGHTSTOWN,08520
2023,"SPECTRAMD USA INC DBA SPECTRAMEDIX",0,0,2,0,54,7548,NJ,"EAST WINDSOR",08520
2023,"SPECTRASENSORS INC DBA ENDRESS HAUSER OPTICAL ANALYSIS INC",0,0,1,0,54,1977,CA,"RANCHO CUCAMONGA",91730
2023,"SPECTROSYS SOLUTIONS INC",1,0,0,0,54,4420,MA,HOPKINTON,01748
2023,"SPECTRUM LABS INC",0,0,0,1,54,6035,CA,"WALNUT CREEK",94596
2023,"SPECTRUM TECHNOLOGIES LLC",0,0,1,0,54,5087,CA,SUNNYVALE,94086
2023,"SPEEDER SOLUTIONS LLC",1,0,0,0,54,8869,DE,"NEW CASTLE",19720
2023,"SPENCER STUART STAR US INC D B A KINCENTRIC",0,0,2,0,54,5241,IL,DEERFIELD,60015
2023,"SPENDGO INC",0,0,1,0,54,1770,CA,"SAN FRANCISCO",94107
2023,"SPERIDIAN TECHNOLOGIES LLC",28,1,22,0,54,8244,NM,ALBUQUERQUE,87110
2023,"SPHERA SOLUTIONS INC",0,0,2,0,54,6018,IL,CHICAGO,60601
2023,"SPHERE MANAGEMENT INC",2,0,0,0,54,2516,NJ,SOMERSET,08873
2023,"SPHERE OF INFLUENCE INC",1,0,0,0,54,5841,VA,"MC LEAN",22102
2023,"SPHERE SOLUTIONS INC",0,0,2,0,54,3764,FL,JACKSONVILLE,32258
2023,"SPHEREX INC",0,0,1,0,54,7916,CA,"SANTA CLARA",95051
2023,"SPI MANAGEMENT SERVICES LLC",0,0,0,1,54,2768,MA,BEDFORD,01730
2023,"SPICA COMPUTERS LLC",0,0,3,0,54,2321,NJ,"JERSEY CITY",07306
2023,"SPICE AI INC",0,1,0,0,54,0145,WA,BELLEVUE,98007
2023,"SPIDO TECHNOLOGIES INC",0,7,0,0,54,9675,TX,FRISCO,75034
2023,"SPIEGEL ACCOUNTANCY CORP",0,0,1,0,54,2175,CA,"PLEASANT HILL",94523
2023,"SPIN ANALYTICS AND STRATEGY LLC",1,0,3,0,54,5985,CA,FREMONT,94536
2023,"SPIN ANALYTICS AND STRATEGY LLC",0,0,2,0,54,5985,TX,CONROE,77301
2023,"SPIN SYSTEMS INC",0,0,1,0,54,8968,VA,"FALLS CHURCH",22042
2023,"SPINIFEX GROUP INC",0,0,1,0,54,6711,CA,TORRANCE,90504
2023,"SPINO INC",0,0,4,0,54,5594,NJ,"MONMOUTH JUNCTION",08852
2023,"SPINSCI TECHNOLOGIES LLC",0,0,2,0,54,2758,TX,DALLAS,75254
2023,"SPIRAE LLC",0,0,1,0,54,4445,CO,"FORT COLLINS",80524
2023,"SPIRE INC DBA SPIRE HEALTH",0,0,1,0,54,2372,CA,"SAN FRANCISCO",94107
2023,"SPIRENT COMMUNICATIONS INC",0,0,1,0,54,2676,TX,GARLAND,75047
2023,"SPIRENT COMMUNICATIONS INC",1,0,19,1,54,2676,TX,PLANO,75074
2023,"SPIVAK ARCHITECTS PC",0,0,1,0,54,6117,NY,"NEW YORK",10016
2023,"SPK CONSULTANTS INC",2,0,0,0,54,2467,CA,PLEASANTON,94566
2023,"SPL CONSULTING INC",0,1,1,0,54,3780,TX,SOUTHLAKE,76092
2023,"SPLASH BUSINESS INTELLIGENCE INC",0,0,1,0,54,7026,GA,DULUTH,30097
2023,"SPLINT PHARMA LLC",5,2,7,0,54,7053,NY,"NEW YORK",10001
2023,"SPLN INTERNATIONAL LLC",3,8,1,0,54,1611,NJ,"JERSEY CITY",07306
2023,"SPORTORITY INC DBA MINUTE MEDIA",0,0,1,0,54,9750,NY,"NEW YORK",10018
2023,"SPOTLIGHT THERAPEUTICS INC",0,0,1,0,54,4449,CA,HAYWARD,94545
2023,"SPOTLINE INC",1,0,2,0,54,3718,CA,"SAN JOSE",95110
2023,"SPR SOFTWARE SYSTEMS LLC",2,0,0,0,54,7259,TX,"THE COLONY",75056
2023,"SPRI PARTNERS LLC",0,0,1,0,54,1195,IL,CHICAGO,60606
2023,"SPRING GLORY INTERNATIONAL INC",1,0,0,0,54,1676,NY,"NEW YORK",10018
2023,"SPRING LINE DESIGN ARCHITECTURE ENGINEERING LLP",0,0,1,0,54,3872,NY,"EAST GREENBUSH",12061
2023,"SPRINGML INC",1,0,3,0,54,7925,CA,PLEASANTON,94588
2023,"SPRINGSERVE INC",0,0,1,0,54,1237,NY,"NEW YORK",10001
2023,"SPRINGSHINE CONSULTING INC",2,0,3,0,54,3791,CA,IRVINE,92618
2023,"SPRINKLR INC",0,0,4,0,54,1485,NY,"NEW YORK",10001
2023,"SPRO SYSTEMS INC",0,0,1,0,54,1319,VA,CHANTILLY,20152
2023,"SPRUCE INFOTECH INC",13,0,5,0,54,8829,PA,EXTON,19341
2023,"SPRUCE TECHNOLOGY INC",2,0,13,0,54,6502,NJ,CLIFTON,07012
2023,"SPRUCE TECHNOLOGY INC",0,0,1,0,54,6506,NJ,CLIFTON,07012
2023,"SPRY INFO SOLUTIONS INC",0,0,4,0,54,3378,GA,ALPHARETTA,30009
2023,"SPRYDO SYSTEMS LLC",6,0,2,0,54,5382,NC,CHARLOTTE,28262
2023,"SPS COMMERCE INC",0,0,2,0,54,5127,MN,MINNEAPOLIS,55402
2023,"SPURCROFT INC",0,0,1,0,54,3639,TX,HOUSTON,77036
2023,"SPV ASSOCIATES INC DBA ONINDUS",0,0,1,0,54,1963,FL,"BOCA RATON",33433
2023,"SPYDER TECHNOLOGIES OF VA INC",0,0,1,0,54,3005,VA,"FAIRFAX STA",22039
2023,"SQA CONCEPTS INC",4,0,6,0,54,4926,VA,ASHBURN,20147
2023,"SQA LABS INC",0,0,1,0,54,9323,AZ,PEORIA,85382
2023,"SQL DATA SOLUTIONS INC",1,1,1,0,54,8253,UT,PROVO,84601
2023,"SQUAD SOFTWARE INC",0,0,1,0,54,8530,,,
2023,"SQUAD SOFTWARE INC",2,0,13,1,54,8530,NJ,ISELIN,08830
2023,"SQUARESPACE INC",0,0,7,0,54,5811,NY,"NEW YORK",10014
2023,"SQUIRE PATTON BOGGS US LLP",0,0,1,0,54,8199,OH,CLEVELAND,44114
2023,"SQUIRE TECHNOLOGIES INC",0,0,1,0,54,1267,NY,"NEW YORK",10012
2023,"SQZ BIOTECHNOLOGIES COMPANY",0,0,1,0,54,1115,MA,WATERTOWN,02472
2023,"SR HEALTH CARE SERVICES INC",2,0,0,0,54,0511,VA,CHARLOTTESVILLE,22903
2023,"SRA ARCHITECTURE AND ENGINEERING PC",0,0,1,0,54,3942,NY,"NEW YORK",10013
2023,"SRD INFOTEK INC",2,0,0,0,54,5352,TX,DALLAS,75244
2023,"SREE INFOTECH LLC",0,0,8,0,54,8981,TX,IRVING,75063
2023,"SREE SYSTEMS LLC",2,0,0,0,54,4553,FL,JACKSONVILLE,32256
2023,"SREYO LLC",5,0,1,0,54,6301,NY,"NEW YORK",10001
2023,"SRI INFOTECH INC",1,0,0,0,54,0629,,,
2023,"SRI INFOTECH INC",1,0,0,0,54,0629,NJ,PRINCETON,08540
2023,"SRI INFOTECH INC",18,0,8,0,54,0629,NJ,"SOUTH PLAINFIELD",07080
2023,"SRI INTERNATIONAL",1,0,5,1,54,0950,CA,"MENLO PARK",94025
2023,"SRI SOFTWARE SOLUTIONS LLC",6,0,2,0,54,8031,TX,IRVING,75063
2023,"SRI TECH SOLUTIONS INC",6,0,6,0,54,5336,FL,TAMPA,33647
2023,"SRI TECHNOLOGY SERVICES INC",3,0,0,0,54,9671,NJ,HILLSBOROUGH,08844
2023,"SRICOM INC",1,0,1,0,54,5792,NJ,VOORHEES,08043
2023,"SRIJAN TECHNOLOGIES USA INC",2,0,0,0,54,8393,NJ,MANASQUAN,08736
2023,"SRIMATRIX INC",0,0,1,0,54,1040,TX,ALLEN,75013
2023,"SRINAV INC",1,0,0,0,54,7686,CA,FREMONT,94536
2023,"SRINSOFT INC",1,0,0,0,54,0345,NY,"NEW YORK",10004
2023,"SRIPADHA INC",0,0,2,0,54,3692,NV,"LAS VEGAS",89117
2023,"SRISHTITEK INC",0,0,1,0,54,7741,TX,"CEDAR PARK",78613
2023,"SRITA SOLUTIONS INC",1,0,0,1,54,4546,TX,AUSTIN,78750
2023,"SRITEK INC",1,0,3,0,54,3535,TX,MCKINNEY,75070
2023,"SRIVEN INFO INC",6,0,1,0,54,1842,NY,FLUSHING,11355
2023,"SRIVEN INFO INC",0,0,2,0,54,1842,NY,HICKSVILLE,11801
2023,"SRIVEN SYSTEMS INC",0,0,10,0,54,3217,TX,SOUTHLAKE,76092
2023,"SRIVEN TECHNOLOGIES LLC",1,0,1,0,54,5284,,,
2023,"SRIVEN TECHNOLOGIES LLC",2,0,9,0,54,5284,VA,ASHBURN,20147
2023,"SRIVIN INFOSYSTEMS INC DBA MAHIMA SOFT",14,1,8,1,54,5414,NY,HICKSVILLE,11801
2023,"SRK GLOBAL SERVICES INC",2,1,0,0,54,8499,TX,PLANO,75024
2023,"SRK SYSTEMS INC",1,0,14,0,54,8835,IL,NAPERVILLE,60563
2023,"SRMTEK LLC",2,0,0,0,54,7586,GA,ALPHARETTA,30005
2023,"SRNL INTERNATIONAL INC",0,0,1,0,54,2785,,,
2023,"SRNL INTERNATIONAL INC",2,0,0,0,54,2785,NJ,"FORT LEE",07024
2023,"SRS CONSULTING INC",0,0,1,0,54,2326,,,
2023,"SRS CONSULTING INC",4,1,19,0,54,2326,CA,FREMONT,94538
2023,"SS LEAD TECHNOLOGY INC",5,0,0,0,54,0485,TX,PLANO,75023
2023,"SS SOFTECH INC",1,0,0,0,54,6088,TX,IRVING,75063
2023,"SS TECH LLC",2,0,0,0,54,7138,TX,LEWISVILLE,75067
2023,"SS TECHNOLOGIES INC",1,0,1,0,54,0420,TX,"THE COLONY",75056
2023,"SS8 NETWORKS INC",0,0,3,0,54,0646,CA,MILPITAS,95035
2023,"SSA SOFT LLC",0,0,2,0,54,6533,MI,NORTHVILLE,48167
2023,"SSB SOFTWARE TECHNOLOGIES INC",1,0,2,0,54,4419,CA,"LAGUNA HILLS",92653
2023,"SSGC TECHNOLOGIES LLC",6,0,0,0,54,2461,NJ,"SOUTH PLAINFIELD",07080
2023,"SSIT INC",1,0,1,2,54,9832,CA,"SANTA CLARA",95054
2023,"SSN GROUP LLC",0,0,1,0,54,1103,VA,FAIRFAX,22030
2023,"SSOE INC D B A SSOE GROUP",0,0,2,0,54,5421,OH,TOLEDO,43604
2023,"SSR ASSOCIATES LLC",0,0,1,0,54,5695,GA,CUMMING,30040
2023,"SSTECH LLC",4,0,6,0,54,6362,VA,STERLING,20165
2023,"SSTECH LLC",5,0,0,0,54,6748,TX,IRVING,75039
2023,"ST AGRI GLOBAL INC",0,0,1,0,54,6027,NJ,MIDDLETOWN,07748
2023,"ST JARDINS INC",2,1,0,0,54,1922,VA,ASHBURN,20148
2023,"ST TECH INC",0,0,1,0,54,0963,NC,CARY,27513
2023,"STACH & LIU LLC DBA BISHOP FOX",0,0,2,0,54,1540,AZ,TEMPE,85284
2023,"STACKIT PROFESSIONALS INC",0,1,0,0,54,3421,FL,MIAMI,33172
2023,"STACKLOGY INC",0,0,0,1,54,2310,NJ,MANVILLE,08835
2023,"STACKLOGY INC",3,0,7,0,54,2310,TX,LEANDER,78641
2023,"STACKTRACE LLC",1,0,0,0,54,0361,TX,DALLAS,75234
2023,"STACKTRACE LLC",0,0,1,0,54,0361,TX,"FARMERS BRANCH",75234
2023,"STAFFBEE SOLUTIONS INC",0,0,2,0,54,9512,TX,DALLAS,75243
2023,"STAFFIGO TECHNICAL SERVICES LLC",2,0,0,0,54,3254,IL,WOODRIDGE,60517
2023,"STAFFING ACCOUNTANTS LLC",7,0,0,0,54,6758,NY,"NEW YORK",10019
2023,"STAFFINGTREE INC",5,0,1,0,54,2287,KS,"OVERLAND PARK",66213
2023,"STAFFWORXS LLC",0,0,3,0,54,3927,NJ,EDISON,08817
2023,"STAFL SYSTEMS, LLC",1,0,0,0,54,3572,CA,"SOUTH SAN FRANCISCO",94080
2023,"STAGITY SOLUTIONS LLC",0,0,1,0,54,9537,TX,DALLAS,75234
2023,"STAGWELL GLOBAL LLC",0,0,1,0,54,7859,NY,"NEW YORK",10007
2023,"STAID LOGIC LLC",4,0,7,0,54,7607,OH,COLUMBUS,43085
2023,"STAID LOGIC LLC",0,0,4,0,54,7607,OH,WORTHINGTON,43085
2023,"STAKEHOLDER PAYROLL SERVICES LLC",0,0,1,0,54,8250,KY,LOUISVILLE,40299
2023,"STAND TOGETHER CHAMBER OF COMMERCE INC",0,0,1,0,54,2750,,,
2023,"STAND TOGETHER CHAMBER OF COMMERCE INC",0,0,1,0,54,2750,VA,ARLINGTON,22201
2023,"STANDARD COGNITION CORP",1,0,2,0,54,2130,CA,"SAN FRANCISCO",94104
2023,"STANDARD PROFIL US LLC",0,0,1,0,54,8521,MI,"FARMINGTON HILLS",48331
2023,"STANLEY CONSULTANTS INC",0,0,2,0,54,0758,IA,MUSCATINE,52761
2023,"STANSOURCE INC",0,0,3,0,54,5351,VA,"MC LEAN",22102
2023,"STANTEC ARCHITECTURE INC",1,0,7,0,54,0906,IL,CHICAGO,60604
2023,"STANTEC CONSULTING SERVICES INC",1,0,14,0,54,7170,CO,BROOMFIELD,80021
2023,"STANTEC CONSULTING SERVICES INC",1,0,8,0,54,7170,CO,DENVER,80202
2023,"STAR INFRA SOLUTIONS INC",0,9,0,0,54,4359,TX,IRVING,75039
2023,"STAR QUEST LIFE SCIENCE INC",8,0,4,0,54,9068,NJ,PISCATAWAY,08854
2023,"STAR TECHNOLOGY SOLUTIONS INC",1,0,0,0,54,8793,OH,"LEWIS CENTER",43035
2023,"STARCOM WORLDWIDE INC",1,0,3,0,54,3874,IL,CHICAGO,60601
2023,"STARCOM WORLDWIDE INC",0,0,1,0,54,3874,,,
2023,"STARFISH ASSOCIATES LLC",0,0,1,0,54,7469,NJ,BRIDGEWATER,08807
2023,"STARK AMERICA INC",3,0,0,0,54,5380,CA,IRVINE,92604
2023,"STARK ASSOCIATES LLC",1,0,5,0,54,0545,NJ,PISCATAWAY,08854
2023,"STARK PHARMA TECHNOLOGY INC",1,0,4,0,54,3504,NJ,"SOUTH PLAINFIELD",07080
2023,"STARTEKK LLC",10,0,0,0,54,0875,TX,PLANO,75024
2023,"STAT9 TECHNOLOGIES INC",1,0,5,0,54,1083,NC,CARY,27513
2023,"STATE UNIVERSITY OF NEW YORK AT BINGHAMTON",0,0,1,0,54,3200,NY,ALBANY,12223
2023,"STATISTICS & CONTROL INC",0,0,1,0,54,7996,IA,"WEST DES MOINES",50266
2023,"STATMINDS LLC",0,0,4,1,54,4783,PA,"KING OF PRUSSIA",19406
2023,"STATUSNEO INC",2,0,0,0,54,2457,TX,RICHARDSON,75080
2023,"STAXA TECHNOLOGIES LLC",0,0,9,0,54,8890,NJ,PISCATAWAY,08854
2023,STCHEALTH,0,0,1,0,54,5013,AZ,PHOENIX,85004
2023,"STEADMAN PHILIPPON RESEARCH INSTITUTE",1,0,0,0,54,5022,CO,VAIL,81657
2023,"STEAMROLLER STUDIOS LLC",0,0,1,0,54,0932,FL,"MOUNT DORA",32757
2023,"STEARN JOGLEKAR LTD",0,0,1,0,54,5007,IL,CHICAGO,60606
2023,"STEBR INC",1,0,0,0,54,8145,CA,"SAN JOSE",95131
2023,"STECK SYSTEMS INC",0,0,8,0,54,5720,TX,AUSTIN,78750
2023,"STEEPGRAPH CORPORATION",3,0,1,0,54,3923,OH,DUBLIN,43017
2023,"STEEPGRAPH CORPORATION",0,0,1,0,54,3823,OH,DUBLIN,43017
2023,"STEER DAVIES GLEAVE INC",1,0,2,0,54,5269,NY,BROOKLYN,11201
2023,"STEFANINI INC",0,0,4,0,54,4613,MI,SOUTHFIELD,48034
2023,"STEINER AND COMPANY LLC DBA STEINER CONSULTING GROUP",0,0,1,0,54,2898,NH,MERRIMACK,03054
2023,"STELLAR AGENCY LLC",0,0,0,1,54,9239,CA,"EL SEGUNDO",90245
2023,"STELLAR GLOBAL SOLUTIONS INC",4,0,0,0,54,3449,TX,PLANO,75023
2023,"STELLAR HOME MAINTENANCE SERVICES LLC",0,0,1,0,54,1284,TX,DALLAS,75254
2023,"STELLAR IT SOLUTIONS INC",0,0,4,0,54,8774,MD,ROCKVILLE,20850
2023,"STELLAR IT SOLUTIONS LLC",0,0,2,0,54,8201,,,
2023,"STELLAR IT SOLUTIONS LLC",0,0,10,1,54,8201,NJ,PRINCETON,08540
2023,"STELLAR SERVICES INC",2,0,4,0,54,9413,NY,"NEW YORK",10018
2023,"STEM INC",1,0,0,0,54,6193,CA,"SAN FRANCISCO",94111
2023,"STEMLINE THERAPEUTICS INC",0,0,2,0,54,2567,NY,"NEW YORK",10022
2023,"STEPHEN B JACOBS GROUP PC",0,0,1,0,54,9461,NY,"NEW YORK",10016
2023,"STEPHEN STIMSON ASSOCIATES LANDSCAPE ARCHITECTS INC",0,0,2,0,54,6878,MA,PRINCETON,01541
2023,"STEPTOE & JOHNSON LLP",1,0,0,1,54,9790,DC,WASHINGTON,20036
2023,"STEPUP RGM INC",0,0,2,0,54,2141,CT,NORWALK,06851
2023,"STERLING 5 INC",1,0,3,0,54,5421,FL,"BOCA RATON",33487
2023,"STERLING ENGINEERING INC",0,0,1,0,54,8254,IL,WESTCHESTER,60154
2023,"STERLING IM USA INC",0,0,1,0,54,4599,TX,HOUSTON,77079
2023,"STERLING MEDICAL DEVICES",0,0,1,0,54,7046,,,
2023,"STERLING SOFTWARE INC",0,0,1,0,54,2156,MI,TROY,48083
2023,"STERLITE SOFTWARE USA INC",0,0,1,0,54,0740,IL,"OAK PARK",60301
2023,"STEVEN E MILLER CPA PC",1,0,0,0,54,9798,TX,DALLAS,75248
2023,"STG INTERMODAL SERVICES LLC",0,0,1,0,54,2627,OH,DUBLIN,43017
2023,"STI PHARMA LLC",0,0,1,0,54,6578,PA,NEWTOWN,18940
2023,"STIAOS TECHNOLOGIES INC",1,0,3,0,54,9897,TX,HOUSTON,77070
2023,"STIBO SYSTEMS INC",0,0,1,0,54,5159,GA,ATLANTA,30339
2023,"STIER SOLUTIONS INC",0,0,2,0,54,0081,,,
2023,"STIER SOLUTIONS INC",0,1,5,1,54,0081,PA,"WEST CHESTER",19380
2023,"STINSON LLP",0,0,1,0,54,3135,MN,MINNEAPOLIS,55402
2023,"STIRA PHARMACEUTICALS LLC",2,0,1,0,54,1237,NJ,FAIRFIELD,07004
2023,"STIVER ENGINEERING INC",0,0,0,1,54,9297,TX,HOUSTON,77006
2023,"STOCKELL CONSULTING",0,0,1,0,54,9673,MO,CHESTERFIELD,63017
2023,"STOCKHOLM ENVIRONMENT INSTITUTE U S INC",2,0,1,0,54,9308,MA,SOMERVILLE,02144
2023,"STOKE THERAPEUTICS INC",0,0,1,0,54,4582,,,
2023,"STONE WINGS II LLC",0,0,0,1,54,2017,WA,ELLENSBURG,98926
2023,"STONEBRIDGE CONSULTING GROUP LLC",0,0,2,0,54,3954,IL,WARRENVILLE,60555
2023,"STONEBRIDGE CONSULTING GROUP LLC",0,0,1,0,54,3954,,,
2023,"STONEEAGLE F&I INC",0,0,1,0,54,5555,TX,RICHARDSON,75080
2023,"STONEHILL AND TAYLOR ARCHITECTS PC",0,0,1,0,54,7390,NY,"NEW YORK",10001
2023,"STONERIDGE HOLDINGS INC DBA STONERIDGE SOFTWARE LLC",0,0,1,0,54,3698,MN,BARNESVILLE,56514
2023,"STONY HILL GROUP LLC DBA CLUTCH",0,0,1,0,54,2229,DC,WASHINGTON,20036
2023,"STORD INC",0,0,1,0,54,4299,GA,ATLANTA,30308
2023,"STOUT RISIUS ROSS LLC",1,0,0,0,54,3685,IL,CHICAGO,60606
2023,"STOWERS INSTITUTE FOR MEDICAL RESEARCH",1,0,1,0,54,3509,,,
2023,"STOWERS INSTITUTE FOR MEDICAL RESEARCH",5,0,4,1,54,3509,MO,"KANSAS CITY",64110
2023,"STR GROUP USA INC",0,0,1,0,54,4130,MI,"STERLING HEIGHTS",48313
2023,"STRADA ARCHITECURE LLC",0,0,2,0,54,0627,PA,PITTSBURGH,15219
2023,"STRAIGHTIN INC",1,0,0,0,54,5881,IL,CHICAGO,60605
2023,"STRAND LIFE SCIENCES PVT LTD",1,0,0,0,54,5469,CA,"SAN FRANCISCO",94104
2023,"STRAND SYSTEMS ENGINEERING INC",0,0,1,1,54,5236,TX,DALLAS,75220
2023,"STRAND THERAPEUTICS INC",0,0,1,0,54,7324,MA,BOSTON,02215
2023,"STRATA DECISION TECHNOLOGY LLC",1,0,1,0,54,8502,IL,CHICAGO,60601
2023,"STRATA SAFETY PRODUCTS LLC",0,0,1,0,54,5078,GA,ATLANTA,30350
2023,"STRATA SOLUTIONS INC",3,0,0,0,54,4743,NC,GREENSBORO,27410
2023,"STRATACENT INC",0,0,1,0,54,0882,NJ,"JERSEY CITY",07302
2023,"STRATAGEM CONSULTING LLC",1,0,1,0,54,9356,MN,"EDEN PRAIRIE",55344
2023,"STRATAPPS INC",0,0,1,0,54,2415,CA,FREMONT,94538
2023,"STRATEDGE INC",2,0,5,0,54,9398,CA,"SAN RAMON",94583
2023,"STRATEGIC BUILDING INNOVATION INC",1,0,0,0,54,2869,CA,DUBLIN,94568
2023,"STRATEGIC ENERGY SOLUTIONS INC",0,0,1,0,54,0532,MI,BERKLEY,48072
2023,"STRATEGIC ESTIMATING SYSTEMS LLC",0,1,0,0,54,4706,TX,"SUGAR LAND",77479
2023,"STRATEGIC IT EXPERTS INC",0,0,1,0,54,2289,NY,ALBANY,12205
2023,"STRATEGIC IT EXPERTS INC",0,0,9,0,54,2289,MO,BALLWIN,63011
2023,"STRATEGIC RESEARCH INSIGHTS INC",0,0,1,0,54,3157,NJ,PRINCETON,08540
2023,"STRATEGIC RESOURCES INTERNATIONAL",0,0,1,0,54,2795,NJ,PARLIN,08859
2023,"STRATEGIC RESOURCES INTERNATIONAL",0,0,2,0,54,2796,,,
2023,"STRATEGIC RESOURCES INTERNATIONAL",1,0,28,1,54,2796,NJ,PARLIN,08859
2023,"STRATEGIC SOLUTIONS GROUP LLC",0,0,6,0,54,8804,MA,"NEEDHAM HEIGHTS",02494
2023,"STRATEGIC SOLUTIONS GROUP LLC",0,0,2,0,54,8804,MA,NEEDHAM,02494
2023,"STRATEGIC STAFFING IT INC",1,0,0,0,54,9695,MI,NOVI,48374
2023,"STRATEGIC STAFFING IT INC",26,9,0,1,54,9695,MI,WIXOM,48393
2023,"STRATEGIC STAFFING SOLUTIONS L C",4,0,28,1,54,5070,MI,DETROIT,48202
2023,"STRATEGIC SYSTEMS INC",16,0,7,1,54,5642,OH,DUBLIN,43017
2023,"STRATEGIC SYSTEMS INTERNATIONAL USA LTD",1,0,0,0,54,9788,IL,CHICAGO,60654
2023,"STRATEGIES 360",0,0,1,0,54,4555,WA,SEATTLE,98109
2023,"STRATEGY ONE INC DBA EDELMAN INTELLIGENCE",0,0,1,0,54,0645,NY,"NEW YORK",10013
2023,"STRATEGY SOFT LLC",0,0,1,0,54,7541,NJ,METUCHEN,08840
2023,"STRATEGYPUNDITS, INC.",1,0,0,0,54,5262,VA,LEESBURG,20176
2023,"STRATEOS INC",1,0,2,0,54,0289,CA,"MENLO PARK",94025
2023,"STRATG INC",2,0,0,0,54,5163,NJ,"EAST WINDSOR",08512
2023,"STRATG INC",1,0,0,0,54,5163,NJ,PRINCETON,08512
2023,"STRATG INC",2,0,0,0,54,5163,NJ,CRANBURY,08512
2023,"STRATG INC",0,0,1,0,54,5163,NJ,"EAST WINDOR",08512
2023,"STRATITUDE LLC",1,0,4,0,54,0489,TX,IRVING,75062
2023,"STRATOGENT CORPORATION",0,0,1,0,54,8822,CA,"SAN MATEO",94403
2023,"STRATUM RESERVOIR LLC",0,0,1,0,54,8763,TX,HOUSTON,77086
2023,"STRATUS MERIDIAN LLC",13,1,0,1,54,4307,TX,IRVING,75038
2023,"STRATUS TECHNOLOGY SERVICES LLC",6,0,1,0,54,6993,NJ,SHREWSBURY,07702
2023,"STREAM CAPTAIN INC",0,0,1,0,54,2694,CA,"SOUTH SAN FRANCISCO",94080
2023,"STREAM FINANCIAL TECHNOLOGY CORPORATION",0,0,0,1,54,6374,UT,"SALT LAKE CITY",84102
2023,"STREAMLINE HEALTHCARE SOLUTIONS LLC",0,0,4,0,54,7938,IL,"OAK BROOK",60523
2023,"STREAMLINE TECHNOLOGIES INC",1,0,2,0,54,1097,DE,WILMINGTON,19810
2023,"STREAMS INC",0,0,2,0,54,1294,MD,BETHESDA,20817
2023,"STREAMSETS INC",0,0,4,0,54,3815,CA,"SAN FRANCISCO",94105
2023,"STREAMVECTOR INC D B A SIGMOID ANALYTICS",2,1,1,0,54,2221,NJ,"JERSEY CITY",07310
2023,"STREAMVECTOR INC D B A SIGMOID ANALYTICS",0,0,1,0,54,2221,NY,BUFFALO,14202
2023,"STRESS ENGINEERING SERVICES INC",0,0,1,0,54,7543,TX,HOUSTON,77041
2023,"STRETTO INC",0,0,1,0,54,7528,CA,IRVINE,92602
2023,"STRIIM INC",0,0,2,0,54,9189,CA,"PALO ALTO",94301
2023,"STRIKE TECHNOLOGIES LLC",0,0,1,0,54,5376,NY,"NEW YORK",10022
2023,"STRINGBEAN TECHNOLOGIES LLC",0,0,0,1,54,2873,NY,"VALLEY STREAM",11580
2023,"STRIVR LABS INC",0,0,5,0,54,5378,CA,"SANTA CLARA",95054
2023,"STROBES SECURITY INC",1,0,0,0,54,3824,TX,PLANO,75024
2023,"STROMBERG GARRIGAN & ASSOCIATES INC",0,0,1,0,54,0483,PA,SOMERSET,15501
2023,"STRONG POINT CONSULTING",1,0,0,0,54,9610,IL,NAPERVILLE,60563
2023,"STROOCK STROOCK LAVAN LLP",1,0,0,0,54,9787,NY,"NEW YORK",10038
2023,"STROZ FRIEDBERG LLC",0,0,1,0,54,3664,IL,CHICAGO,60601
2023,"STROZ FRIEDBERG LLC",0,0,1,0,54,3664,,,
2023,"STRUCTURAL ENGINEERING TECHNOLOGIES PC",0,0,2,0,54,9400,NY,"LONG ISLAND CITY",11101
2023,"STRUCTURAL WORKSHOP LLC",0,0,1,0,54,,NJ,"MOUNTAIN LAKES",07046
2023,"STRUCTURE DESIGNS INC",1,0,0,0,54,6853,IL,CHICAGO,60606
2023,"STUDENT MEDICOVER CO LLC",0,0,1,0,54,4191,CA,BURLINGAME,94010
2023,"STUDIO 100A LLC DBA TEASS/WARREN ARCHITECTS",0,0,1,0,54,9180,DC,WASHINGTON,20002
2023,"STUDIO 151 INC",0,0,1,0,54,8220,CA,"SAN FRANCISCO",94110
2023,"STUDIO 27 ARCHITECTURE PLLC",0,0,1,0,54,7634,DC,WASHINGTON,20005
2023,"STUDIO 8 ARCHITECTS INC",0,0,1,0,54,7813,TX,AUSTIN,78703
2023,"STUDIO COMO",0,0,1,0,54,4400,CA,"LOS ANGELES",90018
2023,"STUDIO FLUX",0,0,1,0,54,7255,CA,"LOS ANGELES",90035
2023,"STUDIO GANG ARCHITECTS",0,0,1,0,54,6252,IL,CHICAGO,60642
2023,"STUDIO LINK ARC LLC",1,0,0,0,54,8510,NY,"NEW YORK",10001
2023,"STUDIO MM ARCHITECT  PLLC",1,0,0,0,54,2396,NY,"NEW YORK",10005
2023,"STUDIO ORZI LLC",1,0,0,0,54,5263,SC,SHELDON,29941
2023,"STUDIO OUTSIDE LLC",0,0,1,0,54,6862,TX,DALLAS,75226
2023,"STUDIO PARTNERSHIP LLC",0,0,0,1,54,5840,MD,"SPARKS GLENCOE",21152
2023,"STUDIO PCH INC",1,1,0,0,54,3611,CA,VENICE,90291
2023,"STUDIO TROIKA INC",1,0,0,0,54,3943,MA,BOSTON,02210
2023,"STUDIO19 ARCHITECTS LLC",0,0,1,0,54,5607,WA,SEATTLE,98104
2023,"STV CONSTRUCTION INC",1,0,3,0,54,3918,PA,DOUGLASSVILLE,19518
2023,"STV INCORPORATED",1,0,10,0,54,6759,PA,DOUGLASSVILLE,19518
2023,"STYLESEAT INC",0,0,2,0,54,4752,CA,"SAN FRANCISCO",94104
2023,"STYLITICS INC",1,0,0,0,54,6559,NY,"NEW YORK",10001
2023,"SUBARU RESEARCH AND DEVELOPMENT INC",0,0,1,0,54,4574,MI,"VAN BUREN TOWNSHIP",48111
2023,"SUBEX INC.",1,0,0,0,54,0838,CO,DENVER,80234
2023,"SUBEX INC.",1,0,0,0,54,0838,CO,WESTMINSTER,80234
2023,"SUBHASHINI SOFTWARE SOLUTIONS INC",3,0,0,0,54,2439,MI,TROY,48083
2023,"SUBLIME SYSTEMS INC",0,0,1,0,54,1334,MA,SOMERVILLE,02143
2023,"SUBLIME WIRELESS INC.",0,1,0,0,54,0819,NY,"WEST HARRISON",10604
2023,"SUBTLE MEDICAL INC",0,0,1,0,54,4632,CA,"MENLO PARK",94025
2023,"SUCCESS RATE INC",2,0,1,0,54,5524,NJ,EDISON,08817
2023,"SUCCESS TECH SOLUTIONS INC",0,0,1,0,54,2079,FL,TALLAHASSEE,32301
2023,"SUCCESSFACTORS INC",0,0,0,1,54,8453,PA,"NEWTOWN SQUARE",19073
2023,"SUCCESSFACTORS INC",1,0,19,1,54,8453,PA,"NEWTOWN SQUARE",19073
2023,"SUCCESSFUL CAPITAL VENTURES LLC",0,1,0,0,54,8755,WY,CHEYENNE,82001
2023,"SUCHI ERP INC",1,2,0,0,54,8383,TX,KATY,77494
2023,"SUDHI INFOMATICS INC",1,0,7,0,54,6668,OH,"LEWIS CENTER",43035
2023,"SUDHI INFOMATICS INC",0,0,1,0,54,6668,,,
2023,"SUGARCRM INC",0,0,1,0,54,3875,CA,CAMPBELL,95008
2023,"SUGATU CONSULTING LLC",0,0,1,0,54,1214,DC,WASHINGTON,20006
2023,"SUJATA INTERNATIONAL LLC",0,0,1,0,54,7243,MD,"LUTHERVILLE TIMONIUM",21093
2023,"SUKALP9 INC",0,0,1,0,54,0561,IL,"HOFFMAN ESTATES",60169
2023,"SUKI AI INC",0,0,1,0,54,2134,CA,"REDWOOD CITY",94063
2023,"SULLIVANCOTTER INC",0,0,2,0,54,3607,MN,MINNEAPOLIS,55401
2023,"SULTANETE LLC",1,0,0,0,54,8507,TX,IRVING,75062
2023,"SULZER PUMPS SOLUTIONS INC",0,0,1,0,54,9006,SC,EASLEY,29640
2023,"SULZER PUMPS US INC",0,0,1,0,54,7659,TX,HOUSTON,77079
2023,"SUMAS CORPORATION",23,5,1,0,54,7133,NJ,PLAINSBORO,08536
2023,"SUMERU INC",1,0,0,0,54,8456,DC,WASHINGTON,20009
2023,"SUMIT CONSTRUCTION CO INC",1,0,0,0,54,9778,IL,CHICAGO,60639
2023,"SUMITOMO PHARMA AMERICA HOLDINGS INC",0,0,2,1,54,4130,MA,MARLBOROUGH,01752
2023,"SUMITOMO PHARMA ONCOLOGY INC",0,0,1,0,54,2369,MA,MARLBOROUGH,01752
2023,"SUMMER DESIGN STUDIO",0,0,1,0,54,7536,CA,"SAN FRANCISCO",94115
2023,"SUMMERHILL LANDSCAPES INC",0,0,1,0,54,1422,NY,"SAG HARBOR",11963
2023,"SUMMIT DESIGN AND ENGINEERING SERVICES",0,0,1,0,54,6228,NC,HILLSBOROUGH,27278
2023,"SUMMIT DESIGN AND TECHNOLOGY INC",0,0,1,0,54,4483,OH,AKRON,44306
2023,"SUMMIT ENGINEERS INC",0,0,1,0,54,6833,VA,ARLINGTON,22207
2023,"SUMMITWORKS TECHNOLOGIES INC",1,0,9,0,54,1834,NJ,"SOUTH PLAINFIELD",07080
2023,"SUMO LOGIC INC",0,0,6,0,54,4444,CA,"REDWOOD CITY",94063
2023,"SUMTOTAL SYSTEMS",0,0,1,0,54,7228,,,
2023,"SUMTOTAL SYSTEMS",0,0,1,0,54,7228,FL,GAINESVILLE,32606
2023,"SUN CLOUD LLC",2,0,4,0,54,3721,GA,ALPHARETTA,30005
2023,"SUN POWER CONSULTING LLC",1,0,1,0,54,1463,IL,CHICAGO,60624
2023,"SUN SYSTEMS LLC",4,1,0,0,54,8800,VA,CHANTILLY,20151
2023,"SUN TECHNOLOGIES INC",2,0,1,0,54,4107,GA,ALPHARETTA,30022
2023,"SUN-IT SOLUTIONS INC",0,0,2,0,54,2986,FL,JACKSONVILLE,32258
2023,"SUNAR TECH SOLUTIONS INC",2,0,0,0,54,1137,KS,"OVERLAND PARK",66210
2023,"SUNERA TECHNOLOGIES INC",0,0,1,0,54,8149,MI,TROY,48083
2023,"SUNERA TECHNOLOGIES INC",0,0,1,0,54,8146,,,
2023,"SUNERA TECHNOLOGIES INC",19,0,5,1,54,8146,MI,TROY,48083
2023,"SUNG HUANG AND CO, CPA, LLP",0,0,1,0,54,0688,CA,ARTESIA,90701
2023,"SUNIKSHA TECHNOLOGIES LLC",1,0,0,0,54,1478,TX,FRISCO,75033
2023,"SUNLIGHT IO INC",0,0,0,1,54,6671,UT,MIDVALE,84047
2023,"SUNLIGHT TECHNOLOGIES INC",11,0,1,0,54,7163,GA,SUWANEE,30024
2023,"SUNMERGE SYSTEMS INC",1,0,7,1,54,0531,NJ,PISCATAWAY,08854
2023,"SUNNY OPOTECH NORTH AMERICA INC",0,0,2,0,54,1183,CA,"SAN JOSE",95112
2023,"SUNNY SOFT SOLUTIONS LLC",3,0,0,0,54,3878,MD,HAGERSTOWN,21742
2023,"SUNPLUS DATA GROUP INC",2,0,0,0,54,7451,GA,LAWRENCEVILLE,30044
2023,"SUNRAISE TECHNOLOGIES INC",9,0,7,0,54,6416,VA,FAIRFAX,22031
2023,"SUNRAY ENTERPRISE INC",2,0,2,0,54,1395,GA,ATLANTA,30339
2023,"SUNRAY INFORMATICS INC",0,1,5,0,54,3417,NJ,"EAST BRUNSWICK",08816
2023,"SUNRAY INFORMATION TECHNOLOGIES INC",2,0,0,0,54,8773,NJ,"MONROE TOWNSHIP",08831
2023,"SUNRAY INFOSYS INCORPORATION",0,0,4,1,54,3118,NJ,PLAINSBORO,08536
2023,"SUNRAY SYSTEMS INC",0,0,2,0,54,0929,VA,HERNDON,20170
2023,"SUNRISE INFOTEK CORP DBA LIGHTNING MINDS",2,0,2,0,54,1627,NC,CARY,27519
2023,"SUNRISE TECHNOLOGIES LLC",0,2,0,0,54,5787,NE,"GRAND ISLAND",68801
2023,"SUNSHINE TECHNOLOGIES INC",0,1,0,0,54,5823,OH,"LEWIS CENTER",43035
2023,"SUNSHINE TECHNOLOGY SOLUTIONS CORP DBA SUNSHINE TECH",2,0,0,0,54,4062,FL,"MIAMI LAKES",33016
2023,"SUNSOFT SERVICES INC",7,0,1,0,54,5991,NJ,"JERSEY CITY",07306
2023,"SUNSOFT SOLUTIONS INC",1,0,2,0,54,8547,GA,ALPHARETTA,30022
2023,"SUNSOFT TECHNOLOGIES INC",0,0,2,0,54,9699,MI,"FARMINGTON HILLS",48335
2023,"SUNTEC BUSINESS SOLUTIONS INC",0,0,1,0,54,0927,PA,CANONSBURG,15317
2023,"SUNTEC BUSINESS SOLUTIONS PVT LTD",1,0,0,0,54,5795,PA,CANONSBURG,15317
2023,"SUNTECHPROS INC",1,0,1,0,54,5897,NC,MORRISVILLE,27560
2023,"SUNTECHPROS INC",1,0,0,0,54,5897,,,
2023,"SUNTEK SORPORATIONS INC",1,0,0,0,54,7680,NJ,SOMERSET,08873
2023,"SUPER TECH CONSULTING LLC",1,0,0,0,54,2281,FL,TAMPA,33617
2023,"SUPER TECH CONSULTING LLC",0,0,1,0,54,2281,FL,TAMPA,33619
2023,"SUPER TECHNOLOGY SOLUTIONS INC",0,0,1,0,54,1656,NJ,DUNELLEN,08812
2023,"SUPER TECHNOLOGY SOLUTIONS INC",0,0,2,0,54,1656,NJ,"GREEN BROOK",08812
2023,"SUPERDROP LABS INC",0,0,0,1,54,9661,NY,"NEW YORK",10003
2023,"SUPERLOGIX INC",3,0,4,0,54,8502,NJ,PLAINSBORO,08536
2023,"SUPERNATURAL DEVELOPMENT LLC DBA SUPERNATURAL",0,0,1,0,54,1624,NY,"NEW YORK",10012
2023,"SUPERNOVA LENDING LLC",0,0,1,0,54,5381,IL,CHICAGO,60661
2023,"SUPERSTRUCTURES ENGINEERING ARCHITECTURE PLLC",1,0,0,0,54,4821,NY,"NEW YORK",10005
2023,"SUPPLY CHAIN TECHNOLOGIES LLC DBA SCE LLC",0,0,1,0,54,9470,GA,MARIETTA,30064
2023,"SUPPLY CHAIN TECHNOLOGIES LLC DBA SCT SOFTWARE",0,0,1,0,54,0962,FL,"VERO BEACH",32960
2023,"SUPPLY CHAIN WIZARD LLC",1,0,0,0,54,9448,NJ,PRINCETON,08540
2023,"SUPSTAT INC DBA NYC DATA SCIENCE ACADEMY",0,0,1,0,54,2424,NY,"NEW YORK",10018
2023,"SURE TECH SERVICES INC",0,0,5,0,54,6151,PA,READING,19606
2023,"SUREIFY LABS INC",2,0,2,0,54,9324,CA,"SAN JOSE",95125
2023,"SUREPREP LLC",5,0,18,0,54,3575,CA,IRVINE,92614
2023,"SURESBY INC",0,0,1,0,54,6826,CA,"LAKE FOREST",92630
2023,"SURGE TECHNOLOGY SOLUTIONS INC",3,0,0,0,54,7008,TX,KATY,77494
2023,"SURGICAL THEATER INC",0,0,1,0,54,4157,OH,CLEVELAND,44124
2023,"SURPATH INC",0,0,1,0,54,5808,CA,ORANGE,92868
2023,"SURVEYING AND MAPPING LLC",0,0,1,0,54,4974,TX,AUSTIN,78735
2023,"SURYA SYSTEMS INC",0,0,3,0,54,0226,PA,EXTON,19341
2023,"SUSASH CONSULTING SERVICES LLC",1,0,4,0,54,9043,NJ,"NORTH BRUNSWICK",08902
2023,"SUSENSOFT GLOBAL SERVICES INC",3,0,0,0,54,0380,TX,LEWISVILLE,75067
2023,"SUTHERLAND GLOBLA SERVICES INC",2,0,1,0,54,7080,NY,PITTSFORD,14534
2023,"SUTHRA TECHNOLOGIES INC",0,0,2,0,54,3609,FL,"WEST PALM BEACH",33411
2023,"SUTRIX CONSULTING LLC",1,0,0,0,54,1620,WA,BELLEVUE,98006
2023,"SUTRO BIOPHARMA INC",0,0,4,0,54,6186,CA,"SOUTH SAN FRANCISCO",94080
2023,"SUV SOLUTIONS INC",0,0,1,0,54,3158,,,
2023,"SUV SOLUTIONS INC",1,0,1,0,54,3158,TX,DALLAS,75234
2023,"SUVIP SOLUTIONS INC DBA USEREADY",0,0,2,0,54,9489,NJ,CRANFORD,07016
2023,"SUVODA LLC",0,0,1,0,54,8701,PA,CONSHOHOCKEN,19428
2023,"SUZY INC",0,0,1,0,54,3420,NY,"NEW YORK",10003
2023,"SV INFOTECH GROUP INC",0,0,1,0,54,2039,,,
2023,"SV INFOTECH GROUP INC",2,0,1,1,54,2039,TX,DALLAS,75234
2023,"SV INFOTECH GROUP INC",3,1,0,0,54,2039,TX,"FARMERS BRANCH",75234
2023,"SV INFOTECH GROUP INC",1,0,0,0,54,2039,TX,"FARMERS BRNCH",75234
2023,"SV IT INC",6,0,2,0,54,1526,NY,FLUSHING,11355
2023,"SV IT INC",0,0,6,0,54,1526,NY,PLAINVIEW,11803
2023,"SV PROFESSIONALS LLC",0,0,1,0,54,1746,VA,HERNDON,20171
2023,"SV TECH INC",2,0,0,0,54,5158,GA,CUMMING,30041
2023,"SV TECHNOLOGY SERVICES LLC",7,0,4,0,54,2088,TX,"ROUND ROCK",78681
2023,"SVA CERTIFIED PUBLIC ACCOUNTANTS SC",0,0,1,0,54,3191,WI,MADISON,53717
2023,"SVADSOFT, INC",1,0,0,0,54,1515,NJ,"MOUNT LAUREL",08054
2023,"SVAM INTERNATIONAL INC",0,0,1,0,54,0965,,,
2023,"SVAM INTERNATIONAL INC",2,0,1,0,54,0965,NY,"GREAT NECK",11023
2023,"SVAN IT SOLUTIONS INC",0,1,0,0,54,4027,TX,HOUSTON,77099
2023,"SVANACO INC DBA AMERICANEAGLECOM",0,0,1,0,54,0082,IL,"DES PLAINES",60018
2023,"SVANACO INC DBA AMERICANEAGLECOM",1,0,8,0,54,0008,IL,"DES PLAINES",60018
2023,"SVATS INC",0,0,1,0,54,3357,VA,HERNDON,20172
2023,"SVATS INC",8,0,15,1,54,3357,OH,"LEWIS CENTER",43035
2023,"SVCUBE LLC",0,0,1,0,54,1808,TX,RICHARDSON,75081
2023,"SVK SYSTEMS INC",0,0,2,0,54,1034,,,
2023,"SVK SYSTEMS INC",0,0,28,3,54,1034,GA,DULUTH,30097
2023,"SVK TECHNOLOGY SOLUTIONS INC",13,0,4,0,54,7235,NJ,"SOUTH PLAINFIELD",07080
2023,"SVN IT SERVICES INC",2,0,1,0,54,0340,NY,HICKSVILLE,11801
2023,"SVR TECH SOLUTIONS LLC",1,0,0,0,54,5264,TX,PLANO,75074
2023,"SVS IT SYSTEMS INC",1,2,0,0,54,8144,TX,DALLAS,75234
2023,"SVS IT SYSTEMS INC",8,0,0,0,54,8144,TX,"FARMERS BRANCH",75234
2023,"SVS IT SYSTEMS INC",1,0,0,0,54,8144,TX,PLANO,75023
2023,"SVS SOFT TECH LLC",20,1,0,0,54,9841,TX,HOUSTON,77042
2023,"SVS SOFT TECH LLC",2,0,0,0,54,9841,TX,HOUSTON,77064
2023,"SVS TECHNOLOGIES LIMITED",0,0,2,0,54,4004,,,
2023,"SVS TECHNOLOGIES LIMITED",0,1,7,1,54,4004,TN,MEMPHIS,38125
2023,"SVT INC",1,0,1,0,54,7603,NJ,WATCHUNG,07069
2023,"SVT ROBOTICS INC",0,0,1,0,54,3788,,,
2023,"SWA GROUP",0,0,1,0,54,3448,CA,SAUSALITO,94965
2023,"SWA GROUP",0,0,1,0,54,3448,CA,SAUSALITO,94966
2023,"SWANKTEK INC",2,0,38,0,54,1999,NJ,NUTLEY,07110
2023,"SWARN INC DBA TECH OBSERVER",4,1,5,1,54,7742,NJ,PARAMUS,07652
2023,"SWARTEK CORPORATION",4,1,0,0,54,1710,VA,HERNDON,20171
2023,"SWASEN INC",0,0,1,0,54,3202,,,
2023,"SWASUN CONSULTING LLC",1,0,0,0,54,5431,TX,DALLAS,75244
2023,"SWASUN CONSULTING LLC",1,0,0,0,54,5431,TX,"FARMERS BRANCH",75244
2023,"SWAY AI INC",0,0,3,0,54,1738,MA,BURLINGTON,01803
2023,"SWEET & CHILLI LLC",0,0,1,0,54,8610,CA,TORRANCE,90501
2023,"SWIFT GLOBAL SYSTEMS, INC",2,0,0,0,54,0498,MD,COLUMBIA,21044
2023,"SWIFT INC",0,0,9,0,54,6980,VA,CULPEPER,22701
2023,"SWIFT IT SOLUTIONS",0,1,0,0,54,4459,TX,HOUSTON,77042
2023,"SWIFT PACE SOLUTIONS INC",0,0,1,0,54,8987,TX,IRVING,75061
2023,"SWIFT SALES APPLICATIONS INC",0,0,1,0,54,5562,NY,"NEW YORK",10019
2023,"SWIFT SOLUTIONS INC",0,0,3,0,54,0453,NJ,PARSIPPANY,07054
2023,"SWIFT SOLUTIONS INC",0,0,2,0,54,0050,NC,CARY,27513
2023,"SWIFT STRATEGIC SOLUTIONS INC",0,0,1,0,54,7544,CA,IRVINE,92614
2023,"SWIFT TECH LLC",1,0,1,0,54,8095,FL,"CORAL SPRINGS",33071
2023,"SWIFT TECH LLC",1,1,1,0,54,8095,FL,"POMPANO BEACH",33071
2023,"SWIFT TECHNOLOGIES INC",2,0,0,0,54,9089,VA,HERNDON,20170
2023,"SWIFT TECHNOLOGIES INC",5,0,0,0,54,9062,TX,IRVING,75062
2023,"SWIFT TECHNOLOGIES INC",1,1,0,0,54,9122,OH,DAYTON,45458
2023,"SWIM AL INC",0,0,0,1,54,3335,CA,CAMPBELL,95008
2023,"SWINGTECH CONSULTING INC DBA SWINGTECH",0,0,0,2,54,4738,MD,GREENBELT,20770
2023,"SWISSLOG LOGISTICS INC",0,0,1,0,54,2235,VA,"NEWPORT NEWS",23603
2023,"SWISSLOG LOGISTICS INC",0,0,1,0,54,2235,VA,"NEWPORT NEWS",23606
2023,"SWITCHLANE INC",1,0,0,0,54,9246,PA,"CHADDS FORD",19317
2023,"SWIVVEL INC",0,0,1,0,54,5215,MA,CAMBRIDGE,02140
2023,"SWIZTECH INC",17,0,0,0,54,1079,NJ,PLAINSBORO,08536
2023,"SYBASE INC",0,0,0,1,54,1005,PA,"NEWTOWN SQUARE",19073
2023,"SYCAMORE INFORMATICS INC",0,0,1,0,54,4749,MA,WALTHAM,02452
2023,"SYDATA INC",0,0,15,1,54,9549,CA,"SAN DIEGO",92121
2023,"SYDNEY CHING",0,0,1,0,54,3485,CA,"SAN FRANCISCO",94105
2023,"SYGNTECH SYSTEMS INC",0,0,3,0,54,5807,NJ,PARLIN,08859
2023,"SYLLATREX INTERNATIONAL INC",0,0,1,0,54,9372,CT,"WEST HARTFORD",06110
2023,"SYLVAIN LLC",0,0,1,0,54,2675,NY,"NEW YORK",10013
2023,"SYMANTRIX INC",6,0,0,0,54,4113,NJ,"SOUTH PLAINFIELD",07080
2023,"SYMBIONT INC",0,0,1,0,54,1669,NY,"NEW YORK",10018
2023,"SYMBIOSIS CONSULTING SERVICES INC",1,0,0,0,54,2444,MN,SHAKOPEE,55379
2023,"SYMBIOUN TECHNOLOGIES INC",14,0,8,0,54,1668,NJ,"MONMOUTH JUNCTION",08852
2023,"SYMBOLE SOFTWARE SERVICES INC",0,0,1,0,54,7432,NJ,PRINCETON,08540
2023,"SYMETRA LIFE INSURANCE COMPANY",0,0,1,0,54,2147,WA,BELLEVUE,98004
2023,"SYMMETRIZE LLC",3,0,0,0,54,6155,FL,MELBOURNE,32904
2023,"SYMPHONY AI RETAIL INC",0,0,4,0,54,3279,TX,FRISCO,75033
2023,"SYMPHONY COMMUNICATION SERVICES LLC",1,0,5,0,54,0335,NY,"NEW YORK",10017
2023,"SYMPHONY CORPORATION",0,0,1,0,54,2117,,,
2023,"SYMPHONY CORPORATION",2,0,21,0,54,2117,WI,MADISON,53703
2023,"SYMPHONY INFOTEK INC",1,0,0,0,54,3807,TX,IRVING,75063
2023,"SYMPLORE INC",0,0,1,0,54,2664,TX,PLANO,75074
2023,"SYMSOFT SOLUTIONS LLC",0,0,2,0,54,1389,CA,SACRAMENTO,95834
2023,"SYNAPSE CONSULTING INC",1,0,0,0,54,2720,CA,HAYWARD,94544
2023,"SYNAPSE DESIGN AUTOMATION INC",3,0,8,0,54,3743,CA,"SANTA CLARA",95054
2023,"SYNAPSE GRP INC",0,0,2,0,54,0649,CT,STAMFORD,06905
2023,"SYNAPSE TECH SERVICES INC",4,0,1,0,54,0198,OH,COLUMBUS,43219
2023,"SYNAPSE TECHNOLOGIES LLC",0,0,3,0,54,8041,GA,ATLANTA,30346
2023,"SYNAPSIQ LLC",0,0,1,0,54,3371,VA,ASHBURN,20148
2023,"SYNAPSIS INC",0,0,1,0,54,8852,,,
2023,"SYNAPSIS INC",2,0,61,0,54,8852,IL,SPRINGFIELD,62704
2023,"SYNAPTEIN SOLUTIONS INC",1,0,4,0,54,4046,VA,VIENNA,22182
2023,"SYNATY LLC",5,0,0,0,54,6037,TX,"SAN ANTONIO",78217
2023,"SYNCHRONISYS INC",1,0,4,0,54,4715,VA,STERLING,20166
2023,"SYNCHRONOSS TECHNOLOGIES INC",0,0,6,0,54,4540,NJ,BRIDGEWATER,08807
2023,"SYNCREON AMERICA INC",0,0,1,0,54,9823,MI,"AUBURN HILLS",48326
2023,"SYNCRO TECHNOLOGY CORP",0,0,1,0,54,2204,PA,LANGHORNE,19047
2023,"SYNDIGO LLC",0,0,2,0,54,8053,IL,CHICAGO,60602
2023,"SYNDIGO LLC",0,0,3,0,54,8053,IL,CHICAGO,60604
2023,"SYNECHRON INC",0,0,4,0,54,7033,,,
2023,"SYNECHRON INC",12,0,5,0,54,7033,GA,ATLANTA,30307
2023,"SYNECHRON INC",47,0,194,1,54,7033,NY,"NEW YORK",10036
2023,"SYNECTIKS INC",3,0,0,0,54,8378,NJ,PRINCETON,08540
2023,"SYNEOS HEALTH LLC",0,0,2,0,54,3120,,,
2023,"SYNEOS HEALTH LLC",0,0,11,0,54,3120,NC,MORRISVILLE,27560
2023,"SYNEOS HEALTH US INC",1,0,2,0,54,1734,NC,MORRISVILLE,27560
2023,"SYNER-G HOLDINGS LLC DBA SYNER-G BIOPHARMA GROUP LLC",1,0,0,0,54,1006,MA,SOUTHBOROUGH,01772
2023,"SYNEREN TECHNOLOGIES CORPORATION",0,0,1,0,54,5115,VA,ARLINGTON,22201
2023,"SYNERGY BUSINESS INNOVATION & SOLUTIONS INC",0,0,2,0,54,8665,VA,RESTON,20191
2023,"SYNERGY COMPUTER SOLUTIONS INC",0,0,3,0,54,9287,MI,"BINGHAM FARMS",48025
2023,"SYNERGY COMPUTER SOLUTIONS INC",2,0,1,0,54,9287,MI,FRANKLIN,48025
2023,"SYNERGY GLOBAL SYSTEMS INC",12,0,1,0,54,8127,IL,LIBERTYVILLE,60048
2023,"SYNERGY GLOBAL TECHNOLOGIES INC",0,0,5,0,54,8228,NJ,SOMERSET,08873
2023,"SYNERGY SOFTWARE SOLUTIONS INC",0,0,2,0,54,2536,MN,"EDEN PRAIRIE",55347
2023,"SYNERGY TECHNOLOGIES LLC",0,0,6,0,54,0819,FL,"FORT LAUDERDALE",33324
2023,"SYNERGY TECHNOLOGIES LLC",0,0,1,0,54,0819,FL,PLANTATION,33324
2023,"SYNERSYS TECHNOLOGIES INC",1,0,6,1,54,2675,TX,"CEDAR PARK",78613
2023,"SYNERZY SOFTWARE SOLUTIONS INC",4,0,0,0,54,0475,NJ,MARLBORO,07746
2023,"SYNGENTA CROP PROTECTION LLC",0,0,1,0,54,1572,,,
2023,"SYNGENTA CROP PROTECTION LLC",1,0,8,0,54,1572,NC,GREENSBORO,27409
2023,"SYNMETA LLC",3,0,0,0,54,0544,IL,CHICAGO,60601
2023,"SYNNEFO SOLUTIONS LLC",1,0,0,0,54,3167,TX,GRAPEVINE,76051
2023,"SYNOLIGO BIOTECHNOLOGIES INC",0,0,1,0,54,6281,NC,MORRISVILLE,27560
2023,"SYNOPSYS INC",5,0,105,4,54,6236,CA,"MOUNTAIN VIEW",94043
2023,"SYNOPSYS INC",0,0,2,0,54,6236,,,
2023,"SYNOPTEK LLC",5,0,1,0,54,1703,CA,IRVINE,92612
2023,"SYNOPTICIT LLC",1,0,0,0,54,4171,KS,"OVERLAND PARK",66211
2023,"SYNOVASOFT INC",14,1,0,0,54,1306,NJ,PRINCETON,08540
2023,"SYNPULSE USA INC",1,0,3,0,54,9827,NY,"NEW YORK",10004
2023,"SYNTAIN TECHNOLOGIES LLC",3,0,0,0,54,7143,TX,DALLAS,75208
2023,"SYNTASA CORPORATION",0,0,1,0,54,8031,VA,"MC LEAN",22102
2023,"SYNTAX SYSTEMS USA LP",0,0,3,0,54,4476,NC,MORRISVILLE,27560
2023,"SYNTAX TECHNOLOGIES LLC",1,0,0,0,54,3817,TX,PLANO,75023
2023,"SYNTECH SOFT INC",0,0,2,0,54,2677,NJ,PISCATAWAY,08854
2023,"SYNTELLI SOLUTIONS INC",0,0,1,0,54,8700,NC,CHARLOTTE,28277
2023,"SYNTERACT INC",0,0,0,1,54,,CA,CARLSBAD,92010
2023,"SYNTHEGO CORPORATION",0,0,1,0,54,9518,CA,"REDWOOD CITY",94063
2023,"SYNTHEKINE INC",0,0,1,0,54,6011,CA,"MENLO PARK",94025
2023,"SYNTHESIS SYSTEMS INC",0,0,3,0,54,1275,CA,CUPERTINO,95014
2023,"SYNTHETICS FOR MANAGEMENT DECISIONS INC",0,0,1,0,54,4380,VA,ARLINGTON,22209
2023,"SYRAINFOTEK LLC DBA CLOUDQ",0,0,1,0,54,8451,,,
2023,"SYRAINFOTEK LLC DBA CLOUDQ",1,1,29,1,54,8451,GA,ALPHARETTA,30004
2023,"SYRENCLOUD INC",4,0,0,1,54,8448,WA,BELLEVUE,98007
2023,"SYRUP TECH INC",2,0,0,0,54,6136,NY,"NEW YORK",10013
2023,"SYSARC INFOMATIX PVT LTD",0,0,2,0,54,8525,TX,MCKINNEY,75070
2023,"SYSARCH INC",0,0,2,0,54,1760,GA,ALPHARETTA,30005
2023,"SYSAZZLE INC",0,0,0,1,54,7644,AZ,PHOENIX,85048
2023,"SYSCOM GLOBAL SOLUTIONS INC",0,0,2,0,54,7071,NY,"NEW YORK",10006
2023,"SYSDIG INC",0,0,2,0,54,5866,CA,"SAN FRANCISCO",94105
2023,"SYSERCO INC.",0,0,2,0,54,9546,CA,FREMONT,94539
2023,"SYSINTEL INC",0,0,3,0,54,4971,SC,EASLEY,29642
2023,"SYSINTELLI INC",1,0,10,0,54,5291,VA,"MC LEAN",22102
2023,"SYSINTELLI INC",4,0,4,0,54,5291,VA,TYSONS,22102
2023,"SYSKA HENNESSY GROUP INC",0,0,1,0,54,6976,NY,"NEW YORK",10036
2023,"SYSKOPLAN REPLY LLC",0,0,1,0,54,1785,PA,MALVERN,19355
2023,"SYSLEADS INC",0,0,0,1,54,1760,TX,HOUSTON,77099
2023,"SYSLOGIC INC",0,0,0,1,54,2556,WI,BROOKFIELD,53005
2023,"SYSPLUS TECHNOLOGY SOLUTIONS LLC",1,0,0,0,54,7103,TX,PLANO,75074
2023,"SYSPRO IT SOLUTIONS INC",0,0,0,1,54,8692,GA,DULUTH,30097
2023,"SYSRS IT SERVICES LLC",10,1,0,0,54,4299,MD,COLUMBIA,21044
2023,"SYSSOL INC",2,1,4,0,54,0204,NJ,PISCATAWAY,08854
2023,"SYSSTEK LLC",3,1,0,0,54,9567,GA,CUMMING,30040
2023,"SYSTECH INTERNATIONAL INC",1,0,1,0,54,6682,NJ,PRINCETON,08540
2023,"SYSTECH SOLUTIONS INC",0,1,0,0,54,1150,VA,CHANTILLY,20152
2023,"SYSTECH SOLUTIONS INC",1,0,0,0,54,2265,,,
2023,"SYSTECH SOLUTIONS INC",0,0,5,0,54,2265,CA,GLENDALE,91203
2023,"SYSTECHCORP INC",0,0,1,0,54,5717,NJ,"S PLAINFIELD",07080
2023,"SYSTECHCORP INC",0,0,22,0,54,5717,NJ,"SOUTH PLAINFIELD",07080
2023,"SYSTEK INC",1,0,0,0,54,8780,MN,MINNEAPOLIS,55437
2023,"SYSTEL INC",3,0,0,0,54,4302,GA,ALPHARETTA,30022
2023,"SYSTEM AUTOMATION CORP",0,0,1,0,54,9870,,,
2023,"SYSTEM INTEGRITY ENGINEERING,INC. (D.B.A.STRUCTURAL INTEGRITY ENGINEERING ,INC.)",0,0,2,0,54,0868,CA,CHATSWORTH,91311
2023,"SYSTEM SOFT TECHNOLOGIES LLC",0,0,4,0,54,3134,,,
2023,"SYSTEM SOFT TECHNOLOGIES LLC",21,0,48,3,54,3134,VA,HERNDON,20171
2023,"SYSTEM1 OPCO LLC",1,0,0,0,54,7353,CA,"LOS ANGELES",90066
2023,"SYSTEMART LLC",0,0,1,0,54,3266,NJ,PARSIPPANY,07054
2023,"SYSTEMATES INC",0,0,1,0,54,2943,TX,RICHARDSON,75080
2023,"SYSTEMATIX INFOTECH INC",1,0,0,0,54,4616,NC,CHARLOTTE,28277
2023,"SYSTEMDOMAIN INC",0,0,1,0,54,5488,IL,WARRENVILLE,60555
2023,"SYSTEMONEX INC",12,2,0,0,54,6989,MA,MELROSE,02176
2023,"SYSTEMS AND SOLUTIONS LLC",8,0,0,0,54,0223,TX,HOUSTON,77056
2023,"SYSTEMS MANAGEMENT CONSULTING LLC",0,1,0,0,54,2420,CT,"EAST HARTFORD",06108
2023,"SYSTEMS STAFFING GROUP INC",1,0,0,0,54,5283,PA,NORRISTOWN,19401
2023,"SYSTEMS TECHNOLOGY GROUP INC",0,0,2,0,54,2369,,,
2023,"SYSTEMS TECHNOLOGY GROUP INC",0,0,32,0,54,2369,MI,TROY,48084
2023,"SYSTEMSOFT INC",6,0,0,0,54,2862,DC,WASHINGTON,20004
2023,"SYSWISE LLC",1,0,0,0,54,0063,,,
2023,"SYSWISE LLC",2,1,2,0,54,0063,TX,"ROUND ROCK",78681
2023,"SZ & ASSOCIATES CPA INC",0,0,1,0,54,2910,CA,CHINO,91708
2023,"T AND T CONSULTING SERVICES INC",0,0,2,0,54,5234,VA,"FALLS CHURCH",22046
2023,"T L BROWN LAW FIRM P C",0,0,1,0,54,2282,CA,"SAN DIEGO",92108
2023,"T SYSTEMS NORTH AMERICA INC",0,0,1,0,54,1176,IL,"DOWNERS GROVE",60515
2023,"T Y LIN INTERNATIONAL",0,0,3,0,54,8707,CA,"SAN FRANCISCO",94104
2023,"T3 SOLUTIONS",0,0,3,0,54,7289,TX,DALLAS,75244
2023,"TAAL TECHNOLOGIES INC",6,0,0,0,54,4379,TX,"THE WOODLANDS",77380
2023,"TAAL TECHNOLOGIES INC",5,0,7,0,54,4379,TX,SPRING,77380
2023,"TABNER INC",22,1,22,0,54,8215,NC,CHARLOTTE,28262
2023,"TABOOLA INC",0,0,2,0,54,1449,NY,"NEW YORK",10010
2023,"TACHYON TECHNOLOGIES LLC",0,0,1,0,54,0263,,,
2023,"TACHYON TECHNOLOGIES LLC",8,0,4,0,54,0263,TX,SOUTHLAKE,76092
2023,"TACTILE DESIGN GROUP LLC D/B/A THE TACTILE GROUP",0,0,1,0,54,7979,PA,PHILADELPHIA,19103
2023,"TACTIVA THERAPEUTICS INC",0,0,1,0,54,2095,NY,BUFFALO,14202
2023,"TADA COGNITIVE SOLUTIONS LLC DBA TADA NOW",1,0,4,0,54,6812,IL,PEORIA,61602
2023,"TAE I KIM ARCHITECT PA",1,0,0,0,54,2567,NJ,"FORT LEE",07024
2023,"TAE LIFE SCIENCES US LLC",0,0,1,0,54,0164,CA,"FOOTHILL RANCH",92610
2023,"TAE POWER MANAGEMENT LLC",0,0,6,0,54,3871,CA,"FOOTHILL RANCH",92610
2023,"TAE POWER MANAGEMENT LLC",0,0,1,0,54,3871,CA,"FOOTHILL RNCH",92610
2023,"TAG INFORMATION TECHNOLOGY SERVICES",2,0,0,0,54,3046,VA,CHANTILLY,20152
2023,"TAGBOARD INC",0,0,1,0,54,5444,WA,REDMOND,98052
2023,"TAGMA SOLUTIONS INC",0,0,1,0,54,9158,VA,FAIRFAX,22030
2023,"TAH FOUNDATION",1,0,0,0,54,2928,CA,IRVINE,92606
2023,"TAI ENGINEERS LLC",2,0,1,0,54,0407,LA,"NEW ORLEANS",70122
2023,"TAICHI GRAPHICS LLC",0,0,1,0,54,3845,CA,"SAN JOSE",95128
2023,"TAIEB & ASSOCIATES INC",1,0,0,0,54,0496,CA,"BEVERLY HILLS",90211
2023,"TAILOS INC",0,0,1,0,54,2248,TX,AUSTIN,78744
2023,"TAITCONSULTINGGROUP LLC",0,0,3,0,54,7600,TX,PLANO,75023
2023,"TAJ TECHNOLOGIES INC",0,1,0,0,54,4592,MN,BLOOMINGTON,55425
2023,"TAKARA BIO USA INC",0,0,1,0,54,5190,,,
2023,"TAKARA BIO USA INC",0,0,1,0,54,5190,CA,"SAN JOSE",95131
2023,"TAKE ENTERPRISE SERVICES INC",1,0,4,0,54,7045,NJ,PRINCETON,08540
2023,"TAKEO TECH LLC",1,0,5,0,54,4422,NY,"NEW YORK",10018
2023,"TAL SEARCH GROUP INC",0,0,1,0,54,5204,,,
2023,"TALAM BIOTECH INC",0,0,1,0,54,4326,MD,GAITHERSBURG,20879
2023,"TALANTON TECHNOLOGIES INC",0,0,1,0,54,6531,TX,PLANO,75024
2023,"TALBERT & BRIGHT INC",0,0,1,0,54,4376,NC,WILMINGTON,28405
2023,"TALEND INC",0,0,8,1,54,7693,CA,"SAN MATEO",94402
2023,"TALENT IT SERVICES INC",0,0,8,0,54,4995,CT,MANCHESTER,06042
2023,"TALENT TECH SOLUTIONS INC",1,0,0,0,54,5427,TX,FRISCO,75034
2023,"TALENT WORLDWIDE INC DBA TALENT INC",0,0,1,0,54,3754,NY,"NEW YORK",10170
2023,"TALENT4CONSULTING LLC",3,0,0,0,54,8845,CA,FREMONT,94538
2023,"TALENT9 INC",0,0,2,0,54,5152,MI,FARMINGTON,48335
2023,"TALENT9 INC",0,0,7,0,54,5152,MI,"FARMINGTON HILLS",48335
2023,"TALENTECH CONSULTING LLC",0,0,1,0,54,5486,NJ,"MONMOUTH JUNCTION",08852
2023,"TALENTECH DIGITAL LLC",1,0,0,0,54,8218,VA,RESTON,20190
2023,"TALENTED IT INC",2,0,5,0,54,4193,IL,NAPERVILLE,60563
2023,"TALENTFLY INC",5,0,1,0,54,3719,CA,"SANTA CLARA",95054
2023,"TALENTIT GROUP LLC",0,0,1,0,54,5222,MI,LIVONIA,48152
2023,"TALENTMATRIX INC",0,0,1,0,54,2146,IN,INDIANAPOLIS,46204
2023,"TALENTNEURON LLC",0,0,1,0,54,8110,NY,"NEW YORK",10022
2023,"TALENTUM GROUP",1,0,0,0,54,0529,TX,AUSTIN,78750
2023,"TALIS CLINICAL LLC",0,0,1,0,54,5066,OH,STREETSBORO,44241
2023,"TALISMAN CONSULTING LLC",1,0,0,0,54,4488,OK,"OKLAHOMA CITY",73120
2023,"TALON AEROLYTICS HOLDINGS INC",0,0,1,0,54,0029,GA,"WEST POINT",31833
2023,"TALOS TRADING INC",0,0,1,0,54,8616,NY,"NEW YORK",10003
2023,"TALTEAM INC",0,0,2,0,54,4575,VA,HERNDON,20171
2023,"TAMMINA INFOTECH INC",3,0,0,0,54,3927,TX,FRISCO,75035
2023,"TAN & ASSOCIATES INC",0,0,1,0,54,2459,MD,CATONSVILLE,21228
2023,"TANA SYSTEMS INC",11,0,0,0,54,0793,MT,"WOLF CREEK",59648
2023,"TANDEMAI USA LLC",0,0,2,0,54,1578,NY,"NEW YORK",10036
2023,"TANGENSIS INC",0,0,10,0,54,8317,TX,IRVING,75062
2023,"TANGENT SERVICES CORPORATION",0,0,1,0,54,8852,GA,ALPHARETTA,30005
2023,"TANGENT SERVICES CORPORATION",4,0,0,0,54,8852,GA,CUMMING,30040
2023,"TANGERINE INNOVATION HOLDING INC",1,0,0,0,54,1450,CA,"MENLO PARK",94025
2023,"TANGLE SYSTEMS LLC",0,0,2,1,54,4164,GA,ROSWELL,30075
2023,"TANISHA SYSTEMS INC",0,0,1,0,54,9348,,,
2023,"TANISHA SYSTEMS INC",10,0,16,0,54,9348,NJ,ISELIN,08830
2023,"TANNER LAW OFFICES LLC",0,0,1,0,54,8720,PA,"CAMP HILL",17011
2023,"TANPRO TECHNOLOGIES LLC",1,0,0,0,54,3855,TX,KATY,77450
2023,"TANVI IT  SOLUTIONS INC",0,0,1,0,54,5843,VA,CHANTILLY,20151
2023,"TANVI IT SOLUTIONS INC",1,0,5,0,54,5843,VA,CHANTILLY,20151
2023,"TANZO TECHNOLOGIES LLC",1,0,0,0,54,9718,GA,ALPHARETTA,30009
2023,"TAP INNOVATIONS LLC",1,0,0,0,54,4540,TX,IRVING,75063
2023,"TAPESTRY SOLUTIONS INC",0,0,0,1,54,9297,CA,"SAN DIEGO",92121
2023,"TAPJOY INC",0,0,1,0,54,2389,CA,"SAN FRANCISCO",94111
2023,"TAPROOT SOLUTIONS INC",1,0,14,0,54,7863,TX,AUSTIN,78734
2023,"TAPROOT SOLUTIONS INC",0,0,1,0,54,7863,,,
2023,"TARANA WIRELESS INC",8,1,0,0,54,7702,CA,MILPITAS,95035
2023,"TARDUS INC",2,1,0,0,54,6475,TX,IRVING,75062
2023,"TARGET HEALTH LLC",0,0,1,0,54,5576,NJ,CARLSTADT,07072
2023,"TARGET LABS INC",0,0,1,0,54,5892,VA,VIENNA,22182
2023,"TARUN TECHNOLOGIES INC",3,0,0,0,54,9797,TX,CARROLLTON,75006
2023,"TASACOM TECHNOLOGIES INC",2,0,0,0,54,6158,TX,DALLAS,75240
2023,"TATA CONCULTANCY SVCS LTD",0,0,1,0,54,9806,MD,ROCKVILLE,20850
2023,"TATA CONSULTANCY SVCS LTD",676,39,2989,149,54,9806,MD,ROCKVILLE,20850
2023,"TATA CONSULTANCY SVCS LTD",0,0,1,0,54,9608,MD,ROCKVILLE,20850
2023,"TATA CONSULTANCY SVCS LTD",0,0,1,0,54,9809,MD,ROCKVILLE,20850
2023,"TATA CONSULTANCY SVCS LTD",1,0,97,0,54,9806,,,
2023,"TATA CONSULTANCY SVCS LTD",0,0,1,0,54,9806,MD,ROCKVILLE,20850
2023,"TATA CONSULTANCY SVCS LTD",0,0,1,0,54,9806,MD,ROCKVILLE,20850
2023,"TATA CONSULTANCY SVCS LTD",0,0,1,1,54,9806,DC,WASHINGTON,20580
2023,"TATA CONSULTANCY SVCS LTD",0,0,1,0,54,9806,MD,ROCKVILLE,20850
2023,"TATA CONSULTANCY SVCS LTD",1,0,0,0,54,9806,MD,BETHESDA,20817
2023,"TATA CONSULTANCY SVCS LTD",0,0,1,0,54,9806,MD,ROCKVILLE,20850
2023,"TATA CONSULTANCY SVCS LTD",0,0,1,0,54,9806,MD,POTOMAC,20859
2023,"TATA CONSULTANCY SVCS LTD",0,0,1,0,54,3806,MD,ROCKVILLE,20850
2023,"TATA CONSULTANCY SVCS LTD",1,0,0,0,54,9806,MD,ROCKVILLE,20820
2023,"TATA CONSULTANCY SVCS LTD",0,0,3,0,54,9086,MD,ROCKVILLE,20850
2023,"TATA ELXSI LIMITED",46,0,46,0,54,3083,CA,"SANTA CLARA",95051
2023,"TATA TECHNOLOGIES INC",9,1,37,0,54,4508,MI,DETROIT,48202
2023,"TATA TECHNOLOGIES INC",0,0,1,0,54,4508,TX,"SAN ANTONIO",78202
2023,"TATVAM TECHNOLOGIES INC",1,0,0,0,54,9358,PA,HARRISBURG,17112
2023,"TAULIA LLC",0,0,4,0,54,6424,CA,"SAN FRANCISCO",94103
2023,"TAVANT TECHNOLOGIES INC",0,0,2,0,54,7172,,,
2023,"TAVANT TECHNOLOGIES INC",13,1,40,1,54,7172,CA,"SANTA CLARA",95054
2023,"TAX DEFENSE NETWORK LLC",0,0,1,0,54,6885,FL,JACKSONVILLE,32256
2023,"TAX4YOU CORP",1,0,0,0,54,9287,CT,TORRINGTON,06790
2023,"TAXACT INC",0,0,5,1,54,0199,TX,COPPELL,75019
2023,"TAXBIT INC",0,0,1,0,54,6436,,,
2023,"TAXBIT INC",0,0,7,0,54,6436,UT,DRAPER,84020
2023,"TAXPANDA INC",0,0,2,0,54,1267,NY,"NEW YORK",10123
2023,"TAYLOR & SYFAN CONSULTING ENGINEERS INC DBA T & S STRUCTURAL",0,0,1,0,54,6685,CA,"SAN LUIS OBISPO",93401
2023,"TAYS INC",0,0,1,0,54,6998,MD,"GWYNN OAK",21207
2023,"TBC THE BORING COMPANY",0,0,3,0,54,9443,TX,BASTROP,78602
2023,"TBH MARKETING & CONSULTING INC",0,0,1,0,54,3560,CA,"HACIENDA HEIGHTS",91745
2023,"TBNG INC DBA VANCORD",0,0,2,0,54,7510,CT,MILFORD,06460
2023,"TBWA WORLDWIDE INC",1,0,0,0,54,0503,NY,"NEW YORK",10022
2023,"TC CENTRAL INC",1,0,0,0,54,2017,MI,WATERFORD,48328
2023,"TCG DIGITAL SOLUTIONS LLC",1,0,6,0,54,3321,NJ,SOMERSET,08873
2023,"TCG GREENCHEM INC",0,0,1,0,54,1535,NJ,TRENTON,08628
2023,"TCI CRM LLC DBA TECHNOLAB CRM",0,0,0,1,54,8354,GA,ATLANTA,30342
2023,"TCOGNITION INC",1,2,0,0,54,6122,NY,BOSTON,02119
2023,"TCRCURE BIOPHARMA CORP",0,0,2,0,54,2492,NC,DURHAM,27709
2023,"TCS E SERVE INTERNATIONAL LIMITED",0,0,1,0,54,6173,MD,ROCKVILLE,20850
2023,"TDK LAMBDA AMERICAS INC",0,0,1,0,54,8025,NJ,NEPTUNE,07753
2023,"TDK TECHNOLOGIES LLC",0,0,1,0,54,1846,MO,CHESTERFIELD,63017
2023,"TDN2K LLC DBA BLACK BOX INTELLIGENCE",0,0,1,0,54,9917,,,
2023,"TDS OPERATING INC",0,0,1,0,54,2839,FL,ORLANDO,32809
2023,"TEAGUE NALL AND PERKINS INC",0,0,1,0,54,5991,,,
2023,"TEAGUE NALL AND PERKINS INC",0,0,3,0,54,5991,TX,"FORT WORTH",76137
2023,"TEAM METRIC INC",0,0,1,0,54,3111,CA,"SAN JOSE",95131
2023,"TEAM TRANQUIL INC",7,0,1,0,54,5185,NJ,FAIRFIELD,07004
2023,"TEAMITSERVE INC",1,1,7,0,54,8239,TX,IRVING,75038
2023,"TEAMSUCCESS LLC DBA HIED SUCCESS",3,0,0,0,54,7902,GA,ALPHARETTA,30005
2023,"TEAMWORK IT SOLUTIONS INC",0,0,2,0,54,9339,CT,DANBURY,06810
2023,"TEC GROUP INC",1,0,4,0,54,7196,MI,TROY,48083
2023,"TECAN GENOMICS INC",0,0,1,0,54,,CA,"REDWOOD CITY",94063
2023,"TECH  ORBIT LLC",3,0,0,0,54,4031,TX,MCKINNEY,75070
2023,"TECH ABSTRACTOR LLC",2,0,0,0,54,7981,TX,DALLAS,75234
2023,"TECH ABSTRACTOR LLC",3,0,0,0,54,7981,TX,"FARMERS BRANCH",75234
2023,"TECH AMERICA CONSULTING INC",0,0,1,0,54,3122,TX,ALLEN,75013
2023,"TECH APEX SOLUTIONS INC",1,0,0,0,54,8373,MI,"FARMINGTN HLS",48335
2023,"TECH APEX SOLUTIONS INC",14,1,4,1,54,8373,TX,IRVING,75063
2023,"TECH BRAINS SOLUTIONS INC",1,0,2,0,54,7086,NJ,SOMERSET,08873
2023,"TECH CLUB INC",0,0,8,0,54,8646,IL,LINCOLNSHIRE,60069
2023,"TECH DELEGATES INC",0,0,1,0,54,4052,NJ,PISCATAWAY,08854
2023,"TECH DELEGATES INC",1,0,0,0,54,4052,NJ,EDISON,08820
2023,"TECH DYNAMIX IT SERVICES LLC",1,0,0,0,54,5633,MA,WESTBOROUGH,01581
2023,"TECH ETERNITY CORP",0,0,1,0,54,9602,NY,FLUSHING,11354
2023,"TECH FABRIC LLC",1,0,0,0,54,6698,AZ,GILBERT,85295
2023,"TECH GLOBAL LLC",0,0,1,0,54,5420,TX,ALLEN,75013
2023,"TECH INSPIRON LLC",0,0,2,0,54,4496,PA,"BALA CYNWYD",19004
2023,"TECH IT SOLUTIONS INC",2,0,8,0,54,3633,TX,HOUSTON,77099
2023,"TECH IT SOLUTIONS INC",0,0,1,0,54,3633,,,
2023,"TECH JOB AID LLC",0,0,1,0,54,3214,NC,"FUQUAY VARINA",27526
2023,"TECH KART LLC",1,0,0,0,54,1848,IN,"SOUTH BEND",46637
2023,"TECH MAHINDRA AMERICAS INC",0,0,1,2,54,2696,WY,SHERIDAN,82801
2023,"TECH MAHINDRA AMERICAS INC",0,0,2,0,54,8334,NJ,BEDMINSTER,07921
2023,"TECH MAHINDRA AMERICAS INC",3,0,10,0,54,2696,,,
2023,"TECH MAHINDRA AMERICAS INC",0,0,0,4,54,2696,CA,"SANTA CLARA",95054
2023,"TECH MAHINDRA AMERICAS INC",309,2,391,1,54,2696,NJ,BEDMINSTER,07921
2023,"TECH MAHINDRA CERIUM SYSTEMS INC",9,1,6,1,54,8792,CA,"SAN JOSE",95110
2023,"TECH MAHINDRA TECHNOLOGIES INC",2,0,5,1,54,8063,NJ,BEDMINSTER,07921
2023,"TECH NET INC",0,0,1,0,54,7884,,,
2023,"TECH NET INC",0,0,5,0,54,7884,CA,FOLSOM,95630
2023,"TECH PUNDITS INC",4,0,7,0,54,7934,NJ,"NORTH BRUNSWICK",08902
2023,"TECH PUNDITS INC",1,0,0,0,54,7934,NJ,"N BRUNSWICK",08902
2023,"TECH RABBIT INC DBA TECH FIREFLY",0,0,1,0,54,5953,CA,"SANTA CLARA",95054
2023,"TECH RAKERS INC",0,0,1,0,54,8464,,,
2023,"TECH RAKERS INC",0,0,4,0,54,8464,LA,LAFAYETTE,70508
2023,"TECH SMART SOLUTIONS LLC",0,0,1,0,54,9303,NJ,"JERSEY CITY",07306
2023,"TECH TALENT LLC",3,0,0,0,54,1850,CO,"COLORADO SPRINGS",80903
2023,"TECH TAMMINA LLC",1,0,9,0,54,3658,VA,CHANTILLY,20151
2023,"TECH20 SOLUTIONS INC",0,0,1,0,54,7114,MD,GERMANTOWN,20874
2023,"TECHAFFINITY INC",1,0,0,0,54,8882,FL,TAMPA,33647
2023,"TECHAHOLIC SOFT LLC",0,1,0,0,54,7434,FL,JACKSONVILLE,32256
2023,"TECHALPHA LLC",3,0,5,0,54,7763,TX,MCKINNEY,75072
2023,"TECHASPECT SOLUTIONS LLC",4,0,0,0,54,4666,CA,NEWARK,94560
2023,"TECHASPECT SOLUTIONS LLC",0,0,3,0,54,4666,MI,TROY,48084
2023,"TECHASPECT SOLUTIONS LLC",0,0,1,0,54,4666,MI,TROY,48104
2023,"TECHASPECT SOLUTIONS LLC",0,0,1,0,54,4666,,,
2023,"TECHBITS INC",1,0,0,0,54,0334,TX,IRVING,75039
2023,"TECHCHOIR INC",2,0,0,0,54,7475,TX,FRISCO,75035
2023,"TECHCONNECT INC",0,0,1,0,54,2989,GA,CUMMING,30041
2023,"TECHDAPT LLC",0,0,3,0,54,5785,TX,SOUTHLAKE,76092
2023,"TECHDATA SERVICE COMPANY LLC",0,0,13,0,54,4123,PA,"KING OF PRUSSIA",19406
2023,"TECHDATA SERVICE COMPANY LLC",0,0,2,0,54,4123,PA,"KNG OF PRUSSA",19406
2023,"TECHDEMOCRACY LLC",1,0,9,0,54,2045,NJ,PISCATAWAY,08854
2023,"TECHDIGITAL CORPORATION",0,0,0,1,54,3264,MN,BURNSVILLE,55306
2023,"TECHEMPO INC",0,0,2,0,54,6897,TX,DALLAS,75234
2023,"TECHFIELD LLC",0,0,1,0,54,3682,GA,ATLANTA,30339
2023,"TECHFIOS INCORPORATED",0,1,0,0,54,7596,TX,CARROLLTON,75006
2023,"TECHFLURRY SOLUTIONS LLC",9,2,2,0,54,3395,AZ,PHOENIX,85022
2023,"TECHFLURRY SOLUTIONS LLC",1,0,2,1,54,3395,AZ,PHOENIX,85023
2023,"TECHGENE SOLUTIONS LLC",0,0,1,0,54,0815,TX,IRVING,75039
2023,"TECHGIRD SYSTEMS LLC",0,0,1,0,54,5438,TX,FRISCO,75034
2023,"TECHGLOBAL SYSTEMS INC",1,0,1,0,54,7162,CA,MILPITAS,95035
2023,"TECHGLOBE INC",0,0,3,0,54,0673,TX,IRVING,75063
2023,"TECHGRID INC",1,2,0,0,54,6842,DE,WILMINGTON,19810
2023,"TECHGROUP AMERICA INC",3,0,2,0,54,8247,NY,BALDWIN,11510
2023,"TECHIE ASSOCIATES LLC",6,0,5,0,54,8840,FL,JACKSONVILLE,32223
2023,"TECHIE BRAINS INCORPORATED",0,0,1,0,54,5316,IL,MCLEAN,61761
2023,"TECHIE BRAINS INCORPORATED",5,0,1,0,54,5316,IL,NORMAL,61761
2023,"TECHILA GLOBAL SERVICES LLC",5,0,0,0,54,9652,FL,"BOCA RATON",33432
2023,"TECHINTELLI SOLUTIONS INC",1,0,2,0,54,0874,TX,DALLAS,75254
2023,"TECHIONS LLC",0,0,1,0,54,0208,CA,MILPITAS,95035
2023,"TECHIQ SOLUTIONS INC",2,0,0,0,54,3886,TX,IRVING,75038
2023,"TECHJORDAN LLC",1,0,0,0,54,4799,MI,BELLEVILLE,48111
2023,"TECHKUBER LLC",1,0,0,0,54,6302,LA,METAIRIE,70001
2023,"TECHLANCE IT INC",7,1,0,0,54,3958,TX,"MISSOURI CITY",77459
2023,"TECHLANCE SOLUTIONS INC",6,0,4,0,54,1561,TX,HOUSTON,77057
2023,"TECHLIGENT SYSTEMS INC",0,0,2,0,54,0580,VA,VIENNA,22182
2023,"TECHLOGIX INC",4,0,0,0,54,0314,MA,WOBURN,01801
2023,TECHMAGIX,0,0,1,0,54,3988,TX,IRVING,75038
2023,"TECHMATRIX INC",1,0,2,0,54,2192,NJ,"NORTH BRUNSWICK",08902
2023,"TECHMATRIX INC",0,0,7,0,54,2192,NJ,PLAINSBORO,08536
2023,"TECHMILEAGE SOFTWARE SOLUTIONS LLC DBA SCIATA",1,0,6,0,54,4634,AZ,SCOTTSDALE,85251
2023,"TECHMIND SOFTWARE SOLUTIONS LLC",1,0,0,0,54,9808,NH,NASHUA,03062
2023,"TECHMINDS GROUP LLC",5,0,3,0,54,7134,NJ,PLAINSBORO,08536
2023,"TECHMINERS LLC",1,0,0,0,54,3458,TX,MCKINNEY,75071
2023,"TECHMORGONITE SOFTWARE SOLUTIONS LLC",0,0,1,0,54,2075,,,
2023,"TECHMORGONITE SOFTWARE SOLUTIONS LLC",4,0,0,0,54,2075,MA,LAWRENCE,01843
2023,"TECHMYNDS INC",0,0,1,0,54,4399,NC,CHARLOTTE,28262
2023,"TECHNAMO LLC",2,0,0,0,54,0551,VA,SPRINGFIELD,22150
2023,"TECHNICA ENGINEERING INC",0,0,1,0,54,9630,MI,WATERFORD,48327
2023,"TECHNICAL & BUSINESS CONSULTING LLC",0,0,1,0,54,2958,,,
2023,"TECHNICAL STRATEGIES INC",1,0,2,1,54,8930,VA,CHANTILLY,20151
2023,"TECHNICAL TOOLBOXES POWERTOOLS INC",0,0,1,0,54,0948,TX,HOUSTON,77042
2023,"TECHNICON DESIGN CORPORATION",0,0,1,0,54,7937,CA,"LAGUNA NIGUEL",92677
2023,"TECHNIKONS INC",0,0,1,0,54,4837,TX,PLANO,75023
2023,"TECHNILIGERNT INC",0,0,1,0,54,2675,CA,"SAN JOSE",95135
2023,"TECHNIP ENERGIES USA INC",0,0,9,3,54,6371,TX,HOUSTON,77079
2023,"TECHNIPFMC USA INC",0,0,1,1,54,2269,TX,HOUSTON,77044
2023,"TECHNIPROS LLC",2,0,2,0,54,9783,TX,PLANO,75024
2023,"TECHNIQORE SOLUTIONS INC",1,1,1,0,54,2323,NJ,MATAWAN,07747
2023,"TECHNITIA INC",1,0,0,0,54,9207,CA,"SAN RAMON",94583
2023,"TECHNIVAS LLC",1,0,0,0,54,9308,AZ,TEMPE,85284
2023,"TECHNO BYTES INC",0,0,6,0,54,2702,MA,ASHLAND,01721
2023,"TECHNO COMP INC",0,0,5,0,54,4080,NJ,PISCATAWAY,08854
2023,"TECHNO CUBES INC",0,0,1,0,54,4238,OH,"LEWIS CENTER",43035
2023,"TECHNO PRO SOLUTIONS INC",1,0,1,0,54,5862,NJ,"POMPTON PLAINS",07444
2023,"TECHNO TALENT INC",4,0,0,0,54,2125,VA,RESTON,20191
2023,"TECHNO TALENT INC",1,0,0,0,54,2125,VA,ALDIE,20105
2023,"TECHNO TASKS INC",0,0,4,0,54,7484,TX,DALLAS,75234
2023,"TECHNO TASKS INC",0,0,1,0,54,7484,TX,"FARMERS BRANCH",75234
2023,"TECHNO9 SOLUTIONS INC",1,0,7,0,54,5293,NJ,EDISON,08817
2023,"TECHNOCORP SOLUTIONS INC",6,0,7,1,54,6789,TX,HOUSTON,77056
2023,"TECHNOCRAFT SOLUTIONS LLC",0,0,3,0,54,3262,OH,HILLIARD,43026
2023,"TECHNOCRAFTS INC",0,0,1,0,54,4768,VA,CHANTILLY,20152
2023,"TECHNOCRATS DOMAIN INC",3,0,2,1,54,3568,TX,SPRING,77379
2023,"TECHNODEED LLC",1,0,15,0,54,5892,NC,MORRISVILLE,27560
2023,"TECHNODRIVE BUSINESS SOLUTIONS INC",0,0,1,0,54,0914,,,
2023,"TECHNODRIVE BUSINESS SOLUTIONS INC",1,0,0,0,54,0914,MI,"FARMINGTN HLS",48335
2023,"TECHNODRIVE BUSINESS SOLUTIONS INC",0,0,1,0,54,0914,MI,"FARMINGTON HILL",48335
2023,"TECHNODRIVE BUSINESS SOLUTIONS INC",0,0,8,0,54,0914,MI,"FARMINGTON HILLS",48335
2023,"TECHNOFLAIR SOLUTIONS LLC",1,0,0,0,54,8766,TX,DALLAS,75234
2023,"TECHNOGEN INC",0,0,1,0,54,6125,,,
2023,"TECHNOGEN INC",3,1,14,0,54,6125,VA,CHANTILLY,20151
2023,"TECHNOGRAPH INC",2,0,0,0,54,3372,MO,"SAINT CHARLES",63303
2023,"TECHNOID9 LLC",0,0,1,0,54,0146,NJ,KEARNY,07102
2023,"TECHNOLANCE IT SERVICES LLC",0,0,1,0,54,2807,KY,LOUISVILLE,40201
2023,"TECHNOLOGIA CORPORATION",3,0,0,0,54,1285,NJ,PRINCETON,08540
2023,"TECHNOLOGY CONSULTANTS INC",0,0,1,0,54,8421,MI,FARMINGTON,48334
2023,"TECHNOLOGY CONSULTANTS INC",0,0,1,0,54,8421,MI,"FARMINGTON HILLS",48334
2023,"TECHNOLOGY HUB INC",0,0,2,0,54,1768,VA,STERLING,20166
2023,"TECHNOLOGY PARTNERS INC",0,0,4,0,54,0520,MO,CHESTERFIELD,63005
2023,"TECHNOLOGY PARTNERS INC",0,0,0,1,54,2050,MO,CHESTERFIELD,63005
2023,"TECHNOLOGY RESOURCE GROUP LLC",0,0,1,0,54,9760,MI,TROY,48084
2023,"TECHNOLOGY REVOLUTIONS INC",0,0,1,0,54,6354,TX,STAFFORD,77477
2023,"TECHNOLOGY SOLUTIONS ANYWHERE LLC DBA RAADYSOFT",1,0,0,0,54,2416,MI,CANTON,48187
2023,"TECHNOLOGY SQUARE INC",2,0,3,0,54,7943,NJ,PISCATAWAY,08854
2023,"TECHNOLOGY TALENT NETWORK LLC",0,0,1,0,54,4495,VA,STERLING,20164
2023,"TECHNOMAD LLC",0,0,2,0,54,0584,FL,NAPLES,34108
2023,"TECHNOMAX LLC",7,0,8,0,54,8269,NJ,PRINCETON,08540
2023,"TECHNOPATHZ INC",3,0,0,0,54,5015,TX,LEWISVILLE,75067
2023,"TECHNOPRISM LLC",1,0,0,0,54,8840,AZ,MESA,85206
2023,"TECHNOSAI GLOBAL SOLUTIONS LLC",8,0,0,0,54,0434,OH,DELAWARE,43015
2023,"TECHNOSOFT CORPORATION DBA APEXON",0,0,1,0,54,1169,,,
2023,"TECHNOSOFT CORPORATION DBA APEXON",4,0,53,1,54,1169,MI,SOUTHFIELD,48076
2023,"TECHNOSOFT ENGINEERING INC",3,0,13,0,54,1127,NC,MORRISVILLE,27560
2023,"TECHNOSOFT GROUP INC",2,0,8,0,54,9650,TX,IRVING,75062
2023,"TECHNOSOFT SERVICES INC",3,0,5,0,54,1604,NC,MORRISVILLE,27560
2023,"TECHNOSPHERE INC",1,0,0,0,54,9968,NY,"NEW YORK",10020
2023,"TECHNOSQUARE INC",0,0,3,1,54,2482,GA,ROSWELL,30075
2023,"TECHNOSSUS LLC",0,0,1,0,54,2870,CA,IRVINE,92614
2023,"TECHNOSTAFF LLC DBA HONORVET TECHNOLOGIES",0,0,1,0,54,6410,NJ,FAIRFIELD,07004
2023,"TECHNOVA SYSTEMS INC",0,0,1,0,54,1399,WA,BOTHELL,98011
2023,"TECHNOVATORS INC",0,0,2,0,54,1911,NJ,PRINCETON,08540
2023,"TECHNOVERA INC",0,0,3,0,54,3021,TX,FRISCO,75034
2023,"TECHNOVERT SOLUTIONS INC",0,0,4,0,54,6501,WA,SEATTLE,98101
2023,"TECHNOVISION INC",1,0,2,0,54,5024,NJ,METUCHEN,08840
2023,"TECHNOVISION SOLUTION LLC",2,0,1,0,54,1043,MI,FARMINGTON,48335
2023,"TECHNOVISION SOLUTION LLC",2,0,3,0,54,1043,MI,"FARMINGTON HILLS",48335
2023,"TECHNOVISTA INC",0,0,1,0,54,5653,,,
2023,"TECHNOVIZ LLC",1,0,3,0,54,9314,WI,MADISON,53717
2023,"TECHNUF LLC",3,0,0,0,54,4380,MD,ROCKVILLE,20850
2023,"TECHNUF LLC",1,0,0,0,54,4380,MD,ROCKVILLE,20852
2023,"TECHNUMEN INC",1,0,32,0,54,1163,NJ,PISCATAWAY,08854
2023,"TECHNUMEN INC",0,0,1,0,54,1163,NJ,PISCATAWAY,08854
2023,"TECHOLUTION CONSULTING LLC",3,0,1,0,54,9829,NY,"NEW YORK",10038
2023,"TECHOPS INC",0,1,3,0,54,9776,TX,PLANO,75024
2023,"TECHORBIT INC",1,0,3,0,54,5671,TX,IRVING,75038
2023,"TECHOUTS INC",8,0,3,0,54,4228,VA,HERNDON,20171
2023,"TECHPATH INC",4,0,0,0,54,1285,TX,MCKINNEY,75070
2023,"TECHPILLARS INC",0,0,7,0,54,7406,GA,ATLANTA,30328
2023,"TECHPILLARS INC",0,0,1,0,54,7406,GA,ATLANTA,30328
2023,"TECHPRO INC",1,0,0,0,54,7822,TX,IRVING,75039
2023,"TECHPRO IT SOLUTIONS INC",0,0,1,0,54,4865,,,
2023,"TECHPRO IT SOLUTIONS INC",1,0,0,0,54,4865,NJ,PARSIPPANY,07054
2023,"TECHPRO SOLUTIONS INC",0,0,1,0,54,9092,,,
2023,"TECHPRO SOLUTIONS INC",0,1,8,0,54,9092,NJ,PLAINSBORO,08536
2023,"TECHPRONET GLOBAL SOLUTIONS INC",1,0,0,0,54,2762,TX,KATY,77494
2023,"TECHRUIT SOLUTIONS LLC",11,0,0,0,54,9469,FL,TAMPA,33612
2023,"TECHS EDGE INC",0,0,1,0,54,5088,NC,CONCORD,28025
2023,"TECHSERA INC",0,0,1,0,54,1904,GA,MARIETTA,30067
2023,"TECHSHARP INC",1,0,0,0,54,5716,MD,COLUMBIA,21045
2023,"TECHSMART GLOBAL INC",0,0,1,0,54,3516,,,
2023,"TECHSMART GLOBAL INC",1,0,23,0,54,3516,NJ,PLAINSBORO,08536
2023,"TECHSO IT LLC",0,0,1,0,54,1510,MO,"SAINT CHARLES",63304
2023,"TECHSOL CORPORATION",5,0,0,0,54,1148,NJ,PRINCETON,08540
2023,"TECHSPHERESOLUTIONS LLC",1,0,0,0,54,0770,TX,PLANO,75024
2023,"TECHSTACK SYSTEMS LLC",0,16,0,0,54,3709,TX,"FORT WORTH",76177
2023,"TECHSTAR CONSULTING INC",0,0,1,0,54,5386,,,
2023,"TECHSTAR CONSULTING INC",7,0,4,2,54,5386,TX,LEWISVILLE,75067
2023,"TECHSTER SOLUTIONS INC",2,0,0,0,54,2868,TX,IRVING,75039
2023,"TECHSTUDIO LLC",1,0,0,0,54,4532,SC,GREER,29650
2023,"TECHSUFFICE LLC",31,0,2,1,54,8289,NC,CHARLOTTE,28262
2023,"TECHSUN SOFT INC",1,0,0,0,54,8285,TX,LEWISVILLE,75056
2023,"TECHSUN SOFT INC",3,0,0,0,54,8285,TX,"THE COLONY",75056
2023,"TECHSWITCH LLC",1,0,0,0,54,7088,MI,FARMINGTON,48335
2023,"TECHTU BUSINESS SOLUTIONS INC",0,0,1,0,54,8128,CA,PLEASANTON,94588
2023,"TECHULENT SOLUTIONS INC",1,0,0,0,54,8321,NJ,PRINCETON,08540
2023,"TECHVANTAGE SYSTEMS INC.",2,0,0,0,54,5638,NJ,"MORRIS PLAINS",07950
2023,"TECHVIRTUE LLC",5,0,0,0,54,7569,TX,FRISCO,75034
2023,"TECHVISION CO",0,0,6,0,54,0021,MN,EAGAN,55123
2023,"TECHVISION CO",0,0,0,1,54,0021,MN,EGAN,55123
2023,"TECHVISION CO",0,0,3,0,54,0021,MN,"SAINT PAUL",55123
2023,"TECHVISION INC",1,0,0,0,54,9696,NC,CARY,27519
2023,"TECHWAVE CONSULTING INC",24,0,7,0,54,6135,TX,HOUSTON,77079
2023,"TECHWIHUU  LLC",1,0,1,0,54,8907,NY,"NEW YORK",10023
2023,"TECHWIN INC",3,0,0,0,54,2813,TX,SOUTHLAKE,76092
2023,"TECHWISH LLC",1,0,3,0,54,4925,VA,STERLING,20166
2023,"TECHWIZ LLC",0,0,1,0,54,6280,TX,IRVING,75063
2023,"TECHWORK FORCE LLC",11,0,0,0,54,4506,GA,SUWANEE,30024
2023,"TECHYLLA LLC",0,0,1,0,54,8979,NJ,PRINCETON,08540
2023,"TECHZION IT SOLUTIONS INC",5,0,3,0,54,0930,FL,SANFORD,32773
2023,"TECHZOID SOLUTIONS LLC",5,0,0,0,54,8790,AZ,PHOENIX,85022
2023,"TECHZON INC",2,0,0,0,54,5663,TX,PLANO,75024
2023,"TECK DYNAMICS CONSULTING LLC",0,0,1,0,54,7478,TX,SOUTHLAKE,76092
2023,"TECKFORTUNE INC",2,0,0,0,54,4930,FL,TAMPA,33637
2023,"TECKPROS LLC",10,1,9,0,54,6354,MD,COLUMBIA,21044
2023,"TECKPROS LLC",0,0,1,0,54,6354,,,
2023,"TECLADDERS INC",2,1,0,0,54,8872,NJ,MORRISTOWN,07960
2023,"TECNICS CONSULTING INC",3,0,3,0,54,8593,TX,HOUSTON,77056
2023,"TECNOTREE LLC",0,0,2,0,54,4832,DE,DOVER,19904
2023,"TECRA SYSTEMS INC",22,0,1,0,54,9614,TX,AUSTIN,78730
2023,"TECSOURCE INTERNATIONAL LLC",1,0,0,0,54,9694,AR,"NORTH LITTLE ROCK",72113
2023,"TECSOURCE INTERNATIONAL LLC",0,0,1,0,54,9694,AR,MAUMELLE,72113
2023,"TECSPIRIT CORP",0,0,1,0,54,5358,,,
2023,"TECSPIRIT CORP",2,0,4,0,54,5358,TX,"CEDAR PARK",78613
2023,"TECTON INC",0,0,4,0,54,5556,CA,"SAN FRANCISCO",94104
2023,"TECTONIC THERAPEUTIC INC",0,0,1,0,54,5003,MA,WATERTOWN,02472
2023,"TEGRIT SOFTWARE VENTURES INC",0,0,2,0,54,6830,MI,LIVONIA,48152
2023,"TEJ SOLUTIONS INC",0,0,1,0,54,2275,GA,ALPHARETTA,30005
2023,"TEJASE TECHNOLOGIES INC",1,0,0,0,54,5304,NJ,PISCATAWAY,08540
2023,"TEJASE TECHNOLOGIES INC",18,0,1,0,54,5304,NJ,PISCATAWAY,08854
2023,"TEK AMPLIFY LLC",0,0,1,0,54,9544,TX,HUTTO,78634
2023,"TEK ANALYTICS LLC",0,0,1,0,54,2320,,,
2023,"TEK ANALYTICS LLC",2,0,4,0,54,2320,IL,SCHAUMBURG,60173
2023,"TEK ASSOCIATES LLC",3,0,0,1,54,9867,OH,DUBLIN,43017
2023,"TEK EXCEL INC",3,0,3,0,54,4001,IL,ELGIN,60123
2023,"TEK GIGZ LLC",5,0,2,0,54,3145,TX,FRISCO,75035
2023,"TEK GIGZ LLC",0,0,1,0,54,3145,TX,PLANO,75023
2023,"TEK GLOBAL LLC",1,0,0,0,54,1912,MO,CHESTERFIELD,63005
2023,"TEK GLOBAL LLC",2,0,0,0,54,1912,MO,"ST LOUIS",63005
2023,"TEK INTERNATIONAL INC",0,0,2,0,54,2624,DE,MIDDLETOWN,19709
2023,"TEK IQ SOLUTIONS INC",2,5,0,0,54,8195,FL,"FORT MYERS",33907
2023,"TEK LABS INC",2,0,2,0,54,7191,MI,FARMINGTON,48335
2023,"TEK LABS INC",4,0,5,0,54,7191,MI,"FARMINGTON HILLS",48335
2023,"TEK LEADERS INC",0,0,1,0,54,3188,,,
2023,"TEK LEADERS INC",2,1,38,1,54,3188,TX,FRISCO,75035
2023,"TEK NINJAS SOLUTIONS LLC",0,0,1,0,54,7682,,,
2023,"TEK NINJAS SOLUTIONS LLC",2,0,5,0,54,7682,TX,CARROLLTON,75010
2023,"TEK ORIGIN INC",2,0,0,0,54,4562,MD,"ELLICOTT CITY",21043
2023,"TEK PYRAMIDS INC",1,0,0,1,54,2780,MI,SOUTHFIELD,48075
2023,"TEK RESOURCE INC",0,0,3,0,54,2287,NC,MATTHEWS,28104
2023,"TEK SPIKES LLC",1,0,9,0,54,1387,TX,DALLAS,75234
2023,"TEK SPIKES LLC",0,0,1,1,54,1387,TX,"FARMERS BRANCH",75234
2023,"TEK TAP LLC",1,0,0,0,54,8706,TX,FRISCO,75035
2023,"TEK TREE LLC",0,0,1,0,54,3697,,,
2023,"TEK TREE LLC",10,0,10,1,54,3697,DE,NEWARK,19711
2023,"TEK YANTRA INC",7,0,9,1,54,5042,CA,FOLSOM,95630
2023,"TEK-STAR CORPORATION",1,0,0,0,54,5951,VA,HERNDON,20171
2023,"TEKACCEL INC",0,0,2,0,54,3490,TX,PLANO,75024
2023,"TEKALLIANZ CORPORATION",1,0,3,0,54,5656,NJ,MATAWAN,07747
2023,"TEKAROON SOLUTIONS LLC",11,0,2,0,54,1580,MD,ELKRIDGE,21075
2023,"TEKASSEMBLY CORPORATION",3,0,13,0,54,9751,IL,"VERNON HILLS",60061
2023,"TEKBIZ SOLUTIONS LLC",1,0,0,0,54,2783,FL,"BOCA RATON",33431
2023,"TEKBRAVO INC",0,0,1,0,54,1483,NJ,ISELIN,08830
2023,"TEKCEL CONSULTING INC",0,0,1,0,54,1003,,,
2023,"TEKCEL CONSULTING INC",1,0,1,0,54,1003,VA,ASHBURN,20147
2023,"TEKCOMBINE INC",2,1,0,0,54,1877,TX,IRVING,75039
2023,"TEKCOMMANDS INC",0,0,1,0,54,8566,,,
2023,"TEKCOMMANDS INC",0,0,1,0,54,8566,MI,"CLINTON TOWNSHIP",48038
2023,"TEKCOMMANDS INC",0,0,2,0,54,8566,MI,TROY,48083
2023,"TEKCREW INC",1,0,1,0,54,4145,CA,"LONG BEACH",90804
2023,"TEKDELITE LLC",0,0,2,0,54,0413,MI,OKEMOS,48864
2023,"TEKDIMENSIONZ INC",0,0,1,0,54,5187,MI,NOVI,48377
2023,"TEKDOORS INC",3,0,1,0,54,9788,AZ,SCOTTSDALE,85260
2023,"TEKDOYENGROUP LLC",5,0,1,0,54,8298,IN,FISHERS,46037
2023,"TEKEMPLOI CO",0,0,1,0,54,1286,MN,MINNETONKA,55305
2023,"TEKFINITE INC",0,0,1,0,54,8688,,,
2023,"TEKFINITE INC",4,0,0,0,54,8688,NC,APEX,27502
2023,"TEKGENCE INC",0,0,12,0,54,5375,TX,IRVING,75039
2023,"TEKGENTE SOLUTIONS INC",1,0,4,0,54,2067,NJ,"SOUTH PLAINFIELD",07080
2023,"TEKGROUP LLC",0,0,12,0,54,2273,GA,ALPHARETTA,30005
2023,"TEKHOPS LLC",0,0,6,0,54,9282,MN,ANOKA,55303
2023,"TEKHQS INC",4,0,0,1,54,0866,CA,IRVINE,92620
2023,"TEKHUB INC",7,0,0,0,54,6906,NY,HAUPPAUGE,11788
2023,"TEKINFORCE INC",1,1,0,0,54,3516,TX,IRVING,75063
2023,"TEKINSPIRE LLC",3,0,1,0,54,8846,NJ,EDISON,08817
2023,"TEKINSTA INC",0,0,1,0,54,9552,,,
2023,"TEKINSTA INC",1,0,1,0,54,9552,VA,CHANTILLY,20151
2023,"TEKINTELI INC",0,0,2,0,54,3319,PA,LANGHORNE,19047
2023,"TEKINVADERZ LLC",0,0,2,0,54,2856,,,
2023,"TEKINVADERZ LLC",9,0,17,1,54,2856,IL,"ARLINGTON HEIGHTS",60005
2023,"TEKIZMA, INC.",0,0,2,0,54,9518,VA,HERNDON,20170
2023,"TEKLANE SOLUTIONS INC",0,0,2,0,54,7203,TX,IRVING,75062
2023,"TEKLINK INTERNATIONAL INC",4,0,3,0,54,2743,IL,WARRENVILLE,60555
2023,"TEKMIGHTS INC",5,1,0,0,54,0672,MD,COLUMBIA,21045
2023,"TEKNATIO INC",1,0,15,0,54,5452,NJ,PLAINSBORO,08536
2023,"TEKNICLOUD INC",0,0,1,0,54,5654,MA,NATICK,01760
2023,"TEKNISMART SOLUTIONS INC",6,0,6,0,54,1244,TX,PLANO,75074
2023,"TEKNOSYS INC",0,0,1,0,54,7677,NC,MORRISVILLE,27560
2023,"TEKNOZION INC",2,0,0,0,54,9599,FL,TAMPA,33647
2023,"TEKNOZION INC",6,0,0,0,54,9599,NJ,ISELIN,08830
2023,"TEKNXPERT LLC",2,0,2,0,54,3224,NC,CHARLOTTE,28262
2023,"TEKONE SYSTEMS INC",0,0,2,0,54,6319,TX,IRVING,75063
2023,"TEKORG INC",1,1,9,0,54,1390,VA,STERLING,20164
2023,"TEKORION INC",1,0,0,0,54,4861,TX,IRVING,75063
2023,"TEKORION INC",19,0,1,0,54,4861,TX,RICHARDSON,75080
2023,"TEKORION INC",4,0,0,0,54,4861,TX,IRVING,75038
2023,"TEKPERFEKT INC",0,0,1,0,54,4164,CA,FREMONT,94538
2023,"TEKPLANT INC",0,0,1,0,54,6633,NJ,MONROE,08831
2023,"TEKPLANT INC",0,0,1,0,54,6633,NJ,"MONROE TOWNSHIP",08831
2023,"TEKPRISMIT INC",3,0,0,0,54,7848,NC,CARY,27513
2023,"TEKPROS INC",1,0,2,0,54,3224,TX,DALLAS,75248
2023,"TEKREANT INC",3,0,6,0,54,7652,TX,IRVING,75038
2023,"TEKRELIANCE LLC",0,0,0,1,54,5962,CA,FREMONT,94538
2023,"TEKRUBIX LLC",1,0,0,0,54,8310,TX,IRVING,75039
2023,"TEKSERVS CONS LTD CO",3,1,2,0,54,7927,TX,PLANO,75024
2023,"TEKSHAPERS INC",8,0,2,0,54,2173,MI,TROY,48083
2023,"TEKSHARK INC",1,0,0,0,54,3597,TX,ADDISON,75001
2023,"TEKSKILLS INC",3,0,11,0,54,2469,NJ,PRINCETON,08540
2023,"TEKSKY LLC",0,0,7,0,54,7925,VA,STERLING,20164
2023,"TEKSOFT SYSTEMS INC",16,0,5,0,54,2859,MI,TROY,48083
2023,"TEKSPACE LLC",0,0,1,0,54,4653,FL,"WESLEY CHAPEL",33543
2023,"TEKSPIKE LLC",0,0,3,0,54,2927,TX,MCKINNEY,75070
2023,"TEKSQUILT INC",1,0,0,0,54,5363,TX,PLANO,75023
2023,"TEKSQUILT INC",4,0,0,0,54,5363,TX,PLANO,75024
2023,"TEKSTAD INC",1,0,0,0,54,4542,MD,FREDERICK,21704
2023,"TEKSTREAM SOLUTIONS LLC",0,0,1,0,54,8907,GA,ATLANTA,30338
2023,"TEKSTROM INC",0,0,6,0,54,1944,DE,WILMINGTON,19808
2023,"TEKSYNTAX INC",0,0,1,0,54,3191,VA,"FALLS CHURCH",22046
2023,"TEKSYS LLC",0,0,1,0,54,4419,GA,ALPHARETTA,30022
2023,"TEKSYSTEMS GLOBAL SERVICES LLC",13,0,26,0,54,7638,MD,HANOVER,21076
2023,"TEKSYSTEMS INC",1,0,4,1,54,0575,MD,HANOVER,21076
2023,"TEKTASTIC TECHNICAL SERVICES LLC",1,0,0,0,54,8477,AZ,PHOENIX,85029
2023,"TEKTRA IT SERVICES INC",0,0,1,0,54,1353,,,
2023,"TEKTRA IT SERVICES INC",6,0,13,0,54,1353,TX,KATY,77450
2023,"TEKVA LLC",1,0,0,0,54,2880,NJ,PRINCETON,08540
2023,"TEKVANA INC",11,0,3,0,54,1144,TX,IRVING,75039
2023,"TEKVANA INC",1,0,0,0,54,1144,TX,DALLAS,75234
2023,"TEKVIVID INC",1,0,0,0,54,0881,TX,DALLAS,75234
2023,"TEKWAY INC",0,0,1,0,54,7603,,,
2023,"TEKWAY INC",1,0,0,0,54,7603,IL,"DOWNERS GROVE",60515
2023,"TEKWISSEN LLC",1,0,1,0,54,7139,MI,"ANN ARBOR",48108
2023,"TEKWIZ LLC",1,0,0,0,54,1240,VA,ASHBURN,20170
2023,"TEKXEL LLC",1,0,0,0,54,3272,CO,"STEAMBOAT SPR",80487
2023,"TEKXEL LLC",4,1,1,0,54,3272,CO,"STEAMBOAT SPRINGS",80487
2023,"TEKXEL LLC",0,0,0,1,54,3272,,,
2023,"TEKZENIT INC",0,0,2,0,54,0480,TX,IRVING,75038
2023,"TELAID INDUSTRIES",0,0,1,0,54,6415,CT,NIANTIC,06357
2023,"TELAVERGE COMMUNICATIONS",0,0,1,0,54,9613,TX,PLANO,75025
2023,"TELECOM TECHNOLOGY SERVICES INC",0,0,1,0,54,4887,MO,"SAINT LOUIS",63141
2023,"TELECOM TECHNOLOGY SERVICES INC",0,0,13,0,54,4887,CA,PLEASANTON,94588
2023,"TELESIGN CORPORATION",0,0,3,1,54,5187,CA,"MARINA DEL REY",90292
2023,"TELETRACKING TECHNOLOGIES INC",0,0,1,0,54,8750,PA,PITTSBURGH,15222
2023,"TELEWORLD SOLUTIONS INC",4,0,6,1,54,4276,VA,CHANTILLY,20151
2023,"TELEWORLD SOLUTIONS INC",0,0,1,0,54,4276,VA,CHANTILLY,20152
2023,"TELGIAN ENGINEERING & CONSULTING LLC",0,0,1,0,54,4314,GA,ATLANTA,30339
2023,"TELGORITHM INC F/K/A TELSTRING INC",1,1,0,0,54,3208,CA,NORTHRIDGE,91325
2023,"TELIS BIOSCIENCE INC",1,0,0,0,54,5568,MA,CAMBRIDGE,02139
2023,"TELLIGEN INFOTECH INC DBA TRINE INFO",0,0,2,0,54,3753,DC,WASHINGTON,20004
2023,"TELLIUS INC",0,0,1,0,54,6950,,,
2023,"TELMA SOLUTIONS LLC",0,0,1,0,54,5168,VA,CHANTILLY,20151
2023,"TELTECH SYSTEMS INC",1,0,0,0,54,2671,NY,"NEW YORK",10001
2023,"TELUS AGRICULTURE US INC",0,0,1,0,54,6415,PA,"STATE COLLEGE",16801
2023,"TELUS AGRICULTURE US INC",0,0,1,0,54,6415,PA,"STATE COLLEGE",06801
2023,"TELUS INTERNATIONAL U S CORP",1,0,1,0,54,6610,,,
2023,"TELUS INTERNATIONAL U S CORP",5,0,5,0,54,6610,NV,"LAS VEGAS",89102
2023,"TEM SOFTWARE LLC",0,0,1,0,54,9074,PA,CANONSBURG,15317
2023,"TEMENOS USA INC",0,0,3,0,54,5373,PA,MALVERN,19355
2023,"TEMENOS USA INC",1,0,0,0,54,5353,PA,MALVERN,19355
2023,"TEMENOS USA INC",0,0,1,0,54,5373,,,
2023,"TEMO ARJANI LLP",0,0,1,1,54,9172,CA,PASADENA,91101
2023,"TEMPLAR SHIELD INC",0,0,2,0,54,4033,CA,"SAN DIEGO",92101
2023,"TEMPUS LABS INC",0,0,1,0,54,3308,,,
2023,"TEMPUS LABS INC",2,0,12,1,54,3308,IL,CHICAGO,60654
2023,"TEMPUS UNLIMITED INC",1,0,0,0,54,9746,,,
2023,"TENANT INC",0,0,1,0,54,3308,CA,"NEWPORT BEACH",92660
2023,"TENAYA THERAPEUTICS INC",1,0,0,0,54,9973,CA,"SOUTH SAN FRANCISCO",94080
2023,"TENCENT AMERICA LLC",1,0,8,0,54,8222,CA,"PALO ALTO",94306
2023,TENDELTA,0,0,1,0,54,2949,NY,"NEW YORK",10011
2023,"TENEO HOLDINGS LLC",1,0,1,0,54,1496,NY,"NEW YORK",10017
2023,"TENERITY LLC",0,0,1,0,54,2152,CT,STAMFORD,06905
2023,"TENPEARLS LLC",1,0,0,0,54,2116,VA,VIENNA,22182
2023,"TENSORIOT INC",0,0,1,0,54,9793,CA,IRVINE,92602
2023,"TENSORIOT INC",0,0,1,0,54,9793,CA,ORANGE,92868
2023,"TEOCO CORPORATION",1,0,2,0,54,7406,VA,FAIRFAX,22033
2023,"TEQLINX SOFTWARE SOLUTIONS LLC",2,0,0,0,54,6790,CA,"SAN DIEGO",92127
2023,"TEQSPHERE LLC",4,0,0,0,54,2150,SC,SANTEE,29142
2023,"TEQTRON INC",1,0,1,0,54,9616,CA,FREMONT,94539
2023,"TERABASE ENERGY INC",0,0,4,0,54,4767,CA,BERKELEY,94704
2023,"TERADATA OPERATIONS INC",5,0,19,1,54,2217,CA,"SAN DIEGO",92127
2023,"TERADATA US INC",0,0,5,0,54,6480,GA,NORCROSS,30092
2023,"TERADYNE INFOTECH INC",0,0,1,0,54,9651,MI,"FARMINGTN HLS",48335
2023,"TERADYNE INFOTECH INC",0,0,2,0,54,9651,MI,FARMINGTON,48335
2023,"TERADYNE INFOTECH INC",0,0,3,0,54,9651,MI,"FARMINGTON HILLS",48335
2023,"TERASAKI INSTITUTE FOR BIOMEDICAL INNOVATION",2,0,0,0,54,9502,CA,"LOS ANGELES",90064
2023,"TERAWE CORP",1,0,0,0,54,6578,WA,BELLEVUE,98005
2023,"TERBIUM TECHNOLOGIES INC",1,1,2,0,54,7957,TX,AUSTIN,78747
2023,"TERGUS PHARMA LLC",0,0,6,1,54,3287,NC,DURHAM,27703
2023,"TERILLIUM INC",0,0,1,0,54,8673,OH,CINCINNATI,45202
2023,"TERKIANA PC",0,0,1,0,54,7244,CA,SUNNYVALE,94086
2023,"TERRA GUIDANCE LLC",1,0,0,0,54,8034,CO,ENGLEWOOD,80110
2023,"TERRA INFORMATION GROUP INC",4,0,0,0,54,8133,IL,AURORA,60504
2023,"TERRACE CONSULTING INC",0,0,1,0,54,0694,CA,LARKSPUR,94939
2023,"TERRACON CONSULTANTS INC",2,0,7,1,54,9917,KS,OLATHE,66061
2023,"TERRAIN STUDIO INC",0,0,1,0,54,0569,CA,OAKLAND,94612
2023,"TESCRA INC",0,0,3,0,54,2239,CA,"SAN RAMON",94583
2023,"TESSERA THERAPEUTICS INC",0,1,4,0,54,8350,MA,SOMERVILLE,02143
2023,"TESSOLVEDTS INC",2,0,2,0,54,5389,CA,"SAN JOSE",95134
2023,"TEST PRODUCTS INC",0,1,0,0,54,5599,MI,"STERLING HTS",48314
2023,"TEST TRAIN DEVELOP LLC",0,0,1,0,54,7371,FL,OCALA,34471
2023,"TEST YANTRA SOFTWARE SOLUTIONS INC",3,0,0,0,54,0892,CA,"SAN JOSE",95113
2023,"TESTENGEER INC",0,0,4,0,54,1163,TX,"PORT LAVACA",77979
2023,"TESTINGXPERTS INC DBA DAMCOSOFT",1,0,0,0,54,3858,PA,MECHANICSBURG,17055
2023,"TETRA GEN LLC",2,0,0,0,54,0899,WY,CASPER,82601
2023,"TETRA SYSTEMS LLC",10,0,2,0,54,8520,WA,WOODINVILLE,98072
2023,"TETRA TECH INC",0,0,2,0,54,8514,CA,PASADENA,91107
2023,"TETRAFORZASOFT INC",0,0,1,0,54,4847,NJ,EDISON,08817
2023,"TETRASOFT INC",0,0,1,0,54,0799,MO,CHESTERFIELD,63005
2023,"TETRASOFT INC",3,0,5,1,54,0799,MO,CHESTERFIELD,63017
2023,"TETRIQ SOLUTIONS LLC",1,0,2,0,54,6009,TX,CARROLLTON,75006
2023,"TETRUS CORP",3,0,3,0,54,1974,NJ,"EAST BRUNSWICK",08816
2023,"TETRUS CORP",1,0,0,0,54,1974,NJ,"E BRUNSWICK",08816
2023,"TEXANS IT SERVICES INC",0,0,8,0,54,8695,TX,KATY,77450
2023,"TEXANS IT SERVICES INC",1,0,6,0,54,8695,TX,KATY,77494
2023,"TEXARA SOLUTIONS LLC",1,0,0,0,54,7871,TX,FRISCO,75035
2023,"TEXAS A&M AGRILIFE RESEARCH",24,0,7,2,54,0541,TX,"COLLEGE STATION",77843
2023,"TEXAS A&M AGRILIFE RESEARCH",3,0,1,0,54,0537,TX,"COLLEGE STATION",77843
2023,"TEXAS A&M AGRILIFE RESEARCH",1,0,0,0,54,0541,TX,"COLLEGE STA",77843
2023,"TEXAS A&M ENGINEERING EXPERIMENT STATION",1,0,0,0,54,4733,,,
2023,"TEXAS A&M ENGINEERING EXPERIMENT STATION",1,0,1,0,54,4733,TX,"COLLEGE STA",77843
2023,"TEXAS A&M ENGINEERING EXPERIMENT STATION",4,0,6,0,54,4733,TX,"COLLEGE STATION",77843
2023,"TEXAS A&M FOREST SERVICE",0,0,1,0,54,4065,TX,"COLLEGE STATION",77843
2023,"TEXAS A&M TRANSPORTATION INSTITUTE",7,0,7,0,54,0624,TX,"COLLEGE STATION",77843
2023,"TEXAS A&M TRANSPORTATION INSTITUTE",0,0,1,0,54,0624,TX,"COLLEGE STA",77843
2023,"TEXAS BIOMEDICAL RESEARCH INSTITUTE",0,0,2,0,54,9630,TX,"SAN ANTONIO",78227
2023,"TEXAS DEPARTMENT OF INSURANCE",0,0,1,0,54,0121,TX,AUSTIN,78711
2023,"TEXAS HEART INSTITUTE",3,0,1,0,54,3200,TX,HOUSTON,77030
2023,"TEXAS-IBI GROUP INC",1,0,1,0,54,3234,TX,HOUSTON,77289
2023,"TEXASOFT IT SOLUTION INC",6,0,2,0,54,3543,TX,PLANO,75024
2023,TEXOLV,2,0,0,0,54,7999,TX,DALLAS,75201
2023,"TEXPERTS INC",0,0,1,0,54,3931,VA,CHANTILLY,20151
2023,"TEXPERTS INC",0,0,9,0,54,3931,VA,VIENNA,22182
2023,"TEXPERTS INC",0,0,1,0,54,3937,VA,VIENNA,22182
2023,"TEXPLORERS INC",1,0,0,0,54,3288,TX,"FLOWER MOUND",75022
2023,"TEXTILE RESEARCH INSTITUTE DBA TRI PRINCETON",1,0,0,0,54,7231,NJ,PRINCETON,08540
2023,"TEZZOPS SOLUTIONS LLC",1,0,0,1,54,7760,TX,IRVING,75062
2023,"TF CUSANELLI AND FILLETTI ARCHITECTS",1,0,0,0,54,0918,NJ,HAWORTH,07641
2023,"TFC CONSULTING INC",1,0,0,0,54,7414,MD,ROCKVILLE,20850
2023,"TG AUTOMOTIVE GROUP LLC",0,0,1,0,54,0338,MI,TROY,48083
2023,"TGCS CPAS A PROFESSIONAL CORPORATION",0,0,1,0,54,5952,CA,BREA,92821
2023,"TGS MANAGEMENT COMPANY LLC",0,0,2,0,54,4199,NJ,PRINCETON,08542
2023,"TGS NOPEC GEOPHYSICAL COMPANY",0,0,2,0,54,0405,TX,HOUSTON,77041
2023,"TGS TECHNOLOGY LLC",0,0,1,0,54,7526,NC,WAXHAW,28173
2023,"THA CONSULTING INC",0,0,1,0,54,6408,PA,"BLUE BELL",19422
2023,"THALES AVIONICS INC",1,0,9,0,54,2365,TX,AUSTIN,78759
2023,"THALES DIS CPL USA INC",0,0,2,0,54,7752,TX,AUSTIN,78759
2023,"THALES DIS USA INC",0,0,4,0,54,4023,TX,AUSTIN,78759
2023,"THALES TRANSPORT & SECURITY INC",0,0,1,0,54,6888,TX,AUSTIN,78759
2023,"THARSTERN INC",1,0,0,0,54,7454,GA,KENNESAW,30144
2023,"THE 400 PEOPLE INC",0,0,1,0,54,7022,TX,FRISCO,75034
2023,"THE ADVERTISING COUNCIL INC",0,0,1,0,54,7693,NY,"NEW YORK",10017
2023,"THE ADVZOR GROUP LLC",1,0,1,0,54,5579,VA,"GLEN ALLEN",23060
2023,"THE ALFRED E MANN FOUNDATION FOR SCIENTIFIC RESEARCH",0,0,1,0,54,2032,CA,VALENCIA,91355
2023,"THE ALLEN INSTITUTE FOR ARTIFICIAL INTELLIGENCE",1,0,0,0,54,3177,,,
2023,"THE ALLEN INSTITUTE FOR ARTIFICIAL INTELLIGENCE",5,0,0,0,54,3177,WA,SEATTLE,98103
2023,"THE AMERICAN CHEMICAL SOCIETY",0,0,1,0,54,6572,,,
2023,"THE AMERICAN CHEMICAL SOCIETY",0,0,2,0,54,6572,DC,WASHINGTON,20036
2023,"THE AMERICAN CHEMICAL SOCIETY",0,0,0,1,54,6572,OH,COLUMBUS,43202
2023,"THE AND PARTNERSHIP HOLDINGS INC",0,0,1,0,54,6617,NY,"NEW YORK",10012
2023,"THE ARNOLD GROUP LLC",0,0,1,0,54,4158,WA,SEATTLE,98125
2023,"THE ATLANTIC COUNCIL",2,0,2,0,54,2294,DC,WASHINGTON,20005
2023,"THE AUSCHWITZ INSTITUTE FOR THE PREVENTION OF GENOCIDE AND MASS ATROCITIES",1,0,0,0,54,4242,NY,"NEW YORK",10036
2023,"THE BLUELINE GROUP",0,0,1,0,54,1569,WA,KIRKLAND,98033
2023,"THE BOSTON CONSULTING GROUP INC",0,0,7,0,54,2614,,,
2023,"THE BOSTON CONSULTING GROUP INC",6,0,95,2,54,2614,MA,BOSTON,02210
2023,"THE BRITE GROUP",0,0,1,0,54,6267,VA,HERNDON,20171
2023,"THE BRIXTON GROUP INC",0,0,1,0,54,7928,NC,CHARLOTTE,28211
2023,"THE BROOKINGS INSTITUTION",0,0,1,0,54,6577,,,
2023,"THE BROUSSARD GROUP INC",0,0,1,0,54,5594,TX,AUSTIN,78701
2023,"THE BSST SOFTWARE GROUP D/B/A THE BOSTON GROUP",6,0,0,0,54,0727,MA,NORTHBOROUGH,01532
2023,"THE BURGISS GROUP LLC",1,0,1,0,54,3659,NJ,HOBOKEN,07030
2023,"THE CAPITAL MARKETS COMPANY",0,0,6,0,54,1053,NY,"NEW YORK",10005
2023,"THE CK GROUP INC",0,0,0,1,54,7029,AZ,PHOENIX,85032
2023,"THE CLEAR FUND DBA GIVEWELL",1,0,0,0,54,5442,CA,OAKLAND,94612
2023,"THE COMMITTEE TO PROTECT JOURNALISTS INC",1,0,1,0,54,1500,NY,"NEW YORK",10018
2023,"THE CONCOURSE GROUP INC D/B/A METABRONX",1,0,0,0,54,6973,NY,PLEASANTVILLE,10570
2023,"THE CONSULTANTS CONSORTIUM INC",0,0,1,0,54,0942,IN,INDIANAPOLIS,46205
2023,"THE CT AGRICULTURAL EXPERIMENT STA",1,0,1,0,54,2102,CT,"NEW HAVEN",06511
2023,"THE DALTON AGENCY INC",1,0,0,0,54,3461,FL,JACKSONVILLE,32202
2023,"THE DAVEY TREE EXPERT COMPANY",1,0,0,0,54,6110,OH,KENT,44240
2023,"THE DEI GROUP",0,0,2,0,54,9953,MD,COLUMBIA,21045
2023,"THE DENNIS GROUP INC",0,0,1,0,54,3285,MA,SPRINGFIELD,01103
2023,"THE DIETZ PARTNERSHIP LLC",0,0,1,0,54,4249,NJ,PARSIPPANY,07054
2023,"THE DON VITA COMPANY DBA VITA INC VITA VITA PLANNING AND LANDSCAPE ARCHITECTURE",0,0,1,0,54,7504,CA,"SAN RAFAEL",94901
2023,"THE DOW CHEMICAL COMPANY",4,0,9,2,54,5128,MI,MIDLAND,48674
2023,"THE ECONSORTIUM GROUP INC",0,0,1,0,54,4199,TX,HOUSTON,77063
2023,"THE ENVIRONMENTAL FINANCIAL CONSULTING GROUP LLC",0,0,1,0,54,4131,CO,DENVER,80212
2023,"THE EPSTEN GROUP",0,0,1,1,54,8014,GA,ATLANTA,30303
2023,"THE EVOLVERS GROUP LP",5,0,3,0,54,0146,TX,"FLOWER MOUND",75022
2023,"THE FEINSTEIN INSTITUTES FOR MEDICAL RESEARCH",1,0,0,0,54,3595,,,
2023,"THE FEINSTEIN INSTITUTES FOR MEDICAL RESEARCH",3,0,0,0,54,3595,NY,MANHASSET,11030
2023,"THE FINANCIAL RISK GROUP INC",0,0,1,0,54,5861,NC,CARY,27511
2023,"THE FIRST YUNNAN LLC",0,0,1,0,54,7722,NY,SYOSSET,11791
2023,"THE FORGE INTERACTIVE, INC.",0,0,2,0,54,5155,CA,"SOLANA BEACH",92075
2023,"THE FOUNTAIN GROUP LLC",1,0,3,2,54,5472,FL,TAMPA,33614
2023,"THE FROST GROUP LLC",0,0,1,0,54,4096,DC,WASHINGTON,20003
2023,"THE FYNDER GROUP INC DBA NATURES FYND",0,0,1,0,54,8737,IL,CHICAGO,60609
2023,"THE GARDEN GATE LLC",0,0,1,0,54,5785,AZ,"ORO VALLEY",85704
2023,"THE HACKETT GROUP INC",0,0,3,0,54,0100,FL,MIAMI,33131
2023,"THE HANOVER RESEARCH COUNCIL LLC",0,0,1,0,54,3005,VA,ARLINGTON,22203
2023,"THE HARBOR PICTURE COMPANY INC",0,0,1,0,54,5075,NY,"NEW YORK",10014
2023,"THE HARRY FRANK GUGGENHEIM FDN",0,0,1,0,54,,NY,"NEW YORK",10036
2023,"THE HENRY M JACKSON FOUNDATION",0,0,1,0,54,7896,,,
2023,"THE HENRY M JACKSON FOUNDATION",2,0,6,0,54,7896,MD,BETHESDA,20817
2023,"THE INTEGRATION GROUP OF AMERICAS INC",1,0,0,0,54,9588,LA,LAFAYETTE,70501
2023,"THE J DAVID GLADSTONE INSTITUTES",0,0,1,0,54,3666,,,
2023,"THE J DAVID GLADSTONE INSTITUTES",4,0,1,0,54,3666,CA,"SAN FRANCISCO",94158
2023,"THE JACKSON LABORATORY",8,0,17,0,54,1513,ME,"BAR HARBOR",04609
2023,"THE JERDE PARTNERSHIP INC",0,0,1,0,54,5812,CA,"LOS ANGELES",90071
2023,"THE JPI GROUP LLC",0,0,1,0,54,5672,PA,PHILADELPHIA,19103
2023,"THE JUPITER GROUP INC",0,0,1,0,54,1264,TX,BELLAIRE,77401
2023,"THE KIA SYNDICATE",1,0,0,0,54,1990,CA,"SAN FRANCISCO",94111
2023,"THE LAMAR JOHNSON COLLABORATIVE INC",0,0,2,0,54,5850,IL,CHICAGO,60601
2023,"THE LASH GROUP LLC",1,0,2,0,54,3991,PA,CONSHOHOCKEN,19428
2023,"THE LAW FIRM OF ZHANG AND ASSOCIATES P C",1,0,0,0,54,4240,NY,"GREAT NECK",11201
2023,"THE LAW OFFICE OF ISABEL M HIDROBO PC",0,0,1,0,54,0312,NY,"NEW YORK",10010
2023,"THE LAW OFFICE OF JOHN R RODRIGUEZ",0,0,1,0,54,2200,CA,"SAN DIEGO",92108
2023,"THE LAW OFFICE OF MANUEL RIVERA, ESQ. & ASSOCIATES, P.C.",1,0,0,0,54,3134,VA,ARLINGTON,22209
2023,"THE LAW OFFICE OF WILLIAM FRICK PLLC",0,0,1,0,54,7846,WA,"MERCER ISLAND",98040
2023,"THE LAW OFFICES OF DEKIEFFER & HORGAN PLLC",0,0,1,0,54,9116,DC,WASHINGTON,20005
2023,"THE LAW OFFICES OF FUQIANG ZHANG PC",0,0,1,0,54,4059,NY,FLUSHING,11354
2023,"THE LAW OFFICES OF JACKIE ROSE KRUGER PC DBA THE KRUGER LAW FIRM",0,0,1,0,54,5341,CA,"BEVERLY HILLS",90211
2023,"THE LAW OFFICES OF JACOB EMRANI APC",1,1,0,0,54,6929,CA,"LOS ANGELES",90015
2023,"THE MAXIS GROUP",0,0,3,0,54,6907,AZ,SCOTTSDALE,85258
2023,"THE MEET GROUP INC",0,0,0,1,54,9433,PA,"NEW HOPE",18938
2023,"THE METHODIST HOSPITAL RESEARCH INSTITUTE",1,0,0,0,54,1923,TX,HOUSTON,77030
2023,"THE METHODIST HOSPITAL RESEARCH INSTITUTE",5,0,6,0,54,1923,TX,HOUSTON,77054
2023,"THE METHODIST HOSPITAL RESEARCH INSTITUTE",1,0,0,0,54,1923,,,
2023,"THE MIDDLE EAST INSTITUTE",1,0,0,0,54,4608,DC,WASHINGTON,20036
2023,"THE MOSAIC FINANCIAL GROUP LLC",0,0,1,0,54,9428,IL,CHICAGO,60601
2023,"THE MOUNT DESERT ISLAND BIOLOGICAL LABORATORY",0,0,1,0,54,2467,ME,"SALSBURY COVE",04672
2023,"THE NETWORK PRO INC",0,0,1,0,54,7903,CA,ANAHEIM,92808
2023,"THE NIELSEN COMPANY US LLC",0,0,2,0,54,1439,,,
2023,"THE NIELSEN COMPANY US LLC",0,0,2,0,54,1439,NY,"NEW YORK",10010
2023,"THE NIELSEN COMPANY US LLC",3,1,29,1,54,1439,NY,"NEW YORK",10011
2023,"THE NORTH HIGHLAND COMPANY",0,0,4,0,54,3492,GA,ATLANTA,30305
2023,"THE OFFICE OF JAMES BURNETT INC",0,0,1,0,54,9345,TX,HOUSTON,77002
2023,"THE OMNITRUST TECHNOLOGIES LLC",1,5,6,0,54,8250,GA,ALPHARETTA,30005
2023,"THE ONSI GROUP INC",0,1,0,0,54,1611,TX,"SAN ANTONIO",78205
2023,"THE OPEN GROUP LLC",1,0,0,0,54,9886,CA,"SAN FRANCISCO",94104
2023,"THE OPEN SKY GROUP LLC",0,0,1,0,54,1117,NC,"FUQUAY VARINA",27526
2023,"THE OPTICAL SOCIETY",0,0,1,0,54,9696,DC,WASHINGTON,20036
2023,"THE PANGBURN GROUP INC",0,0,1,0,54,9800,LA,"NEW ROADS",70760
2023,"THE POPULATION COUNCIL INC",0,0,1,0,54,7001,NY,"NEW YORK",10017
2023,"THE PREDICTIVE INDEX LLC",0,0,2,0,54,8187,MA,WESTWOOD,02090
2023,"THE PRINCIPAL CONSULTING INC",1,0,0,0,54,2455,NJ,"N BRUNSWICK",08902
2023,"THE PRINCIPAL CONSULTING INC",8,0,6,0,54,2455,NJ,"NORTH BRUNSWICK",08902
2023,"THE PRODUCTIVITY TEAM LLC",1,0,5,1,54,2595,MI,"LAKE ORION",48360
2023,"THE RAND CORPORATION",2,0,1,0,54,8142,CA,"SANTA MONICA",90401
2023,"THE REASON FOUNDATION",1,0,0,0,54,8239,CA,"LOS ANGELES",90230
2023,"THE RND GROUP LLC",1,0,0,0,54,3678,IN,INDIANAPOLIS,46250
2023,"THE ROARK GROUP LLC",0,0,1,0,54,0458,KS,LAWRENCE,66049
2023,"THE ROGOSIN INSTITUTE",2,1,0,0,54,4198,NY,"NEW YORK",10021
2023,"THE SALK INSTITUTE FOR BIOLOGICAL STUDIES",1,0,0,0,54,0097,,,
2023,"THE SALK INSTITUTE FOR BIOLOGICAL STUDIES",7,0,6,0,54,0097,CA,"LA JOLLA",92037
2023,"THE SCRIPPS RESEARCH INSTITUTE",11,0,5,0,54,5954,CA,"LA JOLLA",92037
2023,"THE SEGAL COMPANY EASTERN STATES INC",0,0,1,0,54,5864,NY,"NEW YORK",10001
2023,"THE SEGAL COMPANY WESTERN STATES INC",0,0,1,0,54,3999,NY,"NEW YORK",10001
2023,"THE SHAMROCK COMPANIES INC",0,0,1,0,54,9149,OH,WESTLAKE,44145
2023,"THE SIEGFRIED GROUP LLP",1,0,5,0,54,8135,DE,WILMINGTON,19801
2023,"THE SILICON PARTNERS INC",1,0,0,0,54,0259,CA,FOLSOM,95630
2023,"THE SMART CUBE, INC.",2,0,0,0,54,3380,IL,CHICAGO,60602
2023,"THE SOROKIN LAW FIRM LLC",0,0,1,0,54,6374,CT,HARTFORD,06117
2023,"THE SPHERE INSTITUTE",36,1,21,1,54,8201,CA,BURLINGAME,94010
2023,"THE STROUSE CORPORATION",0,1,0,0,54,8094,MD,WESTMINSTER,21157
2023,"THE SUNWATER INSTITUTE",0,0,1,0,54,0835,MD,ROCKVILLE,20852
2023,"THE SUPERLATIVE GROUP INC",0,0,1,0,54,2954,OH,CLEVELAND,44113
2023,"THE TEAM COMPANIES LLC",0,0,2,0,54,6608,CA,BURBANK,91504
2023,"THE TEKWINN COMPANY LLC",1,0,1,0,54,1873,GA,CUMMING,30040
2023,"THE TENEO GROUP LLC",0,0,1,0,54,3905,,,
2023,"THE THALERUS GROUP INC",0,0,1,0,54,9889,IL,NAPERVILLE,60563
2023,"THE TINKERING SOCIETY LLC",0,0,1,0,54,2720,AZ,SCOTTSDALE,85260
2023,"THE TORONTO DOMINION BANK",0,0,0,1,54,4861,GA,NORCROSS,30092
2023,"THE TRANSLATIONAL GENOMICS RESEARCH INSTITUTE",2,0,2,0,54,5445,AZ,PHOENIX,85004
2023,"THE TRI-COM CONSULTING GROUP",0,0,1,0,54,5911,,,
2023,"THE TRI-COM CONSULTING GROUP",0,0,2,0,54,5911,CT,MIDDLETOWN,06457
2023,"THE URBAN INSTITUTE",1,0,1,0,54,0375,DC,WASHINGTON,20024
2023,"THE VERITAS HEALTHCARE SOLUTIONS L",3,1,5,1,54,7448,NY,"NEW YORK",10018
2023,"THE VERTEX COMPANIES INC",0,0,1,0,54,4403,MA,"EAST WEYMOUTH",02189
2023,"THE VIEW PRO INC",1,0,0,0,54,2755,TX,AUSTIN,78701
2023,"THE WASHINGTON INSTITUTE FOR NEAR EAST POLICY",1,0,0,0,54,6034,DC,WASHINGTON,20036
2023,"THE WATER RESEARCH FDN WRF",0,0,1,0,54,1384,CO,DENVER,80235
2023,"THE WISTAR INSTITUTE OF ANATOMY AND BIOLOGY",5,0,1,0,54,4390,PA,PHILADELPHIA,19104
2023,"THE WLB GRP INC",0,0,1,0,54,2012,AZ,TUCSON,85711
2023,"THE WORD FOR THE WORLD USA DBA THE WORD FOR THE WORLD",0,1,0,0,54,6685,CO,"COLORADO SPRINGS",80907
2023,"THE WORLD JUSTICE PROJECT",1,0,0,0,54,9097,DC,WASHINGTON,20005
2023,"THE ZEBRA COLLECTIVE INC",0,0,1,0,54,2727,IL,CHICAGO,60606
2023,"THEAI INC DBA INWOELD AI",0,0,1,0,54,3313,CA,"MOUNTAIN VIEW",94040
2023,"THEATRO LABS INC",1,0,0,0,54,1283,TX,RICHARDSON,75081
2023,"THEISS RESEARCH",1,0,1,0,54,8370,CA,"LA JOLLA",92037
2023,"THEMATHCOMPANY INC",3,0,9,0,54,8445,IL,CHICAGO,60654
2023,"THEMESOFT INC",0,0,2,0,54,2952,TX,PLANO,75024
2023,"THEMORGRIDGE INSTITUTE FOR RESEARCH INC",0,0,2,0,54,5570,WI,MADISON,53715
2023,"THEODORE COX ESQ ATTORNEY AT LAW",1,0,0,0,54,3790,NY,"NEW YORK",10007
2023,"THERAPY FIT INC",0,0,1,0,54,6342,TX,FRISCO,75035
2023,"THERMAL ENVIRONMENTAL SYSTEMS",0,0,1,0,54,4210,OH,WESTLAKE,44145
2023,"THERMO FISHER SCIENTIFIC INC",0,0,1,0,54,9186,,,
2023,"THERMO FISHER SCIENTIFIC INC",4,1,71,3,54,9186,MA,WALTHAM,02451
2023,"THERMOLIFT INC",0,0,2,0,54,4268,NY,"STONY BROOK",11794
2023,"THINC SYSTEMS INC",0,0,1,0,54,4952,MI,"FARMINGTON HILLS",48334
2023,"THINK ANALYTIX LLC",1,0,0,0,54,3857,TX,IRVING,75038
2023,"THINK BIG SOLUTIONS INC",4,0,1,0,54,4265,MD,DAMASCUS,20872
2023,"THINK BROWNSTONE INC DBA THINK COMPANY",0,0,1,0,54,5083,PA,PHILADELPHIA,19107
2023,"THINK DEVELOPMENT SYSTEMS",0,0,2,0,54,5654,GA,NORCROSS,30093
2023,"THINK FORCE 360 LLC",0,0,1,0,54,5995,TX,IRVING,75063
2023,"THINK IT TECHNOLOGIES INC",0,0,1,0,54,2111,,,
2023,"THINK IT TECHNOLOGIES INC",0,0,1,0,54,2111,MI,TROY,48084
2023,"THINK LOGIC SYSTEMS INC",9,0,0,0,54,5575,TX,LEANDER,78641
2023,"THINK WILDER ARCHITECTURE PLLC",0,0,1,0,54,1464,NY,"NEW YORK",10031
2023,"THINKBRQ LLC",0,0,1,0,54,9732,NY,MASSAPEQUA,11758
2023,"THINKBYTE CONSULTING INC",1,0,1,0,54,4538,CA,"SANTA CLARA",95050
2023,"THINKBYTE CONSULTING INC",0,0,1,0,54,4538,TX,"GRAND PRAIRIE",75050
2023,"THINKBYTE CONSULTING INC",1,0,0,0,54,4538,TX,MCKINNEY,75070
2023,"THINKLABS LLC",2,0,0,0,54,3842,CA,"SAN RAMON",94583
2023,"THINKLUSIVE INC",2,1,5,0,54,0719,NJ,"MONMOUTH JUNCTION",08852
2023,"THINKLUSIVE INC",0,1,0,0,54,0719,NJ,"MONMOUTH JCT",08852
2023,"THINQSPOT INC",2,0,0,0,54,1796,TX,KATY,77494
2023,"THIRD WAVE AUTOMATION INC",0,0,1,0,54,0098,CA,"UNION CITY",94587
2023,"THIRTHASOFT LLC",1,0,3,0,54,6890,GA,MARIETTA,30068
2023,"THOMAS OSLUND AND ASSOCIATES INC D B A 02 DESIGN",0,0,1,0,54,9951,MN,MINNEAPOLIS,55401
2023,"THOMAS S PENG CPA",0,0,1,0,54,6643,CA,"CITY INDUSTRY",91748
2023,"THOMPSON CONSULTANTS INC",0,0,1,0,54,5460,MA,MARION,02738
2023,"THORNTON TOMASETTI INC",0,0,1,0,54,1070,,,
2023,"THORNTON TOMASETTI INC",0,0,14,0,54,1070,NY,"NEW YORK",10271
2023,"THOUCENTRIC INC",0,1,0,0,54,9282,TX,AUSTIN,78758
2023,"THOUGHT BYTE INC",0,0,1,0,54,3999,,,
2023,"THOUGHT BYTE INC",2,0,12,0,54,3999,NJ,NUTLEY,07110
2023,"THOUGHT CIRCUITS SERVICES LLC",3,0,6,0,54,5525,TX,IRVING,75038
2023,"THOUGHT STREAM LLC D/B/A BLUESCAPE",0,0,1,0,54,5926,CA,"REDWOOD CITY",94065
2023,"THOUGHTFOCUS INC",1,0,2,0,54,7564,WI,BROOKFIELD,53005
2023,"THOUGHTLINE TECHNOLOGIES INC",2,0,0,0,54,0179,IL,"LAKE IN THE HILLS",60156
2023,"THOUGHTWAVE SOFTWARE AND SOLUTIONS INC",3,0,6,0,54,4555,IL,AURORA,60506
2023,"THOUGHTWORKS INC",0,0,45,3,54,8809,IL,CHICAGO,60601
2023,"THREATMETRIX INC",1,0,1,0,54,5499,GA,ALPHARETTA,30005
2023,"THREEI INFOTECH INC",0,0,1,0,54,3452,NJ,EDISON,08837
2023,"THRESHOLDWORLD LLC",0,0,1,0,54,0035,,,
2023,"THRIVESOL INC",2,0,3,0,54,1611,TX,FRISCO,75034
2023,"THUMBTACK INC",0,0,9,0,54,2641,CA,"SAN FRANCISCO",94103
2023,"THUNDERBYRD POWER SYSTEMS INC DBA THUNDERBYRD ENERGY SERVICES",0,0,1,0,54,8450,,,
2023,"THUNDERSOFT AMERICA CORPORATION",0,0,2,0,54,9855,CA,"SANTA CLARA",95050
2023,"THYSSENKRUPP SUPPLY CHAIN SERVICES NA INC",0,0,1,0,54,2592,MI,SOUTHFIELD,48033
2023,"THYSSENKRUPP SYSTEM ENGINEERING INC",0,0,3,0,54,8348,MI,"AUBURN HILLS",48326
2023,"TIBCO SOFTWARE INC",0,0,0,1,54,9729,CA,"PALO ALTO",94304
2023,"TIBCO SOFTWARE INC",0,0,1,0,54,9727,,,
2023,"TIBCO SOFTWARE INC",0,0,20,1,54,9727,CA,"PALO ALTO",94304
2023,"TIBCO SOFTWARE INC",0,0,1,0,54,9727,CO,"GREENWOOD VILLAGE",80111
2023,"TIBCO SOFTWARE INC",0,0,2,0,54,9727,FL,"FORT LAUDERDALE",33309
2023,"TIBCO SOFTWARE INC",1,0,0,0,54,9727,FL,"FT LAUDERDALE",33309
2023,"TIDES CENTER",0,0,1,0,54,3100,CA,"SAN FRANCISCO",94129
2023,"TIEDOT SOLUTIONS LLC",0,0,1,0,54,9115,IL,"ROLLING MEADOWS",60008
2023,"TIGER ANALYTICS INC",4,0,37,0,54,0643,CA,"SANTA CLARA",95054
2023,"TIGERGRAPH INC",0,0,1,1,54,7393,CA,"REDWOOD CITY",94065
2023,"TIGERMED BDM INC",0,0,3,0,54,1759,NJ,SOMERSET,08873
2023,"TIGHE KRESS AND ORR PC",0,0,1,0,54,6995,IL,ELGIN,60123
2023,"TIGO ENERGY INC",0,0,1,0,54,8646,CA,CAMPBELL,95008
2023,"TIKTOK INC",1,0,2,0,54,2853,,,
2023,"TIKTOK INC",2,1,37,0,54,2853,CA,"MOUNTAIN VIEW",94041
2023,"TILDE INC",0,0,1,0,54,3870,OR,PORTLAND,97205
2023,"TILLSTER INC",0,0,1,0,54,3244,CA,"SAN DIEGO",92121
2023,"TIM BARBER LTD",0,0,1,0,54,5510,CA,"LOS ANGELES",90048
2023,"TIMES BUILDINGS ENGINEERING SERVICES P C",0,0,2,0,54,5211,NY,"FRESH MEADOWS",11365
2023,"TIMESCOPE LLC",2,0,0,0,54,9892,PA,MECHANICSBURG,17050
2023,"TIMESQUARE IT INC",1,0,3,0,54,5214,GA,NORCROSS,30092
2023,"TIMETRADE SYSTEMS INC",0,0,0,1,54,2866,MA,TEWKSBURY,01876
2023,"TINUITI INC",0,0,2,0,54,9772,PA,PHILADELPHIA,19107
2023,"TINY PLANET INC",1,0,1,0,54,9622,CA,ARTESIA,90702
2023,"TIRUVEN INC",1,0,1,0,54,1573,TX,IRVING,75063
2023,"TIS INTERNATIONAL USA INC DBA INFINX HEALTHCARE",0,0,2,0,54,0172,CA,"SAN JOSE",95129
2023,"TISHMAN CONSTRUCTION CORPORATION AEGOM TISHMAN",0,0,1,0,54,8522,TX,DALLAS,75240
2023,"TISSA TECHNOLOGY LLC",0,0,1,0,54,6071,TX,SPRING,77380
2023,"TISTA SCIENCE AND TECHNOLOGY CORPORATION",0,0,4,0,54,5498,MD,POTOMAC,20854
2023,"TISTA SCIENCE AND TECHNOLOGY CORPORATION",0,0,4,0,54,5498,MD,ROCKVILLE,20854
2023,"TITAN DATA GROUP INC",0,0,1,0,54,6149,MN,WOODHURY,55125
2023,"TITAN DATA GROUP INC",1,0,1,0,54,6149,MN,WOODBURY,55125
2023,"TITAN TECHNOLOGIES INC",7,2,0,0,54,4418,PA,NEWTOWN,18940
2023,"TITANIUM REALTY GROUP LLC",0,0,1,0,54,6066,NY,"NEW YORK",10016
2023,"TIVO PLATFORM TECHNOLOGIES LLC",2,0,2,1,54,4360,CA,ALVISO,95002
2023,"TIVO PLATFORM TECHNOLOGIES LLC",5,0,4,0,54,4360,CA,"SAN JOSE",95002
2023,"TIYARO INC",0,0,1,0,54,5517,CA,"SAN JOSE",95128
2023,"TJKM DBA TJKM TRANSPORTATION CONSULTANTS",1,0,2,0,54,9515,CA,PLEASANTON,94588
2023,"TK ARCHITECTS INC DBA TK ARCHITECTS INTERNATIONAL INC",0,0,1,0,54,7580,MO,"KANSAS CITY",64105
2023,"TK CHAIN LLC",0,0,1,0,54,1524,NJ,PRINCETON,08540
2023,"TK CHAIN LLC",2,0,1,0,54,1524,NJ,"WEST WINDSOR",08550
2023,"TK SOFTTECH SOLUTIONS LLC",1,0,0,0,54,5388,VA,ASHBURN,20148
2023,"TK SOFTTECH SOLUTIONS LLC",2,0,0,0,54,5388,VA,HERNDON,20170
2023,"TKXEL LLC",2,0,0,0,54,4773,VA,RESTON,20190
2023,"TM RIPPEY CONSULTING ENGINEERS, INC",0,0,1,0,54,2484,OR,TIGARD,97223
2023,"TMC USA NORTH EAST INC",1,0,0,0,54,,NY,"NEW YORK",10001
2023,"TMD TECH SOLUTIONS INC",3,0,0,0,54,8476,PA,EASTON,18040
2023,"TMEIC CORPORATION AMERICAS",0,0,3,0,54,3263,VA,ROANOKE,24018
2023,"TMEIC INTERNATIONAL CORPORATION",0,0,1,0,54,5022,VA,ROANOKE,24018
2023,"TMG HEALTH INC A COGNIZANT COMPANY",0,0,2,0,54,4972,PA,JESSUP,18434
2023,"TMP WORLDWIDE ADVERTISING COMMUNICATIONS LLC D B A RADANCY",0,0,1,0,54,9871,NY,"NEW YORK",10004
2023,"TMSI LLC",0,0,1,0,54,6820,OH,"NORTH CANTON",44720
2023,"TMT INTERNATIONAL OBSERVATORY LLC",1,0,0,0,54,3462,CA,PASADENA,91124
2023,"TNP SYSTEMS LLC",1,0,7,1,54,5066,TX,IRVING,75063
2023,"TOADFLY TECHNOLOGIES, LLC",1,0,0,0,54,0379,TX,HOUSTON,77034
2023,"TOAST INC",0,0,8,1,54,8768,MA,BOSTON,02215
2023,"TOBII TECHNOLOGY INC",0,0,1,0,54,9947,VA,RESTON,20191
2023,"TODAY S HR INC",0,0,1,0,54,6444,CA,BURBANK,91504
2023,"TOKYO ELECTRON U S HOLDINGS INC",0,0,1,0,54,1050,,,
2023,"TOLLPLUS LLC",2,0,3,0,54,4322,TX,CARROLLTON,75007
2023,"TOLMAR INC",0,0,1,0,54,0340,CO,"FORT COLLINS",80526
2023,"TOLUNA USA INC",0,0,1,0,54,1944,CT,NORWALK,06851
2023,"TOM FORD STUDIO LA LLC",0,0,1,0,54,4926,CA,"WEST HOLLYWOOD",90069
2023,"TOM WINTER ARCHITECT PC",0,0,1,0,54,4950,NY,BROOKLYN,11201
2023,"TOMAR CONSTRUCTION SERVICES INC",0,0,1,0,54,6444,NJ,"EAST BRUNSWICK",08816
2023,"TOMARCO CONTRACTOR SPECIALTIES INC DBA INTERNATIONS SEISMIC TECH",0,0,2,0,54,5484,CA,"LA MIRADA",90638
2023,"TOME BIOSCIENCES INC",0,0,1,0,54,6262,MA,WATERTOWN,02472
2023,"TOME INC",1,0,1,0,54,0858,MI,"ROYAL OAK",48067
2023,"TOMTOM NORTH AMERICA INC",0,0,2,0,54,9893,NH,LEBANON,03766
2023,"TONIC HEALTH LLC",1,0,0,0,54,9995,CA,"LOS ANGELES",90017
2023,"TOOLE DESIGN GROUP LLC",1,0,1,0,54,5429,MD,"SILVER SPRING",20910
2023,"TOORS UNITED LTD DBA STONELAKE ANIMAL HOSPITAL",0,0,1,0,54,3132,CA,"ELK GROVE",95757
2023,"TOP EDGE TECHNOLOGY INC",3,0,3,0,54,4664,NJ,NUTLEY,07110
2023,"TOPAZ LABS LLC",0,0,1,0,54,9304,TX,DALLAS,75254
2023,"TOPCON POSITIONING SYSTEMS INC",0,0,2,0,54,7596,CA,LIVERMORE,94550
2023,"TOPNOTCH TECHNOLOGY SERVICES INC",1,0,0,0,54,7777,NJ,PISCATAWAY,08854
2023,"TOPOLOGY INC",0,0,1,0,54,3883,NY,"NEW YORK",10001
2023,"TOPSYS IT SOLUTIONS LLC",0,0,6,0,54,6126,GA,ALPHARETTA,30004
2023,"TOPSYS IT SOLUTIONS LLC",4,0,2,0,54,6126,GA,ALPHARETTA,30005
2023,"TOPTECH1 INC",1,0,0,0,54,6021,IN,NEWBURGH,47630
2023,"TORANA INC",7,0,2,0,54,7178,CT,STAMFORD,06902
2023,"TORC ROBOTICS INC",0,0,1,0,54,9519,VA,BLACKSBURG,24060
2023,"TORC ROBOTICS INC",1,0,12,1,54,9518,VA,BLACKSBURG,24060
2023,"TORQUE TECHNOLOGIES LLC",0,0,7,0,54,3863,NC,CARY,27511
2023,"TORY BURCH LLC",0,0,1,0,54,4277,NY,"NEW YORK",10011
2023,"TOSCANO CLEMENTS TAYLOR LLC",0,0,2,0,54,4407,NY,HUNTINGTON,11743
2023,"TOSOLINI, LAMURA, RASILE, TONIUTTI, MALIZIA & ASSOCIATES",1,0,0,0,54,4088,NY,"NEW YORK",10016
2023,"TOTVS INC D/B/A TOTVS LABS",0,0,1,0,54,0626,NC,RALEIGH,27601
2023,"TOUCHSTONE IT SOLUTIONS LLC",14,0,0,0,54,9425,DE,NEWARK,19713
2023,"TOULOUKIAN TOULOUKIAN INC",0,0,1,0,54,4124,MA,BOSTON,02110
2023,"TOURGEE & ASSOCIATES INC D/B/A TAI ENGINEERING",0,0,1,0,54,7382,MD,"OWINGS MILLS",21117
2023,"TOYOTA CONNECTED NORTH AMERICA INC",0,0,2,0,54,8317,TX,PLANO,75024
2023,"TOYOTA RESEARCH INSTITUTE INC",1,0,2,0,54,0429,CA,"LOS ALTOS",94022
2023,"TOYOTA TSUSHO SYSTEMS US INC",0,0,1,0,54,7587,TX,PLANO,75024
2023,"TPA BENEFITS INC DBA HEALTH PORTAL SOLUTIONS",0,0,1,0,54,0143,TX,"SAN ANTONIO",78230
2023,"TPF SOFTWARE INC",2,0,0,0,54,6233,,,
2023,"TPF SOFTWARE INC",1,0,1,0,54,6233,FL,"PEMBROKE PINES",33027
2023,"TPS THAYER LLC",0,0,5,0,54,0035,TX,"SUGAR LAND",77478
2023,"TPUSA INC",0,0,1,0,54,2021,UT,"SALT LAKE CITY",84104
2023,"TQUAL SOLUTIONS INC",0,0,1,0,54,1506,NY,HUNTINGTON,11743
2023,"TR RESOURCES INC",3,0,0,0,54,0311,TX,PLANO,75024
2023,"TRACEABLE CHANGE INC",0,0,1,0,54,4211,IL,CHICAGO,60607
2023,"TRACEABLE INC",0,0,1,0,54,1201,CA,"SAN FRANCISCO",94104
2023,"TRACECOUNTS INC",0,0,1,0,54,7152,CA,"PANORAMA CITY",91402
2023,"TRACELINK INC",0,0,6,1,54,1564,MA,WILMINGTON,01887
2023,"TRADE HOUNDS INC",0,0,1,0,54,7760,MA,HOPKINTON,01748
2023,"TRADE TERMINAL INC",1,0,0,0,54,1787,CA,CAMPBELL,95008
2023,"TRADEWEB MARKETS LLC",0,0,22,0,54,9475,NJ,"JERSEY CITY",07311
2023,"TRADICAL LLC",0,0,1,0,54,8022,NY,"NEW YORK",10001
2023,"TRADING TECHNOLOGIES INTERNATIONAL INC",0,0,2,0,54,2699,IL,CHICAGO,60606
2023,"TRAITWELL INC",0,0,1,0,54,9243,TX,"SUGAR LAND",77478
2023,"TRANS AMERICAN INFORMATION SYSTEMS INC",5,0,4,0,54,1051,TX,ADDISON,75001
2023,"TRANSACT CAMPUS INC",0,0,1,0,54,4965,AZ,PHOENIX,85027
2023,"TRANSCEND IT SOLUTIONS LLC",0,0,6,0,54,4300,TX,FRISCO,75033
2023,"TRANSCEND SOLUTIONS LLC",0,0,1,0,54,1659,WA,BELLEVUE,98004
2023,"TRANSCORE LP",0,0,1,0,54,0334,TN,NASHVILLE,37219
2023,"TRANSFINDER CORPORATION",0,0,1,0,54,5368,NY,SCHENECTADY,12305
2023,"TRANSFORM TECH SOLUTIONS INC",0,0,1,0,54,6447,CA,"MOUNTAIN VIEW",94043
2023,"TRANSIT SYSTEMS ENGINEERING INC",0,0,2,0,54,9193,CA,EMERYVILLE,94608
2023,"TRANSMART LLC",0,0,1,0,54,6005,IL,CHICAGO,60606
2023,"TRANSNATIONAL SOFTWARE SERVICES INC",9,0,5,0,54,2521,TX,COPPELL,75019
2023,"TRANSPACIFIC FINANCIAL INC",0,0,0,1,54,8892,CA,MONROVIA,91016
2023,"TRANSPARENTAL SOLUTIONS LLC",1,0,0,0,54,4988,MI,"FARMINGTN HLS",48331
2023,"TRANSPARENTAL SOLUTIONS LLC",2,0,0,0,54,4988,MI,FARMINGTON,48331
2023,"TRANSPARENTAL SOLUTIONS LLC",1,0,0,0,54,4988,MI,"FARMINGTON HILLS",48331
2023,"TRANSPERFECT TRANSLATIONS INTERNATIONAL INC",1,0,6,0,54,6771,NY,"NEW YORK",10001
2023,"TRANSPORT MANAGEMENT SERVICES LLC",0,0,1,0,54,2363,TN,CHATTANOOGA,37419
2023,"TRANSPORTATION INSIGHT LLC",0,1,0,0,54,7884,GA,ATLANTA,30350
2023,"TRANSPORTATION RESEARCH CENTER INC",2,0,0,0,54,8202,OH,"EAST LIBERTY",43319
2023,"TRANSPORTATION TECHNOLOGY CENTER INC DBA MXV RAIL",0,0,1,0,54,0384,CO,PUEBLO,81001
2023,"TRANSPORTATION TECHNOLOGY TRANSFER INC",1,0,0,0,54,8652,IL,"WHITE HEATH",61884
2023,"TRANSYSTEMS CORPORATION",1,0,1,0,54,9725,MO,"KANSAS CITY",64108
2023,"TRANSYSTEMS CORPORATION",0,0,1,0,54,9725,TX,AUSTIN,78717
2023,"TRANVERSE LLC",0,0,1,0,54,4442,TX,AUSTIN,78701
2023,"TRANZEAL INC",0,0,2,0,54,0506,CA,"SAN JOSE",95131
2023,"TRAPEZE SOFTWARE GROUP DBA VONTAS",0,0,1,0,54,8175,IA,"CEDAR RAPIDS",52402
2023,"TRAVANCORE ANALYTICS INC",2,0,0,0,54,6425,CA,PLEASANTON,94588
2023,"TRAVEL TRIPPER LLC DBA PEGASUS",0,0,1,0,54,2405,FL,"BOCA RATON",33432
2023,"TRAVELCLICK INC",0,0,0,1,54,0213,NH,PORTSMOUTH,03801
2023,"TRAVELPORT LP",0,0,1,0,54,7250,,,
2023,"TRAVELPORT LP",2,0,6,0,54,7250,GA,ATLANTA,30339
2023,"TRAVERE THERAPAUTICS INC",0,0,1,0,54,2691,CA,"SAN DIEGO",92130
2023,"TRAVIS PITCHER INC DBA MINUS PLUS",1,0,0,0,54,4575,ID,BOISE,83702
2023,"TRAX RETAIL INC",0,0,1,0,54,1900,CO,DENVER,80293
2023,"TRAX USA CORP",0,0,1,0,54,3518,FL,MIAMI,33145
2023,"TRAY.IO INC",0,0,1,0,54,5941,CA,"SAN FRANCISCO",94107
2023,"TRC ENGINEERS INC",0,0,2,0,54,8630,CT,WINDSOR,06095
2023,"TRC ENGINEERS INC CA",0,0,2,0,54,8915,CA,IRVINE,92614
2023,"TRC ENGINEERS LLC",0,0,3,0,54,6475,ME,AUGUSTA,04330
2023,"TRC ENVIRONMENTAL CORPORATION",0,0,2,0,54,1618,CT,WINDSOR,06095
2023,"TRC ENVIRONMENTAL CORPORATION",0,0,1,0,54,1618,MA,LOWELL,01854
2023,"TRC SOLUTIONS INC",0,0,0,1,54,1983,MA,LOWELL,01854
2023,"TRC SOLUTIONS INC",0,0,5,1,54,1928,MA,LOWELL,01854
2023,"TREDENCE INC",0,0,1,0,54,8206,,,
2023,"TREDENCE INC",9,2,34,1,54,8206,CA,"SAN JOSE",95124
2023,"TREELINE BIOSCIENCES INC",0,0,1,0,54,8782,CT,STAMFORD,06901
2023,"TRELLANCE INC",0,0,1,0,54,1216,FL,TAMPA,33607
2023,"TRELLIS IT INC",2,1,1,0,54,7021,TX,IRVING,75063
2023,"TRELLIS TECHNOLOGY SOLUTIONS LLC",2,0,1,0,54,3780,TX,IRVING,75063
2023,"TREMOR VIDEO INC",0,0,2,0,54,3262,NY,"NEW YORK",10036
2023,"TREND MICRO INC",1,1,1,0,54,1563,TX,IRVING,75062
2023,"TRENDLINE INTERACTIVE D/B/A SHIFT PARADIGM",0,0,1,0,54,4784,TX,AUSTIN,78738
2023,"TRENDSET IT INC",1,0,0,0,54,8601,MI,"FARMINGTN HLS",48335
2023,"TRENDSET IT INC",0,0,8,0,54,8601,MI,"FARMINGTON HILLS",48335
2023,"TRENDSMART LLC",0,0,1,0,54,6284,TX,FREDERICKSBURG,78624
2023,"TREPP INC",0,0,2,0,54,1534,NY,"NEW YORK",10020
2023,"TREW LLC",0,0,1,0,54,2676,OH,FAIRFIELD,45014
2023,"TRI VENTURES INC DBA AQUENT LLC",0,1,6,0,54,3617,MA,BOSTON,02116
2023,"TRIAD NATIONAL SECURITY LLC",1,0,1,0,54,1283,,,
2023,"TRIAD NATIONAL SECURITY LLC",22,0,18,0,54,1283,NM,"LOS ALAMOS",87544
2023,"TRIALSPARK INC",0,0,2,0,54,6239,NY,"NEW YORK",10016
2023,"TRIANGLE ACCOUNTING INC",1,1,0,0,54,2102,NC,CARY,27511
2023,"TRIANZ CONSULTING AND TECH SERVICES INC",1,1,1,0,54,3106,IL,CHICAGO,60631
2023,"TRIANZ CONSULTING INC",5,0,8,0,54,9683,VA,HERNDON,20171
2023,"TRIANZ DIGITAL CONSULTING INC",7,0,2,0,54,0629,CA,"SANTA CLARA",95054
2023,"TRIARC SOLUTIONS LLC",0,0,1,0,54,8347,TX,HOUSTON,77002
2023,"TRIBIS INC",2,1,3,0,54,6432,NC,CHARLOTTE,28277
2023,"TRIBOLATECH INC",1,1,4,0,54,8525,CA,"SAN RAMON",94583
2023,"TRICENTIS USA CORP",0,0,3,0,54,9781,TX,AUSTIN,78735
2023,"TRICENTIS USA CORP",0,0,1,0,54,9781,TX,AUSTIN,78746
2023,"TRICOPP INC DBA CLOUDPATHS",2,0,2,0,54,0946,CA,NEWARK,94560
2023,"TRICOPP INC DBA CLOUDPATHS",2,0,0,0,54,0946,CA,PLEASANTON,94588
2023,"TRICORD CONSULTING LLC",0,0,1,0,54,5376,TX,FRISCO,75034
2023,"TRIDENT SYSTEMS INTEGRATOR LLC",2,0,0,0,54,9653,NJ,ISELIN,08830
2023,"TRIDIAGONAL SOLUTIONS INCORPORATED",0,0,1,0,54,8374,TX,"SAN ANTONIO",78240
2023,"TRIESTEN TECHNOLOGIES LLC",1,0,0,1,54,7007,CA,LATHROP,95330
2023,"TRIESTEN TECHNOLOGIES LLC",15,1,5,0,54,7007,CA,"SAN RAFAEL",94903
2023,"TRIGENT SOFTWARE INC",0,0,1,0,54,5459,MA,FAYVILLE,01745
2023,"TRIGGER IT LLC",0,0,1,0,54,7524,NC,CARY,27513
2023,"TRIGINT SOLUTIONS, LLC",4,0,0,0,54,5351,MD,GAITHERSBURG,20879
2023,"TRIGONAL PARTNERS INC.",2,0,0,0,54,2977,CA,SUNNYVALE,94085
2023,"TRIGYN TECHNOLOGIES INC",0,0,3,0,54,8401,NJ,EDISON,08817
2023,"TRIHYDRO CORPORATION",1,0,0,0,54,2860,WY,LARAMIE,82070
2023,"TRIKAISER, LLC",2,0,0,0,54,0525,SC,"NORTH CHARLESTON",29418
2023,"TRILOGY INTERNATIONAL",0,0,6,0,54,7204,MI,SOUTHFIELD,48076
2023,"TRILOGY MARKETING INCORPORATED",0,0,1,0,54,3729,MI,"AUBURN HILLS",48326
2023,"TRILOGY SCIENCE INC DBA TOTUS MEDICINES INC",0,0,2,0,54,6134,CA,EMERYVILLE,94608
2023,"TRIMBLE MAPS INC",0,0,5,0,54,4464,NJ,PRINCETON,08540
2023,TRINAMIX,0,0,1,0,54,9118,,,
2023,TRINAMIX,2,0,8,0,54,9118,CA,"SAN JOSE",95112
2023,"TRINGAPPS INC",2,0,0,0,54,8220,NY,"NEW YORK",10020
2023,"TRINITI CONSULTING LLC",1,0,0,0,54,7004,GA,ATLANTA,30308
2023,"TRINITI CORPORATION",4,0,2,0,54,9546,FL,DAVIE,33330
2023,"TRINITI CORPORATION",2,0,3,0,54,9546,FL,"FORT LAUDERDALE",33330
2023,"TRINITI CORPORATION",0,0,1,0,54,9546,CA,"SAN JOSE",95110
2023,"TRINITIII LLC",4,1,1,0,54,7994,IL,BLOOMINGTON,61701
2023,"TRINITY CONSULTANTS INC",0,0,8,0,54,5884,TX,DALLAS,75251
2023,"TRINITY CONSULTING INC",0,0,0,1,54,6398,MI,FARMINGTON,48334
2023,"TRINITY CONSULTING INC",0,0,1,0,54,6398,MI,"FARMINGTON HILLS",48334
2023,"TRINITY ENVISION BUSINESS SERVICES LLC",1,0,0,0,54,2569,TX,PLANO,75024
2023,"TRINITY PARTNERS LLC",0,0,1,0,54,8706,MA,WALTHAM,02451
2023,"TRINITY PARTNERS LLC",0,0,2,0,54,4706,,,
2023,"TRINITY PARTNERS LLC",0,0,9,0,54,4706,MA,WALTHAM,02451
2023,"TRINITY SOFTWARE SOLUTIONS LLC",1,0,0,0,54,3105,GA,CUMMING,30041
2023,"TRINTECH INC",0,0,1,0,54,4202,TX,PLANO,75024
2023,"TRINUC LLC",1,0,0,0,54,6013,IL,"SOUTH BARRINGTON",60010
2023,"TRINUC LLC",2,0,0,0,54,6013,IL,BARRINGTON,60010
2023,"TRINUS CORPORATION",1,0,0,0,54,4823,CA,PASADENA,91101
2023,"TRIOHM HEALTHWARE LLC",0,0,1,0,54,4838,NJ,NUTLEY,07110
2023,"TRION TECHNOLOGIES LLC",2,0,0,0,54,9116,FL,TAMPA,33637
2023,"TRIPADVISOR LLC",0,0,1,0,54,3532,,,
2023,"TRIPADVISOR LLC",0,0,5,0,54,3532,MA,NEEDHAM,02494
2023,"TRIPADVISOR LLC",1,0,8,0,54,3532,MA,"NEEDHAM HEIGHTS",02494
2023,"TRIPHI TECHNOLOGIES LLC",1,1,0,0,54,6607,TX,IRVING,75062
2023,"TRIPLE POINT TECHNOLOGY LLC",0,0,2,0,54,7342,NJ,"JERSEY CITY",07302
2023,"TRIPLE RING TECHNOLOGIES INC",0,0,1,0,54,2203,CA,NEWARK,94560
2023,"TRIPLEAIM HEALTHCARE PC",1,0,0,0,54,9445,NV,"LAS VEGAS",89135
2023,"TRIPLEH INC",1,0,0,0,54,0318,CA,ESCONDIDO,92025
2023,"TRISHULLA LLC",0,0,2,0,54,6331,WI,MIDDLETON,53562
2023,"TRISHULLA LLC",0,0,1,0,54,6331,,,
2023,"TRISTAR CONSULTANCY INC",1,0,1,0,54,0167,NC,CARY,27518
2023,"TRISYNC TECHNOLOGIES INC",0,0,2,0,54,9844,,,
2023,"TRISYNC TECHNOLOGIES INC",1,0,5,0,54,9844,NJ,"SOUTH PLAINFIELD",07080
2023,"TRIUM AI SOLUTIONS INC",2,0,0,0,54,6987,NY,"NEW YORK",10036
2023,"TRIVENI GROUP LLP",5,0,4,0,54,5866,NJ,RUTHERFORD,07070
2023,"TRIWAVE SOLUTIONS INC",1,0,0,0,54,8734,MD,COLUMBIA,21046
2023,"TRIZ ENGINEERING SERVICES AMERICA LLC",1,0,0,0,54,3112,IL,"HIGHLAND PARK",60035
2023,"TRM LABS INC",0,0,2,0,54,3139,CA,"SAN FRANCISCO",94107
2023,"TRN DIGITAL LLC",2,0,1,0,54,3210,MA,BOSTON,02114
2023,"TRN SYSTEMS INC",0,0,1,0,54,6438,NJ,"MOUNT LAUREL",08054
2023,"TROBUS TECHNOLOGIES LLC",1,0,0,0,54,6483,MD,LAUREL,20707
2023,"TROIKA MEDIA GROUP INC",0,0,1,0,54,1552,NY,"NEW YORK",10018
2023,"TROIS CPA A PROFESSIONAL CORPORATION",0,0,1,0,54,8874,CA,"SAN DIMAS",91773
2023,"TROR LLC",1,0,1,0,54,2311,TN,FRANKLIN,37064
2023,"TROTHIT INC",0,0,1,0,54,6156,FL,SEFFNER,33584
2023,"TROUTMAN PEPPER HAMILTON SANDERS LLP",0,0,1,0,54,6915,GA,ATLANTA,30308
2023,"TROVE INFORMATION TECHNOLOGIES INC DBA PAVE",0,0,2,0,54,7831,CA,"SAN FRANCISCO",94104
2023,"TROVETECHS INC",0,0,4,0,54,1774,NJ,HILLSBOROUGH,08844
2023,"TROW & RAHAL PC",0,0,1,0,54,0015,MD,BETHESDA,20814
2023,"TRUCKSMARTER INC",0,0,1,0,54,2420,CA,"SAN FRANCISCO",94105
2023,"TRUCKX INC",0,0,1,0,54,2152,CA,SUNNYVALE,94086
2023,"TRUE NORTH COMPLIANCE SERVICES INC",1,0,0,0,54,3205,CA,"LONG BEACH",90807
2023,"TRUED CONSULTING LLC",1,0,0,0,54,1852,CO,BROOMFIELD,80023
2023,"TRUELITE TRACE INC DBA FLEETUP",0,0,1,0,54,8869,CA,"SAN JOSE",95112
2023,"TRUERA INC",0,0,1,0,54,6625,CA,"REDWOOD CITY",94063
2023,"TRUEX INC D/B/A INFILLION",0,0,1,0,54,6085,CA,"LOS ANGELES",90025
2023,"TRUGIT LLC",1,1,0,0,54,4255,TX,IRVING,75062
2023,"TRUMINDS SOFTWARE SYSTEMS INC",1,0,1,0,54,1845,CA,"SAN DIEGO",92127
2023,"TRUMINDS TECHNOLOGIES INC",3,0,7,0,54,9229,NJ,SOMERSET,08873
2023,"TRUMP MEDIA TECHNOLOGY GROUP CORP",1,0,0,0,54,5815,GA,ATLANTA,30309
2023,"TRUNIX LLC",1,0,0,0,54,5614,TX,IRVING,75062
2023,"TRUSOFT SOLUTIONS LLC",0,0,1,0,54,5414,GA,DULUTH,30097
2023,"TRUSTED INC D/B/A TRUSTED HEALTH",0,0,1,0,54,7745,CA,"SAN FRANCISCO",94120
2023,"TRUSTEK INC",2,0,3,0,54,1234,NJ,"MONMOUTH JUNCTION",08852
2023,"TRUVETA INC",1,0,7,0,54,7298,WA,BELLEVUE,98004
2023,"TRYNOW INC",1,0,0,0,54,0235,CA,"SAN FRANCISCO",94115
2023,"TRYON SOLUTIONS",0,0,1,0,54,1150,NC,RALEIGH,27607
2023,"TS IMAGINE INC",0,0,2,0,54,6624,NY,"NEW YORK",10119
2023,"TSC EDIFICE JV1 LLC",0,1,0,0,54,3894,VA,"FRONT ROYAL",22630
2023,"TSG CONSULTING LLC",0,0,1,0,54,8988,NC,RALEIGH,27617
2023,"TSI USA LLC",0,0,2,0,54,2145,TX,DALLAS,75231
2023,"TSMC TECHNOLOGY INC",0,0,1,0,54,4547,,,
2023,"TSMC TECHNOLOGY INC",0,0,5,0,54,4547,CA,"SAN JOSE",95134
2023,"TSQ SYSTEMS INC",0,0,6,0,54,0440,TX,IRVING,75038
2023,"TSR CONSULTING SERVICES INC",0,0,1,0,54,6132,NJ,EDISON,08837
2023,"TSR CONSULTING SERVICES INC",0,0,1,0,54,6132,NY,HAUPPAUGE,11788
2023,"TT TECHNOLOGIES INC",5,0,2,0,54,8646,NY,FLUSHING,11355
2023,"TT TECHNOLOGIES INC",0,0,1,0,54,8646,NY,HICKSVILLE,11801
2023,"TTEC DIGITAL LLC",0,0,10,0,54,3033,CO,ENGLEWOOD,80112
2023,"TTI GLOBAL INC",0,0,2,0,54,5067,MI,"BLOOMFIELD HILLS",48304
2023,"TTL INC",0,0,1,0,54,5231,AL,TUSCALOOSA,35403
2023,"TTS SOLUTIONS INC",1,0,1,0,54,4302,TX,AUSTIN,78750
2023,"TUBMAN TECHNOLOGIES INC",3,0,0,0,54,5319,GA,ALPHARETTA,30004
2023,"TUFIN SOFTWARE NORTH AMERICA INC",0,0,1,0,54,2841,MA,BOSTON,02110
2023,"TULA TECHNOLOGY INC",0,0,1,0,54,2954,CA,"SAN JOSE",95131
2023,"TULLP INTERFACES INC",0,0,2,0,54,4512,MA,SOMERVILLE,02145
2023,"TUNIRASOFT LLC",2,0,0,0,54,8936,VA,ALDIE,20105
2023,"TUOPU NORTH AMERICA USA LIMITED INC",0,0,1,0,54,1457,MI,"MADISON HEIGHTS",48071
2023,"TUPOIN INC",0,0,1,0,54,3257,,,
2023,"TUPOIN INC",0,0,1,0,54,3257,NJ,"EAST BRUNSWICK",08816
2023,"TUPPL TECHNOLOGIES INC",5,2,0,0,54,5431,TX,IRVING,75062
2023,"TURING ENTERPRISES INC",0,0,1,0,54,8771,CA,"PALO ALTO",94303
2023,"TURING IT LAB LLC",6,0,0,0,54,2470,TX,IRVING,75062
2023,"TURING VIDEO INC",0,0,1,0,54,6149,CA,"SAN MATEO",94402
2023,"TURNBERRY SOLUTIONS INC",4,0,4,1,54,4919,PA,"BLUE BELL",19422
2023,"TURNER TOWNSEND INC",0,0,1,0,54,7541,,,
2023,"TURNER TOWNSEND INC",1,0,9,0,54,7541,NY,"NEW YORK",10016
2023,"TURNER TOWNSEND INC",0,0,11,0,54,7541,NY,"NEW YORK",10017
2023,"TURNER WARREN HWANG AND CONRAD ACCOUNTING CORP",1,0,0,0,54,3485,CA,BURBANK,91502
2023,"TURNITIN LLC",0,0,2,0,54,2995,,,
2023,"TURNKEY HOSPITALITY SOLUTIONS LLC",0,0,1,0,54,0192,TX,HOUSTON,77082
2023,"TURNSTILE SOFTWARE INC",0,0,1,0,54,3574,,,
2023,"TURNSTONE BIOLOGICS CORP",0,0,1,0,54,9368,NY,"NEW YORK",10010
2023,"TURVO INC",0,0,1,0,54,7690,CA,"SAN MATEO",94401
2023,"TUSIMPLE INC",0,0,1,0,54,8063,,,
2023,"TUSIMPLE INC",1,0,17,1,54,8063,CA,"SAN DIEGO",92122
2023,"TUV RHEINLAND OF NORTH AMERICA INC",1,0,1,0,54,7284,MA,LITTLETON,01460
2023,"TUV SUD AMERICA INC",1,0,1,0,54,1698,MA,WAKEFIELD,01880
2023,"TVISHA TECHNOLOGIES INC",0,1,0,0,54,8427,NJ,EDISON,08817
2023,"TVS NEXT INC",0,1,0,0,54,4454,NJ,"NORTH BRUNSWICK",08902
2023,"TVS SERVICES INC",0,0,1,0,54,4480,GA,ATLANTA,30309
2023,"TVS SUPPLY CHAIN SOLUTIONS NORTH AMERICA INC",0,0,1,0,54,8991,MO,"SAINT LOUIS",63141
2023,"TWELVE BENEFIT CORP",0,0,1,0,54,9185,,,
2023,"TWELVE BENEFIT CORP",0,0,2,0,54,9185,CA,BERKELEY,94710
2023,"TWENTY TWENTY THERAPEUTICS LLC",0,0,1,1,54,1412,CA,"SOUTH SAN FRANCISCO",94080
2023,"TWIGEO INC",0,0,1,0,54,7245,NY,BROOKLYN,11249
2023,"TWILIO INC",0,0,2,0,54,4840,,,
2023,"TWILIO INC",3,0,59,3,54,4840,CA,"SAN FRANCISCO",94105
2023,"TWILIO INC",0,0,1,0,54,4840,CA,"SAN FRANCISCO",94105
2023,"TWIN HEALTH INC",0,0,3,0,54,9339,CA,"MOUNTAIN VIEW",94043
2023,"TWINS PEAK INC",0,0,2,0,54,6466,NY,"LONG ISLAND CITY",11101
2023,"TWINTRON DATA SYSTEMS INC",0,0,1,0,54,4505,NJ,"VOORHEES TOWNSHIP",08043
2023,"TWIST BIOSCIENCE CORPORATION",0,0,2,0,54,8888,CA,"S SAN FRAN",94080
2023,"TWIST BIOSCIENCE CORPORATION",0,0,7,0,54,8888,CA,"SOUTH SAN FRANCISCO",94080
2023,"TWISTHINK LLC",0,0,1,0,54,1371,MI,HOLLAND,49423
2023,"TWITTER INC",0,0,2,0,54,3779,,,
2023,"TWITTER INC",8,0,48,8,54,3779,CA,"SAN FRANCISCO",94103
2023,"TWO SIGMA SOLUTIONS LLC",0,0,1,0,54,9726,TX,HOUSTON,77002
2023,"TWO95 INTERNATIONAL",1,0,1,0,54,6905,NJ,"CHERRY HILL",08034
2023,"TWOMAGNETS INC",0,0,1,0,54,7261,CA,COVINA,91723
2023,"TWOPIRADIAN INFOTECH LLC",0,0,1,0,54,0434,IL,CHICAGO,60604
2023,"TX A&M VETERINARY MEDICAL DIAGNOSTIC LABORATORY",2,0,1,0,54,0570,TX,"COLLEGE STATION",77843
2023,"TXMQ INC",0,0,1,0,54,3243,NY,BUFFALO,14228
2023,"TYGRIS DENTAL MANAGEMENT CORP",0,0,1,0,54,7196,,,
2023,"TYLER TECHNOLOGIES INC",0,0,1,0,54,3920,,,
2023,"TYLER TECHNOLOGIES INC",0,0,19,2,54,3920,TX,PLANO,75024
2023,"TYMOFF & MOSS ARCHITECTS",1,0,0,0,54,7112,VA,NORFOLK,23510
2023,"TYMON GLOBAL INC",13,0,1,0,54,8828,TX,RICHARDSON,75080
2023,"TYMON GLOBAL INC",0,0,1,0,54,8828,TX,MCKINNEY,75071
2023,"TYPEFACE INC FKA CORTEX6 INC",1,0,1,0,54,9676,CA,"LOS ALTOS HILLS",94022
2023,"TYPICAL SET LLC",0,0,1,1,54,6441,CA,BERKELEY,94704
2023,"TZG ACCOUNTING LLC",0,0,1,0,54,7012,,,
2023,"TZG ACCOUNTING LLC",0,0,1,0,54,7012,NY,BROOKLYN,11220
2023,"U AND ME COMMUNICATIONS INC",1,0,0,0,54,3822,TX,ALLEN,75013
2023,"U POWER ROBOTICS INC",0,0,1,0,54,8266,CA,SUNNYVALE,94085
2023,"U S INTERACTIVE CORP",1,0,1,0,54,4792,CA,"SANTA CLARA",95050
2023,"UAH TECHNOLOGIES LLC",5,0,0,0,54,3275,TX,DALLAS,75234
2023,"UB TECHNOLOGY INNOVATIONS INC",0,0,0,1,54,2956,CA,ANAHEIM,92806
2023,"UBER FREIGHT US LLC",0,0,1,0,54,9425,TX,FRISCO,75034
2023,"UBER TECHNOLOGIES INC",19,0,178,2,54,7441,CA,"SAN FRANCISCO",94158
2023,"UBER TECHNOLOGIES INC",0,0,1,0,54,7441,CA,"SAN JOSE",95158
2023,"UBER TECHNOLOGIES INC",0,0,1,0,54,2438,CA,"SAN FRANCISCO",94158
2023,"UBER TECHNOLOGIES INC",1,0,7,0,54,7441,,,
2023,"UBERTEJAS LLC DBA BIZCLOUD EXPERTS",0,0,1,0,54,4270,TX,LEWISVILLE,75067
2023,"UBIQUITI INC",0,0,2,0,54,1265,MI,"ANN ARBOR",48104
2023,"UBIQUS REPORTING INC",0,0,1,0,54,1733,NY,"NEW YORK",10006
2023,"UBYON INC",0,0,1,0,54,4361,CA,CUPERTINO,95014
2023,"UC INNOVATION, INC.",0,0,1,0,54,2364,CA,IRVINE,92606
2023,"UCHICAGO ARGONNE LLC",2,0,2,0,54,8477,,,
2023,"UCHICAGO ARGONNE LLC",24,0,24,0,54,8477,IL,LEMONT,60439
2023,"UCRYA LLC",6,0,0,0,54,6525,FL,"LAKE MARY",32746
2023,"UD INVESTMENTS INC DBA SMARTIPLACE",0,0,1,0,54,8546,TX,IRVING,75062
2023,"UDEMY INC",1,1,6,0,54,9864,CA,"SAN FRANCISCO",94107
2023,"UGAM SOLUTIONS INC",17,1,1,0,54,8017,TX,PLANO,75093
2023,"UHY ADVISORS MID ATLANTIC MD INC",0,0,1,0,54,2957,MD,COLUMBIA,21046
2023,"UHY ADVISORS MID-ATLANTIC MD INC",0,0,1,0,54,4367,MD,COLUMBIA,21046
2023,"UI PATH TEK LLC",0,0,1,0,54,0017,,,
2023,"UI PATH TEK LLC",2,0,0,0,54,0017,NC,CHARLOTTE,28262
2023,"UIPATH INC",0,0,2,0,54,3187,NY,"NEW YORK",10017
2023,"UIPATH INC",0,0,5,1,54,3187,NY,"NEW YORK",10018
2023,"UIS CONSULTING LLC",0,1,0,0,54,8989,IL,SCHAUMBURG,60193
2023,"UKG INC",0,0,2,0,54,4077,,,
2023,"UKG INC",0,0,8,0,54,4077,FL,"FORT LAUDERDALE",33326
2023,"UKG INC",0,0,3,0,54,4077,FL,WESTON,33326
2023,"UKG INC",2,0,15,0,54,4077,MA,LOWELL,01851
2023,"UKG INC",0,0,1,0,54,4077,MA,LOWELL,01851
2023,"UKTHA GLOBAL INC",0,0,1,0,54,4228,,,
2023,"UKTHA GLOBAL INC",3,0,5,0,54,4228,GA,SUWANEE,30024
2023,"UL LLC",1,0,28,0,54,2454,IL,NORTHBROOK,60062
2023,"ULAB SYSTEMS INC",0,0,1,0,54,7717,TN,MEMPHIS,38133
2023,"ULFBERHT LABS CORP DBA HUDSON DATA",0,0,1,0,54,4405,,,
2023,"ULS INC.",1,0,0,0,54,1139,IL,NORTHBROOK,60062
2023,"ULTERIOR TECHNOLOGIES INC",1,0,0,0,54,2048,DE,LEWES,19958
2023,"ULTIMA GENOMICS INC",0,0,0,2,54,3878,CA,NEWARK,94560
2023,"ULTIMATE TECHNOLOGY SOLUTIONS INC",5,0,0,0,54,4076,NJ,PARSIPPANY,07054
2023,"ULTIMO SOFTWARE SOLUTIONS INC",0,0,3,0,54,0227,CA,"UNION CITY",94587
2023,"ULTRA SAFE NUCLEAR CORPORATION",1,0,0,0,54,9774,WA,SEATTLE,98199
2023,"ULTRAAURA SYSTEMS LLC",12,1,0,0,54,9011,SC,COLUMBIA,29201
2023,"ULTRAGENYX PHARMACEUTICAL INC",0,0,2,0,54,6083,CA,NOVATO,94949
2023,"ULTRAMAIN SYSTEMS INC",0,0,1,0,54,6167,NM,ALBUQUERQUE,87109
2023,"ULYTICS INC",1,0,0,0,54,7677,IL,BOLINGBROOK,60490
2023,"UNDERDOG TECHNOLOGIES INC DBA PINWHEEL",0,0,1,0,54,1391,NY,"NEW YORK",10017
2023,"UNDERWRITERS LABORATORIES INC",1,0,0,0,54,2375,,,
2023,"UNDERWRITERS LABORATORIES INC",2,0,0,0,54,2375,IL,NORTHBROOK,60062
2023,"UNDOCKED INC",1,0,0,0,54,9578,GA,ALPHARETTA,30005
2023,"UNEARTHLY MATERIALS INC",1,0,0,0,54,8233,NY,ROCHESTER,14618
2023,"UNGERBOECK SYSTEMS INTERNATIONAL INC",1,0,2,0,54,2405,MO,"O FALLON",63368
2023,"UNICA GROUP INC",0,0,3,1,54,7437,PA,MECHANICSBURG,17050
2023,"UNICODE SYSTEMS INC",3,0,0,0,54,1995,VA,HERNDON,20170
2023,"UNICOM TECHNOLOGIES INC",0,0,3,0,54,2693,IL,LISLE,60532
2023,"UNICON INTERNATIONAL INC",1,0,0,0,54,6860,OH,COLUMBUS,43213
2023,"UNICON PHARMA INC",1,0,0,0,54,4626,NJ,"SOUTH PLAINFIELD",07080
2023,"UNICON SCIENCES INC",0,0,11,0,54,4443,NJ,"SOUTH PLAINFIELD",07080
2023,"UNICON SYSTEMS INC",3,0,0,0,54,1507,TX,DALLAS,75234
2023,"UNICON SYSTEMS INC",9,0,1,0,54,1507,TX,"FARMERS BRANCH",75234
2023,"UNICON SYSTEMS INC",1,0,0,0,54,1507,TX,IRVING,75038
2023,"UNICON SYSTEMS INC",1,0,0,0,54,2473,TX,"FARMERS BRANCH",75234
2023,"UNICORN TECHNOLOGIES LLC",2,0,5,0,54,7245,GA,ALPHARETTA,30005
2023,"UNIFIED BUSINESS TECHNOLOGIES INC",6,0,2,0,54,9677,MI,TROY,48083
2023,"UNIFIED TECH GROUP INC",14,0,4,0,54,5231,MI,"BLOOMFIELD HILLS",48304
2023,"UNIFOCUS LLP",0,0,1,0,54,4821,TX,CARROLLTON,75006
2023,"UNIFY DOTS CORPORATION",1,0,0,0,54,5577,CA,LOMITA,90717
2023,"UNIFY SOLUTIONS INC",2,0,7,0,54,6163,MD,COLUMBIA,21045
2023,"UNIGO INC",0,0,7,0,54,9402,TX,IRVING,75063
2023,"UNIGROUP C A",0,0,1,0,54,1790,MO,FENTON,63026
2023,"UNIIAN LLC",1,1,0,0,54,0607,TX,FRISCO,75035
2023,"UNIKON IT INC",0,0,1,0,54,6531,,,
2023,"UNIKON IT INC",13,1,2,0,54,6531,TX,KATY,77494
2023,"UNIKPROS INC",1,0,0,0,54,3787,MO,"MARYLAND HEIGHTS",63043
2023,"UNION OF CONCERNED SCIENTIST INC",0,0,1,0,54,5767,MA,CAMBRIDGE,02138
2023,"UNIPHORE TECHNOLOGIES NORTH AMERICA INC",1,0,3,0,54,6913,CA,"PALO ALTO",94304
2023,"UNIPHORE TECHNOLOGIES NORTH AMERICA INC",0,0,1,0,54,6913,,,
2023,"UNIPLUS CONSULTANTS INC",0,0,1,0,54,0219,VA,MANASSAS,20109
2023,"UNIQ IT SOLUTIONS INC",0,1,0,0,54,4551,OH,DELAWARE,43015
2023,"UNIQ IT SOLUTIONS INC",4,1,3,0,54,4551,OH,"LEWIS CENTER",43035
2023,"UNIQUE COMP INC",0,0,1,0,54,1202,NY,"LONG ISLAND CITY",11101
2023,"UNIQUE KEY RESOURCES INC",1,1,2,0,54,4770,TN,COLLIERVILLE,38017
2023,"UNIQUE KEY RESOURCES INC",2,0,1,0,54,4770,TN,COLLIERVILLE,38017
2023,"UNIQUE LOGIC SOLUTIONS INC",0,0,1,0,54,9918,AR,BENTONVILLE,72712
2023,"UNIQUE SYSTEM SKILLS LLC",1,0,7,0,54,8297,NH,NASHUA,03062
2023,"UNIQUE TECH INC",2,0,0,0,54,5372,MI,"FARMINGTN HLS",48335
2023,"UNIQUE TECH INC",3,0,0,0,54,5372,MI,FARMINGTON,48335
2023,"UNIQUE TECH INC",2,0,4,0,54,5372,MI,"FARMINGTON HILLS",48335
2023,"UNIQUE TECHNOLOGY GROUP CORP",5,0,0,0,54,2997,VA,SPRINGFIELD,22150
2023,"UNISOFT SOLUTIONS LLC",7,0,5,0,54,5415,NJ,SOMERVILLE,08876
2023,"UNISSANT INC",0,0,1,0,54,4984,VA,HERNDON,20170
2023,"UNITAS GLOBAL INC",0,0,1,0,54,7014,IL,CHICAGO,60607
2023,"UNITED AMERICA SYSTEMS INC",0,0,1,1,54,4397,PA,"CHADDS FORD",19317
2023,"UNITED BIOSOURCE LLC",0,0,2,0,54,7029,PA,"BLUE BELL",19422
2023,"UNITED BUSINESS SOLUTIONS INC",0,0,4,0,54,3988,NJ,"MONMOUTH JUNCTION",08852
2023,"UNITED BUSINESS SOLUTIONS INC",0,0,1,0,54,3988,,,
2023,"UNITED FORTUNE IT SOLUTIONS",0,0,1,0,54,7678,IL,AURORA,60504
2023,"UNITED GLOBAL PROFESSIONAL SERVICES INC DBA UGPS INC",1,0,2,0,54,5586,VA,"GLEN ALLEN",23060
2023,"UNITED HEALTHCARE SERVICES INC",0,0,1,0,54,9245,MN,HOPKINS,55343
2023,"UNITED IT INC",0,1,2,0,54,2962,NJ,PISCATAWAY,08854
2023,"UNITED IT SOLUTIONS INC",2,0,6,0,54,5460,TX,IRVING,75038
2023,"UNITED LEGWEAR COMPANY",1,0,0,0,54,0820,NY,"NEW YORK",10018
2023,"UNITED PHARMA TECHNOLOGIES INC",0,0,1,0,54,0951,,,
2023,"UNITED PHARMA TECHNOLOGIES INC",1,0,1,0,54,0951,NJ,"S PLAINFIELD",07080
2023,"UNITED PHARMA TECHNOLOGIES INC",5,0,18,0,54,0951,NJ,"SOUTH PLAINFIELD",07080
2023,"UNITED SOFTWARE CORPORATION",1,0,1,0,54,3977,TX,AUSTIN,78752
2023,"UNITED SOFTWARE GROUP INC",12,0,9,1,54,7828,OH,DUBLIN,43017
2023,"UNITED SOLUTIONS LLC",0,0,1,0,54,5591,MD,ROCKVILLE,20852
2023,"UNITED SOLUTIONS LLC . DBA UNITED SOFT SOLUTIONS",0,0,1,0,54,7159,AR,BENTONVILLE,72712
2023,"UNITED TECHNO SOLUTIONS INC",0,0,3,0,54,2579,CA,PLEASANTON,94588
2023,"UNITED VETERINARY CARE CA INC",2,0,1,0,54,2266,FL,"PALM BEACH GARDENS",33410
2023,"UNITED VETERINARY CARE LLC",0,0,0,1,54,3965,FL,"PALM BEACH GARDENS",33458
2023,"UNITEDTEKGROUP INC",1,0,1,0,54,4271,WA,RENTON,98055
2023,"UNITY DATA INC",0,0,1,0,54,2744,WA,BELLEVUE,98004
2023,"UNITY DATA INC",0,0,1,0,54,2744,CA,"SAN FRANCISCO",94109
2023,"UNIV CORP FOR ATMOSPHERIC RESEARCH",5,0,4,0,54,2668,CA,"SAN DIEGO",92107
2023,"UNIV CORP FOR ATMOSPHERIC RESEARCH",1,0,1,0,54,2668,CO,BOULDER,80301
2023,"UNIV OF ARK DIV OF AGRICULTURE",1,0,0,0,54,2458,,,
2023,"UNIV OF ARK DIV OF AGRICULTURE",0,0,5,0,54,2458,AR,"LITTLE ROCK",72204
2023,"UNIVERSAL BUSINESS CONSULTING INC",1,0,1,0,54,1558,NJ,PRINCETON,08540
2023,"UNIVERSAL BUSINESS SOLUTIONS INC",4,0,0,0,54,6049,TX,FRISCO,75034
2023,"UNIVERSAL BUSINESS SOLUTIONS INC",1,0,0,0,54,1377,VA,HERNDON,20171
2023,"UNIVERSAL BUSINESS SOLUTIONS INC",1,0,0,0,54,1377,VA,HERNDON,20172
2023,"UNIVERSAL BUSINESS SOLUTIONS INC",0,0,1,0,54,6049,,,
2023,"UNIVERSAL CONSULTING PARTNERS INC",1,0,0,0,54,3181,VA,HERNDON,20171
2023,"UNIVERSAL CONVERSION TECHNOLOGIES I LLC",0,0,1,0,54,1777,TX,GRAPEVINE,76051
2023,"UNIVERSAL IT PROFESSIONALS LLC",1,0,0,0,54,0661,TX,HOUSTON,77082
2023,"UNIVERSAL IT PROFESSIONALS LLC",5,0,0,0,54,0661,TX,HOUSTON,77042
2023,"UNIVERSAL MCCANN WORLDWIDE INC",1,0,1,0,54,6458,NY,"NEW YORK",10001
2023,"UNIVERSAL ROBOTICS INC",0,0,2,0,54,1780,TN,NASHVILLE,37217
2023,"UNIVERSAL SYSTEM TECHNOLOGIES INC",8,0,2,0,54,6646,MI,"BINGHAM FARMS",48025
2023,"UNIVERSAL SYSTEM TECHNOLOGIES INC",5,0,1,0,54,6646,MI,FRANKLIN,48025
2023,"UNIVERSAL TECH SOLUTIONS INC",0,0,1,0,54,7202,VA,ASHBURN,20147
2023,"UNIVERSAL TECHNOLOGIES LLC",0,0,1,0,54,9142,NY,ALBANY,12203
2023,"UNIVERSITIES SPACE RESEARCH ASSOC",1,0,1,0,54,2064,DC,WASHINGTON,20024
2023,"UNIVERSITY AT BUFFALO NEUROSURGERY INC",1,0,0,0,54,5678,NY,BUFFALO,14221
2023,"UNIVERSITY AT BUFFALO NEUROSURGERY INC",1,0,0,0,54,5678,NY,WILLIAMSVILLE,14221
2023,"UNIVERSITY OF NEVADA RENO",2,0,0,0,54,0024,NV,"LAS VEGAS",89119
2023,"UNIVERSITY OF PITTSBURGH",1,0,0,0,54,5591,PA,PITTSBURGH,15260
2023,"UNO RECRUIT LLC",0,0,1,0,54,0487,IL,"ARLINGTON HEIGHTS",60005
2023,"UNRAVEL DATA SYSTEMS INC",0,0,1,0,54,0664,CA,"PALO ALTO",94306
2023,"UNSUPERVISED.COM INC",0,0,1,0,54,9109,CO,BROOMFIELD,80021
2023,"UP2DATE TECHNOLOGIES LLC",1,0,0,0,54,5068,GA,ALPHARETTA,30004
2023,"UP2DATE TECHNOLOGY SOLUTIONS LLC",8,1,1,0,54,1898,CA,FREMONT,94536
2023,"UPKARA INC",0,0,1,0,54,4493,MI,"ANN ARBOR",48109
2023,"UPLAND SOFTWARE INC",0,0,3,0,54,2077,NE,LINCOLN,68516
2023,"UPLIGHT INC",0,0,2,0,54,2137,CO,BOULDER,80301
2023,"UPLINQ INC",0,0,1,0,54,5127,AZ,SCOTTSDALE,85251
2023,"UPPED EVENTS INC",1,0,0,0,54,9127,PA,NEWTOWN,18940
2023,"UPRIGHT LLC",1,0,0,0,54,0918,OR,CLACKAMAS,97015
2023,"UPS DIGITAL INC",0,0,1,0,54,8652,GA,ATLANTA,30328
2023,"UPSIDE FOODS INC",0,0,2,0,54,0183,CA,BERKELEY,94710
2023,"UPSILON TECHNOLOGIES INC",12,0,0,0,54,7965,TX,GEORGETOWN,78626
2023,"UPSILONSOFT LLC",1,0,0,0,54,1548,GA,ALPHARETTA,30005
2023,"UPTAKE TECHNOLOGIES INC",0,0,1,0,54,7490,,,
2023,"UPTIK SOLUTIONS INC",2,0,0,0,54,6790,TX,DALLAS,75234
2023,"UPTREND TECHNOLOGIES LLC",9,0,1,0,54,6093,CA,TRACY,95377
2023,"UPTYCS INC",1,0,3,0,54,1166,MA,WALTHAM,02451
2023,"UPWARD INNOVATIONS LLC",1,0,0,0,54,4672,DE,WILMINGTON,19801
2023,"UPWARD SYSTEMS INC",1,0,0,0,54,9159,TX,HOUSTON,77036
2023,"UPWORK INC",0,0,2,0,54,7682,,,
2023,"UPWORK INC",0,0,6,0,54,7682,CA,"SAN FRANCISCO",94107
2023,"UPWORK INC",0,0,0,1,54,7682,CA,"SAN FRANCISCO",94111
2023,"UR INTERNATIONAL INC",0,0,2,0,54,2178,TX,STAFFORD,77477
2023,"UR TECHNOLOGIES INC",0,0,1,0,54,1898,MN,WOODBURY,55129
2023,"UR TECHNOLOGIES INC",1,0,0,0,54,1898,MN,"SAINT PAUL",55129
2023,"URBAHN ARCHITECTS PLLC",0,0,1,0,54,8033,NY,"NEW YORK",10018
2023,"URBAN SCIENCE APPLICATIONS INC",0,0,2,0,54,4622,MI,DETROIT,48243
2023,"URBANE SYSTEMS LLC",4,0,0,0,54,8457,VA,HERNDON,20171
2023,"URBANTECH CONSULTING ENGINEERING PC",0,0,1,0,54,1675,NY,"NEW YORK",10004
2023,"URGENT CONSULT INC DBA REFERWELL",1,0,0,0,54,0862,CT,STAMFORD,06901
2023,"URJANET INC",0,0,1,0,54,9027,GA,ATLANTA,30309
2023,"URL SYSTEMS INC",0,0,0,1,54,9364,NJ,BRIDGEWATER,08807
2023,"UROOJ LLC DBA ONPOINTE",0,0,1,0,54,6922,NJ,"NORTH BERGEN",07047
2023,"URPAN TECHNOLOGIES INC",2,1,14,0,54,3993,CA,FREMONT,94538
2023,"URSI TECHNOLOGIES INC",36,2,3,0,54,7674,GA,ALPHARETTA,30005
2023,"US DATA MANAGEMENT, LLC DBA USDM LIFE SCIENCES",0,0,2,0,54,3352,CA,"SANTA BARBARA",93101
2023,"US DEFAULT GROUP INC",0,0,1,0,54,0007,FL,"BOCA RATON",33487
2023,"US ELECTRONICS INC",6,0,0,0,54,8452,MN,MINNEAPOLIS,55416
2023,"US FORENSIC LLC",0,0,1,0,54,6923,LA,METAIRIE,70002
2023,"US IGNITE INC",0,0,1,0,54,3413,DC,WASHINGTON,20036
2023,"US SOFTWARE CONSULTING INC",2,0,0,0,54,4240,VA,STERLING,20165
2023,"US SOFTWARE GROUP INC",1,0,0,0,54,5557,NJ,WARREN,07059
2023,"US SOFTWARE PROFESSIONALS INC",0,0,2,0,54,7090,IL,CHICAGO,60611
2023,"US TECH SOLUTIONS INC",2,1,3,0,54,3532,NJ,"JERSEY CITY",07302
2023,"US TECHNICAL CONSULTANTS INC",0,0,1,0,54,5129,CA,FULLERTON,92831
2023,"US TECHNOLOGIES CORPORATION",2,1,1,0,54,3571,OR,PORTLAND,97229
2023,"USA SOFT SYSTEMS LLC",2,1,0,0,54,2856,AR,BENTONVILLE,72712
2023,"USA TECH CONSULTING LLC",2,0,1,0,54,3069,TX,HOUSTON,77081
2023,"USAA FEDERAL SAVINGS BANK",0,0,1,0,54,1652,TX,"SAN ANTONIO",78288
2023,"USABILITY DYNAMICS INC",1,0,0,0,54,6965,NC,DURHAM,27701
2023,"USACS MEDICAL GROUP LTD",4,0,9,0,54,9937,OH,CANTON,44718
2023,"USDA AGRICULTURAL RESEARCH SERVICE",1,0,0,0,54,4834,CA,BERKELEY,94710
2023,"USDOT NETWORKS INC",0,0,1,0,54,3263,CT,HARTFORD,06103
2023,"USER TESTING INC",0,0,2,0,54,9214,CA,"SAN FRANCISCO",94107
2023,"USERCLOUDS INC",1,0,0,0,54,1649,OR,BEAVERTON,97008
2023,"USG INC",0,0,1,0,54,0337,OH,DUBLIN,43017
2023,"USHIREPRO LLC",1,0,0,0,54,1029,NJ,HAMILTON,08619
2023,"USHUR INC",0,0,2,0,54,3440,CA,"SANTA CLARA",95054
2023,"USM BUSINESS SYSTEMS INC",1,1,15,0,54,5361,VA,ASHBURN,20147
2023,"USM BUSINESS SYSTEMS INC",0,0,8,0,54,5361,VA,CHANTILLY,20151
2023,"UST CONTINEO HEALTH INC",0,0,3,0,54,4976,NJ,PRINCETON,08540
2023,"UST GLOBAL INC",0,0,1,0,54,9797,CA,"ALISO VIEJO",92656
2023,"UST GLOBAL INC",0,0,10,0,54,9797,,,
2023,"UST GLOBAL INC",130,2,136,3,54,9797,CA,"ALISO VIEJO",92656
2023,"UST HEALTHPROOF INC",0,0,1,0,54,5987,CA,"ALISO VIEJO",92656
2023,"USTECHSYSTEM LLC",0,0,1,0,54,0794,UT,DRAPER,84020
2023,"USTRING SOLUTIONS LLC",2,1,3,0,54,5558,TX,BEDFORD,76021
2023,"USW MENARD INC",1,0,0,0,54,2473,FL,TAMPA,33618
2023,"UT BATTELLE LLC ORNL",1,0,0,0,54,8235,TN,"OAK RIDGE",37830
2023,"UT BATTELLE LLC ORNL",51,0,41,1,54,8235,TN,"OAK RIDGE",37831
2023,"UT BATTELLE LLC ORNL",1,0,0,0,54,8235,TN,"THORN HILL",37881
2023,"UT BATTELLE LLC ORNL",4,0,3,0,54,8235,,,
2023,"UT-BATTELLE, LLC (ORNL)",0,0,1,0,54,,TN,"OAK RIDGE",37831
2023,"UTAC US INC D B A MILLBROOK REVOLUTIONARY ENGINEERING INC",0,0,1,0,54,4054,MI,LIVONIA,48150
2023,"UTEGRATION LLC",0,0,5,0,54,4391,TX,HOUSTON,77002
2023,"UTEGRATION LLC",0,0,1,0,54,4391,TX,HOUSTON,77042
2023,"UTILITY DATA CONTRACTORS INC D/B/A UDC INC AND/OR UDC",0,0,4,0,54,8937,CO,ENGLEWOOD,80112
2023,"UTIMACO INC",0,0,1,0,54,7085,CA,CAMPBELL,95008
2023,"UTOPIA GLOBAL INC",0,0,1,1,54,6423,NC,RALEIGH,27609
2023,"UTRON SYSTEMS INC",0,0,1,0,54,1009,NJ,HACKENSACK,07601
2023,"UTURN DATA SOLUTIONS LLC",0,0,1,0,54,3731,IL,CHICAGO,60654
2023,"UV TECHNOLOGY SOLUTIONS INC",6,0,0,0,54,9921,VA,ASHBURN,20147
2023,"UVN TECHNOLOGIES INC",1,0,0,0,54,8359,NJ,EDISON,08820
2023,"UZUN CASE LLC",0,0,1,0,54,4558,GA,ATLANTA,30309
2023,"V P OLIVARES SURVEYING LLC",1,0,0,0,54,3986,GU,HAGATNA,96932
2023,"V S TECHNOLOGIES INC",5,0,0,0,54,9138,TX,PLANO,75024
2023,"V SOFT CONSULTING GROUP INC",0,0,2,0,54,2643,,,
2023,"V SOFT CONSULTING GROUP INC",24,0,71,4,54,2643,KY,LOUISVILLE,40222
2023,"V SOFT SOLUTIONS INC",11,0,1,0,54,2930,CA,CERRITOS,90703
2023,"V SOLVE INC",0,0,1,0,54,2110,NY,"FOREST HILLS",11375
2023,"V2 INNOVATIONS INC",1,0,1,0,54,8757,MI,CANTON,48187
2023,"V2SOFT INC",2,0,3,0,54,2472,MI,"BLOOMFIELD HILLS",48302
2023,"V2SOFTWARE TECHNOLOGIES LLC",1,0,1,0,54,0069,GA,ALPHARETTA,30009
2023,"V2SOLUTIONS INC",6,0,0,0,54,9737,CA,"SANTA CLARA",95051
2023,"V3TECH SOLUTIONS INC",7,0,25,1,54,2767,TX,MCKINNEY,75070
2023,"V3TECH SOLUTIONS INC",0,0,4,0,54,2767,,,
2023,"VAA LLC",0,0,1,0,54,0566,MN,PLYMOUTH,55441
2023,"VAARG INC",1,0,2,0,54,2625,CA,FREMONT,94538
2023,"VAAZU INC",8,0,0,0,54,0109,MI,SOUTHFIELD,48033
2023,"VADLO SYSTEMS LLC",2,2,0,0,54,1818,GA,NORCROSS,30093
2023,"VAIKUN CORPORATION",0,0,1,0,54,8010,IL,PLAINFIELD,60585
2023,"VAISH TECHNOLOGIES LLC",4,0,0,0,54,3097,GA,CUMMING,30040
2023,"VAISNAVI GROUP LLC",2,0,1,0,54,1233,VA,MANASSAS,20110
2023,"VAJRA SYSTEMS INC",0,0,0,1,54,6012,CA,FREMONT,94536
2023,"VAJRASOFT LLC",0,0,1,0,54,3662,AL,BIRMINGHAM,35266
2023,"VAKULA TECHNOLOGIES INC",1,0,2,0,54,8539,NJ,PISCATAWAY,08854
2023,"VALAR LABS INC",1,0,0,0,54,8521,CA,"PALO ALTO",94301
2023,"VALARCORP INC",4,0,1,0,54,1046,MD,LAUREL,20707
2023,"VALCAN IT INC",0,0,1,0,54,2196,TX,"LITTLE ELM",75068
2023,"VALGENESIS INC",1,0,0,0,54,7653,CA,"SOUTH SAN FRANCISCO",94080
2023,"VALI LLC",1,0,0,0,54,3016,FL,"ST PETERSBURG",33702
2023,"VALIANT INTERNATIONAL INC",0,0,1,0,54,4462,MI,"AUBURN HILLS",48326
2023,"VALIANT IT SERVICES INC",0,1,4,0,54,8300,TX,AUSTIN,78759
2023,"VALIANT TECHNOLOGY SOLUTIONS LLC",1,0,0,0,54,7474,UT,"SOUTH JORDAN",84095
2023,"VALIANTICA INC",0,0,3,0,54,1678,CA,"SAN JOSE",95129
2023,"VALIANTYS AMERICA INC",0,0,2,0,54,3602,MA,DEDHAM,02026
2023,"VALIDATION ASSOCIATES LLC",0,0,5,0,54,4153,VA,HERNDON,20170
2023,"VALIDIT SOLUTIONS LLC",0,0,3,0,54,3316,GA,ATLANTA,30350
2023,"VALIMATION INC",0,0,1,0,54,2305,FL,JACKSONVILLE,32256
2023,"VALLES VENDIOLA LLP",2,0,1,0,54,2828,NY,"NEW YORK",10038
2023,"VALORE PARTNERS LLC",0,0,1,0,54,9948,AZ,PHOENIX,85016
2023,"VALOREM LLC DBA VALOREM REPLY",0,0,2,0,54,0305,MO,"KANSAS CITY",64108
2023,"VALORNEST IT SERVICES LLC",1,0,1,0,54,0127,TX,DALLAS,75234
2023,"VALOURUSA INC",12,0,3,0,54,1501,TX,IRVING,75038
2023,"VALRIX LLC",0,0,1,0,54,7462,IL,"VERNON HILLS",60061
2023,"VALSAMIS INC",0,0,1,0,54,0117,TX,HOUSTON,77087
2023,"VALTA ENERGY LLC",0,0,1,0,54,5115,CA,"DANA POINT",92629
2023,"VALTECH SOLUTIONS LLC",0,0,4,0,54,8024,TX,PLANO,75024
2023,"VALTIX IN",0,0,1,0,54,5418,CA,"SAN JOSE",95128
2023,"VALUE CONSULTING LLC",0,0,1,0,54,3438,VA,STERLING,20166
2023,"VALUELABS INC",15,0,12,2,54,9220,GA,DULUTH,30096
2023,"VALUEMOMENTUM INC",14,2,68,0,54,4179,NJ,PISCATAWAY,08854
2023,"VALUEPRO INC",0,0,1,0,54,6479,AR,LITTLEROCK,72201
2023,"VALUEPRO INC",7,0,5,0,54,6479,AR,"LITTLE ROCK",72201
2023,"VAMANA SYSTEMS INC",1,0,2,0,54,6170,GA,ALPHARETTA,30005
2023,"VAN ANDEL RESEARCH INSTITUTE",8,0,2,2,54,0823,MI,"GRAND RAPIDS",49503
2023,"VAN METER WILLIAMS POLLACK LLP",0,0,1,0,54,3870,CA,"SAN FRANCISCO",94107
2023,"VANASSE HANGEN BRUSTLIN INC",0,0,1,0,54,1679,MA,WATERTOWN,02471
2023,"VANDERLANDE INDUSTRIES INC",1,0,2,0,54,2968,GA,MARIETTA,30066
2023,"VANDERWALL LAW OFFICE LLC",0,0,1,0,54,8648,OR,BEAVERTON,97008
2023,"VANDEVENTER PLACE RESEARCH FOUNDATION",1,0,0,0,54,4664,MO,"SAINT LOUIS",63103
2023,"VANDOO LLC",2,0,0,0,54,8166,NJ,NEWARK,07102
2023,"VANKAY SYSTEMS INC",5,0,1,0,54,8632,NC,MORRISVILLE,27560
2023,"VANTAGE DATA CENTERS MGMT CO LLC",0,0,1,0,54,2975,CA,"SANTA CLARA",95051
2023,"VANTAGE DATA CENTERS MGMT CO LLC",0,0,1,0,54,2975,CO,DENVER,80206
2023,"VANTAGE INC D/B/A ACQUCO",1,0,0,0,54,2987,NY,"NEW YORK",10001
2023,"VANTAGE INC D/B/A ACQUCO",1,0,0,0,54,2987,NJ,PARAMUS,07652
2023,"VANTAGE LABS LLC",1,0,1,0,54,3694,PA,"NEW HOPE",18938
2023,"VANTAGE POINT CONSULTING INC",1,0,1,0,54,0706,PA,HAWLEY,18428
2023,"VANTAGEERP LLC",4,0,7,0,54,1058,TX,HOUSTON,77082
2023,"VANTEZ SYSTEMS INC",6,0,1,0,54,9010,NJ,PISCATAWAY,08854
2023,"VAOYO LLC",0,2,0,0,54,2497,MI,"FARMINGTON HILLS",48335
2023,"VARANT INC",1,0,0,0,54,3662,TX,IRVING,75063
2023,"VARCONS INC",1,0,2,0,54,8203,VA,CHANTILLY,20151
2023,"VARENS SOFTTECH LLC",2,0,0,0,54,2316,FL,ORLANDO,32804
2023,"VARENS SOFTTECH LLC",1,0,0,0,54,2316,TX,PROSPER,75078
2023,"VARIYAS GLOBAL SOLUTIONS INC",13,0,2,0,54,5968,MD,COLUMBIA,21045
2023,"VARNAR INC",1,0,0,0,54,0405,VA,STERLING,20165
2023,"VARNUM LLP",0,0,1,0,54,4924,MI,"GRAND RAPIDS",49504
2023,"VARONIS SYSTEMS, INC.",0,1,0,0,54,2280,NY,"NEW YORK",10001
2023,"VARS CONSULTING INC",0,1,1,0,54,0859,NJ,"NEW BRUNSWICK",08901
2023,"VARUNAVI IT CONSULTANTS INC",3,0,0,0,54,7185,NC,MORRISVILLE,27560
2023,"VASANTAS SOFTWARE INC",2,0,2,0,54,1745,CA,TORRANCE,90505
2023,"VASISTA GLOBAL LLC",1,0,0,0,54,2351,MI,NORTHVILLE,48167
2023,"VASPIRE TECHNOLOGIES INC",1,0,3,1,54,6791,NJ,"EAST BRUNSWICK",08816
2023,"VASQUEZ & COMPANY LLP",1,0,1,0,54,0332,CA,GLENDALE,91203
2023,"VASS AMERICA INC DBA ECENTA AMERICA INC",0,1,2,0,54,1412,TX,DALLAS,75201
2023,"VASS INC",0,1,2,0,54,7564,VA,HERNDON,20170
2023,"VASTEK INC",0,0,2,0,54,7975,,,
2023,"VASTEK INC",22,1,42,5,54,7975,CA,"SAN DIEGO",92101
2023,"VASTIKA INC",0,0,3,0,54,1946,TX,IRVING,75038
2023,"VATANDOSH INC",0,1,0,0,54,0894,VA,RICHMOND,23220
2023,"VAVA TECHNOLOGIES INC",1,0,0,0,54,3382,NY,"LONG ISLAND CITY",11101
2023,"VAVERA LLC",1,0,0,0,54,4993,TX,IRVING,75062
2023,"VAVERA LLC",1,0,0,0,54,4993,TX,IRVING,75038
2023,"VAVERA LLC",4,0,0,0,54,4993,TX,IRVING,75062
2023,"VAXXINITY INC",0,0,1,0,54,3865,FL,"EXPLORATION PARK",32953
2023,"VAYUSOFT SOLUTIONS INC",0,0,1,0,54,0899,MD,COLUMBIA,21045
2023,"VAYYUSOFT LLC",0,0,1,0,54,7548,PA,MALVERN,19355
2023,"VBRIDGE GLOBAL LLC",0,1,1,0,54,0995,IL,"ROLLING MEADOWS",60008
2023,"VBRIDGEIT INC",1,0,2,0,54,1623,NC,CHARLOTTE,28262
2023,"VCA CONSULTANTS INC DBA VCA STRUCTURAL",0,0,1,0,54,4933,CA,ORANGE,92868
2023,"VCA INC VCA UNIVERSITY ANIMAL HOSPITAL",0,0,1,0,54,7995,CA,LOOMIS,95650
2023,"VCA INC VCA UNIVERSITY ANIMAL HOSPITAL",1,0,0,0,54,7995,CA,"SAN DIEGO",92113
2023,"VCA INC VCA UNIVERSITY ANIMAL HOSPITAL",0,0,1,0,54,7995,CA,"SOUTH PASADENA",91030
2023,"VCA INC VCA UNIVERSITY ANIMAL HOSPITAL",0,0,1,0,54,7995,HI,HONOLULU,96822
2023,"VCA INC VCA UNIVERSITY ANIMAL HOSPITAL",0,0,1,0,54,7995,NY,"NEW YORK",10021
2023,"VCA INC VCA UNIVERSITY ANIMAL HOSPITAL",0,0,1,0,54,7995,,,
2023,"VCA INC VCA UNIVERSITY ANIMAL HOSPITAL",0,0,1,0,54,7995,CA,"FOUNTAIN VALLEY",92708
2023,"VCARVE INC",0,0,2,0,54,5495,FL,TALLAHASSEE,32308
2023,"VCIT SOLUTIONS INC",7,0,5,0,54,9660,GA,NORCROSS,30093
2023,"VCLOUD INFO SOLUTIONS INC",4,3,0,0,54,1221,FL,"FORT MYERS",33907
2023,"VCLOUD TECHNOLOGY GROUP LLC",0,1,3,0,54,9755,NE,"GRAND ISLAND",68801
2023,"VCO LLC",0,0,1,0,54,3369,GA,ROSWELL,30076
2023,"VDART INC",2,0,3,0,54,1888,GA,ALPHARETTA,30022
2023,"VDRIVE IT SOLUTIONS INC",0,0,3,0,54,9043,TX,RICHARDSON,75081
2023,"VECNA ROBOTICS INC",0,1,0,0,54,0940,MA,WALTHAM,02452
2023,"VECTOR INFO SOLUTIONS INC",1,0,0,0,54,2390,VA,DULLES,20166
2023,"VECTOR INFO SOLUTIONS INC",0,0,4,0,54,2390,VA,STERLING,20166
2023,"VECTOR NORTH AMERICA INC",0,0,1,0,54,1209,MI,NOVI,48375
2023,"VECTOR SYSTEMS INC",3,1,1,0,54,8199,NJ,MATAWAN,07747
2023,"VECTORSOFT LLC",1,0,0,0,54,1120,TX,IRVING,75063
2023,"VECTRA AI INC",0,0,1,0,54,5486,CA,"SAN JOSE",95128
2023,"VECTRA INFOSYS INC",0,0,3,0,54,7376,TX,IRVING,75063
2023,"VED SOFTWARE SERVICES INC",2,0,0,0,54,9281,MI,"FARMINGTN HLS",48331
2023,"VED SOFTWARE SERVICES INC",5,0,1,0,54,9281,MI,FARMINGTON,48331
2023,"VED SOFTWARE SERVICES INC",3,0,2,0,54,9281,MI,"FARMINGTON HILLS",48331
2023,"VEDAINFO INC",2,0,2,0,54,8802,CA,TORRANCE,90503
2023,"VEDAMSOFT INC",6,1,3,0,54,4943,TX,IRVING,75038
2023,"VEDANTA TELECOM LLC",1,0,0,0,54,1201,TX,MCKINNEY,75070
2023,"VEDASOFT INC",0,0,1,0,54,2918,MD,"SEVERNA PARK",21146
2023,"VEEAR PROJECTS INC",1,0,0,0,54,9181,CA,PLEASANTON,94588
2023,"VEEFRIENDS LLC",0,0,1,0,54,5727,NY,"NEW YORK",10001
2023,"VEEJAY ASSOCIATES INC DBA SOHO SQUARE SOLUTIONS",1,0,1,0,54,7091,NY,"NEW YORK",10001
2023,"VEENA CORP DBA OMEGA HIRES",1,0,0,0,54,6681,VA,HERNDON,20171
2023,"VEENUS INFOTECHS CORPORATION",1,0,0,0,54,2751,OH,COPLEY,44321
2023,"VEENUS INFOTECHS CORPORATION",3,0,0,0,54,2751,OH,AKRON,44321
2023,"VEEVA SYSTEMS INC",1,0,20,1,54,5463,CA,PLEASANTON,94588
2023,"VEJARS TECHNOLOGIES INC",5,0,9,0,54,7310,TX,COPPELL,75019
2023,"VEKTOR MEDICAL INC",1,0,0,0,54,8484,CA,"SAN DIEGO",92121
2023,"VEL TRUE TECHNOLOGIES LLC",1,0,0,0,54,8013,AL,CLANTON,35045
2023,"VELAGA ASSOCIATES INC",0,0,3,0,54,5513,PA,CORAOPOLIS,15108
2023,"VELAN STUDIOS INC",0,0,1,0,54,9363,NY,TROY,12180
2023,"VELIR STUDIOS LLC",0,0,1,0,54,6955,MA,SOMERVILLE,02144
2023,"VELOCE IT GROUP LLC",6,0,0,0,54,3973,VA,ASHBURN,20147
2023,"VELOSIO LLC",0,0,1,0,54,6350,OH,DUBLIN,43017
2023,"VELVET TECHNOLOGY INC",0,0,1,0,54,4972,NY,"NEW YORK",10011
2023,"VEN SOFT LLC",0,0,1,0,54,5596,VA,CHANTILLY,20151
2023,"VEN SOFT LLC",0,0,1,0,54,5596,,,
2023,"VEN SOFT LLC",1,0,12,0,54,5596,VA,CHANTILLY,20151
2023,"VEN SOLUTIONS LLC",1,0,4,0,54,6825,TX,IRVING,75063
2023,"VENA PORTAE INC",4,0,0,0,54,5837,VA,ASHBURN,20147
2023,"VENABLE LLP",0,0,1,0,54,7250,DC,WASHINGTON,20001
2023,"VENAFI INC",0,0,2,0,54,4730,UT,"SALT LAKE CITY",84111
2023,"VENCEDOR SOFTWARE GROUP INC",4,0,2,0,54,3598,NC,CARY,27513
2023,"VENDOR CREDENTIALING SERVICE LLC DBA SYMPLR",0,0,1,0,54,7886,NH,NASHUA,03060
2023,"VENKATACHANDRA LLC",0,0,1,0,54,3729,GA,KENNESAW,30144
2023,"VENN BIOSCIENCES CORP D/B/A INTERVENN BIOSCIENCES",1,0,0,0,54,4673,,,
2023,"VENN TECHNOLOGIES INC",0,0,1,0,54,3262,TN,COLLIERVILLE,38017
2023,"VENNISON TECHNOLOGIES INC",2,0,0,0,54,1993,TX,ALLEN,75012
2023,"VENNISON TECHNOLOGIES INC",32,21,9,0,54,1993,TX,ALLEN,75013
2023,"VENNSYS LLC",2,0,7,0,54,3007,WI,MIDDLETON,53562
2023,"VENNSYS LLC",0,0,1,0,54,3007,,,
2023,"VENSA TEK LLC",1,0,0,0,54,3370,KS,"OVERLAND PARK",66213
2023,"VENSAI TECHNOLOGIES INC",2,0,2,0,54,6453,GA,CUMMING,30040
2023,"VENSAR TECHNOLOGY INC",0,0,3,0,54,3528,IL,SCHAUMBURG,60173
2023,"VENSIT CORP",0,0,4,0,54,5762,NJ,SAYREVILLE,08872
2023,"VENSITI INC",0,0,0,1,54,9175,TX,IRVING,75039
2023,"VENSITI INC",0,0,1,0,54,9175,,,
2023,"VENSOFT INC",0,0,2,0,54,2615,,,
2023,"VENSOFT INC",2,0,5,2,54,2615,AZ,GLENDALE,85306
2023,"VENSOFT SOLUTIONS INC",0,0,2,0,54,3981,DE,WILMINGTON,19810
2023,"VENTECH SOLUTIONS INC",0,0,4,0,54,5031,OH,COLUMBUS,43240
2023,"VENTECHSOFT INC",0,0,1,0,54,7965,,,
2023,"VENTECHSOFT INC",0,0,2,0,54,7965,NJ,PISCATAWAY,08854
2023,"VENTERA CORPORATION",1,0,1,0,54,9279,VA,RESTON,20191
2023,"VENTOIS INC",0,0,1,0,54,6340,,,
2023,"VENTOIS INC",0,0,35,1,54,6340,MA,SHREWSBURY,01545
2023,"VENTRESCA DESIGN LLC",0,0,1,0,54,2303,NY,"LONG ISLAND CITY",11101
2023,"VENTURA TECHNOLOGY SERVICES LLC DBA TEAMLOGIC IT60546",0,0,1,0,54,0608,CA,CAMARILLO,93012
2023,"VENTURESOFT GLOBAL INC",0,0,4,2,54,0263,CA,PLEASANTON,94566
2023,VENTURITY,0,0,1,0,54,7396,TX,DALLAS,75254
2023,"VENUSGEO SOLUTIONS, INC",6,0,0,0,54,3839,PA,MALVERN,19355
2023,"VEONEER US LLC",0,0,1,0,54,1316,,,
2023,"VEONEER US LLC",1,0,15,0,54,1316,MI,SOUTHFIELD,48034
2023,"VEQTOR LLC",0,0,1,0,54,1293,IL,"DES PLAINES",60018
2023,"VEQTOR LLC",0,0,1,0,54,1293,IL,ROSEMONT,60018
2023,"VERACITY SOFTWARE INC",2,0,1,0,54,6643,NJ,ISELIN,08830
2023,"VERACODE INC",0,0,0,1,54,6281,MA,BURLINGTON,01803
2023,"VERACROSS LLC",0,0,0,1,54,9717,MA,WAKEFIELD,01880
2023,"VERANA HEALTH INC",0,0,2,0,54,0385,,,
2023,"VERANA HEALTH INC",0,0,1,0,54,0385,CA,"SAN FRANCISCO",94107
2023,"VERANA HEALTH INC",1,0,7,1,54,0385,TN,KNOXVILLE,37902
2023,"VERANS BUSINESS SOLUTIONS INC",4,0,1,0,54,9783,NJ,EDISON,08817
2023,"VERATECH SYSTEMS LLC",0,0,1,0,54,8139,TX,"CEDAR PARK",78613
2023,"VERCEL INC",0,0,1,0,54,3830,CA,WALNUT,91789
2023,"VERDE DESIGN INC",0,0,1,0,54,4203,CA,"SANTA CLARA",95050
2023,"VERDIGRIS TECHNOLOGIES INC",0,0,1,0,54,6106,CA,"LOS ALTOS",94022
2023,"VERGE SENSE INC",0,0,1,0,54,8196,CA,"SAN FRANCISCO",94111
2023,"VERGLAS TECHNOLOGIES INC",1,0,1,0,54,8210,NJ,SOMERSET,08873
2023,"VERIDIC SOLUTIONS LLC",0,0,1,0,54,3307,,,
2023,"VERIDIC SOLUTIONS LLC",3,1,42,2,54,3307,OK,DURANT,74701
2023,"VERILY LIFE SCIENCES LLC",0,0,2,0,54,4521,,,
2023,"VERILY LIFE SCIENCES LLC",0,0,5,0,54,4521,CA,"MOUNTAIN VIEW",94043
2023,"VERILY LIFE SCIENCES LLC",0,0,8,0,54,4521,CA,"SOUTH SAN FRANCISCO",94080
2023,"VERIMATRIX INC",0,0,1,0,54,5891,CA,"SAN DIEGO",92121
2023,"VERINON TECHNOLOGY SOLUTIONS LTD",6,0,4,1,54,6875,IL,"ARLINGTON HEIGHTS",60004
2023,"VERINOVA TECHNOLOGIES, LLC.",1,0,0,0,54,7766,GA,ALPHARETTA,30005
2023,"VERINT SYSTEMS INC",0,0,2,0,54,0514,NY,MELVILLE,11747
2023,"VERIS INSIGHTS LLC",1,0,0,0,54,2496,DC,WASHINGTON,20036
2023,"VERISIGN INC",0,0,7,0,54,1585,VA,RESTON,20190
2023,"VERISTA INC",0,0,2,0,54,1514,IN,FISHERS,46037
2023,"VERISTA INC",0,0,1,0,54,1514,MA,WESTFORD,01886
2023,"VERISTAT LLC",0,0,0,1,54,6004,MA,SOUTHBOROUGH,01772
2023,"VERITAS IT SOLUTIONS LLC",1,0,0,0,54,3282,GA,CARROLLTON,30116
2023,"VERITAS PRIME LLC",1,0,2,0,54,6127,ME,PORTLAND,04101
2023,"VERITAS TECHNOLOGIES LLC",0,0,1,0,54,9960,,,
2023,"VERITAS TECHNOLOGIES LLC",0,0,17,0,54,9960,CA,"SANTA CLARA",95054
2023,"VERITAS TOTAL SOLUTIONS LLC",0,0,1,0,54,8000,TX,HOUSTON,77098
2023,"VERITIS GROUP INC",0,1,7,0,54,4066,TX,IRVING,75038
2023,"VERITY SERVICES LLC",0,0,1,0,54,7721,TX,SPRING,77380
2023,"VERNUS TECHNOLOGIES INC",0,0,1,0,54,4475,,,
2023,"VERNUS TECHNOLOGIES INC",0,0,3,0,54,4475,MI,"GRAND RAPIDS",49546
2023,"VEROTECH SOLUTIONS LLC",1,0,3,0,54,9442,FL,"FORT LAUDERDALE",33321
2023,"VEROTECH SOLUTIONS LLC",0,0,2,0,54,9442,FL,TAMARAC,33321
2023,"VERSA NETWORKS INC",0,0,1,0,54,1451,CA,"SANTA CLARA",95054
2023,"VERSA SHORE INC",3,0,0,0,54,2046,CA,CAMPBELL,95008
2023,"VERTECH INDUSTRIAL SYSTEMS LLC",0,0,1,0,54,9693,AZ,PHOENIX,85042
2023,"VERTEX ANALYTICS INC",1,0,1,0,54,8269,CT,MANCHESTER,06042
2023,"VERTEX ANALYTICS INC",0,0,2,0,54,8269,NC,CHARLOTTE,28210
2023,"VERTEX COMPUTER SYSTEMS INC",5,0,1,0,54,3633,OH,BEACHWOOD,44122
2023,"VERTEX CONSULTING INC DBA VERTEX GROUP",2,0,2,0,54,4173,VA,ASHBURN,20147
2023,"VERTEX CONSULTING SERVICES INC",1,0,1,0,54,1414,IL,SCHAUMBURG,60173
2023,"VERTEX PHARMACEUTICALS INCORPORATED",0,0,1,0,54,9129,,,
2023,"VERTEX PHARMACEUTICALS INCORPORATED",1,0,28,0,54,9129,MA,BOSTON,02210
2023,"VERTEX U S HOLDINGS INC",0,0,6,0,54,6422,TX,HOUSTON,77043
2023,"VERTICAL BLUE LLC",0,0,1,0,54,1777,,,
2023,"VERTICAL FOCUS INC",0,0,2,0,54,2780,MA,STONEHAM,02180
2023,"VERTISYSTEM INC",1,0,1,0,54,0871,CA,FREMONT,94538
2023,"VERTISYSTEM INC",0,0,1,0,54,0871,,,
2023,"VERTIV INC",1,0,1,0,54,4568,NJ,PRINCETON,08540
2023,VERTOGIC,0,0,0,1,54,7782,CA,FREMONT,94538
2023,VERTOGIC,0,0,2,0,54,7782,PA,DOYLESTOWN,18901
2023,"VERTRAUS INC",0,0,4,0,54,0700,TX,DALLAS,75244
2023,"VERTRAUS INC",0,0,2,0,54,0700,TX,"FARMERS BRANCH",75244
2023,"VERTRAX INC",0,0,1,0,54,4707,CT,"NEW HAVEN",06510
2023,"VERVE THERAPEUTICS INC",0,0,3,0,54,0132,MA,BOSTON,02215
2023,"VERVE THERAPEUTICS INC",0,0,1,0,54,0132,MA,CAMBRIDGE,02139
2023,"VERVENEST TECHNOLOGIES INC",3,0,1,0,54,7361,GA,ATLANTA,30345
2023,"VESTA CORPORATION",0,0,1,0,54,5674,OR,"LAKE OSWEGO",97035
2023,"VESTA INNOVATIONS, INC.",0,0,1,0,54,2205,CA,"SAN FRANCISCO",94133
2023,"VESTALABS LLC",0,1,0,0,54,8486,WA,REDMOND,98052
2023,"VESTAS AMERICAN WIND TECHNOLOGY INC",1,0,0,0,54,4300,OR,PORTLAND,97209
2023,"VESTMARK INC",0,0,1,0,54,6518,MA,WAKEFIELD,01880
2023,"VETCHECK CARMEL LLC DBA VETCHECK PET URGENT CARE",1,0,0,0,54,4313,IN,CARMEL,46032
2023,"VETERINARY EMERGENCY GROUP LLC",0,0,1,0,54,0171,NY,"WHITE PLAINS",10603
2023,"VETERINARY SERVICES OF NJ PC",0,0,1,0,54,7276,NJ,"WEST CALDWELL",07006
2023,"VETS PLUS INC",0,0,1,0,54,7629,WI,MENOMONIE,54751
2023,"VETTERY INC DBA HIRED",0,1,4,0,54,7366,FL,JACKSONVILLE,32256
2023,"VEVEY SOFTWARE SOLUTIONS LLC",0,0,1,0,54,8554,FL,TAMPA,33647
2023,"VEVO THERAPEUTICS INC",0,0,1,0,54,5282,CA,"SAN FRANCISCO",94107
2023,"VEZA TECHNOLOGIES INC",0,0,2,0,54,0285,CA,"LOS GATOS",95032
2023,"VFOURTECH INC",1,0,0,0,54,4933,TX,PROSPER,75078
2023,"VGAS LLC",0,0,1,0,54,0563,TX,BROOKSHIRE,77423
2023,"VHL TECHNOLOGIES INC",1,0,2,0,54,1470,AZ,PHOENIX,85029
2023,"VIA TRANSPORTATION INC",0,0,2,0,54,2621,NY,"NEW YORK",10013
2023,"VIABOUND LLC",1,1,0,0,54,8655,SC,"ROCK HILL",29730
2023,"VIABOUND LLC",1,0,1,0,54,8655,SC,ROCKHILL,29730
2023,"VIACOM INTERNATIONAL SERVICES INC",0,0,1,0,54,8722,CA,"SAN FRANCISCO",94107
2023,"VIATECHNIK LLC",1,0,0,0,54,3273,IL,CHICAGO,60601
2023,"VIATECHNIK LLC",0,0,1,0,54,3273,IL,CHICAGO,60607
2023,"VIAVI SOLUTIONS INC",0,0,7,0,54,9683,AZ,SCOTTSDALE,85254
2023,"VIBES MEDIA LLC",0,0,1,0,54,5631,IL,CHICAGO,60606
2023,"VIBRANT INC",5,1,4,1,54,9291,NJ,PRINCETON,08540
2023,"VIBRANT TECH LLC",0,0,9,1,54,2528,KY,FRANKFORT,40601
2023,"VIBRANTITCONSULTING INC",0,1,0,0,54,3781,TX,FRISCO,75035
2023,"VICI VOICE INC",2,0,0,0,54,2682,TX,"FLOWER MOUND",75022
2023,"VICTOIRE SYSTEMS LLC",0,0,1,0,54,1058,,,
2023,"VICTOIRE SYSTEMS LLC",3,0,4,0,54,1058,TX,AUSTIN,78701
2023,"VICTORY BUSINESS SOLUTIONS INC",0,0,2,0,54,2497,GA,LAWRENCEVILLE,30044
2023,"VICUS LLC",0,0,1,0,54,0519,CA,"PICO RIVERA",90660
2023,"VIDA HEALTH INC.",1,0,0,0,54,4836,CA,"SAN FRANCISCO",94104
2023,"VIDAA USA INC",0,0,1,0,54,1949,GA,DULUTH,30097
2023,"VIDEALHEALTH INC",1,0,0,0,54,2584,MA,BOSTON,02111
2023,"VIDEK INC",0,0,1,0,54,7199,NY,FAIRPORT,14450
2023,"VIDEOAMP INC",0,0,5,0,54,8347,CA,"LOS ANGELES",90064
2023,"VIDHA IT SOLUTIONS LLC",1,0,1,0,54,5797,AR,BENTONVILLE,72712
2023,"VIDHWAN INC DBA E SOLUTIONS",0,0,2,0,54,8628,CA,"SAN JOSE",95113
2023,"VIDLEXINFO LLC",5,0,7,0,54,8959,SC,"ROCK HILL",29730
2023,"VIDORRA LLC",3,0,1,0,54,4784,TX,HOUSTON,77036
2023,"VIDU SOLUTIONS LLC",4,0,3,0,54,5883,TX,HOUSTON,77077
2023,"VIDU SOLUTIONS LLC",1,0,0,0,54,5883,TX,KATY,77077
2023,"VIDYATECH SOFTWARE LLC",0,0,1,0,54,8678,WA,NEWCASTLE,98059
2023,"VIED TECHNOLOGIES INC",2,0,3,0,54,0899,VA,ASHBURN,20147
2023,"VIEW THE SPACE INC DBA VTS",0,0,1,0,54,3863,NY,"NEW YORK",10018
2023,"VIGI CORP DBA VIGI PHOTOGRAPHY",0,0,1,0,54,0533,MA,MALDEN,02148
2023,"VIGILANT EHS SOLUTIONS INC",0,0,1,0,54,7087,CA,"EL SEGUNDO",90245
2023,"VIGILANT TECHNOLOGIES LLC",5,0,4,0,54,5044,MI,TROY,48084
2023,"VIGNA INC",3,0,7,0,54,4106,GA,ALPHARETTA,30005
2023,"VIGNA SOLUTIONS INC",0,0,4,0,54,6003,VA,STERLING,20166
2023,"VIGNESH TECHNOLOGICAL SOLUTIONS INC",0,0,3,0,54,8392,IN,INDIANAPOLIS,46204
2023,"VIGNET INC DBA VIBRENT HEALTH",0,0,1,0,54,9426,VA,FAIRFAX,22033
2023,"VIGNITES LLC",6,0,1,0,54,6727,TX,PLANO,75024
2023,"VIHAAN INVESTMENTS",1,0,0,0,54,9141,FL,CLEARWATER,33759
2023,"VIJAYA CONSULTANCY SERVICES INC",3,0,0,0,54,6617,TX,PEARLAND,77584
2023,"VIJAYA SOLUTIONS INC DBA SDN GLOBAL",0,0,1,0,54,3578,NJ,"FRANKLIN PARK",08823
2023,"VILLAGE PRACTICE MANAGEMENT COMPANY LLC DBA VILLAGEMD",0,0,5,0,54,5838,IL,CHICAGO,60603
2023,"VIMERSE INFOTECH INC",3,0,1,0,54,3788,TX,DALLAS,75244
2023,"VIMO INC DBA GETINSURED",0,0,3,0,54,5172,CA,"MOUNTAIN VIEW",94043
2023,"VINCENTRIC LLC",0,0,1,0,54,5196,MI,"BINGHAM FARMS",48025
2023,"VINCERE BIOSCIENCES INC",0,0,1,0,54,0020,MA,CAMBRIDGE,02142
2023,"VINE LABORATORIES INC",0,1,0,0,54,2117,CO,"COMMERCE CITY",80022
2023,"VINOD GEORGE ABRAHAM CPA PC",0,0,1,0,54,6308,NY,SYOSSET,11791
2023,"VINSON & ELKINS LLP",0,0,1,0,54,3015,TX,HOUSTON,77002
2023,"VINSYS INFORMATION TECHNOLOGY INC",1,0,0,0,54,8747,VA,STERLING,20166
2023,"VINSYS INFORMATION TECHNOLOGY INC",2,0,0,0,54,8747,VA,DULLES,20166
2023,"VINTECH SOLUTIONS INC",0,0,2,1,54,1479,MO,OLIVETTE,63132
2023,"VINTECH SOLUTIONS INC",1,0,4,5,54,1479,MO,"SAINT LOUIS",63132
2023,"VIOME LIFE SCIENCES INC",0,0,1,0,54,1987,WA,BELLEVUE,98004
2023,"VIR BIOTECHNOLOGY INC",1,0,0,0,54,0369,CA,"SAN FRANCISCO",94158
2023,"VIRAAZ TECHNOLOGIES LLC",1,0,0,0,54,1133,FL,"FORT MYERS",33912
2023,"VIRALMOMENT INC",0,0,1,0,54,1486,CA,"MENLO PARK",94025
2023,"VIRAT SOLUTIONS INC",0,0,3,0,54,2384,,,
2023,"VIRAT SOLUTIONS INC",3,0,12,1,54,2384,TX,FRISCO,75033
2023,"VIRE CONSULTING INC",0,0,1,0,54,5798,DC,WASHINGTON,20006
2023,"VIRITUS TECHNOLOGIES INC",1,0,0,0,54,3759,TX,HOUSTON,77064
2023,"VIROVEK INCORPORATION",0,0,1,0,54,1979,,,
2023,"VIRSEC SYSTEMS INC",0,0,1,0,54,9453,CA,"SAN JOSE",95110
2023,"VIRTUAL INSTRUMENTS CORPORATION DBA VIRTANA",0,0,2,0,54,5052,CA,"PALO ALTO",94306
2023,"VIRTUAL NETWORX INC",0,0,1,0,54,0223,,,
2023,"VIRTUAL NETWORX INC",0,1,7,1,54,0223,TX,DALLAS,75234
2023,"VIRTUAL NETWORX INC",0,0,1,0,54,0223,TX,"FARMERS BRANCH",75234
2023,"VIRTUAL REALITY KINGDOM TECHNOLOGIES LLC",4,0,0,0,54,3599,NJ,SOMERSET,08873
2023,"VIRTUAL REALITY KINGDOM TECHNOLOGIES LLC",2,0,0,0,54,3599,NJ,"SOUTH PLAINFIELD",07080
2023,"VIRTUAL SYSTEMS SOLUTIONS INC DBA SOFTURA",0,0,2,0,54,9300,MI,"FARMINGTON HILLS",48335
2023,"VIRTUALAN SOFTWARE LLC",0,0,1,0,54,3722,,,
2023,"VIRTUALAN SOFTWARE LLC",3,0,0,0,54,3722,IL,NAPERVILLE,60563
2023,"VIRTUDESK INC",1,0,0,0,54,3930,WA,BELLEVUE,98005
2023,"VIRTUE GROUP LLC",11,0,9,0,54,6936,TX,IRVING,75039
2023,"VIRTUE MIND SOLUTIONS LLC",6,0,2,0,54,7001,VA,HERNDON,20171
2023,"VIRTUE SERVE LLC DBA VIRTUES",1,0,1,0,54,3797,TX,IRVING,75063
2023,"VIRTUE SERVE LLC DBA VIRTUES",2,0,1,0,54,3797,TX,COPPELL,75019
2023,"VIRTUE SOFTWARE SOLUTIONS LLC",0,0,3,0,54,0806,CA,CUPERTINO,95014
2023,"VIRTUE TECH INC",1,0,0,0,54,7942,WA,BELLEVUE,98007
2023,"VIRTUOSA GLOBAL SOLUTIONS LLC",0,0,2,0,54,0538,,,
2023,"VIRTUOSA GLOBAL SOLUTIONS LLC",0,0,2,0,54,0538,NJ,BRIDGEWATER,08807
2023,"VIRTUOSO INFO SYSTEMS INC",1,2,8,0,54,2704,FL,"FORT MYERS",33916
2023,"VIRTUOSO TECHNOLOGIES INC",3,0,4,1,54,0169,TX,HOUSTON,77077
2023,"VIRTUOUS TECH INC",6,0,0,0,54,2765,VA,RESTON,20191
2023,"VIRTUOUS TEK INC",0,0,8,0,54,9507,TX,MCKINNEY,75071
2023,"VIRTUOUSPROS INC",3,1,3,0,54,7594,AZ,PHOENIX,85051
2023,"VIRTUSA CONSULTING SVCS PVT LTD",0,0,6,0,54,1325,,,
2023,"VIRTUSA CONSULTING SVCS PVT LTD",12,2,110,1,54,1325,NJ,PISCATAWAY,08854
2023,"VIRTUSA CORPORATION",0,0,1,0,54,2883,MA,SHERBORN,01770
2023,"VIRTUSA CORPORATION",40,1,211,8,54,2883,MA,SOUTHBOROUGH,01772
2023,"VIRTUSA CORPORATION",0,0,7,0,54,2883,,,
2023,"VIS SOFTWARE SOLUTIONS INC",1,0,0,0,54,6340,CA,MILPITAS,95035
2023,"VISAM TECHNOLOGIES INC",1,0,1,0,54,9882,TX,FRISCO,75034
2023,"VISCADIA INC",0,0,2,0,54,2860,VA,ARLINGTON,22203
2023,"VISIO SYSTEMS INC",2,0,0,0,54,0838,NJ,SOMERSET,08873
2023,"VISION DATA EQUIPMENT CORPORATION",0,0,1,0,54,3091,NY,RENSSELAER,12144
2023,"VISION GOVERNMENT SOLUTIONS INC",0,0,1,0,54,,MA,HUDSON,01749
2023,"VISION INTERGRATION TECHNOLOGIES INC",0,0,1,0,54,3668,MI,DETROIT,48219
2023,"VISION IT USA INC",6,0,5,0,54,3132,VA,ASHBURN,20147
2023,"VISION IT USA INC",3,0,0,0,54,3132,VA,RECTORTOWN,20140
2023,"VISION LINK INTERNATIONAL LLC",0,0,1,0,54,5140,MI,LIVONIA,48150
2023,"VISION SYSTEMS INTELLIGENCE LLC",1,0,0,0,54,4251,MN,MINNEAPOLIS,55426
2023,"VISION33 INC",0,0,1,0,54,7630,CA,IRVINE,92618
2023,"VISIONET SYSTEMS INC",0,0,2,0,54,1566,,,
2023,"VISIONET SYSTEMS INC",36,0,28,3,54,1566,NJ,CRANBURY,08512
2023,"VISIONSOFT INC",11,2,2,0,54,9401,NJ,PRINCETON,08540
2023,"VISIONSOFT INTERNATIONAL INC",0,0,5,0,54,8770,GA,LAWRENCEVILLE,30044
2023,"VISIONSTREAM LLC",2,0,1,0,54,9275,NJ,MATAWAN,07747
2023,"VISTA APPLIED SOLUTIONS GROUP INC",0,0,1,0,54,2517,,,
2023,"VISTA APPLIED SOLUTIONS GROUP INC",0,0,1,0,54,2517,VA,HERNDON,20170
2023,"VISTA APPLIED SOLUTIONS GROUP INC",0,0,13,0,54,2517,VA,HERNDON,20171
2023,"VISTA TECH LLC DBA FLYXO",0,0,4,0,54,0812,FL,"FORT LAUDERDALE",33309
2023,"VISTAAR TECHNOLOGIES INC",0,0,2,0,54,1076,NJ,PARSIPPANY,07054
2023,"VISTADOS CORP",0,0,1,0,54,8653,NJ,PISCATAWAY,08854
2023,"VISTAGE WORLDWIDE INC",0,0,1,0,54,6411,CA,"SAN DIEGO",92121
2023,"VISTALTECH INC",14,0,3,0,54,9244,IL,WHEELING,60090
2023,"VISTEX INC",0,0,3,0,54,8759,IL,"HOFFMAN ESTATES",60169
2023,"VISUAL CONSULTANTS INC",0,0,1,0,54,2011,,,
2023,"VISUAL CONSULTANTS INC",1,0,1,0,54,2011,MN,MINNEAPOLIS,55428
2023,"VISUAL CONSULTANTS INC",1,0,0,0,54,2011,MN,"NEW HOPE",55428
2023,"VISUAL MICRON LLC",1,0,0,0,54,5708,,,
2023,"VISUAL TECHNOLOGIES LLC",23,1,10,0,54,5984,TX,PLANO,75024
2023,"VISUALAIM LLC",1,0,0,0,54,9969,TX,PASADENA,77503
2023,"VISUALIZATIONS LLC",1,0,0,0,54,6365,TX,RICHMOND,77407
2023,"VISVERO INC",0,0,1,0,54,1892,PA,WASHINGTON,15301
2023,"VISWANATH PALEPU CPA PC",1,0,0,0,54,7638,TX,IRVING,75063
2023,"VISYS CLOUD TECHNOLOGIES LLC",1,0,0,0,54,4512,TX,MCKINNEY,75070
2023,"VITAL DATA TECHNOLOGY , INC",0,0,1,0,54,5850,CA,"NEWPORT BEACH",92660
2023,"VITECH SYSTEMS GROUP SUB LLC",2,0,13,0,54,5492,NY,"NEW YORK",10016
2023,"VITESSE GROUP INC",1,0,0,0,54,7973,,,
2023,"VITESSE GROUP INC",11,0,6,0,54,7973,MO,CHESTERFIELD,63017
2023,"VITG CORP",0,0,1,0,54,3050,MD,CATONSVILLE,21228
2023,"VITOSHA INC",6,0,10,0,54,8389,PA,"KING OF PRUSSIA",19406
2023,"VITS CONSULTING CORP",0,0,1,0,54,8848,,,
2023,"VITS CONSULTING CORP",2,0,1,0,54,8848,MN,MINNEAPOLIS,55447
2023,"VITS CONSULTING CORP",3,0,1,0,54,8848,MN,PLYMOUTH,55447
2023,"VIVA TEK LLC",1,0,0,0,54,2472,VA,"OAK HILL",20171
2023,"VIVA USA INC",3,0,1,0,54,7368,IL,"ROLLING MEADOWS",60008
2023,"VIVANCO & VIVANCO CORPORATE SERVIC",0,1,0,0,54,8856,FL,"CORAL GABLES",33134
2023,"VIVARAN IT SOLUTIONS INC",0,0,1,0,54,2939,NJ,FLEMINGTON,08822
2023,"VIVD TECHNOLOGIES INC",0,0,1,0,54,5732,VA,ALDIE,20105
2023,"VIVIANO & ASSOCIATES P C",0,0,1,0,54,4910,TX,ADDISON,75001
2023,"VIVID EDGE CORP",1,0,1,0,54,3476,VA,RESTON,20190
2023,"VIVIDIANSOFT INC",1,0,1,0,54,0053,CA,"SANTA CLARA",95054
2023,"VIVIKTAH LLC",0,0,1,0,54,0779,MD,GAITHERSBURG,20879
2023,"VIVINT INC",0,0,3,0,54,4038,UT,PROVO,84604
2023,"VIVO ARCHITECTURE INC FKA RE DINNEEN ARCHITECTS AND PLANNERS INC",0,0,0,1,54,,MA,BOSTON,02114
2023,"VIVSOFT TECHNOLOGIES LLC",0,0,1,0,54,5282,VA,ASHBURN,20148
2023,"VIXSOL LLC",0,0,1,0,54,3088,NY,"NEW YORK",10017
2023,"VIZ AI INC",0,0,1,0,54,6038,,,
2023,"VIZ CLOUD TECHNOLOGIES LLC",1,0,0,0,54,7284,CA,"MOUNTAIN VIEW",94040
2023,"VIZENS CORP",1,0,0,0,54,4376,VA,FAIRFAX,22030
2023,"VIZGEN INC",0,0,1,0,54,4223,MA,CAMBRIDGE,02138
2023,"VIZION TECHNOLOGIES LLC",7,1,2,0,54,5689,OH,DUBLIN,43017
2023,"VIZPLUM CORPORATION",0,0,3,0,54,8373,NJ,PISCATAWAY,08854
2023,"VIZTECH LLC",3,0,0,0,54,9401,NJ,MORGANVILLE,07751
2023,"VIZVA TECH SOLUTIONS LLC",1,0,7,0,54,2283,MO,CHESTERFIELD,63005
2023,"VJ TECHNOSOFT INC",4,0,2,0,54,1093,VA,STERLING,20166
2023,"VKAAS LLC",1,0,0,0,54,2677,IL,YORKVILLE,60560
2023,"VKAAS LLC",1,0,0,0,54,2677,IL,LISLE,60532
2023,"VKAN TECH SOLUTIONS INC",1,0,0,0,54,4010,NJ,"EAST BRUNSWICK",08816
2023,"VKAN TECH SOLUTIONS INC",27,0,0,0,54,4010,NJ,"MONROE TOWNSHIP",08831
2023,"VKAN TECH SOLUTIONS INC",1,0,0,0,54,4010,NJ,"MONROE TWP",08831
2023,"VKC SYSTEMS INC",1,0,0,0,54,8435,NJ,CLIFTON,07011
2023,"VKORE SOLUTIONS LLC",1,1,2,0,54,2446,TX,AUSTIN,78752
2023,"VLINK INC",1,0,12,0,54,4633,CT,"SOUTH WINDSOR",06074
2023,"VLS SYSTEMS INC",0,0,5,0,54,3864,VA,CHANTILLY,20151
2023,"VM CONSOLIDATED INC DBA VERRA MOBILITY",0,0,3,0,54,2690,AZ,MESA,85201
2023,"VMARK SOLUTIONS INC",1,0,0,0,54,3958,VA,STERLING,20166
2023,"VMC SOFT TECHNOLOGIES INC",0,0,8,0,54,2589,AZ,SCOTTSDALE,85260
2023,"VMC2 SOLUTIONS LLC",1,0,0,0,54,7909,NJ,ISELIN,08830
2023,"VML LLC",0,0,2,0,54,8412,NY,"NEW YORK",10019
2023,"VML LLC",0,0,1,0,54,8412,MO,"KANSAS CITY",64116
2023,"VMWARE INC",1,0,5,0,54,2913,,,
2023,"VMWARE INC",0,0,1,0,54,2913,CA,"PALO ALTO",94302
2023,"VMWARE INC",11,0,254,4,54,2913,CA,"PALO ALTO",94304
2023,"VOBILE INC",0,0,1,0,54,0882,CA,"SANTA CLARA",95054
2023,"VOCOLLECT INC",0,0,3,0,54,4121,NC,CHARLOTTE,28202
2023,"VOKERTECH INC",1,0,0,0,54,6512,AZ,SCOTTSDALE,85260
2023,"VOLANSYS LLC",0,0,3,2,54,8061,CA,"SAN JOSE",95134
2023,"VOLANSYS LLC",0,0,1,0,54,8061,CA,"SANTA CLARA",95054
2023,"VOLANTSOFT INC",4,1,0,0,54,4331,TX,IRVING,75038
2023,"VOLARAX SOLUTIONS LLC",1,0,0,0,54,2985,AZ,PHOENIX,85032
2023,"VOLKE CONSULTING LTD",0,0,2,0,54,4821,SC,GREENVILLE,29607
2023,"VOLKERT INC",0,0,1,0,54,7014,AL,MOBILE,36602
2023,"VOLMATICA INC",0,0,1,0,54,9051,NJ,ISELIN,08830
2023,"VOLOS PORTFOLIO SOLUTIONS INC",1,0,0,0,54,0895,MA,BOSTON,02115
2023,"VOLTECH SERVICES USA INC",1,0,0,0,54,2064,PA,NEWTOWN,18940
2023,"VOLTEO EDGE USA LLC",0,0,1,0,54,6950,AZ,CHANDLER,85226
2023,"VOLTEO LLC",0,0,1,0,54,5939,AZ,CHANDLER,85226
2023,"VOLTEX TECHNOLOGIES INC",5,0,0,0,54,5000,GA,MCDONOUGH,30253
2023,"VOLTO CONSULTING AND SERVICES LLC",0,0,1,0,54,1322,IL,SCHAUMBURG,60173
2023,"VOLTUS INC",0,0,1,0,54,8282,CA,"SAN FRANCISCO",94115
2023,"VOLUME INC",1,0,0,0,54,2682,FL,"CORAL GABLES",33134
2023,"VOLUWARE INC",0,0,1,0,54,4382,CA,"HUNTINGTON BEACH",92647
2023,"VONACHEN SERVICES INC",0,0,1,0,54,7835,IL,PEORIA,61615
2023,"VOR BIOPHARMA INC",0,0,3,0,54,1163,MA,CAMBRIDGE,02140
2023,"VORIZO INFO TECH INC",1,0,0,0,54,2107,TX,AUSTIN,78731
2023,"VORIZO INFO TECH INC",33,2,0,0,54,2107,TX,"CEDAR PARK",78613
2023,"VORIZO INFO TECH INC",1,0,0,0,54,2107,TX,"CEDAR PARK",78731
2023,"VORMITTAG ASSOCIATES INC",0,0,1,0,54,2460,NY,RONKONKOMA,11779
2023,"VORTALSOFT INC",3,0,2,0,54,2695,NJ,SOMERSET,08873
2023,"VORTECH IT SOLUTIONS INC",5,0,0,0,54,6024,TX,"FARMERS BRANCH",75234
2023,"VORTECH IT SOLUTIONS INC",1,0,0,0,54,6024,TX,"FARMERS BRANCH",75243
2023,"VORTECH IT SOLUTIONS INC",9,1,0,0,54,6024,TX,DALLAS,75234
2023,"VORTECH IT SOLUTIONS INC",1,0,0,0,54,6024,TX,"FARMER BRANCH",75234
2023,"VORYS SATER SEYMOUR AND PEASE LLP",0,0,0,1,54,3125,OH,COLUMBUS,43216
2023,"VOTO CONSULTING LLC",2,0,1,0,54,6651,NJ,"NORTH BRUNSWICK",08902
2023,"VOXAI SOLUTIONS INC",0,0,1,0,54,5208,,,
2023,"VOXAI SOLUTIONS INC",0,0,3,0,54,5208,TX,COPPELL,75019
2023,"VOYANT PHOTONICS INC",0,0,1,0,54,4094,NY,"LONG BEACH",11561
2023,"VQUEST TECHNOLOGIES LLC",1,0,0,0,54,7741,MN,"SAINT PAUL",55126
2023,"VR ITECH CONSULTING LLC",0,0,3,0,54,0227,NC,DURHAM,27703
2023,"VRIT TECH INC",0,0,2,0,54,7310,TX,HURST,76053
2023,"VRIZE INC",2,0,0,0,54,1979,FL,TAMPA,33637
2023,"VRIZE INC",0,0,1,0,54,1979,FL,"TEMPLE TERRACE",33637
2023,"VRK IT VISION INC",4,0,3,0,54,7790,NJ,PRINCETON,08540
2023,"VRK IT VISION INC",1,0,0,0,54,7790,,,
2023,"VRN TECHNOLOGIES LLC",4,0,9,0,54,5728,TX,"CEDAR PARK",78613
2023,"VRN TECHNOLOGIES LLC",0,0,0,1,54,5728,TX,"CEDAR PARK",78613
2023,"VRONE SOLUTIONS INC",1,0,1,0,54,9497,VA,RESTON,20191
2023,"VRPRO IT LLC",0,0,1,0,54,5605,AR,"LITTLE ROCK",72201
2023,"VS SOFT LLC",1,0,0,0,54,1579,VA,ASHBURN,20147
2023,"VS SOLUTIONS INC",1,0,0,0,54,4730,TX,COPPELL,75019
2023,"VSB TECH CONSULTING SERVICES LLC",4,0,0,0,54,5887,NJ,KINGSTON,08528
2023,"VSD INFOTECH LLC",1,1,0,0,54,2887,MD,ELKRIDGE,21075
2023,"VSECURE LABS INC",1,0,0,0,54,0828,IL,AURORA,60504
2023,"VSION TECHNOLOGIES INC",7,0,21,0,54,8734,TX,"CEDAR PARK",78613
2023,"VSION TECHNOLOGIES INC",0,0,1,0,54,8734,,,
2023,"VSION TECHNOLOGIES INC",0,0,1,0,54,8734,TX,"CEDAR PARK",76613
2023,"VSLN INTERNATIONAL INC",4,3,3,0,54,2207,NJ,"JERSEY CITY",07306
2023,"VSOFT BUSINESS SOLUTIONS INC",0,0,1,0,54,4343,CA,MILPITAS,95035
2023,"VSOFT CORPORATION INC",0,0,1,0,54,1686,MD,COLUMBIA,21045
2023,"VSQUARE INFOTECH INC",0,0,1,0,54,3646,,,
2023,"VSQUARE INFOTECH INC",1,0,2,1,54,3646,NJ,EDISON,08817
2023,"VSQUARE INFOTECH INC",0,0,2,0,54,3646,NJ,EDISON,08837
2023,"VSQUARE IT INC",5,0,1,0,54,1390,IL,SCHAUMBURG,60173
2023,"VST CONSULTING INC",1,0,8,0,54,2161,NJ,ISELIN,08830
2023,"VSTARR INTERIORS LLC",0,0,1,0,54,4607,FL,"PALM BEACH GARDENS",33418
2023,"VSTRS LLC",0,0,1,0,54,5402,TX,CYPRESS,77429
2023,"VSYS INC",2,0,0,0,54,6069,GA,ATLANTA,30350
2023,"VSYS INC",0,1,0,0,54,6069,GA,"SANDY SPRINGS",30350
2023,"VTEAM IT",0,0,2,0,54,1684,TX,IRVING,75039
2023,"VTEAM IT",2,0,0,1,54,1684,TX,IRVING,75062
2023,"VTECH LLC",0,0,1,0,54,3767,MD,COCKEYSVILLE,21030
2023,"VTECH LLC",1,0,0,0,54,3767,MD,"ELLICOTT CITY",21043
2023,"VTECHINFO INC",1,0,0,0,54,4352,OH,MASON,45040
2023,"VTECHINFO INC",10,0,0,0,54,3525,OH,MASON,45040
2023,"VTEKH INC",0,0,2,0,54,7891,IL,"BUFFALO GROVE",60089
2023,"VTEX COMMERCE CLOUD SOLUTIONS LLC",0,0,1,0,54,9173,NY,"NEW YORK",10017
2023,"VTH SOLUTIONS LLC DBA CIGNIUM TECHNOLOGIES",0,0,1,0,54,3436,NY,"NEW YORK",10281
2023,"VTRIX TECHNOLOGIES INC",3,1,1,0,54,9772,TX,AUSTIN,78750
2023,"VTT LLC",0,0,1,0,54,9296,VA,ALTON,24520
2023,"VUAANT INC",1,0,0,0,54,2732,FL,ORLANDO,32819
2023,"VUEDATA LLC",0,0,1,0,54,5455,WA,KIRKLAND,98034
2023,"VUEGEN TECHNOLOGIES INC",1,0,4,0,54,3916,IL,"HOFFMAN ESTATES",60169
2023,"VUESOL TECHNOLOGIES INC",0,0,5,0,54,4271,GA,ALPHARETTA,30022
2023,"VULTURE CONSUTING LLC",0,0,1,0,54,5275,FL,"MIAMI BEACH",33141
2023,"VULTUS INC",1,0,1,0,54,8914,NJ,"SOUTH PLAINFIELD",07080
2023,"VURAM INC",0,0,3,0,54,2310,FL,TAMPA,33637
2023,"VURAM INC",1,0,0,0,54,2310,FL,"TEMPLE TERRACE",33637
2023,"VVDN TECHNOLOGIES INC",0,0,1,0,54,8773,CA,FREMONT,94538
2023,"VX MEDIA LLC",0,0,1,0,54,3823,NJ,BAYONNE,07002
2023,"VXECUTE INC",0,0,1,0,54,3214,CA,DANVILLE,94506
2023,"VYPRA INC",22,0,0,0,54,7357,VA,ASHLAND,23005
2023,"VYSICAL LLC",0,0,1,0,54,5227,FL,MIAMI,33127
2023,"VYSUS AMERICAS INC",0,0,1,0,54,9976,TX,HOUSTON,77077
2023,"VYTS INC",14,0,11,2,54,9780,TX,IRVING,75063
2023,"VYZER SOLUTIONS INC",0,0,16,0,54,9677,TX,RICHARDSON,75082
2023,"VZURE SOLUTIONS LLC",0,0,1,0,54,1759,TX,FRISCO,75036
2023,"W ALLEN ENGINEERING PLLC",0,0,1,0,54,4811,NY,"NEW YORK",10001
2023,"W D VON GONTEN ENGINEERING LLC",0,0,1,0,54,1889,TX,HOUSTON,77043
2023,"W ENERGY SOFTWARE LLC",0,0,1,0,54,0567,OK,TULSA,74103
2023,"W3EYE INC",0,0,2,0,54,8269,CA,HAYWARD,94544
2023,"W3GLOBAL INC",0,0,1,0,54,1721,,,
2023,"W3GLOBAL INC",1,0,8,0,54,1721,TX,FRISCO,75034
2023,"WAABI INNOVATION US INC",0,0,1,0,54,4519,CA,"SAN FRANCISCO",94107
2023,"WAFTS SOLUTIONS INC",0,0,13,0,54,1000,NY,ALBANY,12207
2023,"WAGENTO CREATIVE LLC",1,0,0,0,54,3310,MN,MINNEAPOLIS,55401
2023,"WAGGENER EDSTROM WORLDWIDE INC",0,0,1,0,54,7156,WA,BELLEVUE,98004
2023,"WAILEA SYSTEMS LLC",3,0,0,0,54,4988,NJ,CRANBURY,08512
2023,"WAINBRIDGE CAPITAL INC",0,0,1,0,54,0959,NY,"NEW YORK",10013
2023,"WAL MART ASSOCIATES INC",0,0,2,0,54,4409,AR,BENTONVILLE,72716
2023,"WALDEN MACHT HARAN LLP",0,0,1,0,54,2262,NY,"NEW YORK",10281
2023,"WALDRON H RAND & COMPANY P C",0,0,1,0,54,9781,MA,DEDHAM,02026
2023,"WALKER CONSULTANTS INC",0,0,4,0,54,2774,FL,TAMPA,33634
2023,"WALKWATER TECHNOLOGIES INC",2,0,1,0,54,9826,CA,"SAN JOSE",95138
2023,"WALL STREET CONSULTING SERVICES LLC",3,0,2,0,54,6599,NJ,PRINCETON,08540
2023,"WALLQUEST INC",0,0,1,0,54,3382,PA,WAYNE,19087
2023,"WALTER P MOORE AND ASSOCIATES INC DBA WALTER P MOORE",0,0,4,0,54,4339,TX,HOUSTON,77010
2023,"WALTER ZHANG",0,0,1,0,54,3790,CA,"SAN JOSE",95128
2023,"WANDEL & SCHNELL ARCHITECTS INC",1,0,0,0,54,3665,OH,COLUMBUS,43206
2023,"WANG AND ASSOCIATES P C",0,0,1,0,54,3232,GA,DULUTH,30096
2023,"WANGDA APPAREL CORP",0,0,1,0,54,7266,NY,"NEW YORK",10013
2023,"WAP SUSTAINABILITY CONSULTING",0,0,1,0,54,0832,TN,CHATTANOOGA,37408
2023,"WARD & BURKE TUNNELING INC",0,0,1,1,54,2525,OH,COLUMBUS,43215
2023,"WARD CIRCLE STRATEGIES INC",0,0,1,0,54,9904,DC,WASHINGTON,20037
2023,"WARGAMING USA INC",0,0,2,0,54,8838,TX,AUSTIN,78717
2023,"WARREN AND CARTER TECHNOLOGIES INC",0,0,1,0,54,7293,GA,CUMMING,30040
2023,"WARREN S UNEMORI ENGINEERING INC",0,0,0,1,54,9848,HI,WAILUKU,96793
2023,"WARREN TECHENTIN ARCHITECTURE INC",0,0,1,0,54,8155,CA,"LOS ANGELES",90027
2023,"WARSHAW GROUP INC D B A INTELLIS LABS",0,0,2,1,54,6041,NY,"NEW YORK",10020
2023,"WASABI TECHNOLOGIES LLC",0,0,2,0,54,5285,MA,BOSTON,02199
2023,"WASATCH INFOTECH LLC",0,0,1,0,54,4995,VA,SPRINGFIELD,22150
2023,"WASHINGTON FIRE PROTECTION ENGINEERING LLC",1,0,0,0,54,6027,VA,MANASSAS,20109
2023,"WASHINGTON OFFICE ON LATIN AMERICA",1,0,0,0,54,9353,DC,WASHINGTON,20009
2023,"WATCH TOWER TECHNOLOGIES INC DBA THREEFLOW",0,0,1,0,54,2658,IL,CHICAGO,60654
2023,"WATCHGUARD TECHNOLOGIES INC",0,0,4,0,54,2427,WA,SEATTLE,98104
2023,"WATER SCIENCE ASSOCAITES INC",0,0,1,0,54,1280,FL,"FORT MYERS",33912
2023,"WATER WORKS ENGINEERS LLC",0,0,1,0,54,8271,AZ,SCOTTSDALE,85256
2023,"WATERMARK INSIGHTS LLC",0,0,1,0,54,2743,NY,"NEW YORK",10010
2023,"WATERMARK INSIGHTS LLC",0,0,1,0,54,2743,TX,AUSTIN,78759
2023,"WATERS HARDY & CO P C",1,0,0,0,54,8819,TX,DALLAS,75204
2023,"WATERSHED TECHNOLOGY INC",0,0,1,0,54,4299,CA,"SAN FRANCISCO",94103
2023,"WATRY DESIGN INC",0,0,1,0,54,9945,CA,"SAN JOSE",95110
2023,"WATSON FARLEY & WILLIAMS LLP",0,0,1,0,54,1561,NY,"NEW YORK",10019
2023,"WATSONRICE LLP",0,0,3,0,54,6741,NY,"NEW YORK",10001
2023,"WATTTIME CORPORATION",3,0,0,0,54,4637,CA,OAKLAND,94609
2023,"WAVE LIFE SCIENCES USA INC",0,0,6,0,54,8236,MA,CAMBRIDGE,02138
2023,"WAVE SOLUTIONS INC",0,0,4,0,54,7307,IL,AURORA,60506
2023,"WAVELABS TECHNOLOGIES INC",2,0,2,0,54,7030,CA,MILPITAS,95035
2023,"WAVES INC",0,0,1,0,54,5460,TN,KNOXVILLE,37912
2023,"WAVESOFT SOLUTIONS INC",0,0,1,0,54,3998,MA,WESTBOROUGH,01581
2023,"WAVESTONE US INC",0,0,2,0,54,5655,NY,"NEW YORK",10036
2023,"WAVICLE DATA SOLUTIONS LLC",2,0,8,0,54,0742,IL,"OAK BROOK",60523
2023,"WAVICLE DATA SOLUTIONS LLC",0,0,1,0,54,0742,IL,CHICAGO,60661
2023,"WAYMO LLC",0,0,5,0,54,2947,,,
2023,"WAYMO LLC",3,0,79,0,54,2947,CA,"MOUNTAIN VIEW",94043
2023,"WAYNSYS INC",0,0,11,0,54,4300,NJ,EDISON,08817
2023,"WB ENGINEERS CONSULTANTS INC",0,0,1,0,54,8800,NY,"NEW YORK",10004
2023,"WB SOLUTIONS LLC",0,0,1,0,54,2329,,,
2023,"WB SOLUTIONS LLC",5,0,12,0,54,2329,FL,TAMPA,33637
2023,"WCG CLINICAL INC",1,0,4,0,54,7648,NJ,PRINCETON,08540
2023,"WDYW333 INC",1,0,0,0,54,5999,CA,"LOS ANGELES",90024
2023,"WEAVER AND TIDWELL LLP",0,0,1,0,54,6316,,,
2023,"WEAVER AND TIDWELL LLP",1,0,3,0,54,6316,TX,"FORT WORTH",76107
2023,"WEB YOGA INC",0,0,4,0,54,4185,OH,DAYTON,45458
2023,"WEBGISTIX CORPORATION DBA SHIPNETWORK",0,0,1,0,54,2647,NV,HENDERSON,89014
2023,"WEBGISTIX CORPORATION DBA SHIPNETWORK",0,0,1,0,54,2647,,,
2023,"WEBILENT TECHNOLOGY INC",0,0,17,1,54,7402,CT,"SOUTH WINDSOR",06074
2023,"WEBIMOTECH LLC",3,0,0,0,54,2606,NJ,"MOUNT LAUREL",08054
2023,"WEBJECT SYSTEMS INC",1,0,7,0,54,5284,MA,BRIDGEWATER,02324
2023,"WEBMOBILEZ INC",2,0,0,0,54,1777,MI,TROY,48083
2023,"WEBRUNNERS INC DBA W3R CONSULTING",0,0,1,0,54,9301,MI,SOUTHFIELD,48075
2023,"WEDOCLEVER LLC",0,0,5,0,54,0243,TX,"FLOWER MOUND",75028
2023,"WEEKS MARINE INC",0,0,1,0,54,5810,NJ,CRANFORD,07016
2023,"WEHIRE TECHNOLOGIES LLC",0,0,1,0,54,5208,TX,AUSTIN,78754
2023,"WEI WEI CO LLP",0,0,1,0,54,4561,NY,FLUSHING,11354
2023,"WEIL GOTSHAL MANGES LLP",0,0,1,0,54,6110,DC,WASHINGTON,20036
2023,"WEIL GOTSHAL MANGES LLP",0,0,3,0,54,6110,NY,"NEW YORK",10153
2023,"WEINBERG MEDICAL PHYSICS INC",1,0,0,0,54,5198,MD,"NORTH BETHESDA",20852
2023,"WEISHAUPT AMERICA INC",0,0,1,0,54,7430,IL,ELGIN,60124
2023,"WEISSCOMM GROUP LTD DBA REAL CHEMISTRY",0,0,1,0,54,9056,CA,"BEVERLY HILLS",90212
2023,"WEISSCOMM GROUP LTD DBA REAL CHEMISTRY",2,0,0,0,54,9056,CA,"SAN FRANCISCO",94133
2023,"WEISSCOMM GROUP LTD DBA REAL CHEMISTRY",0,0,1,0,54,9056,NJ,"FLORHAM PARK",07932
2023,"WELKIN TECHNOLOGIES LLC",1,0,4,0,54,3584,GA,ALPHARETTA,30005
2023,"WELL DATA LABS INC",0,0,1,0,54,3130,CO,DENVER,80202
2023,"WELL DOT INC",0,0,1,0,54,0954,NC,"CHAPEL HILL",27516
2023,"WELLDOC INC",0,0,1,0,54,7222,MD,COLUMBIA,21044
2023,"WELLIGENCE INC",0,0,1,0,54,7827,TX,HOUSTON,77056
2023,"WELLS ENGINEERING PSC",1,0,0,0,54,1638,KY,FLORENCE,41042
2023,"WELLSTACK INC DBA SYMPHONYCARE INC",2,0,0,0,54,5325,WI,MADISON,53703
2023,"WENDEROTH LIND & PONACK LLP",0,0,1,0,54,9903,DC,WASHINGTON,20036
2023,"WENOVA INC",0,0,1,0,54,7527,MO,"SAINT LOUIS",63146
2023,"WERIDE CORP",0,0,4,0,54,3676,CA,"SAN JOSE",95134
2023,"WESHINE INC",0,0,1,0,54,0188,NY,"NEW YORK",10281
2023,"WESPO INC DBA CEA CONSULTING",0,0,1,0,54,9769,CA,"SAN FRANCISCO",94104
2023,"WESPOTHIRE LLC",1,0,0,0,54,5710,NH,NASHUA,03062
2023,"WEST ADVANCED TECHNOLOGIES INC",0,1,0,0,54,5985,CA,SACRAMENTO,95811
2023,"WEST ADVANCED TECHNOLOGIES INC",3,2,6,0,54,5985,CA,SACRAMENTO,95833
2023,"WEST COAST CONSULTING LLC",0,0,1,0,54,8176,CA,IRVINE,92618
2023,"WEST VIRGINIA UNIVERSITY RESEARCH CORPORATION",1,0,2,0,54,5758,WV,MORGANTOWN,26506
2023,WESTAT,0,0,2,0,54,9566,MD,ROCKVILLE,20850
2023,"WESTERN DIGITAL TECHNOLOGIES INC",0,0,2,0,54,7125,CA,PASADENA,91105
2023,"WESTERN SERVICES CORPORATION WSC INC",1,0,0,0,54,6490,MD,FREDERICK,21703
2023,"WESTERNACHER & PARTNER CONSULTING INC",0,0,9,0,54,1938,MA,WELLESLEY,02482
2023,"WESTON & SAMPSON ENGINEERS INC",0,0,1,0,54,1194,MA,READING,01867
2023,"WESTRA CONSULTANTS INC",0,0,1,0,54,4072,TX,ARLINGTON,76006
2023,"WESTROCK SERVICES LLC",3,0,7,0,54,6528,GA,ATLANTA,30328
2023,"WESTWOOD PROFESSIONAL SERVICES INC",0,0,2,0,54,7552,MN,HOPKINS,55343
2023,"WESTWOOD PROFESSIONAL SERVICES INC",0,0,4,0,54,7552,MN,MINNETONKA,55343
2023,"WG SERVICES INC",1,0,0,0,54,4480,NY,TARRYTOWN,10591
2023,"WGI INC",1,0,0,0,54,1367,FL,"WEST PALM BEACH",33411
2023,"WHEREOWARE INC",0,0,1,0,54,8960,VA,"MC LEAN",22102
2023,"WHI SOLUTIONS INC",0,0,2,0,54,5744,NY,"PORT CHESTER",10573
2023,"WHIPSAW INC",0,0,2,0,54,6059,CA,"SAN FRANCISCO",94107
2023,"WHITE CASE LLP",0,0,3,0,54,5970,,,
2023,"WHITE CASE LLP",2,0,8,0,54,5970,NY,"NEW YORK",10020
2023,"WHITE COLLAR TECHNOLOGIES INC",1,0,7,0,54,1460,PA,NAZARETH,18064
2023,"WHITE COLLAR TECHNOLOGIES INC",0,0,1,0,54,1460,,,
2023,"WHITE GLOBE STAFFING",0,0,2,0,54,8095,NJ,FAIRFIELD,07004
2023,"WHITE GLOBE STAFFING",1,0,0,0,54,8095,NJ,"FORT LEE",07024
2023,"WHITEHEAD INST FOR BIOMEDICAL",1,0,0,0,54,,MA,CAMBRIDGE,02142
2023,"WHITEHEAD INST FOR BIOMEDICAL RESEARCH",2,0,1,0,54,3412,MA,CAMBRIDGE,02142
2023,"WHITEHEAD INSTITUTE FOR BIOMEDICAL RESEARCH",1,0,0,0,54,3412,MA,CAMBRIDGE,02142
2023,"WHITLOCK DESIGN GROUP INC",0,0,1,0,54,7923,MA,WALTHAM,02451
2023,"WHITNEY BAILEY COX & MAGNANI LLC DBA WBCM",0,0,1,0,54,1866,MD,TOWSON,21286
2023,"WHIZ IT SOLUTIONS INC",0,0,2,1,54,2595,IL,"GLEN ELLYN",60137
2023,"WHIZ TECH CONSULTING LLC",0,0,1,0,54,6937,NM,ALBUQUERQUE,87120
2023,"WHIZKIDS TECH LLC",0,0,1,0,54,0242,MN,MINNEAPOLIS,55401
2023,"WHOVA INC",0,0,1,0,54,1345,CA,"SAN DIEGO",92126
2023,"WHY ARCHITECTURE WORKSHOP INC DBA WHY ARCHITECTURE",0,0,1,0,54,8610,CA,"CULVER CITY",90232
2023,"WHYTE AND MACKAY AMERICAS LIMITED",1,0,0,0,54,8362,NY,"NEW YORK",10016
2023,"WI FI ALLIANCE",0,0,3,0,54,9808,TX,AUSTIN,78759
2023,"WI TRONIX LLC",0,0,4,0,54,0090,IL,BOLINGBROOK,60440
2023,"WICHITA DATA SYSTEMS INC",0,0,0,1,54,4348,TX,PLANO,75024
2023,"WIEDEN KENNEDY INC",0,0,1,0,54,2855,,,
2023,"WIEDEN KENNEDY INC",0,0,1,0,54,2855,OR,PORTLAND,97209
2023,"WIKITONGUES INC",0,0,1,0,54,3955,NY,BROOKLYN,11201
2023,"WILCO SOURCE LLC",1,0,8,0,54,3059,CA,"SANTA CLARA",95054
2023,"WILLDAN ENERGY COMPANY",0,0,1,0,54,7337,CA,ANAHEIM,92806
2023,"WILLDAN ENERGY SOLUTIONS",0,0,3,0,54,7519,CA,ANAHEIM,92806
2023,"WILLETT ENGINEERING COMPANY",0,0,1,0,54,7053,GA,TUCKER,30084
2023,"WILLETT HOFMANN AND ASSOCIATES INC",0,0,1,0,54,0957,IL,DIXON,61021
2023,"WILLIAM DAVIDSON INSTITUTE AT THE UNIVERSITY OF MICHIGAN",0,0,1,0,54,8086,MI,"ANN ARBOR",48109
2023,"WILLIFORD HOUSTON & CO CPAS PLLC",0,0,1,0,54,0739,NC,WILMINGTON,28403
2023,"WILLIS TOWERS WATSON US LLC",0,0,1,0,54,1291,,,
2023,"WILLIS TOWERS WATSON US LLC",3,0,11,2,54,1291,NY,"NEW YORK",10281
2023,"WILLIS TOWERS WATSON US LLC",0,0,1,0,54,1291,NY,"NEW YORK",10282
2023,"WILLIS TOWERS WATSON US LLC",0,0,1,0,54,1291,VA,ARLINGTON,22203
2023,"WILLKIE FARR GALLAGHER LLP",1,0,1,0,54,6844,NY,"NEW YORK",10019
2023,"WILLOWTREE LLC",0,0,1,0,54,2372,VA,CHARLOTTESVILLE,22902
2023,"WILMER CUTLER PICKERING HALE AND DORR LLP",1,0,2,0,54,9810,MA,BOSTON,02109
2023,"WILMER TECHNOLOGIES INC",0,0,1,0,54,6840,VA,CHANTILLY,20151
2023,"WILMER TECHNOLOGIES INC",2,0,4,0,54,6840,VA,STERLING,20166
2023,"WILNER AND O REILLY APLC",0,0,1,0,54,9637,CA,ORANGE,92868
2023,"WILSON & COMPANY INC ENGINEERS & ARCHITECTS",0,0,1,0,54,6300,NM,ALBUQUERQUE,87109
2023,"WILSON & GIRGENTI LLC",0,0,1,0,54,0315,FL,TAMPA,33602
2023,"WILSON ENGINEERS LLC",0,0,2,0,54,2570,AZ,TEMPE,85282
2023,"WILSON SONSINI GOODRICH & ROSATI PC",3,0,5,0,54,1946,CA,"PALO ALTO",94304
2023,"WIMMER SOLUTIONS CORPORATION",0,0,1,0,54,5568,WA,SEATTLE,98103
2023,"WIN IT AMERIA INC",0,0,1,0,54,0311,CA,"CITY OF INDUSTRY",91748
2023,"WINDFALL DATA INC",0,0,1,0,54,2300,CA,"SAN FRANCISCO",94133
2023,"WINDSOR SOFTWARE INC",0,0,1,0,54,1759,CA,WALNUT,91789
2023,"WINDSUN TECHNOLOGIES LLC",0,0,2,0,54,4376,GA,CUMMING,30041
2023,"WINDYCITY TECHNOLOGIES INC",0,0,1,0,54,2336,,,
2023,"WINDYCITY TECHNOLOGIES INC",8,1,6,0,54,2336,IL,CHICAGO,60659
2023,"WING-YU NG CPA PLLC",0,0,1,0,54,9318,NY,"NEW YORK",10038
2023,"WINIFRED MASTERSON BURKE MEDICAL RESEARCH INSTITUTE",1,0,1,0,54,4924,NY,"WHITE PLAINS",10605
2023,"WINROCK INTL INSTITUTE FOR AGRICULTURAL DEVELOPMENT",0,0,1,0,54,3560,AR,"NORTH LITTLE ROCK",72114
2023,"WINSAI LLC",25,1,3,0,54,8226,CA,SUNNYVALE,94085
2023,"WINSAI LLC",0,0,1,0,54,8226,NC,MORRISVILLE,27560
2023,"WINSTON STRAWN LLP",0,0,2,0,54,5990,IL,CHICAGO,60601
2023,"WINSTREAM IT LLC",1,0,0,0,54,2535,TX,IRVING,75063
2023,"WINTEK SOLUTIONS INC",2,1,3,0,54,7873,CT,"SOUTH WINDSOR",06074
2023,"WINTEL TECHNOLOGIES LLC",12,0,1,0,54,8220,TX,"SUGAR LAND",77479
2023,"WINWIRE TECHNOLOGIES INC",1,0,1,0,54,9936,CA,"SANTA CLARA",95054
2023,"WIPFLI LLP",0,0,1,0,54,8449,WI,MILWAUKEE,53226
2023,"WIPRO APPIRIO INC",0,0,1,0,54,2062,NJ,"EAST BRUNSWICK",08816
2023,"WIPRO LIMITED",177,25,694,26,54,4401,NJ,"EAST BRUNSWICK",08816
2023,"WIPRO LIMITED",0,0,1,0,54,4401,NJ,"NEW JERSEY",00816
2023,"WIPRO LIMITED",1,0,0,0,54,4407,NJ,"EAST BRUNSWICK",08816
2023,"WIPRO LIMITED",0,0,1,0,54,4401,NJ,"EAST BRUNSWICK",08816
2023,"WIPRO LIMITED",1,0,1,0,54,5401,NJ,"EAST BRUNSWICK",08816
2023,"WIPRO LIMITED",3,1,19,0,54,4401,,,
2023,"WIPRO LIMITED",0,0,1,0,54,4401,IN,INDIANAPOLIS,46225
2023,"WIPRO LIMITED",3,1,3,0,54,4401,NJ,"E BRUNSWICK",08816
2023,"WIPRO VLSI DESIGN SERVICES LLC",4,0,12,0,54,5334,CA,"MOUNTAIN VIEW",94043
2023,"WIPRO VLSI DESIGN SERVICES LLC",6,1,2,0,54,5334,CA,"SAN JOSE",95110
2023,"WIRELESS ADVANCED VEHICLE ELECTRIFICATION LLC",1,0,0,0,54,6793,UT,"SALT LAKE CITY",84104
2023,"WIRELESS MEDIA CONSULTING INC DBA WMC GLOBAL",0,0,1,0,54,5903,VA,FAIRFAX,22030
2023,"WIRELESS TECHNOLOGY SERVICES LLC",0,0,1,0,54,9443,NV,"LAS VEGAS",89103
2023,"WISDI INC",1,0,0,0,54,6871,CA,"GARDEN GROVE",92841
2023,"WISDOM INFOTECH LTD",11,0,3,0,54,8841,WI,BROOKFIELD,53045
2023,"WISDOM SOFT INC",3,0,8,0,54,1755,NC,RALEIGH,27615
2023,"WISE EQUATION SOLUTIONS INC",2,0,6,0,54,6509,TX,"CEDAR PARK",78613
2023,"WISE EQUATION SOLUTIONS INC",0,0,1,0,54,6509,TX,"CEDAR PARK",78613
2023,"WISE GEN INC",1,0,0,0,54,5107,MI,FARMINGTON,48334
2023,"WISE GEN INC",0,0,4,0,54,5107,MI,"FARMINGTON HILLS",48334
2023,"WISE IT INC",1,0,0,0,54,4048,MI,TROY,48084
2023,"WISE MEN CONSULTANTS INC",0,0,1,0,54,6104,TX,HOUSTON,77077
2023,"WISE MEN SOLUTIONS LLC",2,1,0,0,54,1585,TX,HOUSTON,77077
2023,"WISE SYSTEMS INC",0,0,1,0,54,6934,MA,CAMBRIDGE,02140
2023,"WISELINK GLOBAL INC",7,0,1,0,54,5497,MD,GERMANTOWN,20876
2023,"WISER SOLUTIONS INC",0,0,1,0,54,5664,CA,"SAN MATEO",94402
2023,"WISETECH GLOBAL U S INC",0,0,1,0,54,1674,IL,SCHAUMBURG,60173
2023,"WISETEK PROVIDERS INC",1,0,1,0,54,8791,VA,FAIRFAX,22030
2023,"WISS AND COMPANY LLP",2,0,0,0,54,2349,NJ,"FLORHAM PARK",07932
2023,"WISSEN DIGITAL INC",0,0,1,0,54,1650,WI,WAUKESHA,53186
2023,"WISSEN INFOTECH INC",0,0,5,0,54,2787,WI,WAUKESHA,53186
2023,"WISSEN IT INC",0,0,6,0,54,1510,SC,"ROCK HILL",29730
2023,"WIT INC",1,1,1,0,54,5016,VA,VIENNA,22182
2023,"WITH LLC",1,0,1,0,54,9684,NJ,"NEW BRUNSWICK",08901
2023,"WITHERS BERGMAN LLP",0,0,1,0,54,8121,CT,"NEW HAVEN",06510
2023,"WITHERSRAVENEL INC",0,0,1,0,54,0520,NC,CARY,27511
2023,"WITHUMSMITH BROWN PC",0,0,1,0,54,7092,NJ,PRINCETON,08540
2023,"WITNESS ENERGY CONSULTING LLC",0,0,1,0,54,0855,VA,"FALLS CHURCH",22044
2023,"WIZARD TECH SOLUTIONS INC",0,0,2,0,54,7048,NJ,PISCATAWAY,08854
2023,"WIZARDS OF THE COAST LLC",0,1,0,0,54,9686,WA,RENTON,98057
2023,"WIZCOM CORPORATION",4,0,14,0,54,7242,NJ,"PRINCETON JUNCTION",08550
2023,"WIZDATA SYSTEMS  INC",0,0,1,0,54,6779,NJ,PARSIPPANY,07054
2023,"WIZDOM IT INC",1,0,1,0,54,9175,NY,BRONX,10467
2023,"WJ CONSTRUCTION GUAM LLC",0,2,0,0,54,3186,GU,TAMUNING,96931
2023,"WM REPLY, INC.",2,0,0,0,54,7643,IL,CHICAGO,60606
2023,"WMBE PAYROLLING INC DBA TCWGLOBAL",0,0,1,0,54,4690,CA,"SAN DIEGO",92123
2023,"WOFLOW INC",0,0,1,0,54,4248,CA,"SAN FRANCISCO",94104
2023,"WOHALI PARTNERS LLC",0,0,0,1,54,1792,UT,"SALT LAKE CITY",84117
2023,"WOLFIA INC",0,0,1,0,54,0393,TX,AUSTIN,78758
2023,"WOLFSDORF ROSENTHAL LLP",0,0,1,0,54,9579,CA,"SANTA MONICA",90401
2023,"WOLVERINE TRADING TECHNOLOGIES LLC",0,0,1,0,54,7466,IL,CHICAGO,60604
2023,"WOMBLE BOND DICKINSON US LLP",0,0,1,0,54,8470,,,
2023,"WONDERBOTZ LLC",0,0,1,0,54,0017,NJ,PRINCETON,08540
2023,"WONDERSAUCE LLC",0,0,1,0,54,2203,NY,"NEW YORK",10010
2023,"WONOLO INC",0,0,1,0,54,7372,TN,NASHVILLE,37203
2023,"WOOD GROUP USA INC",0,0,3,1,54,1791,TX,HOUSTON,77084
2023,"WOOD MACKENZIE INC",0,0,2,0,54,4533,TX,HOUSTON,77057
2023,"WOODROW WILSON INTERNATIONAL CENTER FOR SCHOLARS",1,0,0,0,54,7541,DC,WASHINGTON,20004
2023,"WOODS BAGOT ARCHITECTS PC",0,0,1,0,54,3497,NY,"NEW YORK",10004
2023,"WOODS BAGOT NORTH AMERICA INC",0,0,1,0,54,4905,NY,"NEW YORK",10004
2023,"WOODS HOLE GROUP INC",0,0,1,0,54,8801,MA,BOURNE,02532
2023,"WOODS HOLE OCEANOGRAPHIC INSTITUTE",1,0,0,0,54,5850,MA,"WOODS HOLE",02543
2023,"WOOLLY LABS INC DBA VOUCHED",0,0,1,0,54,4541,WA,SEATTLE,98104
2023,"WORKANDCO INTERNATIONAL INC DBA WORK CO",0,0,1,0,54,6774,NY,BROOKLYN,11201
2023,"WORKATO INC",1,0,0,0,54,1757,CA,"MOUNTAIN VIEW",94041
2023,"WORKATO INC",0,0,0,1,54,1757,CA,"SAN MATEO",94403
2023,"WORKCOG INC",0,0,2,0,54,8154,TX,"LITTLE ELM",75068
2023,"WORKDAY INC",0,0,1,0,54,0422,CA,PLEASANTON,94586
2023,"WORKDAY INC",2,0,97,1,54,0422,CA,PLEASANTON,94588
2023,"WORKDAY INC",0,0,3,0,54,0422,,,
2023,"WORKDOVE INC",0,0,1,0,54,8046,NC,DURHAM,27702
2023,"WORKFUSION INC",0,0,3,0,54,8571,NY,"NEW YORK",10005
2023,"WORKGRAPH INC",0,0,1,0,54,4608,FL,CLERMONT,34711
2023,"WORKLLAMA LLC",1,0,1,0,54,2798,GA,ALPHARETTA,30005
2023,"WORKSHOP APD ARCHITECTURE DPC DBA WORKSHOP APD",0,0,2,0,54,6150,NY,"NEW YORK",10018
2023,"WORKSHOP HY ARCHITECTURE LANDSCAPE ARCHITECTURE DPC",0,0,1,0,54,3189,NY,"NEW YORK",10003
2023,"WORKSTAM LLC",1,0,3,0,54,6688,TX,IRVING,75038
2023,"WORKWAVE LLC",0,0,1,0,54,4859,NJ,HOLMDEL,07733
2023,"WORLD ECONOMIC FORUM LLC",1,0,3,0,54,8371,NY,"NEW YORK",10017
2023,"WORLD ENERGY SERVICES LLC",0,0,1,0,54,9915,MA,WORCESTER,01606
2023,"WORLD IP PHONE INC",0,0,2,1,54,8281,CA,"SAN JOSE",95129
2023,"WORLD IT CENTER INC",1,0,0,0,54,6394,MA,LYNNFIELD,01940
2023,"WORLD TRANSLOAD LOGISTICS LLC",0,0,1,0,54,5778,MN,"NEW HOPE",55428
2023,"WORLD WIDE PROFESSIONAL SOLUTIONS LLC",0,0,1,0,54,0302,NY,QUEENSBURY,12804
2023,"WORLD WIDE TECHNOLOGY HOLDING CO LLC D B A WORLD WIDE TECHNOLOGY LLC",0,0,2,0,54,1900,,,
2023,"WORLD WIDE TECHNOLOGY HOLDING CO LLC D B A WORLD WIDE TECHNOLOGY LLC",1,0,2,0,54,1900,MO,"SAINT LOUIS",63102
2023,"WORLD WIDE TECHNOLOGY HOLDING CO LLC D B A WORLD WIDE TECHNOLOGY LLC",1,0,8,0,54,1900,MO,"SAINT LOUIS",63146
2023,"WORLDS ENTERPRISES INC",1,0,0,0,54,9558,TX,DALLAS,75252
2023,"WORLDSCAPE, INC",0,0,1,1,54,4250,CA,FREMONT,94539
2023,"WORLDWIDE TECHNOLOGY EXCHANGE LTD",3,0,0,0,54,0833,GA,ALPHARETTA,30005
2023,"WORLDWIDE TECHNOLOGY EXCHANGE LTD",0,0,1,0,54,0833,GA,ALPHARETTA,30022
2023,"WORLEY GROUP INC",1,0,10,1,54,4994,TX,HOUSTON,77072
2023,"WORMPEX AI RESEARCH LLC",1,0,0,0,54,2783,WA,BELLEVUE,98004
2023,"WORTH JARRELL LLC",0,0,1,0,54,9187,GA,ATLANTA,30328
2023,"WORTHINGTON INDUSTRIES INC",0,0,1,0,54,9815,OH,COLUMBUS,43085
2023,"WOVEN PLANET NORTH AMERICA INC",0,0,1,0,54,4188,CA,"PALO ALTO",94304
2023,"WOW  ATELIER, LLC",0,0,1,0,54,5551,UT,"SALT LAKE CITY",84111
2023,"WRIKE INC",0,0,1,0,54,3858,CA,"SAN DIEGO",92117
2023,"WRIKE INC",0,0,3,0,54,3858,CA,"SAN DIEGO",92122
2023,"WSA DESIGN INC",0,0,1,0,54,0228,CA,"LOS ANGELES",90010
2023,"WSB ASSOCIATES INC",1,0,1,0,54,0018,MN,MINNEAPOLIS,55416
2023,"WSD DIGITAL LLC REFRAME SOLUTIONS",1,0,1,0,54,2686,CT,HARTFORD,06103
2023,"WSD DIGITAL LLC REFRAME SOLUTIONS",3,0,0,0,54,2686,CT,WINDSOR,06095
2023,"WSP USA BUILDINGS INC",1,0,9,0,54,0785,NY,"NEW YORK",10119
2023,"WSP USA ENVIRONMENT INFRASTRUCTURE INC",0,0,2,0,54,1772,NY,"NEW YORK",10119
2023,"WSP USA ENVIRONMENT INFRASTRUCTURE INC",0,0,1,0,54,1772,TX,HOUSTON,77084
2023,"WSP USA INC",0,0,0,1,54,1569,GA,ATLANTA,30341
2023,"WSP USA INC",1,0,0,0,54,1569,MI,"ROYAL OAK",48073
2023,"WSP USA INC",6,0,60,2,54,1569,NY,"NEW YORK",10119
2023,"WSP USA INC",0,0,2,0,54,2704,NY,"NEW YORK",10119
2023,"WTS PARADIGM LLC DBA PARADIGM",0,0,0,1,54,3787,,,
2023,"WUNDERMAN THOMPSON LLC",0,0,2,0,54,6052,NY,"NEW YORK",10007
2023,"WUXI ADVANCED THERAPIES INC",0,0,3,0,54,3437,PA,PHILADELPHIA,19112
2023,"WUXI ADVANCED THERAPIES INC",0,0,1,0,54,3437,,,
2023,"WUXI APPTEC SALES LLC",0,0,1,0,54,7920,NJ,PLAINSBORO,08536
2023,"WUXI BIOLOGICS USA LLC",0,0,6,0,54,1818,NJ,CRANBURY,08512
2023,"WWAKE INC",1,0,0,0,54,0584,NY,BROOKLYN,11211
2023,"WWC P C",0,0,1,0,54,1573,CA,"SAN MATEO",94403
2023,"WWEX FRANCHISE HOLDINGS LLC",0,0,3,0,54,0450,TX,DALLAS,75219
2023,"WWEX FRANCHISE HOLDINGS LLC",0,0,7,0,54,0450,TX,DALLAS,75226
2023,"WWEX FRANCHISE HOLDINGS LLC",0,0,1,0,54,0450,,,
2023,"WYDE CORPORATION",0,0,1,0,54,3257,MN,BLOOMINGTON,55431
2023,"X CHEM INC",0,0,1,0,54,6178,MA,WALTHAM,02453
2023,"X THERMA INC",1,0,0,0,54,4292,CA,"SAN PABLO",94806
2023,"XACTLY CORPORATION",0,0,3,0,54,4289,CA,"LOS GATOS",95030
2023,XACTWARE,0,1,1,0,54,9711,NJ,"JERSEY CITY",07310
2023,"XACTWARE SOLUTIONS INC",0,0,1,0,54,9711,UT,LEHI,84043
2023,"XADEL IT INC",3,0,0,0,54,5112,GA,ALPHARETTA,30004
2023,"XAGE SECURITY INC",0,0,1,0,54,9393,CA,"PALO ALTO",94306
2023,"XAVIENT DIGITAL LLC",1,0,11,1,54,4296,NV,"LAS VEGAS",89102
2023,"XAXIS LLC",1,0,3,0,54,5672,NY,"NEW YORK",10007
2023,"XCEED TECHNOLOGIES INC",18,1,6,1,54,0448,NJ,METUCHEN,08840
2023,"XCEEDANCE INC",0,0,1,0,54,7577,MA,WORCESTER,01608
2023,"XCEL LIFE SCIENCES LLC",2,0,0,0,54,5904,CA,FREMONT,94538
2023,"XCELERATOR GROUP LLC",0,0,1,0,54,5382,VA,FAIRFAX,22033
2023,"XCELLIGEN INC",0,0,1,0,54,1893,VA,HERNDON,20171
2023,"XCELO GROUP INC",1,0,2,0,54,9534,TX,MCKINNEY,75070
2023,"XCELSIUS INC",0,0,1,0,54,6865,MS,RANDOLPH,38864
2023,"XCELSIUS INC",0,0,1,0,54,6865,MI,OKEMOS,48864
2023,"XCELTECH INC",0,0,6,0,54,2731,VA,"DUNN LORING",22027
2023,"XCELTRAIT INC",2,0,4,0,54,1730,TX,IRVING,75038
2023,"XCENDA LLC",0,0,4,0,54,7141,PA,CONSHOHOCKEN,19428
2023,"XCHANGE LOGISTICS CORPORATION",1,0,0,0,54,1234,CA,"MONTEREY PARK",91790
2023,"XCHANGING SOLUTIONS USA INC",3,0,12,0,54,9692,VA,ASHBURN,20147
2023,"XCIRA LLC",0,0,1,0,54,4843,FL,TAMPA,33619
2023,"XDUCE CORPORATION",1,0,2,0,54,9540,NJ,EDISON,08837
2023,"XEALTH INC",0,0,2,0,54,1425,WA,SEATTLE,98104
2023,"XEBIA USA INC",0,0,1,0,54,0973,GA,ATLANTA,30308
2023,"XEBRIUM INC",0,0,1,0,54,6138,CA,"SAN JOSE",95113
2023,"XECTA DIGITAL LABS LTD",0,0,1,0,54,9288,TX,HOUSTON,77070
2023,"XELLAR INC",0,0,1,0,54,0322,MA,NEWTON,02458
2023,"XEMELGO INC",1,0,0,0,54,7785,WA,BELLEVUE,98005
2023,"XENIA RETAIL INC",0,0,1,0,54,7482,NC,YOUNGSVILLE,27596
2023,"XENOBIOTIC LABORATORIES INC A DIV OF WUXI APPTEC",0,0,1,0,54,6603,NJ,PLAINSBORO,08536
2023,"XENOBIOTIC LABORATORIES INC A DIV OF WUXI APPTEC",0,0,3,0,54,6603,NJ,"PLAINSBORO TOWNSHIP",08536
2023,"XENON INFOTEK INC",2,9,8,0,54,6438,NJ,EDISON,08817
2023,"XENOPHON LABS LLC",0,0,1,0,54,4575,NY,"NEW YORK",10009
2023,"XETDATA INC",0,0,1,0,54,5146,WA,SEATTLE,98104
2023,"XFORIA INC",4,0,3,0,54,0683,TX,FRISCO,75035
2023,"XFORMICS INC",0,0,1,0,54,5413,,,
2023,"XFORMICS INC",0,0,1,0,54,5413,MA,"NORTH ANDOVER",01845
2023,"XFORMTEX LLC",1,0,0,0,54,1658,MD,COLUMBIA,21044
2023,"XFUSION TECHNOLOGIES INC",1,0,1,0,54,5917,CA,"RANCHO CORDOVA",95742
2023,"XIFIN INC",0,0,3,0,54,9145,CA,"SAN DIEGO",92130
2023,"XIFIN INC",0,0,1,0,54,9145,CA,"SAN DIEGO",92103
2023,"XIM INC",0,0,1,0,54,4947,FL,MIAMI,33122
2023,"XINTHE TECHNOLOGIES PRIVATE LIMITED",2,0,1,0,54,7323,MA,WOBURN,01801
2023,"XIT SOLUTIONS INC.",1,0,1,0,54,6563,IL,"OAKBROOK TERRACE",60181
2023,"XIT SOLUTIONS INC.",3,1,0,0,54,6563,IL,"VILLA PARK",60181
2023,"XL IMPEX INC DBA ATIKA TECHNOLOGIES",1,0,3,0,54,1647,NJ,PRINCETON,08540
2023,"XL SOFTEK INC",1,0,9,0,54,8259,GA,SUWANEE,30024
2023,"XL8 INC",0,0,1,0,54,6417,CA,"SAN JOSE",95129
2023,"XLLOW INC",7,1,0,0,54,8378,CT,NORWALK,06850
2023,"XLYSI LLC",1,0,4,0,54,3774,IL,"BUFFALO GROVE",60089
2023,"XO SOFTTECH INC",1,0,0,0,54,5161,TX,IRVING,75063
2023,"XORIANT CORPORATION",0,0,3,0,54,0875,,,
2023,"XORIANT CORPORATION",10,0,28,2,54,0875,CA,SUNNYVALE,94089
2023,"XPAND CORPORATION",0,0,2,0,54,4737,VA,HERNDON,20170
2023,"XPAND CORPORATION",0,0,2,0,54,4737,VA,HERNDON,20171
2023,"XPANXION LLC",2,0,2,0,54,8113,GA,ALPHARETTA,30005
2023,"XPEDITE TECHNOLOGIES INC",1,0,1,0,54,1767,NJ,ROBBINSVILLE,08691
2023,"XPEDITE TECHNOLOGIES INC",1,0,0,0,54,1767,NJ,TRENTON,08691
2023,"XPERT TECHNOLOGIES INC",2,0,1,1,54,7565,PA,MECHANICSBURG,17050
2023,"XPERTTECH INC",0,0,1,0,54,2039,MA,BOSTON,02110
2023,"XPO ENTERPRISE SERVICES LLC",0,0,7,0,54,1825,NC,CHARLOTTE,28277
2023,"XPO LOGISTICS MANAGED TRANSPORTATION LLC",0,0,2,0,54,8160,NC,CHARLOTTE,28277
2023,"XPRESS GLOBAL IT SOLUTIONS LLC",7,0,8,0,54,1818,CA,HAYWARD,94544
2023,"XPROTEAN INC",0,0,1,0,54,3023,CA,MILPITAS,95035
2023,"XSELL RESOURCES INC",0,0,3,0,54,2613,PA,"FORT WASHINGTON",19034
2023,"XSELL TECHNOLOGIES INC",0,0,1,0,54,3533,IL,CHICAGO,60607
2023,"XTALPI INC",0,0,1,0,54,2453,MA,CAMBRIDGE,02142
2023,"XTGLOBAL INC",0,0,1,0,54,6959,,,
2023,"XTGLOBAL INC",0,0,13,0,54,6959,TX,PLANO,75093
2023,"XTIVIA INC",0,0,3,0,54,4927,CO,"COLORADO SPRINGS",80905
2023,"XTRACIT INC",0,0,4,0,54,8806,NC,CHARLOTTE,28269
2023,"XUNJING TECHNOLOGY INC",0,0,2,0,54,3139,CA,SUNNYVALE,94085
2023,"XUPER FUNDING LLC",1,0,0,0,54,8731,NY,FLUSHING,11354
2023,"XY LABS INC",0,0,1,0,54,8182,CA,"SAN DIEGO",92154
2023,"XYKEN LLC",0,0,1,0,54,8395,VA,"MC LEAN",22102
2023,"XYLEM VUE INC",0,0,3,0,54,8169,IN,"SOUTH BEND",46614
2023,"XYLEM VUE INC",0,0,1,0,54,8169,IN,"SOUTH BEND",46617
2023,"XYLO CONSULTING LLC",4,0,5,1,54,6924,NJ,NEPTUNE,07753
2023,"XYNTEK INC",0,0,2,0,54,2703,PA,NEWTOWN,18940
2023,"Y MEDIA LABS LLC DBA YML",1,0,2,0,54,8292,CA,"REDWOOD CITY",94065
2023,"Y-AXIS INC",1,0,0,0,54,6140,NJ,"WEST WINDSOR",08550
2023,"YA ENGINEERING SERVICES LLC",0,0,2,0,54,1691,MO,"SAINT LOUIS",63131
2023,"YACUB LAW OFFICES LLC",1,0,0,0,54,5454,VA,WOODBRIDGE,22192
2023,"YADDALA CONSULTING LLC",2,0,0,0,54,9770,GA,ALPHARETTA,30004
2023,"YAHASOFT INC",0,0,1,0,54,5972,GA,SUWANEE,30024
2023,"YAKSHNA SOLUTIONS INC",1,0,2,0,54,0703,VA,HERNDON,20170
2023,"YANA 1910 CORP DBA PINNACLE ALLIANCES",0,0,1,0,54,0478,OH,TWINSBURG,44087
2023,"YANGFEND USA AUTOMOTIVE TRIM SYSTEMS INC",0,0,2,0,54,7664,MI,"HARRISON TOWNSHIP",48045
2023,"YANTRATEK LLC",4,0,0,0,54,8830,TX,"ROUND ROCK",78681
2023,"YAPP USA AUTOMOTIVE SYSTEMS INC",0,0,1,1,54,3218,TN,GALLATIN,37066
2023,"YARDI SYSTEMS INC",0,0,5,0,54,9051,CA,GOLETA,93117
2023,"YARDI SYSTEMS INC",0,0,1,0,54,9051,,,
2023,"YAREWIN LLC",0,0,1,0,54,6420,MA,BURLINGTON,01803
2023,"YASH & LUJAN CONSULTING INC",0,1,2,0,54,8787,TX,"SAN ANTONIO",78249
2023,"YASH CLOUD SERVICES INC",1,0,0,0,54,2515,OH,DUBLIN,43017
2023,"YASH CREATIONS INC",0,0,1,0,54,9843,FL,JACKSONVILLE,32256
2023,"YASH SOLUTIONS LLC",0,0,1,1,54,5631,GA,CUMMING,30040
2023,"YASH TECHNOLOGIES INC",22,2,41,1,54,2778,IL,"EAST MOLINE",61244
2023,"YASH TECHNOLOGIES INC",0,0,1,0,54,2778,,,
2023,"YASHCO SYSTEMS INC",0,0,15,0,54,5073,OH,HILLIARD,43026
2023,"YASHRAJ TECHNOLOGIES INC",1,0,0,0,54,9661,MI,"FARMINGTN HLS",48334
2023,"YASHRAJ TECHNOLOGIES INC",0,0,3,0,54,9661,MI,"FARMINGTON HILLS",48334
2023,"YASME SOFT INC",2,0,2,0,54,5606,TX,IRVING,75038
2023,"YEHEZKEL CPA LLC",1,0,1,0,54,9993,NJ,TENAFLY,07670
2023,"YELLOW DOG NETWORKS INC",0,0,1,0,54,0610,MO,"KANSAS CITY",64137
2023,"YEMPOVER INC",6,0,0,0,54,0394,CA,CUPERTINO,95014
2023,"YERRALPHA LLC DBA SMD TECHNOSOL",12,0,1,0,54,7128,TX,DALLAS,75254
2023,"YES HARDSOFT SOLUTIONS INC",0,0,1,0,54,6037,DE,WILMINGTON,19810
2023,"YES TECHNOLOGIES LLC",0,1,1,0,54,0464,NJ,RIVERTON,08077
2023,"YES WE GROUP LLC",5,0,0,0,54,6920,TX,DALLAS,75019
2023,"YES WE GROUP LLC",1,0,0,0,54,6920,TX,COPPELL,75019
2023,"YING CAO LAW LLC",0,0,1,0,54,2420,NJ,MILLBURN,07041
2023,"YINZCAM INC",1,0,1,0,54,9771,PA,PITTSBURGH,15206
2023,"YKUNT INC",4,0,2,0,54,7332,TX,HOUSTON,77036
2023,"YLOG SYSTEMS LTD DBA ZSL INC",0,0,1,0,54,6210,NJ,EDISON,08820
2023,"YOCHANA IT SOLUTIONS INC",0,0,1,0,54,7025,MI,"FARMINGTON HILLS",48335
2023,"YOH A DAY & ZIMMERMANN COMPANY",0,0,6,0,54,7544,PA,PHILADELPHIA,19130
2023,"YOH A DAY & ZIMMERMANN COMPANY",0,0,1,0,54,7544,,,
2023,"YONGFEI ENTERPRISE GROUP CO DBA HYTX",0,0,1,0,54,7547,CA,AZUSA,91702
2023,"YORKSHIRE GLOBAL SOLUTIONS INC",0,0,1,0,54,6060,,,
2023,"YOTASCALE INC",0,0,1,0,54,9500,,,
2023,"YOTTA SYSTEMS INC",0,0,1,0,54,0021,,,
2023,"YOTTA SYSTEMS INC",5,0,4,0,54,0021,NJ,NUTLEY,07110
2023,"YOUNG ARCHITECTURAL LLC",0,0,1,0,54,4243,NY,BUFFALO,14210
2023,"YOUNG CONAWAY STARGATT & TAYLOR LLP",0,0,1,0,54,2644,DE,WILMINGTON,19801
2023,"YOUNG CRAIG & CO LLP",0,0,1,0,54,5027,CA,"MOUNTAIN VIEW",94040
2023,"YOUNG RUBICAM LLC",0,0,2,0,54,3710,NY,"NEW YORK",10019
2023,"YOUNGSOFT INC",7,0,4,0,54,4599,MI,WIXOM,48393
2023,"YUGABYTE INC",0,0,1,0,54,2830,,,
2023,"YUGABYTE INC",0,0,4,0,54,2830,CA,SUNNYVALE,94085
2023,"YUMA CATHOLIC HIGH SCHOOL",0,0,1,0,54,6437,AZ,YUMA,85364
2023,"YUN ASSOCIATES LLC",0,0,1,0,54,9417,DC,WASHINGTON,20036
2023,"YUN EXPRESS USA INC",0,0,1,0,54,9303,CA,"LOS ANGELES",90058
2023,"YUNEX LLC",0,0,1,0,54,6678,,,
2023,"YUNEX LLC",1,0,2,0,54,6678,TX,AUSTIN,78733
2023,"YUPANA INC",1,0,0,0,54,2428,CA,CONCORD,94520
2023,"YUPANA INC",0,0,3,0,54,2428,CA,BENICIA,94510
2023,"YUVAN RESEARCH INC FOUNDER & CEO",1,0,0,0,54,6463,CA,"MOUNTAIN VIEW",94043
2023,"YZENX INC",1,0,1,0,54,2666,MA,CANTON,02021
2023,"Z AND A INFOTEK CORPORATION",4,0,5,0,54,0175,NJ,PARSIPPANY,07054
2023,"Z DATA INC",0,0,2,0,54,8734,ID,BOISE,83702
2023,"Z T ENGINEERING PC",0,0,2,0,54,6757,NY,FLUSHING,11354
2023,"Z WANG ASSOCIATES P C",0,0,1,0,54,0592,IL,CHICAGO,60603
2023,"Z ZVENTURAS LLC",1,0,0,0,54,5461,FL,LOUGHMAN,33858
2023,"Z3 TECHNOLOGIES INC",5,0,0,0,54,7269,GA,DULUTH,30097
2023,"ZACH TECHNOLOGY INC",0,0,1,0,54,7477,CA,WALNUT,91789
2023,"ZAG BIO INC",0,0,1,0,54,2215,MA,CAMBRIDGE,02139
2023,"ZAI GLOBAL INC",5,0,1,0,54,8273,NJ,PISCATAWAY,08854
2023,"ZAKIAN WOO ARCHITECTS INC",0,0,1,0,54,5039,CA,"CULVER CITY",90232
2023,"ZAM NETWORK LLC",1,0,0,0,54,0181,CA,"LOS ANGELES",90066
2023,"ZANGLE TECHNOLOGIES INC",1,0,0,0,54,0729,TX,ALLEN,75013
2023,"ZAPATA COMPUTING INC",0,0,2,0,54,1144,MA,BOSTON,02110
2023,"ZAPCOM GROUP INC",3,0,0,0,54,8982,TX,IRVING,75062
2023,"ZDS LLC DBA ZDS DESIGN/CONSULTING SERVICES",0,0,1,0,54,5995,WV,"SCOTT DEPOT",25560
2023,"ZEALOGICS LLC",5,1,1,0,54,4256,NJ,BRIDGEWATER,08807
2023,"ZEALOUS SOLUTIONS",2,1,1,0,54,3678,CA,"SAN RAMON",94582
2023,"ZEALTECH INC",0,0,1,0,54,2118,CA,FREMONT,94538
2023,"ZEALTH INCE DBA NOTABLE HEALTH",0,0,3,0,54,0020,CA,"SAN MATEO",94402
2023,"ZEBRA LOGISTICS INC",0,0,0,1,54,0532,NJ,CRANBURY,08512
2023,"ZEDVENTURES INC",2,0,1,0,54,9446,CA,"SAN JOSE",95110
2023,"ZEETO TECHNOLOGIES INC",1,0,2,0,54,1593,NJ,PRINCETON,08540
2023,"ZEF SCIENTIFIC INC",3,0,0,0,54,9810,CA,"SAN DIEGO",92121
2023,"ZEF SCIENTIFIC INC",0,0,1,0,54,9810,,,
2023,"ZEILER FLOYD ZADKOVICH US LLP",1,0,0,0,54,9248,NY,"NEW YORK",10003
2023,"ZELANTETECH LLC",6,0,0,0,54,6011,TX,KATY,77450
2023,"ZELECLOUD LLC",0,0,4,0,54,4696,NC,RALEIGH,27601
2023,"ZELUS INC",3,0,0,0,54,8222,CA,ANTIOCH,94531
2023,"ZEN3 INFOSOLUTIONS AMERICA INC",1,0,8,0,54,8118,WA,REDMOND,98052
2023,"ZEN3 INFOSOLUTIONS AMERICA INC",1,0,2,2,54,8118,WA,BELLEVUE,98008
2023,"ZENBUSINESS INC",0,0,1,0,54,2979,TX,AUSTIN,78731
2023,"ZENCOR TECHNOLOGIES INC",14,0,0,0,54,9265,TX,DALLAS,75247
2023,"ZENDESK INC",1,0,18,0,54,1091,CA,"SAN FRANCISCO",94103
2023,"ZENFAIR SOLUTIONS INC",14,0,0,0,54,0263,CA,"SAN RAMON",94583
2023,"ZENGENIUS INC",0,0,1,0,54,5351,OH,COLUMBUS,43201
2023,"ZENITH ELECTRONICS LLC",0,0,2,0,54,9163,IL,LINCOLNSHIRE,60069
2023,"ZENITH INFOTEK LLC",2,1,1,0,54,5531,TX,LEWISVILLE,75056
2023,"ZENITH INFOTEK LLC",6,0,6,0,54,5531,TX,"THE COLONY",75056
2023,"ZENITH IT SOLUTIONS LLC",0,0,1,0,54,8797,FL,"LAKE MARY",32746
2023,"ZENITH LIFESCIENCE LLC",0,1,2,0,54,6807,NJ,"SOUTH PLAINFIELD",07080
2023,"ZENITH SERVICES INC",0,0,8,0,54,0383,NJ,PRINCETON,08540
2023,"ZENITH SOFTWARE",0,0,1,0,54,3473,NH,NASHUA,03062
2023,"ZENITH SOFTWARE SOLUTIONS INC",1,0,0,0,54,3857,,,
2023,"ZENITH SOFTWARE SOLUTIONS INC",4,0,2,0,54,3857,VA,STERLING,20165
2023,"ZENLEADS INC",0,0,1,0,54,5193,CA,WALNUT,91789
2023,"ZENMO GROUP INC",1,0,0,0,54,3652,NY,"NEW YORK",10018
2023,"ZENON LLC",1,0,0,0,54,0341,NY,"NEW YORK",10001
2023,"ZENOPTICS INC",1,0,0,0,54,4164,CA,"SAN JOSE",95110
2023,"ZENOSYS LLC",0,0,2,0,54,1560,NJ,"KENDALL PARK",08824
2023,"ZENPROTECH INC",1,0,0,0,54,0055,TX,MCKINNEY,75070
2023,"ZENQ LLC",0,0,1,0,54,3380,TX,DALLAS,75244
2023,"ZENQ LLC",1,0,0,0,54,3380,TX,"FARMERS BRANCH",75244
2023,"ZENSAR TECHNOLOGIES INC",0,0,1,0,54,3746,IL,CHICAGO,60606
2023,"ZENSAR TECHNOLOGIES INC",0,0,3,0,54,3746,,,
2023,"ZENSAR TECHNOLOGIES INC",40,0,105,1,54,3746,IL,CHICAGO,60603
2023,"ZENSOFT IT SOLUTIONS INC",0,0,4,0,54,7485,MA,NORTHBOROUGH,01532
2023,"ZENSOFT LLC",0,0,1,0,54,7821,GA,ALPHARETTA,30005
2023,"ZENSOFT LLC",18,0,10,2,54,7821,GA,CUMMING,30040
2023,"ZENSPACE IT LLC",1,0,0,0,54,9011,NC,MOORESVILLE,28117
2023,"ZENTECH CONSULTING INC",2,0,1,0,54,9952,TX,DALLAS,75230
2023,"ZENVIRO TECH US INC",1,0,0,0,54,4405,IL,"CRYSTAL LAKE",60014
2023,"ZEOMEGA INC",0,0,6,2,54,9763,TX,PLANO,75024
2023,"ZERO ASIC CORPORATION",1,0,0,0,54,8882,MA,BOSTON,02109
2023,"ZERO COGNITIVE SYSTEMS, INC",1,0,0,0,54,8008,CA,CAMPBELL,95008
2023,"ZEROCATER INC",0,0,1,0,54,9579,CA,"SAN FRANCISCO",94104
2023,"ZEROEX INC",0,0,1,0,54,6289,CA,"SAN FRANCISCO",94105
2023,"ZEST CONSULTING LLC",0,0,1,0,54,7529,CA,PLEASANTON,94588
2023,"ZETA ANALYTICS",0,0,0,1,54,7970,,,
2023,"ZETA ANALYTICS",0,0,1,0,54,7970,NJ,"MOUNT LAUREL",08050
2023,"ZETA GLOBAL CORP",0,0,6,0,54,6017,NY,"NEW YORK",10016
2023,"ZETTA AI LLC",1,0,0,0,54,3240,NY,SHERRILL,13461
2023,"ZETTALOGIX INC",0,0,1,0,54,2090,MO,ISELIN,64114
2023,"ZETTALOGIX INC",1,0,0,0,54,2090,NJ,ISELIN,08830
2023,"ZETTAPRIME INC",0,0,2,0,54,7400,SC,LEXINGTON,29072
2023,"ZEUS SOLUTIONS INC",3,0,3,0,54,5340,TX,HOUSTON,77054
2023,"ZEVA TECHNOLOGY LLC",2,0,4,0,54,2087,TX,PLANO,75093
2023,"ZGAGE INC",0,0,1,0,54,6228,NJ,PRINCETON,08540
2023,"ZHANG AND ASSOCIATES PC",0,0,1,0,54,9691,TX,HOUSTON,77036
2023,"ZHOU LAW INC",0,0,1,0,54,3845,,,
2023,"ZHOU LAW INC",0,0,1,0,54,3845,CA,"CITY OF INDUSTRY",91748
2023,"ZHUANG MU LIU CPA PLLC",0,0,1,0,54,8372,NY,BAYSIDE,11361
2023,"ZIBA DESIGN INC",1,0,0,0,54,3349,OR,PORTLAND,97209
2023,"ZIDDOS INC",8,0,5,0,54,5570,TX,IRVING,75039
2023,"ZIFO TECHNOLOGIES INC",0,0,3,0,54,7077,,,
2023,"ZIFO TECHNOLOGIES INC",6,0,15,0,54,7077,IL,DEERFIELD,60015
2023,"ZIGATTA LLC",0,0,2,0,54,8461,TX,FRISCO,75034
2023,"ZIGNEX  INC",1,0,0,0,54,5801,TX,SPRING,77380
2023,"ZILLION GROUP INC",0,0,1,0,54,2999,CT,NORWALK,06851
2023,"ZILLION TECHNOLOGIES INC",0,0,2,0,54,4875,,,
2023,"ZILLION TECHNOLOGIES INC",2,0,9,0,54,4875,VA,ASHBURN,20147
2023,"ZIMETRICS LLC",3,0,1,0,54,8286,TX,AUSTIN,78752
2023,"ZIMMER GUNSUL FRASCA ARCHITECTS LLP DBA ZGF ARCHITECTS",1,0,3,0,54,7469,OR,PORTLAND,97205
2023,"ZINIER INC",0,0,2,0,54,3527,CA,"REDWOOD CITY",94063
2023,"ZINIER INC",0,0,1,0,54,3527,CA,"REDWOOD CITY",94063
2023,"ZINNOV LLC",1,0,0,0,54,5916,TX,SPRING,77380
2023,"ZIONE SOLUTIONS  LLC",1,0,0,0,54,5147,MI,FARMINGTON,48335
2023,"ZIONTECH SOLUTIONS INC",0,0,6,0,54,1384,CA,MILPITAS,95035
2023,"ZIOQU INC",4,0,0,0,54,5467,TX,IRVING,75039
2023,"ZIP CO US INC",1,0,0,0,54,0431,NY,"NEW YORK",10010
2023,"ZIPLINE INTL INC",0,0,1,0,54,7601,CA,"S SAN FRAN",94080
2023,"ZIPLINE INTL INC",0,0,8,0,54,7601,CA,"SOUTH SAN FRANCISCO",94080
2023,"ZIPSTORM INC DBA SEEKOUT",0,0,1,0,54,2288,WA,BELLEVUE,98004
2023,"ZIRLEN TECHNOLOGIES INC",0,0,1,0,54,0546,,,
2023,"ZIRLEN TECHNOLOGIES INC",6,0,5,0,54,0546,TX,HOUSTON,77099
2023,"ZL TECHNOLOGIES INC",0,0,1,0,54,2503,CA,MILPITAS,95035
2023,"ZOE FELDMAN DESIGN INC",0,0,1,0,54,2497,DC,WASHINGTON,20007
2023,"ZOHO CORPORATION",0,0,1,0,54,2734,CA,PLEASANTON,94588
2023,"ZOLON TECH INC",1,0,1,0,54,3808,VA,HERNDON,20171
2023,"ZOLON TECH SOLUTIONS INC",0,0,1,0,54,1485,VA,HERNDON,20171
2023,"ZOMMA GROUP LLP",0,0,1,0,54,5836,FL,MIAMI,33134
2023,"ZONESTRA TECHNOLOGIES LLC",3,0,7,1,54,0675,TX,AUSTIN,78701
2023,"ZONESTRA TECHNOLOGIES LLC",0,0,1,0,54,0678,TX,AUSTIN,78701
2023,"ZONGE INTERNATIONAL INC",0,0,1,0,54,,AZ,TUCSON,85716
2023,"ZOOM VIDEO COMMUNCATIONS, INC.",0,0,1,0,54,9780,CA,"SAN JOSE",95113
2023,"ZOOM VIDEO COMMUNICATIONS INC",0,0,1,0,54,7870,CA,"SAN JOSE",95113
2023,"ZOOM VIDEO COMMUNICATIONS INC",1,0,43,1,54,8780,CA,"SAN JOSE",95113
2023,"ZOOMPH INC",0,0,1,0,54,2199,VA,RESTON,20190
2023,"ZORCH INTERNATIONAL INC",1,0,0,0,54,3767,IL,CHICAGO,60661
2023,"ZOTEC PARTNERS LLC",0,0,1,0,54,2217,IN,CARMEL,46032
2023,"ZS ASSOCIATES INC",0,0,2,0,54,9852,,,
2023,"ZS ASSOCIATES INC",40,5,77,2,54,9852,IL,EVANSTON,60201
2023,"ZSCALER INC",0,0,2,0,54,3892,,,
2023,"ZSCALER INC",2,0,32,0,54,3892,CA,"SAN JOSE",95134
2023,"ZTC PETRO INVESTMENTS LP",0,0,1,0,54,2231,TX,HOUSTON,77056
2023,"ZUBER LAWLER LLP",1,0,0,0,54,5027,CA,"LOS ANGELES",90071
2023,"ZUCI SYSTEMS INC",3,0,0,0,54,6323,IL,"DOWNERS GROVE",60516
2023,"ZUME IT INC",2,0,2,0,54,9490,MI,FARMINGTON,48335
2023,"ZUME IT INC",3,0,8,0,54,9490,MI,"FARMINGTON HILLS",48335
2023,"ZUORA INC",0,0,14,1,54,0976,CA,"REDWOOD CITY",94065
2023,"ZUVEN TECHNOLOGIES INC",0,0,2,0,54,7101,TX,PLANO,75023
2023,"ZVST CLOUD TECHNOLOGIES INC",0,0,3,0,54,1881,MO,BALLWIN,63021
2023,"ZYCADA NETWORKS INC",0,0,1,0,54,0465,CA,"SAN JOSE",95128
2023,"ZYMO SOLUTIONS LLC",2,0,1,0,54,3743,VA,HERNDON,20170
